v -3.53630E+02  1.17241E+02 -5.66185E+02
v -2.02064E+02  1.17241E+02 -5.66185E+02
v -2.02064E+02  1.17241E+02 -9.47710E+02
v -3.53630E+02  1.17241E+02 -9.47710E+02
v -3.53630E+02 -4.06287E+00 -5.66185E+02
v -2.02064E+02 -4.06287E+00 -5.66185E+02
v -2.02064E+02 -4.06287E+00 -9.47710E+02
v -3.53630E+02 -4.06287E+00 -9.47710E+02
g vc_ws_94
s 0
f  1 2 3 4
f  1 2 6 5
f  3 2 6 7
f  4 3 7 8
f  4 1 5 8
f  5 6 7 8
v  3.82936E+02  2.89940E+01 -8.41530E+02
v  5.08124E+02  2.89940E+01 -8.41530E+02
v  5.08124E+02  2.89940E+01 -1.04214E+03
v  3.82936E+02  2.89940E+01 -1.04214E+03
v  3.82936E+02 -4.06287E+00 -8.41530E+02
v  5.08124E+02 -4.06287E+00 -8.41530E+02
v  5.08124E+02 -4.06287E+00 -1.04214E+03
v  3.82936E+02 -4.06287E+00 -1.04214E+03
g vc_ws_218
s 0
f  9 10 11 12
f  9 10 14 13
f  11 10 14 15
f  12 11 15 16
f  12 9 13 16
f  13 14 15 16
v -5.41679E+02  1.16540E+02 -6.53517E+02
v -3.53630E+02  1.16540E+02 -6.53517E+02
v -3.53630E+02  1.16540E+02 -7.77475E+02
v -5.41679E+02  1.16540E+02 -7.77475E+02
v -5.41679E+02 -4.06287E+00 -6.53517E+02
v -3.53630E+02 -4.06287E+00 -6.53517E+02
v -3.53630E+02 -4.06287E+00 -7.77475E+02
v -5.41679E+02 -4.06287E+00 -7.77475E+02
g vc_ws_234
s 0
f  17 18 19 20
f  17 18 22 21
f  19 18 22 23
f  20 19 23 24
f  20 17 21 24
f  21 22 23 24
v -4.32404E+02  6.72190E+01 -7.77475E+02
v -3.53630E+02  6.72190E+01 -7.77475E+02
v -3.53630E+02  6.72190E+01 -9.47710E+02
v -4.32404E+02  6.72190E+01 -9.47710E+02
v -4.32404E+02 -4.06287E+00 -7.77475E+02
v -3.53630E+02 -4.06287E+00 -7.77475E+02
v -3.53630E+02 -4.06287E+00 -9.47710E+02
v -4.32404E+02 -4.06287E+00 -9.47710E+02
g vc_ws_268
s 0
f  25 26 27 28
f  25 26 30 29
f  27 26 30 31
f  28 27 31 32
f  28 25 29 32
f  29 30 31 32
v  2.18493E+02  4.19032E+01 -4.65218E+02
v  4.26852E+02  4.19032E+01 -4.65218E+02
v  4.26852E+02  4.19032E+01 -6.46185E+02
v  2.18493E+02  4.19032E+01 -6.46185E+02
v  2.18493E+02  2.90077E+01 -4.65218E+02
v  4.26852E+02  2.90077E+01 -4.65218E+02
v  4.26852E+02  2.90077E+01 -6.46185E+02
v  2.18493E+02  2.90077E+01 -6.46185E+02
g vc_ws_281
s 0
f  33 34 35 36
f  33 34 38 37
f  35 34 38 39
f  36 35 39 40
f  36 33 37 40
f  37 38 39 40
v -5.52064E+02  1.60242E+02  4.02667E+02
v -4.16021E+02  1.60242E+02  4.02667E+02
v -4.16021E+02  1.60242E+02  2.45266E+02
v -5.52064E+02  1.60242E+02  2.45266E+02
v -5.52064E+02  9.82261E+01  4.02667E+02
v -4.16021E+02  9.82261E+01  4.02667E+02
v -4.16021E+02  9.82261E+01  2.45266E+02
v -5.52064E+02  9.82261E+01  2.45266E+02
g vc_ws_382
s 0
f  41 42 43 44
f  41 42 46 45
f  43 42 46 47
f  44 43 47 48
f  44 41 45 48
f  45 46 47 48
v  1.91686E+02  3.94461E+01 -6.46185E+02
v  3.82936E+02  3.94461E+01 -6.46185E+02
v  3.82936E+02  3.94461E+01 -8.46185E+02
v  1.91686E+02  3.94461E+01 -8.46185E+02
v  1.91686E+02  6.28684E+00 -6.46185E+02
v  3.82936E+02  6.28684E+00 -6.46185E+02
v  3.82936E+02  6.28684E+00 -8.46185E+02
v  1.91686E+02  6.28684E+00 -8.46185E+02
g vc_ws_429
s 0
f  49 50 51 52
f  49 50 54 53
f  51 50 54 55
f  52 51 55 56
f  52 49 53 56
f  53 54 55 56
v  3.82936E+02  4.07236E+01 -6.46185E+02
v  5.08270E+02  4.07236E+01 -6.46185E+02
v  5.08270E+02  4.07236E+01 -8.41530E+02
v  3.82936E+02  4.07236E+01 -8.41530E+02
v  3.82936E+02  5.31244E+00 -6.46185E+02
v  5.08270E+02  5.31244E+00 -6.46185E+02
v  5.08270E+02  5.31244E+00 -8.41530E+02
v  3.82936E+02  5.31244E+00 -8.41530E+02
g vc_ws_453
s 0
f  57 58 59 60
f  57 58 62 61
f  59 58 62 63
f  60 59 63 64
f  60 57 61 64
f  61 62 63 64
v  2.18493E+02  5.22849E+01 -4.06556E+02
v  4.24527E+02  5.22849E+01 -4.06556E+02
v  4.24527E+02  5.22849E+01 -4.65218E+02
v  2.18493E+02  5.22849E+01 -4.65218E+02
v  2.18493E+02  3.45107E+01 -4.06556E+02
v  4.24527E+02  3.45107E+01 -4.06556E+02
v  4.24527E+02  3.45107E+01 -4.65218E+02
v  2.18493E+02  3.45107E+01 -4.65218E+02
g vc_ws_459
s 0
f  65 66 67 68
f  65 66 70 69
f  67 66 70 71
f  68 67 71 72
f  68 65 69 72
f  69 70 71 72
v  4.34466E+02  1.50339E+02  3.24701E+02
v  5.39236E+02  1.50339E+02  3.24701E+02
v  5.39236E+02  1.50339E+02  1.55506E+02
v  4.34466E+02  1.50339E+02  1.55506E+02
v  4.34466E+02  8.35942E+01  3.24701E+02
v  5.39236E+02  8.35942E+01  3.24701E+02
v  5.39236E+02  8.35942E+01  1.55506E+02
v  4.34466E+02  8.35942E+01  1.55506E+02
g vc_ws_504
s 0
f  73 74 75 76
f  73 74 78 77
f  75 74 78 79
f  76 75 79 80
f  76 73 77 80
f  77 78 79 80
v -4.90849E+02  1.61205E+02 -4.01597E+01
v -3.14736E+02  1.61205E+02 -4.01597E+01
v -3.14736E+02  1.61205E+02 -1.20062E+02
v -4.90849E+02  1.61205E+02 -1.20062E+02
v -4.90849E+02  9.16763E+01 -4.01597E+01
v -3.14736E+02  9.16763E+01 -4.01597E+01
v -3.14736E+02  9.16763E+01 -1.20062E+02
v -4.90849E+02  9.16763E+01 -1.20062E+02
g vc_ws_558
s 0
f  81 82 83 84
f  81 82 86 85
f  83 82 86 87
f  84 83 87 88
f  84 81 85 88
f  85 86 87 88
v -4.86997E+02  1.54475E+02 -2.43187E+02
v -4.34520E+02  1.54475E+02 -2.43187E+02
v -4.34520E+02  1.54475E+02 -4.55470E+02
v -4.86997E+02  1.54475E+02 -4.55470E+02
v -4.86997E+02  8.95674E+01 -2.43187E+02
v -4.34520E+02  8.95674E+01 -2.43187E+02
v -4.34520E+02  8.95674E+01 -4.55470E+02
v -4.86997E+02  8.95674E+01 -4.55470E+02
g vc_ws_594
s 0
f  89 90 91 92
f  89 90 94 93
f  91 90 94 95
f  92 91 95 96
f  92 89 93 96
f  93 94 95 96
v -4.68115E+02  1.78617E+02  2.45266E+02
v -3.39808E+02  1.78617E+02  2.45266E+02
v -3.39808E+02  1.78617E+02  1.59443E+02
v -4.68115E+02  1.78617E+02  1.59443E+02
v -4.68115E+02  9.79461E+01  2.45266E+02
v -3.39808E+02  9.79461E+01  2.45266E+02
v -3.39808E+02  9.79461E+01  1.59443E+02
v -4.68115E+02  9.79461E+01  1.59443E+02
g vc_ws_618
s 0
f  97 98 99 100
f  97 98 102 101
f  99 98 102 103
f  100 99 103 104
f  100 97 101 104
f  101 102 103 104
v -7.25517E+02  1.48492E+02 -7.37277E+02
v -6.38309E+02  1.48492E+02 -7.37277E+02
v -6.38309E+02  1.48492E+02 -8.57696E+02
v -7.25517E+02  1.48492E+02 -8.57696E+02
v -7.25517E+02  1.01850E+02 -7.37277E+02
v -6.38309E+02  1.01850E+02 -7.37277E+02
v -6.38309E+02  1.01850E+02 -8.57696E+02
v -7.25517E+02  1.01850E+02 -8.57696E+02
g vc_ws_630
s 0
f  105 106 107 108
f  105 106 110 109
f  107 106 110 111
f  108 107 111 112
f  108 105 109 112
f  109 110 111 112
v  7.80876E+01  3.04617E+01 -8.46185E+02
v  2.57603E+02  3.04617E+01 -8.46185E+02
v  2.57603E+02  3.04617E+01 -1.03343E+03
v  7.80876E+01  3.04617E+01 -1.03343E+03
v  7.80876E+01  6.23499E+00 -8.46185E+02
v  2.57603E+02  6.23499E+00 -8.46185E+02
v  2.57603E+02  6.23499E+00 -1.03343E+03
v  7.80876E+01  6.23499E+00 -1.03343E+03
g vc_ws_641
s 0
f  113 114 115 116
f  113 114 118 117
f  115 114 118 119
f  116 115 119 120
f  116 113 117 120
f  117 118 119 120
v -2.02064E+02  1.59940E+02  1.98004E+01
v -9.71505E+01  1.59940E+02  1.98004E+01
v -9.71505E+01  1.59940E+02 -4.15022E+01
v -2.02064E+02  1.59940E+02 -4.15022E+01
v -2.02064E+02  8.47801E+01  1.98004E+01
v -9.71505E+01  8.47801E+01  1.98004E+01
v -9.71505E+01  8.47801E+01 -4.15022E+01
v -2.02064E+02  8.47801E+01 -4.15022E+01
g vc_ws_676
s 0
f  121 122 123 124
f  121 122 126 125
f  123 122 126 127
f  124 123 127 128
f  124 121 125 128
f  125 126 127 128
v  2.57603E+02  2.95027E+01 -8.46185E+02
v  3.82936E+02  2.95027E+01 -8.46185E+02
v  3.82936E+02  2.95027E+01 -1.03061E+03
v  2.57603E+02  2.95027E+01 -1.03061E+03
v  2.57603E+02  2.87841E+00 -8.46185E+02
v  3.82936E+02  2.87841E+00 -8.46185E+02
v  3.82936E+02  2.87841E+00 -1.03061E+03
v  2.57603E+02  2.87841E+00 -1.03061E+03
g vc_ws_693
s 0
f  129 130 131 132
f  129 130 134 133
f  131 130 134 135
f  132 131 135 136
f  132 129 133 136
f  133 134 135 136
v  4.61255E+02  1.19612E+02  4.02667E+02
v  5.39236E+02  1.19612E+02  4.02667E+02
v  5.39236E+02  1.19612E+02  3.24701E+02
v  4.61255E+02  1.19612E+02  3.24701E+02
v  4.61255E+02  9.78547E+01  4.02667E+02
v  5.39236E+02  9.78547E+01  4.02667E+02
v  5.39236E+02  9.78547E+01  3.24701E+02
v  4.61255E+02  9.78547E+01  3.24701E+02
g vc_ws_702
s 0
f  137 138 139 140
f  137 138 142 141
f  139 138 142 143
f  140 139 143 144
f  140 137 141 144
f  141 142 143 144
v  1.32519E+02  4.74568E+01 -4.06149E+02
v  2.18493E+02  4.74568E+01 -4.06149E+02
v  2.18493E+02  4.74568E+01 -5.46639E+02
v  1.32519E+02  4.74568E+01 -5.46639E+02
v  1.32519E+02  2.69900E+01 -4.06149E+02
v  2.18493E+02  2.69900E+01 -4.06149E+02
v  2.18493E+02  2.69900E+01 -5.46639E+02
v  1.32519E+02  2.69900E+01 -5.46639E+02
g vc_ws_717
s 0
f  145 146 147 148
f  145 146 150 149
f  147 146 150 151
f  148 147 151 152
f  148 145 149 152
f  149 150 151 152
v -3.39808E+02  2.19389E+02  1.69623E+02
v -2.77431E+02  2.19389E+02  1.69623E+02
v -2.77431E+02  2.19389E+02  1.28856E+02
v -3.39808E+02  2.19389E+02  1.28856E+02
v -3.39808E+02  1.32299E+02  1.69623E+02
v -2.77431E+02  1.32299E+02  1.69623E+02
v -2.77431E+02  1.32299E+02  1.28856E+02
v -3.39808E+02  1.32299E+02  1.28856E+02
g vc_ws_721
s 0
f  153 154 155 156
f  153 154 158 157
f  155 154 158 159
f  156 155 159 160
f  156 153 157 160
f  157 158 159 160
v -8.87064E+02  1.72792E+02  2.70657E+02
v -7.83444E+02  1.72792E+02  2.70657E+02
v -7.83444E+02  1.72792E+02  1.98092E+02
v -8.87064E+02  1.72792E+02  1.98092E+02
v -8.87064E+02  1.47699E+02  2.70657E+02
v -7.83444E+02  1.47699E+02  2.70657E+02
v -7.83444E+02  1.47699E+02  1.98092E+02
v -8.87064E+02  1.47699E+02  1.98092E+02
g vc_ws_728
s 0
f  161 162 163 164
f  161 162 166 165
f  163 162 166 167
f  164 163 167 168
f  164 161 165 168
f  165 166 167 168
v  1.33036E+02  3.99862E+01 -5.46639E+02
v  2.18493E+02  3.99862E+01 -5.46639E+02
v  2.18493E+02  3.99862E+01 -6.46185E+02
v  1.33036E+02  3.99862E+01 -6.46185E+02
v  1.33036E+02  2.40321E+01 -5.46639E+02
v  2.18493E+02  2.40321E+01 -5.46639E+02
v  2.18493E+02  2.40321E+01 -6.46185E+02
v  1.33036E+02  2.40321E+01 -6.46185E+02
g vc_ws_731
s 0
f  169 170 171 172
f  169 170 174 173
f  171 170 174 175
f  172 171 175 176
f  172 169 173 176
f  173 174 175 176
v -3.77417E+01  1.47861E+02  1.98004E+01
v  6.77131E+01  1.47861E+02  1.98004E+01
v  6.77131E+01  1.47861E+02 -4.26943E+01
v -3.77417E+01  1.47861E+02 -4.26943E+01
v -3.77417E+01 -4.06287E+00  1.98004E+01
v  6.77131E+01 -4.06287E+00  1.98004E+01
v  6.77131E+01 -4.06287E+00 -4.26943E+01
v -3.77417E+01 -4.06287E+00 -4.26943E+01
g vc_ws_798
s 0
f  177 178 179 180
f  177 178 182 181
f  179 178 182 183
f  180 179 183 184
f  180 177 181 184
f  181 182 183 184
v -5.01661E+02  1.56081E+02 -1.20062E+02
v -4.31945E+02  1.56081E+02 -1.20062E+02
v -4.31945E+02  1.56081E+02 -2.43187E+02
v -5.01661E+02  1.56081E+02 -2.43187E+02
v -5.01661E+02  9.59985E+01 -1.20062E+02
v -4.31945E+02  9.59985E+01 -1.20062E+02
v -4.31945E+02  9.59985E+01 -2.43187E+02
v -5.01661E+02  9.59985E+01 -2.43187E+02
g vc_ws_862
s 0
f  185 186 187 188
f  185 186 190 189
f  187 186 190 191
f  188 187 191 192
f  188 185 189 192
f  189 190 191 192
v -4.68115E+02  1.68917E+02  2.63745E+01
v -3.39808E+02  1.68917E+02  2.63745E+01
v -3.39808E+02  1.68917E+02 -4.01597E+01
v -4.68115E+02  1.68917E+02 -4.01597E+01
v -4.68115E+02  1.00223E+02  2.63745E+01
v -3.39808E+02  1.00223E+02  2.63745E+01
v -3.39808E+02  1.00223E+02 -4.01597E+01
v -4.68115E+02  1.00223E+02 -4.01597E+01
g vc_ws_866
s 0
f  193 194 195 196
f  193 194 198 197
f  195 194 198 199
f  196 195 199 200
f  196 193 197 200
f  197 198 199 200
v -5.52064E+02  1.59685E+02  2.45266E+02
v -4.88676E+02  1.59685E+02  2.45266E+02
v -4.88676E+02  1.59685E+02  1.19950E+02
v -5.52064E+02  1.59685E+02  1.19950E+02
v -5.52064E+02  9.55532E+01  2.45266E+02
v -4.88676E+02  9.55532E+01  2.45266E+02
v -4.88676E+02  9.55532E+01  1.19950E+02
v -5.52064E+02  9.55532E+01  1.19950E+02
g vc_ws_870
s 0
f  201 202 203 204
f  201 202 206 205
f  203 202 206 207
f  204 203 207 208
f  204 201 205 208
f  205 206 207 208
v -8.21939E+02  1.83323E+02 -5.66185E+02
v -7.68694E+02  1.83323E+02 -5.66185E+02
v -7.68694E+02  1.83323E+02 -7.37277E+02
v -8.21939E+02  1.83323E+02 -7.37277E+02
v -8.21939E+02  1.11503E+02 -5.66185E+02
v -7.68694E+02  1.11503E+02 -5.66185E+02
v -7.68694E+02  1.11503E+02 -7.37277E+02
v -8.21939E+02  1.11503E+02 -7.37277E+02
g vc_ws_872
s 0
f  209 210 211 212
f  209 210 214 213
f  211 210 214 215
f  212 211 215 216
f  212 209 213 216
f  213 214 215 216
v -1.57381E+02  2.19389E+02  8.28251E+01
v -8.90872E+01  2.19389E+02  8.28251E+01
v -8.90872E+01  2.19389E+02  1.98004E+01
v -1.57381E+02  2.19389E+02  1.98004E+01
v -1.57381E+02  1.21525E+02  8.28251E+01
v -8.90872E+01  1.21525E+02  8.28251E+01
v -8.90872E+01  1.21525E+02  1.98004E+01
v -1.57381E+02  1.21525E+02  1.98004E+01
g vc_ws_887
s 0
f  217 218 219 220
f  217 218 222 221
f  219 218 222 223
f  220 219 223 224
f  220 217 221 224
f  221 222 223 224
v  4.69560E+02  1.36434E+02  1.55506E+02
v  5.39236E+02  1.36434E+02  1.55506E+02
v  5.39236E+02  1.36434E+02  7.97006E+01
v  4.69560E+02  1.36434E+02  7.97006E+01
v  4.69560E+02  7.86997E+01  1.55506E+02
v  5.39236E+02  7.86997E+01  1.55506E+02
v  5.39236E+02  7.86997E+01  7.97006E+01
v  4.69560E+02  7.86997E+01  7.97006E+01
g vc_ws_939
s 0
f  225 226 227 228
f  225 226 230 229
f  227 226 230 231
f  228 227 231 232
f  228 225 229 232
f  229 230 231 232
v -2.75505E+02  1.15830E+02 -4.55470E+02
v -2.35469E+02  1.15830E+02 -4.55470E+02
v -2.35469E+02  1.15830E+02 -5.66185E+02
v -2.75505E+02  1.15830E+02 -5.66185E+02
v -2.75505E+02  9.97373E+01 -4.55470E+02
v -2.35469E+02  9.97373E+01 -4.55470E+02
v -2.35469E+02  9.97373E+01 -5.66185E+02
v -2.75505E+02  9.97373E+01 -5.66185E+02
g vc_ws_1010
s 0
f  233 234 235 236
f  233 234 238 237
f  235 234 238 239
f  236 235 239 240
f  236 233 237 240
f  237 238 239 240
v -9.12617E+01  2.83057E+01 -9.38385E+02
v  7.80876E+01  2.83057E+01 -9.38385E+02
v  7.80876E+01  2.83057E+01 -1.03216E+03
v -9.12617E+01  2.83057E+01 -1.03216E+03
v -9.12617E+01  1.75210E+01 -9.38385E+02
v  7.80876E+01  1.75210E+01 -9.38385E+02
v  7.80876E+01  1.75210E+01 -1.03216E+03
v -9.12617E+01  1.75210E+01 -1.03216E+03
g vc_ws_1017
s 0
f  241 242 243 244
f  241 242 246 245
f  243 242 246 247
f  244 243 247 248
f  244 241 245 248
f  245 246 247 248
v -2.58290E+02  1.46147E+02 -4.01597E+01
v -2.02064E+02  1.46147E+02 -4.01597E+01
v -2.02064E+02  1.46147E+02 -1.03416E+02
v -2.58290E+02  1.46147E+02 -1.03416E+02
v -2.58290E+02  7.85765E+01 -4.01597E+01
v -2.02064E+02  7.85765E+01 -4.01597E+01
v -2.02064E+02  7.85765E+01 -1.03416E+02
v -2.58290E+02  7.85765E+01 -1.03416E+02
g vc_ws_1024
s 0
f  249 250 251 252
f  249 250 254 253
f  251 250 254 255
f  252 251 255 256
f  252 249 253 256
f  253 254 255 256
v  2.65423E+02  1.51371E+02  2.64831E+02
v  3.22936E+02  1.51371E+02  2.64831E+02
v  3.22936E+02  1.51371E+02  1.98612E+02
v  2.65423E+02  1.51371E+02  1.98612E+02
v  2.65423E+02  1.00035E+02  2.64831E+02
v  3.22936E+02  1.00035E+02  2.64831E+02
v  3.22936E+02  1.00035E+02  1.98612E+02
v  2.65423E+02  1.00035E+02  1.98612E+02
g vc_ws_1040
s 0
f  257 258 259 260
f  257 258 262 261
f  259 258 262 263
f  260 259 263 264
f  260 257 261 264
f  261 262 263 264
v  4.28750E+02  7.93278E+01 -8.75057E+01
v  4.90481E+02  7.93278E+01 -8.75057E+01
v  4.90481E+02  7.93278E+01 -1.61439E+02
v  4.28750E+02  7.93278E+01 -1.61439E+02
v  4.28750E+02  4.93311E+01 -8.75057E+01
v  4.90481E+02  4.93311E+01 -8.75057E+01
v  4.90481E+02  4.93311E+01 -1.61439E+02
v  4.28750E+02  4.93311E+01 -1.61439E+02
g vc_ws_1073
s 0
f  265 266 267 268
f  265 266 270 269
f  267 266 270 271
f  268 267 271 272
f  268 265 269 272
f  269 270 271 272
v  9.64516E+01  3.50089E+01 -6.46185E+02
v  1.91686E+02  3.50089E+01 -6.46185E+02
v  1.91686E+02  3.50089E+01 -7.45006E+02
v  9.64516E+01  3.50089E+01 -7.45006E+02
v  9.64516E+01  2.16252E+01 -6.46185E+02
v  1.91686E+02  2.16252E+01 -6.46185E+02
v  1.91686E+02  2.16252E+01 -7.45006E+02
v  9.64516E+01  2.16252E+01 -7.45006E+02
g vc_ws_1083
s 0
f  273 274 275 276
f  273 274 278 277
f  275 274 278 279
f  276 275 279 280
f  276 273 277 280
f  277 278 279 280
v  9.52778E+01  3.11544E+01 -7.45006E+02
v  1.91686E+02  3.11544E+01 -7.45006E+02
v  1.91686E+02  3.11544E+01 -8.46185E+02
v  9.52778E+01  3.11544E+01 -8.46185E+02
v  9.52778E+01  1.95719E+01 -7.45006E+02
v  1.91686E+02  1.95719E+01 -7.45006E+02
v  1.91686E+02  1.95719E+01 -8.46185E+02
v  9.52778E+01  1.95719E+01 -8.46185E+02
g vc_ws_1097
s 0
f  281 282 283 284
f  281 282 286 285
f  283 282 286 287
f  284 283 287 288
f  284 281 285 288
f  285 286 287 288
v -3.14736E+02  1.08188E+02 -1.68916E+02
v -2.36960E+02  1.08188E+02 -1.68916E+02
v -2.36960E+02  1.08188E+02 -2.06649E+02
v -3.14736E+02  1.08188E+02 -2.06649E+02
v -3.14736E+02  7.74929E+01 -1.68916E+02
v -2.36960E+02  7.74929E+01 -1.68916E+02
v -2.36960E+02  7.74929E+01 -2.06649E+02
v -3.14736E+02  7.74929E+01 -2.06649E+02
g vc_ws_1099
s 0
f  289 290 291 292
f  289 290 294 293
f  291 290 294 295
f  292 291 295 296
f  292 289 293 296
f  293 294 295 296
v  5.51368E+02  5.77836E+01 -1.61439E+02
v  5.92936E+02  5.77836E+01 -1.61439E+02
v  5.92936E+02  5.77836E+01 -2.89431E+02
v  5.51368E+02  5.77836E+01 -2.89431E+02
v  5.51368E+02  3.94492E+01 -1.61439E+02
v  5.92936E+02  3.94492E+01 -1.61439E+02
v  5.92936E+02  3.94492E+01 -2.89431E+02
v  5.51368E+02  3.94492E+01 -2.89431E+02
g vc_ws_1101
s 0
f  297 298 299 300
f  297 298 302 301
f  299 298 302 303
f  300 299 303 304
f  300 297 301 304
f  301 302 303 304
v  4.26852E+02  4.08994E+01 -5.85063E+02
v  5.30648E+02  4.08994E+01 -5.85063E+02
v  5.30648E+02  4.08994E+01 -6.46185E+02
v  4.26852E+02  4.08994E+01 -6.46185E+02
v  4.26852E+02  3.25938E+01 -5.85063E+02
v  5.30648E+02  3.25938E+01 -5.85063E+02
v  5.30648E+02  3.25938E+01 -6.46185E+02
v  4.26852E+02  3.25938E+01 -6.46185E+02
g vc_ws_1107
s 0
f  305 306 307 308
f  305 306 310 309
f  307 306 310 311
f  308 307 311 312
f  308 305 309 312
f  309 310 311 312
v  5.08270E+02  4.07236E+01 -6.46185E+02
v  5.70619E+02  4.07236E+01 -6.46185E+02
v  5.70619E+02  4.07236E+01 -7.43362E+02
v  5.08270E+02  4.07236E+01 -7.43362E+02
v  5.08270E+02  2.42724E+01 -6.46185E+02
v  5.70619E+02  2.42724E+01 -6.46185E+02
v  5.70619E+02  2.42724E+01 -7.43362E+02
v  5.08270E+02  2.42724E+01 -7.43362E+02
g vc_ws_1109
s 0
f  313 314 315 316
f  313 314 318 317
f  315 314 318 319
f  316 315 319 320
f  316 313 317 320
f  317 318 319 320
v  4.24527E+02  5.22849E+01 -4.04845E+02
v  4.94039E+02  5.22849E+01 -4.04845E+02
v  4.94039E+02  5.22849E+01 -4.65218E+02
v  4.24527E+02  5.22849E+01 -4.65218E+02
v  4.24527E+02  3.29813E+01 -4.04845E+02
v  4.94039E+02  3.29813E+01 -4.04845E+02
v  4.94039E+02  3.29813E+01 -4.65218E+02
v  4.24527E+02  3.29813E+01 -4.65218E+02
g vc_ws_1113
s 0
f  321 322 323 324
f  321 322 326 325
f  323 322 326 327
f  324 323 327 328
f  324 321 325 328
f  325 326 327 328
v  5.08270E+02  3.39821E+01 -7.43362E+02
v  5.69529E+02  3.39821E+01 -7.43362E+02
v  5.69529E+02  3.39821E+01 -8.41530E+02
v  5.08270E+02  3.39821E+01 -8.41530E+02
v  5.08270E+02  5.69960E+00 -7.43362E+02
v  5.69529E+02  5.69960E+00 -7.43362E+02
v  5.69529E+02  5.69960E+00 -8.41530E+02
v  5.08270E+02  5.69960E+00 -8.41530E+02
g vc_ws_1117
s 0
f  329 330 331 332
f  329 330 334 333
f  331 330 334 335
f  332 331 335 336
f  332 329 333 336
f  333 334 335 336
v  5.08124E+02  2.67634E+01 -8.41530E+02
v  5.68897E+02  2.67634E+01 -8.41530E+02
v  5.68897E+02  2.67634E+01 -9.41742E+02
v  5.08124E+02  2.67634E+01 -9.41742E+02
v  5.08124E+02  2.36062E+00 -8.41530E+02
v  5.68897E+02  2.36062E+00 -8.41530E+02
v  5.68897E+02  2.36062E+00 -9.41742E+02
v  5.08124E+02  2.36062E+00 -9.41742E+02
g vc_ws_1121
s 0
f  337 338 339 340
f  337 338 342 341
f  339 338 342 343
f  340 339 343 344
f  340 337 341 344
f  341 342 343 344
v  5.96782E+02  4.41207E+01 -5.26895E+02
v  6.28370E+02  4.41207E+01 -5.26895E+02
v  6.28370E+02  4.41207E+01 -6.46185E+02
v  5.96782E+02  4.41207E+01 -6.46185E+02
v  5.96782E+02  3.47013E+01 -5.26895E+02
v  6.28370E+02  3.47013E+01 -5.26895E+02
v  6.28370E+02  3.47013E+01 -6.46185E+02
v  5.96782E+02  3.47013E+01 -6.46185E+02
g vc_ws_1123
s 0
f  345 346 347 348
f  345 346 350 349
f  347 346 350 351
f  348 347 351 352
f  348 345 349 352
f  349 350 351 352
v  5.34727E+02  4.33962E+01 -4.65218E+02
v  5.95431E+02  4.33962E+01 -4.65218E+02
v  5.95431E+02  4.33962E+01 -5.26895E+02
v  5.34727E+02  4.33962E+01 -5.26895E+02
v  5.34727E+02  3.48189E+01 -4.65218E+02
v  5.95431E+02  3.48189E+01 -4.65218E+02
v  5.95431E+02  3.48189E+01 -5.26895E+02
v  5.34727E+02  3.48189E+01 -5.26895E+02
g vc_ws_1125
s 0
f  353 354 355 356
f  353 354 358 357
f  355 354 358 359
f  356 355 359 360
f  356 353 357 360
f  357 358 359 360
v  4.26852E+02  4.12724E+01 -4.65218E+02
v  4.81603E+02  4.12724E+01 -4.65218E+02
v  4.81603E+02  4.12724E+01 -5.26895E+02
v  4.26852E+02  4.12724E+01 -5.26895E+02
v  4.26852E+02  3.44027E+01 -4.65218E+02
v  4.81603E+02  3.44027E+01 -4.65218E+02
v  4.81603E+02  3.44027E+01 -5.26895E+02
v  4.26852E+02  3.44027E+01 -5.26895E+02
g vc_ws_1127
s 0
f  361 362 363 364
f  361 362 366 365
f  363 362 366 367
f  364 363 367 368
f  364 361 365 368
f  365 366 367 368
v -3.51085E+01  3.63182E+01 -6.46185E+02
v -3.43097E+00  3.63182E+01 -6.46185E+02
v -3.43097E+00  3.63182E+01 -7.25697E+02
v -3.51085E+01  3.63182E+01 -7.25697E+02
v -3.51085E+01  2.01442E+01 -6.46185E+02
v -3.43097E+00  2.01442E+01 -6.46185E+02
v -3.43097E+00  2.01442E+01 -7.25697E+02
v -3.51085E+01  2.01442E+01 -7.25697E+02
g vc_ws_1129
s 0
f  369 370 371 372
f  369 370 374 373
f  371 370 374 375
f  372 371 375 376
f  372 369 373 376
f  373 374 375 376
v  5.66496E+00  3.63060E+01 -6.18302E+02
v  4.46692E+01  3.63060E+01 -6.18302E+02
v  4.46692E+01  3.63060E+01 -6.46185E+02
v  5.66496E+00  3.63060E+01 -6.46185E+02
v  5.66496E+00  2.11775E+01 -6.18302E+02
v  4.46692E+01  2.11775E+01 -6.18302E+02
v  4.46692E+01  2.11775E+01 -6.46185E+02
v  5.66496E+00  2.11775E+01 -6.46185E+02
g vc_ws_1133
s 0
f  377 378 379 380
f  377 378 382 381
f  379 378 382 383
f  380 379 383 384
f  380 377 381 384
f  381 382 383 384
v -7.94701E+01  7.21934E+01 -1.69673E+02
v -4.35396E+00  7.21934E+01 -1.69673E+02
v -4.35396E+00  7.21934E+01 -2.48081E+02
v -7.94701E+01  7.21934E+01 -2.48081E+02
v -7.94701E+01 -4.06287E+00 -1.69673E+02
v -4.35396E+00 -4.06287E+00 -1.69673E+02
v -4.35396E+00 -4.06287E+00 -2.48081E+02
v -7.94701E+01 -4.06287E+00 -2.48081E+02
g vc_ws_1162
s 0
f  385 386 387 388
f  385 386 390 389
f  387 386 390 391
f  388 387 391 392
f  388 385 389 392
f  389 390 391 392
v -4.34520E+02  1.34861E+02 -3.45355E+02
v -3.54192E+02  1.34861E+02 -3.45355E+02
v -3.54192E+02  1.34861E+02 -4.55470E+02
v -4.34520E+02  1.34861E+02 -4.55470E+02
v -4.34520E+02  8.25957E+01 -3.45355E+02
v -3.54192E+02  8.25957E+01 -3.45355E+02
v -3.54192E+02  8.25957E+01 -4.55470E+02
v -4.34520E+02  8.25957E+01 -4.55470E+02
g vc_ws_1174
s 0
f  393 394 395 396
f  393 394 398 397
f  395 394 398 399
f  396 395 399 400
f  396 393 397 400
f  397 398 399 400
v -7.68694E+02  1.73386E+02 -6.50234E+02
v -6.81052E+02  1.73386E+02 -6.50234E+02
v -6.81052E+02  1.73386E+02 -7.37277E+02
v -7.68694E+02  1.73386E+02 -7.37277E+02
v -7.68694E+02  1.06403E+02 -6.50234E+02
v -6.81052E+02  1.06403E+02 -6.50234E+02
v -6.81052E+02  1.06403E+02 -7.37277E+02
v -7.68694E+02  1.06403E+02 -7.37277E+02
g vc_ws_1216
s 0
f  401 402 403 404
f  401 402 406 405
f  403 402 406 407
f  404 403 407 408
f  404 401 405 408
f  405 406 407 408
v -2.75930E+02  1.15873E+02 -3.02180E+02
v -2.35467E+02  1.15873E+02 -3.02180E+02
v -2.35467E+02  1.15873E+02 -4.55470E+02
v -2.75930E+02  1.15873E+02 -4.55470E+02
v -2.75930E+02  9.38671E+01 -3.02180E+02
v -2.35467E+02  9.38671E+01 -3.02180E+02
v -2.35467E+02  9.38671E+01 -4.55470E+02
v -2.75930E+02  9.38671E+01 -4.55470E+02
g vc_ws_1249
s 0
f  409 410 411 412
f  409 410 414 413
f  411 410 414 415
f  412 411 415 416
f  412 409 413 416
f  413 414 415 416
v  6.24147E+01  1.60313E+02  2.82131E+02
v  1.34777E+02  1.60313E+02  2.82131E+02
v  1.34777E+02  1.60313E+02  1.90594E+02
v  6.24147E+01  1.60313E+02  1.90594E+02
v  6.24147E+01  1.12292E+02  2.82131E+02
v  1.34777E+02  1.12292E+02  2.82131E+02
v  1.34777E+02  1.12292E+02  1.90594E+02
v  6.24147E+01  1.12292E+02  1.90594E+02
g vc_ws_1258
s 0
f  417 418 419 420
f  417 418 422 421
f  419 418 422 423
f  420 419 423 424
f  420 417 421 424
f  421 422 423 424
v -4.68115E+02  1.92178E+02  1.59443E+02
v -3.39808E+02  1.92178E+02  1.59443E+02
v -3.39808E+02  1.92178E+02  1.19973E+02
v -4.68115E+02  1.92178E+02  1.19973E+02
v -4.68115E+02  1.00223E+02  1.59443E+02
v -3.39808E+02  1.00223E+02  1.59443E+02
v -3.39808E+02  1.00223E+02  1.19973E+02
v -4.68115E+02  1.00223E+02  1.19973E+02
g vc_ws_1292
s 0
f  425 426 427 428
f  425 426 430 429
f  427 426 430 431
f  428 427 431 432
f  428 425 429 432
f  429 430 431 432
v -6.81052E+02  1.27976E+02 -6.49801E+02
v -6.01430E+02  1.27976E+02 -6.49801E+02
v -6.01430E+02  1.27976E+02 -7.12640E+02
v -6.81052E+02  1.27976E+02 -7.12640E+02
v -6.81052E+02  1.04417E+02 -6.49801E+02
v -6.01430E+02  1.04417E+02 -6.49801E+02
v -6.01430E+02  1.04417E+02 -7.12640E+02
v -6.81052E+02  1.04417E+02 -7.12640E+02
g vc_ws_1304
s 0
f  433 434 435 436
f  433 434 438 437
f  435 434 438 439
f  436 435 439 440
f  436 433 437 440
f  437 438 439 440
v -4.34117E+02  1.20679E+02 -4.55470E+02
v -3.54617E+02  1.20679E+02 -4.55470E+02
v -3.54617E+02  1.20679E+02 -5.10719E+02
v -4.34117E+02  1.20679E+02 -5.10719E+02
v -4.34117E+02  8.30893E+01 -4.55470E+02
v -3.54617E+02  8.30893E+01 -4.55470E+02
v -3.54617E+02  8.30893E+01 -5.10719E+02
v -4.34117E+02  8.30893E+01 -5.10719E+02
g vc_ws_1323
s 0
f  441 442 443 444
f  441 442 446 445
f  443 442 446 447
f  444 443 447 448
f  444 441 445 448
f  445 446 447 448
v -4.31945E+02  1.57395E+02 -1.20062E+02
v -3.73131E+02  1.57395E+02 -1.20062E+02
v -3.73131E+02  1.57395E+02 -1.80348E+02
v -4.31945E+02  1.57395E+02 -1.80348E+02
v -4.31945E+02  9.77653E+01 -1.20062E+02
v -3.73131E+02  9.77653E+01 -1.20062E+02
v -3.73131E+02  9.77653E+01 -1.80348E+02
v -4.31945E+02  9.77653E+01 -1.80348E+02
g vc_ws_1404
s 0
f  449 450 451 452
f  449 450 454 453
f  451 450 454 455
f  452 451 455 456
f  452 449 453 456
f  453 454 455 456
v -3.39808E+02  2.19389E+02  8.27511E+01
v -2.98625E+02  2.19389E+02  8.27511E+01
v -2.98625E+02  2.19389E+02  3.62510E+01
v -3.39808E+02  2.19389E+02  3.62510E+01
v -3.39808E+02  1.31983E+02  8.27511E+01
v -2.98625E+02  1.31983E+02  8.27511E+01
v -2.98625E+02  1.31983E+02  3.62510E+01
v -3.39808E+02  1.31983E+02  3.62510E+01
g vc_ws_1407
s 0
f  457 458 459 460
f  457 458 462 461
f  459 458 462 463
f  460 459 463 464
f  460 457 461 464
f  461 462 463 464
v -2.98625E+02  2.19389E+02  8.27511E+01
v -2.57603E+02  2.19389E+02  8.27511E+01
v -2.57603E+02  2.19389E+02  3.62510E+01
v -2.98625E+02  2.19389E+02  3.62510E+01
v -2.98625E+02  1.34230E+02  8.27511E+01
v -2.57603E+02  1.34230E+02  8.27511E+01
v -2.57603E+02  1.34230E+02  3.62510E+01
v -2.98625E+02  1.34230E+02  3.62510E+01
g vc_ws_1411
s 0
f  465 466 467 468
f  465 466 470 469
f  467 466 470 471
f  468 467 471 472
f  468 465 469 472
f  469 470 471 472
v  6.77131E+01  1.28255E+02 -4.29452E+01
v  9.04447E+01  1.28255E+02 -4.29452E+01
v  9.04447E+01  1.28255E+02 -1.69673E+02
v  6.77131E+01  1.28255E+02 -1.69673E+02
v  6.77131E+01  6.42424E+01 -4.29452E+01
v  9.04447E+01  6.42424E+01 -4.29452E+01
v  9.04447E+01  6.42424E+01 -1.69673E+02
v  6.77131E+01  6.42424E+01 -1.69673E+02
g vc_ws_1455
s 0
f  473 474 475 476
f  473 474 478 477
f  475 474 478 479
f  476 475 479 480
f  476 473 477 480
f  477 478 479 480
v -3.14736E+02  1.48919E+02 -8.34158E+01
v -2.58290E+02  1.48919E+02 -8.34158E+01
v -2.58290E+02  1.48919E+02 -1.25416E+02
v -3.14736E+02  1.48919E+02 -1.25416E+02
v -3.14736E+02  7.69369E+01 -8.34158E+01
v -2.58290E+02  7.69369E+01 -8.34158E+01
v -2.58290E+02  7.69369E+01 -1.25416E+02
v -3.14736E+02  7.69369E+01 -1.25416E+02
g vc_ws_1484
s 0
f  481 482 483 484
f  481 482 486 485
f  483 482 486 487
f  484 483 487 488
f  484 481 485 488
f  485 486 487 488
v -1.49217E+01  5.11376E+01 -4.49054E+02
v  4.48513E+01  5.11376E+01 -4.49054E+02
v  4.48513E+01  5.11376E+01 -5.46639E+02
v -1.49217E+01  5.11376E+01 -5.46639E+02
v -1.49217E+01  3.01644E+01 -4.49054E+02
v  4.48513E+01  3.01644E+01 -4.49054E+02
v  4.48513E+01  3.01644E+01 -5.46639E+02
v -1.49217E+01  3.01644E+01 -5.46639E+02
g vc_ws_1507
s 0
f  489 490 491 492
f  489 490 494 493
f  491 490 494 495
f  492 491 495 496
f  492 489 493 496
f  493 494 495 496
v  3.99604E+02  1.17401E+02  2.47493E+01
v  4.71257E+02  1.17401E+02  2.47493E+01
v  4.71257E+02  1.17401E+02 -9.88779E+00
v  3.99604E+02  1.17401E+02 -9.88779E+00
v  3.99604E+02  6.39607E+01  2.47493E+01
v  4.71257E+02  6.39607E+01  2.47493E+01
v  4.71257E+02  6.39607E+01 -9.88779E+00
v  3.99604E+02  6.39607E+01 -9.88779E+00
g vc_ws_1533
s 0
f  497 498 499 500
f  497 498 502 501
f  499 498 502 503
f  500 499 503 504
f  500 497 501 504
f  501 502 503 504
v -6.17491E+00  2.97357E+01 -8.46185E+02
v  7.80876E+01  2.97357E+01 -8.46185E+02
v  7.80876E+01  2.97357E+01 -9.38385E+02
v -6.17491E+00  2.97357E+01 -9.38385E+02
v -6.17491E+00  2.05298E+01 -8.46185E+02
v  7.80876E+01  2.05298E+01 -8.46185E+02
v  7.80876E+01  2.05298E+01 -9.38385E+02
v -6.17491E+00  2.05298E+01 -9.38385E+02
g vc_ws_1569
s 0
f  505 506 507 508
f  505 506 510 509
f  507 506 510 511
f  508 507 511 512
f  508 505 509 512
f  509 510 511 512
v  5.08734E+01  6.06550E+01 -3.56185E+02
v  1.32519E+02  6.06550E+01 -3.56185E+02
v  1.32519E+02  6.06550E+01 -4.02410E+02
v  5.08734E+01  6.06550E+01 -4.02410E+02
v  5.08734E+01  3.81656E+01 -3.56185E+02
v  1.32519E+02  3.81656E+01 -3.56185E+02
v  1.32519E+02  3.81656E+01 -4.02410E+02
v  5.08734E+01  3.81656E+01 -4.02410E+02
g vc_ws_1593
s 0
f  513 514 515 516
f  513 514 518 517
f  515 514 518 519
f  516 515 519 520
f  516 513 517 520
f  517 518 519 520
v  2.10013E+02  1.51299E+02  1.96675E+02
v  2.65423E+02  1.51299E+02  1.96675E+02
v  2.65423E+02  1.51299E+02  1.64276E+02
v  2.10013E+02  1.51299E+02  1.64276E+02
v  2.10013E+02  1.11339E+02  1.96675E+02
v  2.65423E+02  1.11339E+02  1.96675E+02
v  2.65423E+02  1.11339E+02  1.64276E+02
v  2.10013E+02  1.11339E+02  1.64276E+02
g vc_ws_1632
s 0
f  521 522 523 524
f  521 522 526 525
f  523 522 526 527
f  524 523 527 528
f  524 521 525 528
f  525 526 527 528
v -2.57603E+02  2.19389E+02  1.28856E+02
v -2.02064E+02  2.19389E+02  1.28856E+02
v -2.02064E+02  2.19389E+02  1.13251E+02
v -2.57603E+02  2.19389E+02  1.13251E+02
v -2.57603E+02  1.37771E+02  1.28856E+02
v -2.02064E+02  1.37771E+02  1.28856E+02
v -2.02064E+02  1.37771E+02  1.13251E+02
v -2.57603E+02  1.37771E+02  1.13251E+02
g vc_ws_1633
s 0
f  529 530 531 532
f  529 530 534 533
f  531 530 534 535
f  532 531 535 536
f  532 529 533 536
f  533 534 535 536
v -2.02064E+02  9.51864E+01 -1.30023E+02
v -1.55806E+02  9.51864E+01 -1.30023E+02
v -1.55806E+02  9.51864E+01 -1.69673E+02
v -2.02064E+02  9.51864E+01 -1.69673E+02
v -2.02064E+02  6.94311E+01 -1.30023E+02
v -1.55806E+02  6.94311E+01 -1.30023E+02
v -1.55806E+02  6.94311E+01 -1.69673E+02
v -2.02064E+02  6.94311E+01 -1.69673E+02
g vc_ws_1657
s 0
f  537 538 539 540
f  537 538 542 541
f  539 538 542 543
f  540 539 543 544
f  540 537 541 544
f  541 542 543 544
v -3.43097E+00  2.97357E+01 -7.94999E+02
v  9.52778E+01  2.97357E+01 -7.94999E+02
v  9.52778E+01  2.97357E+01 -8.46185E+02
v -3.43097E+00  2.97357E+01 -8.46185E+02
v -3.43097E+00  2.28744E+01 -7.94999E+02
v  9.52778E+01  2.28744E+01 -7.94999E+02
v  9.52778E+01  2.28744E+01 -8.46185E+02
v -3.43097E+00  2.28744E+01 -8.46185E+02
g vc_ws_1669
s 0
f  545 546 547 548
f  545 546 550 549
f  547 546 550 551
f  548 547 551 552
f  548 545 549 552
f  549 550 551 552
v -3.14736E+02  1.47776E+02 -5.51148E+01
v -2.58290E+02  1.47776E+02 -5.51148E+01
v -2.58290E+02  1.47776E+02 -8.34158E+01
v -3.14736E+02  1.47776E+02 -8.34158E+01
v -3.14736E+02  1.15533E+02 -5.51148E+01
v -2.58290E+02  1.15533E+02 -5.51148E+01
v -2.58290E+02  1.15533E+02 -8.34158E+01
v -3.14736E+02  1.15533E+02 -8.34158E+01
g vc_ws_1672
s 0
f  553 554 555 556
f  553 554 558 557
f  555 554 558 559
f  556 555 559 560
f  556 553 557 560
f  557 558 559 560
v  4.26852E+02  4.12724E+01 -5.26895E+02
v  4.79510E+02  4.12724E+01 -5.26895E+02
v  4.79510E+02  4.12724E+01 -5.85063E+02
v  4.26852E+02  4.12724E+01 -5.85063E+02
v  4.26852E+02  3.50004E+01 -5.26895E+02
v  4.79510E+02  3.50004E+01 -5.26895E+02
v  4.79510E+02  3.50004E+01 -5.85063E+02
v  4.26852E+02  3.50004E+01 -5.85063E+02
g vc_ws_1681
s 0
f  561 562 563 564
f  561 562 566 565
f  563 562 566 567
f  564 563 567 568
f  564 561 565 568
f  565 566 567 568
v -4.81611E+02  1.28745E+02 -5.66185E+02
v -4.39592E+02  1.28745E+02 -5.66185E+02
v -4.39592E+02  1.28745E+02 -5.92879E+02
v -4.81611E+02  1.28745E+02 -5.92879E+02
v -4.81611E+02  1.11649E+02 -5.66185E+02
v -4.39592E+02  1.11649E+02 -5.66185E+02
v -4.39592E+02  1.11649E+02 -5.92879E+02
v -4.81611E+02  1.11649E+02 -5.92879E+02
g vc_ws_1686
s 0
f  569 570 571 572
f  569 570 574 573
f  571 570 574 575
f  572 571 575 576
f  572 569 573 576
f  573 574 575 576
v  1.71176E+02  1.88948E+01 -1.16270E+03
v  2.57603E+02  1.88948E+01 -1.16270E+03
v  2.57603E+02  1.88948E+01 -1.22119E+03
v  1.71176E+02  1.88948E+01 -1.22119E+03
v  1.71176E+02  7.01191E+00 -1.16270E+03
v  2.57603E+02  7.01191E+00 -1.16270E+03
v  2.57603E+02  7.01191E+00 -1.22119E+03
v  1.71176E+02  7.01191E+00 -1.22119E+03
g vc_ws_1687
s 0
f  577 578 579 580
f  577 578 582 581
f  579 578 582 583
f  580 579 583 584
f  580 577 581 584
f  581 582 583 584
v  4.52266E+02  5.10435E+01 -3.56185E+02
v  4.94027E+02  5.10435E+01 -3.56185E+02
v  4.94027E+02  5.10435E+01 -4.04845E+02
v  4.52266E+02  5.10435E+01 -4.04845E+02
v  4.52266E+02  3.53577E+01 -3.56185E+02
v  4.94027E+02  3.53577E+01 -3.56185E+02
v  4.94027E+02  3.53577E+01 -4.04845E+02
v  4.52266E+02  3.53577E+01 -4.04845E+02
g vc_ws_1689
s 0
f  585 586 587 588
f  585 586 590 589
f  587 586 590 591
f  588 587 591 592
f  588 585 589 592
f  589 590 591 592
v -7.42189E+02  1.61907E+02 -5.30479E+02
v -7.17686E+02  1.61907E+02 -5.30479E+02
v -7.17686E+02  1.61907E+02 -5.66185E+02
v -7.42189E+02  1.61907E+02 -5.66185E+02
v -7.42189E+02  1.06403E+02 -5.30479E+02
v -7.17686E+02  1.06403E+02 -5.30479E+02
v -7.17686E+02  1.06403E+02 -5.66185E+02
v -7.42189E+02  1.06403E+02 -5.66185E+02
g vc_ws_1692
s 0
f  593 594 595 596
f  593 594 598 597
f  595 594 598 599
f  596 595 599 600
f  596 593 597 600
f  597 598 599 600
v -1.16728E+02  2.96231E+01 -7.73494E+02
v -7.64777E+01  2.96231E+01 -7.73494E+02
v -7.64777E+01  2.96231E+01 -8.46185E+02
v -1.16728E+02  2.96231E+01 -8.46185E+02
v -1.16728E+02  2.24071E+01 -7.73494E+02
v -7.64777E+01  2.24071E+01 -7.73494E+02
v -7.64777E+01  2.24071E+01 -8.46185E+02
v -1.16728E+02  2.24071E+01 -8.46185E+02
g vc_ws_1695
s 0
f  601 602 603 604
f  601 602 606 605
f  603 602 606 607
f  604 603 607 608
f  604 601 605 608
f  605 606 607 608
v -6.28735E+01  2.77988E+01 -7.25697E+02
v -3.43097E+00  2.77988E+01 -7.25697E+02
v -3.43097E+00  2.77988E+01 -7.73494E+02
v -6.28735E+01  2.77988E+01 -7.73494E+02
v -6.28735E+01  2.07434E+01 -7.25697E+02
v -3.43097E+00  2.07434E+01 -7.25697E+02
v -3.43097E+00  2.07434E+01 -7.73494E+02
v -6.28735E+01  2.07434E+01 -7.73494E+02
g vc_ws_1697
s 0
f  609 610 611 612
f  609 610 614 613
f  611 610 614 615
f  612 611 615 616
f  612 609 613 616
f  613 614 615 616
v  9.01692E+01  3.69321E+01 -5.46639E+02
v  1.33036E+02  3.69321E+01 -5.46639E+02
v  1.33036E+02  3.69321E+01 -5.95702E+02
v  9.01692E+01  3.69321E+01 -5.95702E+02
v  9.01692E+01  2.21529E+01 -5.46639E+02
v  1.33036E+02  2.21529E+01 -5.46639E+02
v  1.33036E+02  2.21529E+01 -5.95702E+02
v  9.01692E+01  2.21529E+01 -5.95702E+02
g vc_ws_1699
s 0
f  617 618 619 620
f  617 618 622 621
f  619 618 622 623
f  620 619 623 624
f  620 617 621 624
f  621 622 623 624
v  9.01692E+01  3.51305E+01 -5.95702E+02
v  1.33036E+02  3.51305E+01 -5.95702E+02
v  1.33036E+02  3.51305E+01 -6.46185E+02
v  9.01692E+01  3.51305E+01 -6.46185E+02
v  9.01692E+01  2.18180E+01 -5.95702E+02
v  1.33036E+02  2.18180E+01 -5.95702E+02
v  1.33036E+02  2.18180E+01 -6.46185E+02
v  9.01692E+01  2.18180E+01 -6.46185E+02
g vc_ws_1701
s 0
f  625 626 627 628
f  625 626 630 629
f  627 626 630 631
f  628 627 631 632
f  628 625 629 632
f  629 630 631 632
v  5.08124E+02  1.41933E+01 -9.41742E+02
v  5.69624E+02  1.41933E+01 -9.41742E+02
v  5.69624E+02  1.41933E+01 -9.91845E+02
v  5.08124E+02  1.41933E+01 -9.91845E+02
v  5.08124E+02  9.56435E-01 -9.41742E+02
v  5.69624E+02  9.56435E-01 -9.41742E+02
v  5.69624E+02  9.56435E-01 -9.91845E+02
v  5.08124E+02  9.56435E-01 -9.91845E+02
g vc_ws_1703
s 0
f  633 634 635 636
f  633 634 638 637
f  635 634 638 639
f  636 635 639 640
f  636 633 637 640
f  637 638 639 640
v  4.11162E+02  1.00085E+01 -1.09239E+03
v  4.65282E+02  1.00085E+01 -1.09239E+03
v  4.65282E+02  1.00085E+01 -1.14289E+03
v  4.11162E+02  1.00085E+01 -1.14289E+03
v  4.11162E+02  9.56272E-01 -1.09239E+03
v  4.65282E+02  9.56272E-01 -1.09239E+03
v  4.65282E+02  9.56272E-01 -1.14289E+03
v  4.11162E+02  9.56272E-01 -1.14289E+03
g vc_ws_1705
s 0
f  641 642 643 644
f  641 642 646 645
f  643 642 646 647
f  644 643 647 648
f  644 641 645 648
f  645 646 647 648
v  5.36117E+02  9.86476E+00 -1.06775E+03
v  5.96928E+02  9.86476E+00 -1.06775E+03
v  5.96928E+02  9.86476E+00 -1.09425E+03
v  5.36117E+02  9.86476E+00 -1.09425E+03
v  5.36117E+02  1.36233E+00 -1.06775E+03
v  5.96928E+02  1.36233E+00 -1.06775E+03
v  5.96928E+02  1.36233E+00 -1.09425E+03
v  5.36117E+02  1.36233E+00 -1.09425E+03
g vc_ws_1707
s 0
f  649 650 651 652
f  649 650 654 653
f  651 650 654 655
f  652 651 655 656
f  652 649 653 656
f  653 654 655 656
v  5.00769E+02  8.21180E+00 -1.09239E+03
v  5.36117E+02  8.21180E+00 -1.09239E+03
v  5.36117E+02  8.21180E+00 -1.14289E+03
v  5.00769E+02  8.21180E+00 -1.14289E+03
v  5.00769E+02  3.40387E-01 -1.09239E+03
v  5.36117E+02  3.40387E-01 -1.09239E+03
v  5.36117E+02  3.40387E-01 -1.14289E+03
v  5.00769E+02  3.40387E-01 -1.14289E+03
g vc_ws_1709
s 0
f  657 658 659 660
f  657 658 662 661
f  659 658 662 663
f  660 659 663 664
f  660 657 661 664
f  661 662 663 664
v  4.65282E+02  6.08391E+00 -1.09239E+03
v  5.00769E+02  6.08391E+00 -1.09239E+03
v  5.00769E+02  6.08391E+00 -1.14289E+03
v  4.65282E+02  6.08391E+00 -1.14289E+03
v  4.65282E+02  6.79751E-01 -1.09239E+03
v  5.00769E+02  6.79751E-01 -1.09239E+03
v  5.00769E+02  6.79751E-01 -1.14289E+03
v  4.65282E+02  6.79751E-01 -1.14289E+03
g vc_ws_1711
s 0
f  665 666 667 668
f  665 666 670 669
f  667 666 670 671
f  668 667 671 672
f  668 665 669 672
f  669 670 671 672
v  5.96928E+02  1.54988E+01 -1.04214E+03
v  6.15156E+02  1.54988E+01 -1.04214E+03
v  6.15156E+02  1.54988E+01 -1.05930E+03
v  5.96928E+02  1.54988E+01 -1.05930E+03
v  5.96928E+02  1.73281E+00 -1.04214E+03
v  6.15156E+02  1.73281E+00 -1.04214E+03
v  6.15156E+02  1.73281E+00 -1.05930E+03
v  5.96928E+02  1.73281E+00 -1.05930E+03
g vc_ws_1713
s 0
f  673 674 675 676
f  673 674 678 677
f  675 674 678 679
f  676 675 679 680
f  676 673 677 680
f  677 678 679 680
v -4.68115E+02  1.75592E+02  7.32654E+01
v -3.39808E+02  1.75592E+02  7.32654E+01
v -3.39808E+02  1.75592E+02  2.63745E+01
v -4.68115E+02  1.75592E+02  2.63745E+01
v -4.68115E+02  1.00223E+02  7.32654E+01
v -3.39808E+02  1.00223E+02  7.32654E+01
v -3.39808E+02  1.00223E+02  2.63745E+01
v -4.68115E+02  1.00223E+02  2.63745E+01
g vc_ws_1752
s 0
f  681 682 683 684
f  681 682 686 685
f  683 682 686 687
f  684 683 687 688
f  684 681 685 688
f  685 686 687 688
v -3.71564E+01  1.53715E+02  7.66842E+01
v  6.24147E+01  1.53715E+02  7.66842E+01
v  6.24147E+01  1.53715E+02  1.98004E+01
v -3.71564E+01  1.53715E+02  1.98004E+01
v -3.71564E+01  1.22056E+02  7.66842E+01
v  6.24147E+01  1.22056E+02  7.66842E+01
v  6.24147E+01  1.22056E+02  1.98004E+01
v -3.71564E+01  1.22056E+02  1.98004E+01
g vc_ws_1782
s 0
f  689 690 691 692
f  689 690 694 693
f  691 690 694 695
f  692 691 695 696
f  692 689 693 696
f  693 694 695 696
v -4.34520E+02  1.43845E+02 -2.92927E+02
v -3.52806E+02  1.43845E+02 -2.92927E+02
v -3.52806E+02  1.43845E+02 -3.45355E+02
v -4.34520E+02  1.43845E+02 -3.45355E+02
v -4.34520E+02  1.01423E+02 -2.92927E+02
v -3.52806E+02  1.01423E+02 -2.92927E+02
v -3.52806E+02  1.01423E+02 -3.45355E+02
v -4.34520E+02  1.01423E+02 -3.45355E+02
g vc_ws_1794
s 0
f  697 698 699 700
f  697 698 702 701
f  699 698 702 703
f  700 699 703 704
f  700 697 701 704
f  701 702 703 704
v -6.11669E+02  1.48385E+02  2.07462E+01
v -5.52064E+02  1.48385E+02  2.07462E+01
v -5.52064E+02  1.48385E+02 -4.79819E+01
v -6.11669E+02  1.48385E+02 -4.79819E+01
v -6.11669E+02  9.76789E+01  2.07462E+01
v -5.52064E+02  9.76789E+01  2.07462E+01
v -5.52064E+02  9.76789E+01 -4.79819E+01
v -6.11669E+02  9.76789E+01 -4.79819E+01
g vc_ws_1800
s 0
f  705 706 707 708
f  705 706 710 709
f  707 706 710 711
f  708 707 711 712
f  708 705 709 712
f  709 710 711 712
v -6.58172E+02  1.89120E+02 -4.79819E+01
v -6.02902E+02  1.89120E+02 -4.79819E+01
v -6.02902E+02  1.89120E+02 -1.13003E+02
v -6.58172E+02  1.89120E+02 -1.13003E+02
v -6.58172E+02  9.76789E+01 -4.79819E+01
v -6.02902E+02  9.76789E+01 -4.79819E+01
v -6.02902E+02  9.76789E+01 -1.13003E+02
v -6.58172E+02  9.76789E+01 -1.13003E+02
g vc_ws_1848
s 0
f  713 714 715 716
f  713 714 718 717
f  715 714 718 719
f  716 715 719 720
f  716 713 717 720
f  717 718 719 720
v -9.71505E+01  1.59989E+02  1.98004E+01
v -3.77417E+01  1.59989E+02  1.98004E+01
v -3.77417E+01  1.59989E+02 -2.66040E+01
v -9.71505E+01  1.59989E+02 -2.66040E+01
v -9.71505E+01  7.50084E+01  1.98004E+01
v -3.77417E+01  7.50084E+01  1.98004E+01
v -3.77417E+01  7.50084E+01 -2.66040E+01
v -9.71505E+01  7.50084E+01 -2.66040E+01
g vc_ws_1872
s 0
f  721 722 723 724
f  721 722 726 725
f  723 722 726 727
f  724 723 727 728
f  724 721 725 728
f  725 726 727 728
v -3.52806E+02  1.12810E+02 -2.43187E+02
v -2.75930E+02  1.12810E+02 -2.43187E+02
v -2.75930E+02  1.12810E+02 -2.86572E+02
v -3.52806E+02  1.12810E+02 -2.86572E+02
v -3.52806E+02  9.77627E+01 -2.43187E+02
v -2.75930E+02  9.77627E+01 -2.43187E+02
v -2.75930E+02  9.77627E+01 -2.86572E+02
v -3.52806E+02  9.77627E+01 -2.86572E+02
g vc_ws_1877
s 0
f  729 730 731 732
f  729 730 734 733
f  731 730 734 735
f  732 731 735 736
f  732 729 733 736
f  733 734 735 736
v -5.52064E+02  1.38793E+02  7.26943E+01
v -4.93400E+02  1.38793E+02  7.26943E+01
v -4.93400E+02  1.38793E+02  2.32596E+01
v -5.52064E+02  1.38793E+02  2.32596E+01
v -5.52064E+02  8.92446E+01  7.26943E+01
v -4.93400E+02  8.92446E+01  7.26943E+01
v -4.93400E+02  8.92446E+01  2.32596E+01
v -5.52064E+02  8.92446E+01  2.32596E+01
g vc_ws_1892
s 0
f  737 738 739 740
f  737 738 742 741
f  739 738 742 743
f  740 739 743 744
f  740 737 741 744
f  741 742 743 744
v -7.26830E+02  1.85244E+02  2.70657E+02
v -6.83043E+02  1.85244E+02  2.70657E+02
v -6.83043E+02  1.85244E+02  1.61480E+02
v -7.26830E+02  1.85244E+02  1.61480E+02
v -7.26830E+02  1.40958E+02  2.70657E+02
v -6.83043E+02  1.40958E+02  2.70657E+02
v -6.83043E+02  1.40958E+02  1.61480E+02
v -7.26830E+02  1.40958E+02  1.61480E+02
g vc_ws_1894
s 0
f  745 746 747 748
f  745 746 750 749
f  747 746 750 751
f  748 747 751 752
f  748 745 749 752
f  749 750 751 752
v  1.34777E+02  1.55640E+02  2.92945E+02
v  1.67566E+02  1.55640E+02  2.92945E+02
v  1.67566E+02  1.55640E+02  1.96675E+02
v  1.34777E+02  1.55640E+02  1.96675E+02
v  1.34777E+02  1.12292E+02  2.92945E+02
v  1.67566E+02  1.12292E+02  2.92945E+02
v  1.67566E+02  1.12292E+02  1.96675E+02
v  1.34777E+02  1.12292E+02  1.96675E+02
g vc_ws_1916
s 0
f  753 754 755 756
f  753 754 758 757
f  755 754 758 759
f  756 755 759 760
f  756 753 757 760
f  757 758 759 760
v -7.83444E+02  1.68391E+02  2.70657E+02
v -7.26830E+02  1.68391E+02  2.70657E+02
v -7.26830E+02  1.68391E+02  1.91338E+02
v -7.83444E+02  1.68391E+02  1.91338E+02
v -7.83444E+02  1.45034E+02  2.70657E+02
v -7.26830E+02  1.45034E+02  2.70657E+02
v -7.26830E+02  1.45034E+02  1.91338E+02
v -7.83444E+02  1.45034E+02  1.91338E+02
g vc_ws_1924
s 0
f  761 762 763 764
f  761 762 766 765
f  763 762 766 767
f  764 763 767 768
f  764 761 765 768
f  765 766 767 768
v  7.02845E+01  7.55887E+01 -2.05665E+02
v  1.13359E+02  7.55887E+01 -2.05665E+02
v  1.13359E+02  7.55887E+01 -2.92254E+02
v  7.02845E+01  7.55887E+01 -2.92254E+02
v  7.02845E+01  4.52106E+01 -2.05665E+02
v  1.13359E+02  4.52106E+01 -2.05665E+02
v  1.13359E+02  4.52106E+01 -2.92254E+02
v  7.02845E+01  4.52106E+01 -2.92254E+02
g vc_ws_1947
s 0
f  769 770 771 772
f  769 770 774 773
f  771 770 774 775
f  772 771 775 776
f  772 769 773 776
f  773 774 775 776
v -1.50368E+01  1.82914E+02  2.36264E+02
v  6.24147E+01  1.82914E+02  2.36264E+02
v  6.24147E+01  1.82914E+02  2.02224E+02
v -1.50368E+01  1.82914E+02  2.02224E+02
v -1.50368E+01  1.24190E+02  2.36264E+02
v  6.24147E+01  1.24190E+02  2.36264E+02
v  6.24147E+01  1.24190E+02  2.02224E+02
v -1.50368E+01  1.24190E+02  2.02224E+02
g vc_ws_2020
s 0
f  777 778 779 780
f  777 778 782 781
f  779 778 782 783
f  780 779 783 784
f  780 777 781 784
f  781 782 783 784
v  4.71257E+02  1.31026E+02  7.97006E+01
v  5.39236E+02  1.31026E+02  7.97006E+01
v  5.39236E+02  1.31026E+02  5.26682E+01
v  4.71257E+02  1.31026E+02  5.26682E+01
v  4.71257E+02  7.51737E+01  7.97006E+01
v  5.39236E+02  7.51737E+01  7.97006E+01
v  5.39236E+02  7.51737E+01  5.26682E+01
v  4.71257E+02  7.51737E+01  5.26682E+01
g vc_ws_2025
s 0
f  785 786 787 788
f  785 786 790 789
f  787 786 790 791
f  788 787 791 792
f  788 785 789 792
f  789 790 791 792
v  2.00227E+02  1.46098E+02  3.29775E+02
v  2.32889E+02  1.46098E+02  3.29775E+02
v  2.32889E+02  1.46098E+02  2.63717E+02
v  2.00227E+02  1.46098E+02  2.63717E+02
v  2.00227E+02  1.06763E+02  3.29775E+02
v  2.32889E+02  1.06763E+02  3.29775E+02
v  2.32889E+02  1.06763E+02  2.63717E+02
v  2.00227E+02  1.06763E+02  2.63717E+02
g vc_ws_2046
s 0
f  793 794 795 796
f  793 794 798 797
f  795 794 798 799
f  796 795 799 800
f  796 793 797 800
f  797 798 799 800
v -1.57381E+02  2.19389E+02  1.45196E+02
v -1.22845E+02  2.19389E+02  1.45196E+02
v -1.22845E+02  2.19389E+02  1.14325E+02
v -1.57381E+02  2.19389E+02  1.14325E+02
v -1.57381E+02  1.35175E+02  1.45196E+02
v -1.22845E+02  1.35175E+02  1.45196E+02
v -1.22845E+02  1.35175E+02  1.14325E+02
v -1.57381E+02  1.35175E+02  1.14325E+02
g vc_ws_2053
s 0
f  801 802 803 804
f  801 802 806 805
f  803 802 806 807
f  804 803 807 808
f  804 801 805 808
f  805 806 807 808
v -1.22845E+02  2.19389E+02  1.45196E+02
v -8.90872E+01  2.19389E+02  1.45196E+02
v -8.90872E+01  2.19389E+02  1.14325E+02
v -1.22845E+02  2.19389E+02  1.14325E+02
v -1.22845E+02  1.30362E+02  1.45196E+02
v -8.90872E+01  1.30362E+02  1.45196E+02
v -8.90872E+01  1.30362E+02  1.14325E+02
v -1.22845E+02  1.30362E+02  1.14325E+02
g vc_ws_2067
s 0
f  809 810 811 812
f  809 810 814 813
f  811 810 814 815
f  812 811 815 816
f  812 809 813 816
f  813 814 815 816
v -2.02064E+02  2.19389E+02  1.28519E+02
v -1.79564E+02  2.19389E+02  1.28519E+02
v -1.79564E+02  2.19389E+02  8.33004E+01
v -2.02064E+02  2.19389E+02  8.33004E+01
v -2.02064E+02  1.38973E+02  1.28519E+02
v -1.79564E+02  1.38973E+02  1.28519E+02
v -1.79564E+02  1.38973E+02  8.33004E+01
v -2.02064E+02  1.38973E+02  8.33004E+01
g vc_ws_2085
s 0
f  817 818 819 820
f  817 818 822 821
f  819 818 822 823
f  820 819 823 824
f  820 817 821 824
f  821 822 823 824
v -7.94701E+01  6.31277E+01 -2.48081E+02
v -3.97012E+00  6.31277E+01 -2.48081E+02
v -3.97012E+00  6.31277E+01 -2.92254E+02
v -7.94701E+01  6.31277E+01 -2.92254E+02
v -7.94701E+01  3.68285E+01 -2.48081E+02
v -3.97012E+00  3.68285E+01 -2.48081E+02
v -3.97012E+00  3.68285E+01 -2.92254E+02
v -7.94701E+01  3.68285E+01 -2.92254E+02
g vc_ws_2101
s 0
f  825 826 827 828
f  825 826 830 829
f  827 826 830 831
f  828 827 831 832
f  828 825 829 832
f  829 830 831 832
v -6.31710E+02  1.42780E+02 -1.13003E+02
v -6.02902E+02  1.42780E+02 -1.13003E+02
v -6.02902E+02  1.42780E+02 -1.78278E+02
v -6.31710E+02  1.42780E+02 -1.78278E+02
v -6.31710E+02  1.00342E+02 -1.13003E+02
v -6.02902E+02  1.00342E+02 -1.13003E+02
v -6.02902E+02  1.00342E+02 -1.78278E+02
v -6.31710E+02  1.00342E+02 -1.78278E+02
g vc_ws_2106
s 0
f  833 834 835 836
f  833 834 838 837
f  835 834 838 839
f  836 835 839 840
f  836 833 837 840
f  837 838 839 840
v -1.46825E+02  9.22040E+01 -8.45228E+01
v -9.71505E+01  9.22040E+01 -8.45228E+01
v -9.71505E+01  9.22040E+01 -1.30023E+02
v -1.46825E+02  9.22040E+01 -1.30023E+02
v -1.46825E+02  5.97220E+01 -8.45228E+01
v -9.71505E+01  5.97220E+01 -8.45228E+01
v -9.71505E+01  5.97220E+01 -1.30023E+02
v -1.46825E+02  5.97220E+01 -1.30023E+02
g vc_ws_2121
s 0
f  841 842 843 844
f  841 842 846 845
f  843 842 846 847
f  844 843 847 848
f  844 841 845 848
f  845 846 847 848
v -7.85665E+02  1.79341E+02 -4.88766E+02
v -7.42189E+02  1.79341E+02 -4.88766E+02
v -7.42189E+02  1.79341E+02 -5.32843E+02
v -7.85665E+02  1.79341E+02 -5.32843E+02
v -7.85665E+02  1.06403E+02 -4.88766E+02
v -7.42189E+02  1.06403E+02 -4.88766E+02
v -7.42189E+02  1.06403E+02 -5.32843E+02
v -7.85665E+02  1.06403E+02 -5.32843E+02
g vc_ws_2126
s 0
f  849 850 851 852
f  849 850 854 853
f  851 850 854 855
f  852 851 855 856
f  852 849 853 856
f  853 854 855 856
v -3.71744E+02  1.54424E+02 -2.11621E+02
v -3.14736E+02  1.54424E+02 -2.11621E+02
v -3.14736E+02  1.54424E+02 -2.43187E+02
v -3.71744E+02  1.54424E+02 -2.43187E+02
v -3.71744E+02  9.96071E+01 -2.11621E+02
v -3.14736E+02  9.96071E+01 -2.11621E+02
v -3.14736E+02  9.96071E+01 -2.43187E+02
v -3.71744E+02  9.96071E+01 -2.43187E+02
g vc_ws_2134
s 0
f  857 858 859 860
f  857 858 862 861
f  859 858 862 863
f  860 859 863 864
f  860 857 861 864
f  861 862 863 864
v -9.71505E+01  7.57853E+01 -1.26334E+02
v -3.77417E+01  7.57853E+01 -1.26334E+02
v -3.77417E+01  7.57853E+01 -1.69673E+02
v -9.71505E+01  7.57853E+01 -1.69673E+02
v -9.71505E+01  4.82291E+01 -1.26334E+02
v -3.77417E+01  4.82291E+01 -1.26334E+02
v -3.77417E+01  4.82291E+01 -1.69673E+02
v -9.71505E+01  4.82291E+01 -1.69673E+02
g vc_ws_2155
s 0
f  865 866 867 868
f  865 866 870 869
f  867 866 870 871
f  868 867 871 872
f  868 865 869 872
f  869 870 871 872
v -7.24991E+02  1.92126E+02 -1.13003E+02
v -6.98834E+02  1.92126E+02 -1.13003E+02
v -6.98834E+02  1.92126E+02 -1.78278E+02
v -7.24991E+02  1.92126E+02 -1.78278E+02
v -7.24991E+02  1.08166E+02 -1.13003E+02
v -6.98834E+02  1.08166E+02 -1.13003E+02
v -6.98834E+02  1.08166E+02 -1.78278E+02
v -7.24991E+02  1.08166E+02 -1.78278E+02
g vc_ws_2190
s 0
f  873 874 875 876
f  873 874 878 877
f  875 874 878 879
f  876 875 879 880
f  876 873 877 880
f  877 878 879 880
v  1.34777E+02  1.46233E+02  1.56649E+02
v  1.79081E+02  1.46233E+02  1.56649E+02
v  1.79081E+02  1.46233E+02  1.15149E+02
v  1.34777E+02  1.46233E+02  1.15149E+02
v  1.34777E+02  1.17525E+02  1.56649E+02
v  1.79081E+02  1.17525E+02  1.56649E+02
v  1.79081E+02  1.17525E+02  1.15149E+02
v  1.34777E+02  1.17525E+02  1.15149E+02
g vc_ws_2194
s 0
f  881 882 883 884
f  881 882 886 885
f  883 882 886 887
f  884 883 887 888
f  884 881 885 888
f  885 886 887 888
v  4.72935E+02  6.92615E+01 -1.61439E+02
v  5.12800E+02  6.92615E+01 -1.61439E+02
v  5.12800E+02  6.92615E+01 -2.25322E+02
v  4.72935E+02  6.92615E+01 -2.25322E+02
v  4.72935E+02  4.34514E+01 -1.61439E+02
v  5.12800E+02  4.34514E+01 -1.61439E+02
v  5.12800E+02  4.34514E+01 -2.25322E+02
v  4.72935E+02  4.34514E+01 -2.25322E+02
g vc_ws_2197
s 0
f  889 890 891 892
f  889 890 894 893
f  891 890 894 895
f  892 891 895 896
f  892 889 893 896
f  893 894 895 896
v  3.99604E+02  1.34883E+02  1.17207E+02
v  4.35104E+02  1.34883E+02  1.17207E+02
v  4.35104E+02  1.34883E+02  7.97006E+01
v  3.99604E+02  1.34883E+02  7.97006E+01
v  3.99604E+02  8.07119E+01  1.17207E+02
v  4.35104E+02  8.07119E+01  1.17207E+02
v  4.35104E+02  8.07119E+01  7.97006E+01
v  3.99604E+02  8.07119E+01  7.97006E+01
g vc_ws_2199
s 0
f  897 898 899 900
f  897 898 902 901
f  899 898 902 903
f  900 899 903 904
f  900 897 901 904
f  901 902 903 904
v -2.29103E+02  2.19389E+02  1.13251E+02
v -2.02064E+02  2.19389E+02  1.13251E+02
v -2.02064E+02  2.19389E+02  8.27511E+01
v -2.29103E+02  2.19389E+02  8.27511E+01
v -2.29103E+02  1.40091E+02  1.13251E+02
v -2.02064E+02  1.40091E+02  1.13251E+02
v -2.02064E+02  1.40091E+02  8.27511E+01
v -2.29103E+02  1.40091E+02  8.27511E+01
g vc_ws_2203
s 0
f  905 906 907 908
f  905 906 910 909
f  907 906 910 911
f  908 907 911 912
f  908 905 909 912
f  909 910 911 912
v -3.14736E+02  1.29976E+02 -1.46416E+02
v -2.58290E+02  1.29976E+02 -1.46416E+02
v -2.58290E+02  1.29976E+02 -1.68916E+02
v -3.14736E+02  1.29976E+02 -1.68916E+02
v -3.14736E+02  7.73839E+01 -1.46416E+02
v -2.58290E+02  7.73839E+01 -1.46416E+02
v -2.58290E+02  7.73839E+01 -1.68916E+02
v -3.14736E+02  7.73839E+01 -1.68916E+02
g vc_ws_2229
s 0
f  913 914 915 916
f  913 914 918 917
f  915 914 918 919
f  916 915 919 920
f  916 913 917 920
f  917 918 919 920
v  2.22260E+01  2.54449E+01 -1.03216E+03
v  7.80876E+01  2.54449E+01 -1.03216E+03
v  7.80876E+01  2.54449E+01 -1.12577E+03
v  2.22260E+01  2.54449E+01 -1.12577E+03
v  2.22260E+01  1.74596E+01 -1.03216E+03
v  7.80876E+01  1.74596E+01 -1.03216E+03
v  7.80876E+01  1.74596E+01 -1.12577E+03
v  2.22260E+01  1.74596E+01 -1.12577E+03
g vc_ws_2299
s 0
f  921 922 923 924
f  921 922 926 925
f  923 922 926 927
f  924 923 927 928
f  924 921 925 928
f  925 926 927 928
v -4.34117E+02  1.28053E+02 -5.10719E+02
v -4.07617E+02  1.28053E+02 -5.10719E+02
v -4.07617E+02  1.28053E+02 -5.66185E+02
v -4.34117E+02  1.28053E+02 -5.66185E+02
v -4.34117E+02  1.15913E+02 -5.10719E+02
v -4.07617E+02  1.15913E+02 -5.10719E+02
v -4.07617E+02  1.15913E+02 -5.66185E+02
v -4.34117E+02  1.15913E+02 -5.66185E+02
g vc_ws_2306
s 0
f  929 930 931 932
f  929 930 934 933
f  931 930 934 935
f  932 931 935 936
f  932 929 933 936
f  933 934 935 936
v  5.05757E+02  1.19478E+02  2.41682E+01
v  5.39236E+02  1.19478E+02  2.41682E+01
v  5.39236E+02  1.19478E+02 -9.88779E+00
v  5.05757E+02  1.19478E+02 -9.88779E+00
v  5.05757E+02  6.36238E+01  2.41682E+01
v  5.39236E+02  6.36238E+01  2.41682E+01
v  5.39236E+02  6.36238E+01 -9.88779E+00
v  5.05757E+02  6.36238E+01 -9.88779E+00
g vc_ws_2341
s 0
f  937 938 939 940
f  937 938 942 941
f  939 938 942 943
f  940 939 943 944
f  940 937 941 944
f  941 942 943 944
v -3.31981E+01  5.46634E+01 -3.56185E+02
v  9.30188E+00  5.46634E+01 -3.56185E+02
v  9.30188E+00  5.46634E+01 -4.11369E+02
v -3.31981E+01  5.46634E+01 -4.11369E+02
v -3.31981E+01  3.68122E+01 -3.56185E+02
v  9.30188E+00  3.68122E+01 -3.56185E+02
v  9.30188E+00  3.68122E+01 -4.11369E+02
v -3.31981E+01  3.68122E+01 -4.11369E+02
g vc_ws_2351
s 0
f  945 946 947 948
f  945 946 950 949
f  947 946 950 951
f  948 947 951 952
f  948 945 949 952
f  949 950 951 952
v  4.90829E+02  1.11025E+02 -9.88779E+00
v  5.26063E+02  1.11025E+02 -9.88779E+00
v  5.26063E+02  1.11025E+02 -4.30057E+01
v  4.90829E+02  1.11025E+02 -4.30057E+01
v  4.90829E+02  6.36661E+01 -9.88779E+00
v  5.26063E+02  6.36661E+01 -9.88779E+00
v  5.26063E+02  6.36661E+01 -4.30057E+01
v  4.90829E+02  6.36661E+01 -4.30057E+01
g vc_ws_2353
s 0
f  953 954 955 956
f  953 954 958 957
f  955 954 958 959
f  956 955 959 960
f  956 953 957 960
f  957 958 959 960
v  8.23565E+01  6.17814E+01 -2.92254E+02
v  1.13299E+02  6.17814E+01 -2.92254E+02
v  1.13299E+02  6.17814E+01 -3.56185E+02
v  8.23565E+01  6.17814E+01 -3.56185E+02
v  8.23565E+01  4.10047E+01 -2.92254E+02
v  1.13299E+02  4.10047E+01 -2.92254E+02
v  1.13299E+02  4.10047E+01 -3.56185E+02
v  8.23565E+01  4.10047E+01 -3.56185E+02
g vc_ws_2369
s 0
f  961 962 963 964
f  961 962 966 965
f  963 962 966 967
f  964 963 967 968
f  964 961 965 968
f  965 966 967 968
v  1.79081E+02  1.48686E+02  1.96675E+02
v  2.10013E+02  1.48686E+02  1.96675E+02
v  2.10013E+02  1.48686E+02  1.58681E+02
v  1.79081E+02  1.48686E+02  1.58681E+02
v  1.79081E+02  1.11339E+02  1.96675E+02
v  2.10013E+02  1.11339E+02  1.96675E+02
v  2.10013E+02  1.11339E+02  1.58681E+02
v  1.79081E+02  1.11339E+02  1.58681E+02
g vc_ws_2380
s 0
f  969 970 971 972
f  969 970 974 973
f  971 970 974 975
f  972 971 975 976
f  972 969 973 976
f  973 974 975 976
v  4.28750E+02  1.02268E+02 -9.88779E+00
v  4.60250E+02  1.02268E+02 -9.88779E+00
v  4.60250E+02  1.02268E+02 -4.76756E+01
v  4.28750E+02  1.02268E+02 -4.76756E+01
v  4.28750E+02  5.92919E+01 -9.88779E+00
v  4.60250E+02  5.92919E+01 -9.88779E+00
v  4.60250E+02  5.92919E+01 -4.76756E+01
v  4.28750E+02  5.92919E+01 -4.76756E+01
g vc_ws_2381
s 0
f  977 978 979 980
f  977 978 982 981
f  979 978 982 983
f  980 979 983 984
f  980 977 981 984
f  981 982 983 984
v  7.80876E+01  2.44486E+01 -1.03343E+03
v  1.25810E+02  2.44486E+01 -1.03343E+03
v  1.25810E+02  2.44486E+01 -1.12546E+03
v  7.80876E+01  2.44486E+01 -1.12546E+03
v  7.80876E+01  1.52250E+01 -1.03343E+03
v  1.25810E+02  1.52250E+01 -1.03343E+03
v  1.25810E+02  1.52250E+01 -1.12546E+03
v  7.80876E+01  1.52250E+01 -1.12546E+03
g vc_ws_2389
s 0
f  985 986 987 988
f  985 986 990 989
f  987 986 990 991
f  988 987 991 992
f  988 985 989 992
f  989 990 991 992
v -7.85665E+02  1.63823E+02 -4.52438E+02
v -7.55361E+02  1.63823E+02 -4.52438E+02
v -7.55361E+02  1.63823E+02 -4.88766E+02
v -7.85665E+02  1.63823E+02 -4.88766E+02
v -7.85665E+02  1.06403E+02 -4.52438E+02
v -7.55361E+02  1.06403E+02 -4.52438E+02
v -7.55361E+02  1.06403E+02 -4.88766E+02
v -7.85665E+02  1.06403E+02 -4.88766E+02
g vc_ws_2394
s 0
f  993 994 995 996
f  993 994 998 997
f  995 994 998 999
f  996 995 999 1000
f  996 993 997 1000
f  997 998 999 1000
v  1.71176E+02  1.83339E+01 -1.03343E+03
v  2.57603E+02  1.83339E+01 -1.03343E+03
v  2.57603E+02  1.83339E+01 -1.09661E+03
v  1.71176E+02  1.83339E+01 -1.09661E+03
v  1.71176E+02  5.81301E+00 -1.03343E+03
v  2.57603E+02  5.81301E+00 -1.03343E+03
v  2.57603E+02  5.81301E+00 -1.09661E+03
v  1.71176E+02  5.81301E+00 -1.09661E+03
g vc_ws_2405
s 0
f  1001 1002 1003 1004
f  1001 1002 1006 1005
f  1003 1002 1006 1007
f  1004 1003 1007 1008
f  1004 1001 1005 1008
f  1005 1006 1007 1008
v -8.31165E+02  1.79164E+02 -4.07938E+02
v -7.82790E+02  1.79164E+02 -4.07938E+02
v -7.82790E+02  1.79164E+02 -4.29938E+02
v -8.31165E+02  1.79164E+02 -4.29938E+02
v -8.31165E+02  1.10134E+02 -4.07938E+02
v -7.82790E+02  1.10134E+02 -4.07938E+02
v -7.82790E+02  1.10134E+02 -4.29938E+02
v -8.31165E+02  1.10134E+02 -4.29938E+02
g vc_ws_2416
s 0
f  1009 1010 1011 1012
f  1009 1010 1014 1013
f  1011 1010 1014 1015
f  1012 1011 1015 1016
f  1012 1009 1013 1016
f  1013 1014 1015 1016
v  2.65423E+02  1.52044E+02  3.29775E+02
v  2.94236E+02  1.52044E+02  3.29775E+02
v  2.94236E+02  1.52044E+02  2.97331E+02
v  2.65423E+02  1.52044E+02  2.97331E+02
v  2.65423E+02  1.00356E+02  3.29775E+02
v  2.94236E+02  1.00356E+02  3.29775E+02
v  2.94236E+02  1.00356E+02  2.97331E+02
v  2.65423E+02  1.00356E+02  2.97331E+02
g vc_ws_2424
s 0
f  1017 1018 1019 1020
f  1017 1018 1022 1021
f  1019 1018 1022 1023
f  1020 1019 1023 1024
f  1020 1017 1021 1024
f  1021 1022 1023 1024
v  2.94236E+02  1.52044E+02  3.29775E+02
v  3.22936E+02  1.52044E+02  3.29775E+02
v  3.22936E+02  1.52044E+02  2.97331E+02
v  2.94236E+02  1.52044E+02  2.97331E+02
v  2.94236E+02  1.00356E+02  3.29775E+02
v  3.22936E+02  1.00356E+02  3.29775E+02
v  3.22936E+02  1.00356E+02  2.97331E+02
v  2.94236E+02  1.00356E+02  2.97331E+02
g vc_ws_2426
s 0
f  1025 1026 1027 1028
f  1025 1026 1030 1029
f  1027 1026 1030 1031
f  1028 1027 1031 1032
f  1028 1025 1029 1032
f  1029 1030 1031 1032
v  2.89762E+01  6.16972E+01 -2.92254E+02
v  8.23565E+01  6.16972E+01 -2.92254E+02
v  8.23565E+01  6.16972E+01 -3.23685E+02
v  2.89762E+01  6.16972E+01 -3.23685E+02
v  2.89762E+01  4.42256E+01 -2.92254E+02
v  8.23565E+01  4.42256E+01 -2.92254E+02
v  8.23565E+01  4.42256E+01 -3.23685E+02
v  2.89762E+01  4.42256E+01 -3.23685E+02
g vc_ws_2429
s 0
f  1033 1034 1035 1036
f  1033 1034 1038 1037
f  1035 1034 1038 1039
f  1036 1035 1039 1040
f  1036 1033 1037 1040
f  1037 1038 1039 1040
v  8.93513E+01  4.74568E+01 -4.49054E+02
v  1.32519E+02  4.74568E+01 -4.49054E+02
v  1.32519E+02  4.74568E+01 -4.96555E+02
v  8.93513E+01  4.74568E+01 -4.96555E+02
v  8.93513E+01  2.75293E+01 -4.49054E+02
v  1.32519E+02  2.75293E+01 -4.49054E+02
v  1.32519E+02  2.75293E+01 -4.96555E+02
v  8.93513E+01  2.75293E+01 -4.96555E+02
g vc_ws_2441
s 0
f  1041 1042 1043 1044
f  1041 1042 1046 1045
f  1043 1042 1046 1047
f  1044 1043 1047 1048
f  1044 1041 1045 1048
f  1045 1046 1047 1048
v  9.23734E+01  5.06589E+01 -4.02410E+02
v  1.32519E+02  5.06589E+01 -4.02410E+02
v  1.32519E+02  5.06589E+01 -4.49054E+02
v  9.23734E+01  5.06589E+01 -4.49054E+02
v  9.23734E+01  3.42648E+01 -4.02410E+02
v  1.32519E+02  3.42648E+01 -4.02410E+02
v  1.32519E+02  3.42648E+01 -4.49054E+02
v  9.23734E+01  3.42648E+01 -4.49054E+02
g vc_ws_2453
s 0
f  1049 1050 1051 1052
f  1049 1050 1054 1053
f  1051 1050 1054 1055
f  1052 1051 1055 1056
f  1052 1049 1053 1056
f  1053 1054 1055 1056
v -2.58290E+02  9.85681E+01 -1.35416E+02
v -2.28790E+02  9.85681E+01 -1.35416E+02
v -2.28790E+02  9.85681E+01 -1.68916E+02
v -2.58290E+02  9.85681E+01 -1.68916E+02
v -2.58290E+02  7.39886E+01 -1.35416E+02
v -2.28790E+02  7.39886E+01 -1.35416E+02
v -2.28790E+02  7.39886E+01 -1.68916E+02
v -2.58290E+02  7.39886E+01 -1.68916E+02
g vc_ws_2459
s 0
f  1057 1058 1059 1060
f  1057 1058 1062 1061
f  1059 1058 1062 1063
f  1060 1059 1063 1064
f  1060 1057 1061 1064
f  1061 1062 1063 1064
v  5.24426E+02  4.74085E+01 -2.89431E+02
v  5.72557E+02  4.74085E+01 -2.89431E+02
v  5.72557E+02  4.74085E+01 -3.29783E+02
v  5.24426E+02  4.74085E+01 -3.29783E+02
v  5.24426E+02  3.77761E+01 -2.89431E+02
v  5.72557E+02  3.77761E+01 -2.89431E+02
v  5.72557E+02  3.77761E+01 -3.29783E+02
v  5.24426E+02  3.77761E+01 -3.29783E+02
g vc_ws_2465
s 0
f  1065 1066 1067 1068
f  1065 1066 1070 1069
f  1067 1066 1070 1071
f  1068 1067 1071 1072
f  1068 1065 1069 1072
f  1069 1070 1071 1072
v  5.26063E+02  8.18243E+01 -4.35045E+01
v  5.50662E+02  8.18243E+01 -4.35045E+01
v  5.50662E+02  8.18243E+01 -8.75057E+01
v  5.26063E+02  8.18243E+01 -8.75057E+01
v  5.26063E+02  5.28026E+01 -4.35045E+01
v  5.50662E+02  5.28026E+01 -4.35045E+01
v  5.50662E+02  5.28026E+01 -8.75057E+01
v  5.26063E+02  5.28026E+01 -8.75057E+01
g vc_ws_2493
s 0
f  1073 1074 1075 1076
f  1073 1074 1078 1077
f  1075 1074 1078 1079
f  1076 1075 1079 1080
f  1076 1073 1077 1080
f  1077 1078 1079 1080
v  7.80876E+01  2.16788E+01 -1.18273E+03
v  1.71176E+02  2.16788E+01 -1.18273E+03
v  1.71176E+02  2.16788E+01 -1.22119E+03
v  7.80876E+01  2.16788E+01 -1.22119E+03
v  7.80876E+01  1.02011E+01 -1.18273E+03
v  1.71176E+02  1.02011E+01 -1.18273E+03
v  1.71176E+02  1.02011E+01 -1.22119E+03
v  7.80876E+01  1.02011E+01 -1.22119E+03
g vc_ws_2497
s 0
f  1081 1082 1083 1084
f  1081 1082 1086 1085
f  1083 1082 1086 1087
f  1084 1083 1087 1088
f  1084 1081 1085 1088
f  1085 1086 1087 1088
v  8.93513E+01  3.75819E+01 -4.96555E+02
v  1.32519E+02  3.75819E+01 -4.96555E+02
v  1.32519E+02  3.75819E+01 -5.46639E+02
v  8.93513E+01  3.75819E+01 -5.46639E+02
v  8.93513E+01  2.47046E+01 -4.96555E+02
v  1.32519E+02  2.47046E+01 -4.96555E+02
v  1.32519E+02  2.47046E+01 -5.46639E+02
v  8.93513E+01  2.47046E+01 -5.46639E+02
g vc_ws_2505
s 0
f  1089 1090 1091 1092
f  1089 1090 1094 1093
f  1091 1090 1094 1095
f  1092 1091 1095 1096
f  1092 1089 1093 1096
f  1093 1094 1095 1096
v  5.30648E+02  4.08994E+01 -5.86316E+02
v  5.63798E+02  4.08994E+01 -5.86316E+02
v  5.63798E+02  4.08994E+01 -6.46185E+02
v  5.30648E+02  4.08994E+01 -6.46185E+02
v  5.30648E+02  3.34311E+01 -5.86316E+02
v  5.63798E+02  3.34311E+01 -5.86316E+02
v  5.63798E+02  3.34311E+01 -6.46185E+02
v  5.30648E+02  3.34311E+01 -6.46185E+02
g vc_ws_2507
s 0
f  1097 1098 1099 1100
f  1097 1098 1102 1101
f  1099 1098 1102 1103
f  1100 1099 1103 1104
f  1100 1097 1101 1104
f  1101 1102 1103 1104
v -2.28790E+02  9.51864E+01 -1.35416E+02
v -2.02064E+02  9.51864E+01 -1.35416E+02
v -2.02064E+02  9.51864E+01 -1.68916E+02
v -2.28790E+02  9.51864E+01 -1.68916E+02
v -2.28790E+02  7.40055E+01 -1.35416E+02
v -2.02064E+02  7.40055E+01 -1.35416E+02
v -2.02064E+02  7.40055E+01 -1.68916E+02
v -2.28790E+02  7.40055E+01 -1.68916E+02
g vc_ws_2509
s 0
f  1105 1106 1107 1108
f  1105 1106 1110 1109
f  1107 1106 1110 1111
f  1108 1107 1111 1112
f  1108 1105 1109 1112
f  1109 1110 1111 1112
v  5.20981E+02  7.67197E+01 -8.75057E+01
v  5.50662E+02  7.67197E+01 -8.75057E+01
v  5.50662E+02  7.67197E+01 -1.23884E+02
v  5.20981E+02  7.67197E+01 -1.23884E+02
v  5.20981E+02  5.28281E+01 -8.75057E+01
v  5.50662E+02  5.28281E+01 -8.75057E+01
v  5.50662E+02  5.28281E+01 -1.23884E+02
v  5.20981E+02  5.28281E+01 -1.23884E+02
g vc_ws_2515
s 0
f  1113 1114 1115 1116
f  1113 1114 1118 1117
f  1115 1114 1118 1119
f  1116 1115 1119 1120
f  1116 1113 1117 1120
f  1117 1118 1119 1120
v  4.78131E+01  3.08796E+01 -6.94506E+02
v  9.64516E+01  3.08796E+01 -6.94506E+02
v  9.64516E+01  3.08796E+01 -7.45006E+02
v  4.78131E+01  3.08796E+01 -7.45006E+02
v  4.78131E+01  2.14313E+01 -6.94506E+02
v  9.64516E+01  2.14313E+01 -6.94506E+02
v  9.64516E+01  2.14313E+01 -7.45006E+02
v  4.78131E+01  2.14313E+01 -7.45006E+02
g vc_ws_2519
s 0
f  1121 1122 1123 1124
f  1121 1122 1126 1125
f  1123 1122 1126 1127
f  1124 1123 1127 1128
f  1124 1121 1125 1128
f  1125 1126 1127 1128
v  4.70690E+01  3.08796E+01 -7.45006E+02
v  9.52778E+01  3.08796E+01 -7.45006E+02
v  9.52778E+01  3.08796E+01 -7.94999E+02
v  4.70690E+01  3.08796E+01 -7.94999E+02
v  4.70690E+01  2.27428E+01 -7.45006E+02
v  9.52778E+01  2.27428E+01 -7.45006E+02
v  9.52778E+01  2.27428E+01 -7.94999E+02
v  4.70690E+01  2.27428E+01 -7.94999E+02
g vc_ws_2523
s 0
f  1129 1130 1131 1132
f  1129 1130 1134 1133
f  1131 1130 1134 1135
f  1132 1131 1135 1136
f  1132 1129 1133 1136
f  1133 1134 1135 1136
v  4.79510E+02  4.08994E+01 -5.26895E+02
v  5.06010E+02  4.08994E+01 -5.26895E+02
v  5.06010E+02  4.08994E+01 -5.85063E+02
v  4.79510E+02  4.08994E+01 -5.85063E+02
v  4.79510E+02  3.48458E+01 -5.26895E+02
v  5.06010E+02  3.48458E+01 -5.26895E+02
v  5.06010E+02  3.48458E+01 -5.85063E+02
v  4.79510E+02  3.48458E+01 -5.85063E+02
g vc_ws_2533
s 0
f  1137 1138 1139 1140
f  1137 1138 1142 1141
f  1139 1138 1142 1143
f  1140 1139 1143 1144
f  1140 1137 1141 1144
f  1141 1142 1143 1144
v -8.03819E+02  1.74992E+02 -3.67745E+02
v -7.82790E+02  1.74992E+02 -3.67745E+02
v -7.82790E+02  1.74992E+02 -4.07938E+02
v -8.03819E+02  1.74992E+02 -4.07938E+02
v -8.03819E+02  1.41071E+02 -3.67745E+02
v -7.82790E+02  1.41071E+02 -3.67745E+02
v -7.82790E+02  1.41071E+02 -4.07938E+02
v -8.03819E+02  1.41071E+02 -4.07938E+02
g vc_ws_2536
s 0
f  1145 1146 1147 1148
f  1145 1146 1150 1149
f  1147 1146 1150 1151
f  1148 1147 1151 1152
f  1148 1145 1149 1152
f  1149 1150 1151 1152
v  5.24426E+02  4.59906E+01 -3.29783E+02
v  5.72557E+02  4.59906E+01 -3.29783E+02
v  5.72557E+02  4.59906E+01 -3.56185E+02
v  5.24426E+02  4.59906E+01 -3.56185E+02
v  5.24426E+02  3.77832E+01 -3.29783E+02
v  5.72557E+02  3.77832E+01 -3.29783E+02
v  5.72557E+02  3.77832E+01 -3.56185E+02
v  5.24426E+02  3.77832E+01 -3.56185E+02
g vc_ws_2537
s 0
f  1153 1154 1155 1156
f  1153 1154 1158 1157
f  1155 1154 1158 1159
f  1156 1155 1159 1160
f  1156 1153 1157 1160
f  1157 1158 1159 1160
v  5.99029E+02  3.96258E+01 -7.43362E+02
v  6.28370E+02  3.96258E+01 -7.43362E+02
v  6.28370E+02  3.96258E+01 -7.92400E+02
v  5.99029E+02  3.96258E+01 -7.92400E+02
v  5.99029E+02  2.07440E+01 -7.43362E+02
v  6.28370E+02  2.07440E+01 -7.43362E+02
v  6.28370E+02  2.07440E+01 -7.92400E+02
v  5.99029E+02  2.07440E+01 -7.92400E+02
g vc_ws_2539
s 0
f  1161 1162 1163 1164
f  1161 1162 1166 1165
f  1163 1162 1166 1167
f  1164 1163 1167 1168
f  1164 1161 1165 1168
f  1165 1166 1167 1168
v  4.58325E+02  6.92615E+01 -1.61439E+02
v  4.72935E+02  6.92615E+01 -1.61439E+02
v  4.72935E+02  6.92615E+01 -2.06918E+02
v  4.58325E+02  6.92615E+01 -2.06918E+02
v  4.58325E+02  4.71295E+01 -1.61439E+02
v  4.72935E+02  4.71295E+01 -1.61439E+02
v  4.72935E+02  4.71295E+01 -2.06918E+02
v  4.58325E+02  4.71295E+01 -2.06918E+02
g vc_ws_2541
s 0
f  1169 1170 1171 1172
f  1169 1170 1174 1173
f  1171 1170 1174 1175
f  1172 1171 1175 1176
f  1172 1169 1173 1176
f  1173 1174 1175 1176
v  5.99397E+02  2.59742E+01 -8.91039E+02
v  6.28370E+02  2.59742E+01 -8.91039E+02
v  6.28370E+02  2.59742E+01 -9.41742E+02
v  5.99397E+02  2.59742E+01 -9.41742E+02
v  5.99397E+02  5.07066E+00 -8.91039E+02
v  6.28370E+02  5.07066E+00 -8.91039E+02
v  6.28370E+02  5.07066E+00 -9.41742E+02
v  5.99397E+02  5.07066E+00 -9.41742E+02
g vc_ws_2543
s 0
f  1177 1178 1179 1180
f  1177 1178 1182 1181
f  1179 1178 1182 1183
f  1180 1179 1183 1184
f  1180 1177 1181 1184
f  1181 1182 1183 1184
v  5.28527E+02  4.59906E+01 -3.56185E+02
v  5.62448E+02  4.59906E+01 -3.56185E+02
v  5.62448E+02  4.59906E+01 -3.80345E+02
v  5.28527E+02  4.59906E+01 -3.80345E+02
v  5.28527E+02  3.57116E+01 -3.56185E+02
v  5.62448E+02  3.57116E+01 -3.56185E+02
v  5.62448E+02  3.57116E+01 -3.80345E+02
v  5.28527E+02  3.57116E+01 -3.80345E+02
g vc_ws_2545
s 0
f  1185 1186 1187 1188
f  1185 1186 1190 1189
f  1187 1186 1190 1191
f  1188 1187 1191 1192
f  1188 1185 1189 1192
f  1189 1190 1191 1192
v  5.09103E+02  4.33962E+01 -4.65218E+02
v  5.34727E+02  4.33962E+01 -4.65218E+02
v  5.34727E+02  4.33962E+01 -4.95395E+02
v  5.09103E+02  4.33962E+01 -4.95395E+02
v  5.09103E+02  3.48189E+01 -4.65218E+02
v  5.34727E+02  3.48189E+01 -4.65218E+02
v  5.34727E+02  3.48189E+01 -4.95395E+02
v  5.09103E+02  3.48189E+01 -4.95395E+02
g vc_ws_2549
s 0
f  1193 1194 1195 1196
f  1193 1194 1198 1197
f  1195 1194 1198 1199
f  1196 1195 1199 1200
f  1196 1193 1197 1200
f  1197 1198 1199 1200
v  5.99124E+02  1.82352E+01 -9.41742E+02
v  6.28370E+02  1.82352E+01 -9.41742E+02
v  6.28370E+02  1.82352E+01 -9.91845E+02
v  5.99124E+02  1.82352E+01 -9.91845E+02
v  5.99124E+02  1.82065E+00 -9.41742E+02
v  6.28370E+02  1.82065E+00 -9.41742E+02
v  6.28370E+02  1.82065E+00 -9.91845E+02
v  5.99124E+02  1.82065E+00 -9.91845E+02
g vc_ws_2551
s 0
f  1201 1202 1203 1204
f  1201 1202 1206 1205
f  1203 1202 1206 1207
f  1204 1203 1207 1208
f  1204 1201 1205 1208
f  1205 1206 1207 1208
v  4.58415E+02  5.10435E+01 -3.27733E+02
v  4.73926E+02  5.10435E+01 -3.27733E+02
v  4.73926E+02  5.10435E+01 -3.56185E+02
v  4.58415E+02  5.10435E+01 -3.56185E+02
v  4.58415E+02  3.71356E+01 -3.27733E+02
v  4.73926E+02  3.71356E+01 -3.27733E+02
v  4.73926E+02  3.71356E+01 -3.56185E+02
v  4.58415E+02  3.71356E+01 -3.56185E+02
g vc_ws_2553
s 0
f  1209 1210 1211 1212
f  1209 1210 1214 1213
f  1211 1210 1214 1215
f  1212 1211 1215 1216
f  1212 1209 1213 1216
f  1213 1214 1215 1216
v  5.08124E+02  1.00063E+01 -9.91845E+02
v  5.39624E+02  1.00063E+01 -9.91845E+02
v  5.39624E+02  1.00063E+01 -1.04214E+03
v  5.08124E+02  1.00063E+01 -1.04214E+03
v  5.08124E+02  6.87772E-01 -9.91845E+02
v  5.39624E+02  6.87772E-01 -9.91845E+02
v  5.39624E+02  6.87772E-01 -1.04214E+03
v  5.08124E+02  6.87772E-01 -1.04214E+03
g vc_ws_2555
s 0
f  1217 1218 1219 1220
f  1217 1218 1222 1221
f  1219 1218 1222 1223
f  1220 1219 1223 1224
f  1220 1217 1221 1224
f  1221 1222 1223 1224
v  5.36117E+02  8.21180E+00 -1.09425E+03
v  5.78518E+02  8.21180E+00 -1.09425E+03
v  5.78518E+02  8.21180E+00 -1.12646E+03
v  5.36117E+02  8.21180E+00 -1.12646E+03
v  5.36117E+02  3.40387E-01 -1.09425E+03
v  5.78518E+02  3.40387E-01 -1.09425E+03
v  5.78518E+02  3.40387E-01 -1.12646E+03
v  5.36117E+02  3.40387E-01 -1.12646E+03
g vc_ws_2557
s 0
f  1225 1226 1227 1228
f  1225 1226 1230 1229
f  1227 1226 1230 1231
f  1228 1227 1231 1232
f  1228 1225 1229 1232
f  1229 1230 1231 1232
v  5.66617E+02  1.54988E+01 -1.04214E+03
v  5.96928E+02  1.54988E+01 -1.04214E+03
v  5.96928E+02  1.54988E+01 -1.06775E+03
v  5.66617E+02  1.54988E+01 -1.06775E+03
v  5.66617E+02  6.60309E-01 -1.04214E+03
v  5.96928E+02  6.60309E-01 -1.04214E+03
v  5.96928E+02  6.60309E-01 -1.06775E+03
v  5.66617E+02  6.60309E-01 -1.06775E+03
g vc_ws_2559
s 0
f  1233 1234 1235 1236
f  1233 1234 1238 1237
f  1235 1234 1238 1239
f  1236 1235 1239 1240
f  1236 1233 1237 1240
f  1237 1238 1239 1240
v  3.82936E+02  1.00085E+01 -1.09239E+03
v  4.11162E+02  1.00085E+01 -1.09239E+03
v  4.11162E+02  1.00085E+01 -1.12759E+03
v  3.82936E+02  1.00085E+01 -1.12759E+03
v  3.82936E+02  2.35496E+00 -1.09239E+03
v  4.11162E+02  2.35496E+00 -1.09239E+03
v  4.11162E+02  2.35496E+00 -1.12759E+03
v  3.82936E+02  2.35496E+00 -1.12759E+03
g vc_ws_2561
s 0
f  1241 1242 1243 1244
f  1241 1242 1246 1245
f  1243 1242 1246 1247
f  1244 1243 1247 1248
f  1244 1241 1245 1248
f  1245 1246 1247 1248
v  3.82936E+02  1.03030E+01 -1.04214E+03
v  4.11162E+02  1.03030E+01 -1.04214E+03
v  4.11162E+02  1.03030E+01 -1.06689E+03
v  3.82936E+02  1.03030E+01 -1.06689E+03
v  3.82936E+02  2.35349E+00 -1.04214E+03
v  4.11162E+02  2.35349E+00 -1.04214E+03
v  4.11162E+02  2.35349E+00 -1.06689E+03
v  3.82936E+02  2.35349E+00 -1.06689E+03
g vc_ws_2563
s 0
f  1249 1250 1251 1252
f  1249 1250 1254 1253
f  1251 1250 1254 1255
f  1252 1251 1255 1256
f  1252 1249 1253 1256
f  1253 1254 1255 1256
v -6.38336E+02  1.48419E+02  7.64077E+01
v -5.52064E+02  1.48419E+02  7.64077E+01
v -5.52064E+02  1.48419E+02  2.07462E+01
v -6.38336E+02  1.48419E+02  2.07462E+01
v -6.38336E+02  9.08736E+01  7.64077E+01
v -5.52064E+02  9.08736E+01  7.64077E+01
v -5.52064E+02  9.08736E+01  2.07462E+01
v -6.38336E+02  9.08736E+01  2.07462E+01
g vc_ws_2580
s 0
f  1257 1258 1259 1260
f  1257 1258 1262 1261
f  1259 1258 1262 1263
f  1260 1259 1263 1264
f  1260 1257 1261 1264
f  1261 1262 1263 1264
v  1.59902E+01  1.43813E+02 -4.26943E+01
v  6.77131E+01  1.43813E+02 -4.26943E+01
v  6.77131E+01  1.43813E+02 -1.05720E+02
v  1.59902E+01  1.43813E+02 -1.05720E+02
v  1.59902E+01  6.99798E+01 -4.26943E+01
v  6.77131E+01  6.99798E+01 -4.26943E+01
v  6.77131E+01  6.99798E+01 -1.05720E+02
v  1.59902E+01  6.99798E+01 -1.05720E+02
g vc_ws_2595
s 0
f  1265 1266 1267 1268
f  1265 1266 1270 1269
f  1267 1266 1270 1271
f  1268 1267 1271 1272
f  1268 1265 1269 1272
f  1269 1270 1271 1272
v -6.68450E+02  1.89120E+02  2.07462E+01
v -6.11669E+02  1.89120E+02  2.07462E+01
v -6.11669E+02  1.89120E+02 -4.79819E+01
v -6.68450E+02  1.89120E+02 -4.79819E+01
v -6.68450E+02  9.76789E+01  2.07462E+01
v -6.11669E+02  9.76789E+01  2.07462E+01
v -6.11669E+02  9.76789E+01 -4.79819E+01
v -6.68450E+02  9.76789E+01 -4.79819E+01
g vc_ws_2600
s 0
f  1273 1274 1275 1276
f  1273 1274 1278 1277
f  1275 1274 1278 1279
f  1276 1275 1279 1280
f  1276 1273 1277 1280
f  1277 1278 1279 1280
v  1.56562E+01  1.17408E+02 -1.05720E+02
v  6.77131E+01  1.17408E+02 -1.05720E+02
v  6.77131E+01  1.17408E+02 -1.69673E+02
v  1.56562E+01  1.17408E+02 -1.69673E+02
v  1.56562E+01  6.04526E+01 -1.05720E+02
v  6.77131E+01  6.04526E+01 -1.05720E+02
v  6.77131E+01  6.04526E+01 -1.69673E+02
v  1.56562E+01  6.04526E+01 -1.69673E+02
g vc_ws_2611
s 0
f  1281 1282 1283 1284
f  1281 1282 1286 1285
f  1283 1282 1286 1287
f  1284 1283 1287 1288
f  1284 1281 1285 1288
f  1285 1286 1287 1288
v -8.90872E+01  1.70293E+02  8.33004E+01
v -3.71564E+01  1.70293E+02  8.33004E+01
v -3.71564E+01  1.70293E+02  1.98004E+01
v -8.90872E+01  1.70293E+02  1.98004E+01
v -8.90872E+01  1.21525E+02  8.33004E+01
v -3.71564E+01  1.21525E+02  8.33004E+01
v -3.71564E+01  1.21525E+02  1.98004E+01
v -8.90872E+01  1.21525E+02  1.98004E+01
g vc_ws_2646
s 0
f  1289 1290 1291 1292
f  1289 1290 1294 1293
f  1291 1290 1294 1295
f  1292 1291 1295 1296
f  1292 1289 1293 1296
f  1293 1294 1295 1296
v -3.13024E+02  1.14632E+02 -2.86572E+02
v -2.75930E+02  1.14632E+02 -2.86572E+02
v -2.75930E+02  1.14632E+02 -3.45355E+02
v -3.13024E+02  1.14632E+02 -3.45355E+02
v -3.13024E+02  9.76486E+01 -2.86572E+02
v -2.75930E+02  9.76486E+01 -2.86572E+02
v -2.75930E+02  9.76486E+01 -3.45355E+02
v -3.13024E+02  9.76486E+01 -3.45355E+02
g vc_ws_2689
s 0
f  1297 1298 1299 1300
f  1297 1298 1302 1301
f  1299 1298 1302 1303
f  1300 1299 1303 1304
f  1300 1297 1301 1304
f  1301 1302 1303 1304
v -6.64985E+02  1.89107E+02 -1.13003E+02
v -6.31710E+02  1.89107E+02 -1.13003E+02
v -6.31710E+02  1.89107E+02 -1.78278E+02
v -6.64985E+02  1.89107E+02 -1.78278E+02
v -6.64985E+02  1.00342E+02 -1.13003E+02
v -6.31710E+02  1.00342E+02 -1.13003E+02
v -6.31710E+02  1.00342E+02 -1.78278E+02
v -6.64985E+02  1.00342E+02 -1.78278E+02
g vc_ws_2692
s 0
f  1305 1306 1307 1308
f  1305 1306 1310 1309
f  1307 1306 1310 1311
f  1308 1307 1311 1312
f  1308 1305 1309 1312
f  1309 1310 1311 1312
v -3.54192E+02  1.22215E+02 -3.99970E+02
v -3.14985E+02  1.22215E+02 -3.99970E+02
v -3.14985E+02  1.22215E+02 -4.55470E+02
v -3.54192E+02  1.22215E+02 -4.55470E+02
v -3.54192E+02  1.03378E+02 -3.99970E+02
v -3.14985E+02  1.03378E+02 -3.99970E+02
v -3.14985E+02  1.03378E+02 -4.55470E+02
v -3.54192E+02  1.03378E+02 -4.55470E+02
g vc_ws_2698
s 0
f  1313 1314 1315 1316
f  1313 1314 1318 1317
f  1315 1314 1318 1319
f  1316 1315 1319 1320
f  1316 1313 1317 1320
f  1317 1318 1319 1320
v -4.34520E+02  1.54422E+02 -2.43187E+02
v -3.93020E+02  1.54422E+02 -2.43187E+02
v -3.93020E+02  1.54422E+02 -2.92927E+02
v -4.34520E+02  1.54422E+02 -2.92927E+02
v -4.34520E+02  1.00145E+02 -2.43187E+02
v -3.93020E+02  1.00145E+02 -2.43187E+02
v -3.93020E+02  1.00145E+02 -2.92927E+02
v -4.34520E+02  1.00145E+02 -2.92927E+02
g vc_ws_2712
s 0
f  1321 1322 1323 1324
f  1321 1322 1326 1325
f  1323 1322 1326 1327
f  1324 1323 1327 1328
f  1324 1321 1325 1328
f  1325 1326 1327 1328
v  3.22936E+02  1.51412E+02  2.64313E+02
v  3.51607E+02  1.51412E+02  2.64313E+02
v  3.51607E+02  1.51412E+02  1.98540E+02
v  3.22936E+02  1.51412E+02  1.98540E+02
v  3.22936E+02  9.17693E+01  2.64313E+02
v  3.51607E+02  9.17693E+01  2.64313E+02
v  3.51607E+02  9.17693E+01  1.98540E+02
v  3.22936E+02  9.17693E+01  1.98540E+02
g vc_ws_2722
s 0
f  1329 1330 1331 1332
f  1329 1330 1334 1333
f  1331 1330 1334 1335
f  1332 1331 1335 1336
f  1332 1329 1333 1336
f  1333 1334 1335 1336
v -6.01430E+02  1.20156E+02 -6.40210E+02
v -5.60993E+02  1.20156E+02 -6.40210E+02
v -5.60993E+02  1.20156E+02 -6.85710E+02
v -6.01430E+02  1.20156E+02 -6.85710E+02
v -6.01430E+02  8.70939E+01 -6.40210E+02
v -5.60993E+02  8.70939E+01 -6.40210E+02
v -5.60993E+02  8.70939E+01 -6.85710E+02
v -6.01430E+02  8.70939E+01 -6.85710E+02
g vc_ws_2747
s 0
f  1337 1338 1339 1340
f  1337 1338 1342 1341
f  1339 1338 1342 1343
f  1340 1339 1343 1344
f  1340 1337 1341 1344
f  1341 1342 1343 1344
v -8.90872E+01  1.82897E+02  1.88693E+02
v -3.71564E+01  1.82897E+02  1.88693E+02
v -3.71564E+01  1.82897E+02  1.45300E+02
v -8.90872E+01  1.82897E+02  1.45300E+02
v -8.90872E+01  1.28206E+02  1.88693E+02
v -3.71564E+01  1.28206E+02  1.88693E+02
v -3.71564E+01  1.28206E+02  1.45300E+02
v -8.90872E+01  1.28206E+02  1.45300E+02
g vc_ws_2778
s 0
f  1345 1346 1347 1348
f  1345 1346 1350 1349
f  1347 1346 1350 1351
f  1348 1347 1351 1352
f  1348 1345 1349 1352
f  1349 1350 1351 1352
v -9.71505E+01  1.40321E+02 -2.66040E+01
v -3.77417E+01  1.40321E+02 -2.66040E+01
v -3.77417E+01  1.40321E+02 -4.96195E+01
v -9.71505E+01  1.40321E+02 -4.96195E+01
v -9.71505E+01  6.92181E+01 -2.66040E+01
v -3.77417E+01  6.92181E+01 -2.66040E+01
v -3.77417E+01  6.92181E+01 -4.96195E+01
v -9.71505E+01  6.92181E+01 -4.96195E+01
g vc_ws_2799
s 0
f  1353 1354 1355 1356
f  1353 1354 1358 1357
f  1355 1354 1358 1359
f  1356 1355 1359 1360
f  1356 1353 1357 1360
f  1357 1358 1359 1360
v  4.12667E+02  1.40409E+02  2.64313E+02
v  4.34466E+02  1.40409E+02  2.64313E+02
v  4.34466E+02  1.40409E+02  1.98540E+02
v  4.12667E+02  1.40409E+02  1.98540E+02
v  4.12667E+02  8.71398E+01  2.64313E+02
v  4.34466E+02  8.71398E+01  2.64313E+02
v  4.34466E+02  8.71398E+01  1.98540E+02
v  4.12667E+02  8.71398E+01  1.98540E+02
g vc_ws_2810
s 0
f  1361 1362 1363 1364
f  1361 1362 1366 1365
f  1363 1362 1366 1367
f  1364 1363 1367 1368
f  1364 1361 1365 1368
f  1365 1366 1367 1368
v -2.02064E+02  1.46761E+02 -4.15022E+01
v -1.73564E+02  1.46761E+02 -4.15022E+01
v -1.73564E+02  1.46761E+02 -8.45228E+01
v -2.02064E+02  1.46761E+02 -8.45228E+01
v -2.02064E+02  6.88101E+01 -4.15022E+01
v -1.73564E+02  6.88101E+01 -4.15022E+01
v -1.73564E+02  6.88101E+01 -8.45228E+01
v -2.02064E+02  6.88101E+01 -8.45228E+01
g vc_ws_2818
s 0
f  1369 1370 1371 1372
f  1369 1370 1374 1373
f  1371 1370 1374 1375
f  1372 1371 1375 1376
f  1372 1369 1373 1376
f  1373 1374 1375 1376
v -9.71505E+01  1.09217E+02 -7.41195E+01
v -6.66505E+01  1.09217E+02 -7.41195E+01
v -6.66505E+01  1.09217E+02 -1.26334E+02
v -9.71505E+01  1.09217E+02 -1.26334E+02
v -9.71505E+01  5.26586E+01 -7.41195E+01
v -6.66505E+01  5.26586E+01 -7.41195E+01
v -6.66505E+01  5.26586E+01 -1.26334E+02
v -9.71505E+01  5.26586E+01 -1.26334E+02
g vc_ws_2829
s 0
f  1377 1378 1379 1380
f  1377 1378 1382 1381
f  1379 1378 1382 1383
f  1380 1379 1383 1384
f  1380 1377 1381 1384
f  1381 1382 1383 1384
v  6.24147E+01  1.47139E+02  1.43331E+02
v  9.86665E+01  1.47139E+02  1.43331E+02
v  9.86665E+01  1.47139E+02  9.58305E+01
v  6.24147E+01  1.47139E+02  9.58305E+01
v  6.24147E+01  1.16368E+02  1.43331E+02
v  9.86665E+01  1.16368E+02  1.43331E+02
v  9.86665E+01  1.16368E+02  9.58305E+01
v  6.24147E+01  1.16368E+02  9.58305E+01
g vc_ws_2832
s 0
f  1385 1386 1387 1388
f  1385 1386 1390 1389
f  1387 1386 1390 1391
f  1388 1387 1391 1392
f  1388 1385 1389 1392
f  1389 1390 1391 1392
v  9.86665E+01  1.46239E+02  1.43331E+02
v  1.34777E+02  1.46239E+02  1.43331E+02
v  1.34777E+02  1.46239E+02  9.58305E+01
v  9.86665E+01  1.46239E+02  9.58305E+01
v  9.86665E+01  1.16368E+02  1.43331E+02
v  1.34777E+02  1.16368E+02  1.43331E+02
v  1.34777E+02  1.16368E+02  9.58305E+01
v  9.86665E+01  1.16368E+02  9.58305E+01
g vc_ws_2834
s 0
f  1393 1394 1395 1396
f  1393 1394 1398 1397
f  1395 1394 1398 1399
f  1396 1395 1399 1400
f  1396 1393 1397 1400
f  1397 1398 1399 1400
v -7.31521E+02  1.75325E+02 -2.98710E+02
v -6.82408E+02  1.75325E+02 -2.98710E+02
v -6.82408E+02  1.75325E+02 -3.30210E+02
v -7.31521E+02  1.75325E+02 -3.30210E+02
v -7.31521E+02  1.06403E+02 -2.98710E+02
v -6.82408E+02  1.06403E+02 -2.98710E+02
v -6.82408E+02  1.06403E+02 -3.30210E+02
v -7.31521E+02  1.06403E+02 -3.30210E+02
g vc_ws_2842
s 0
f  1401 1402 1403 1404
f  1401 1402 1406 1405
f  1403 1402 1406 1407
f  1404 1403 1407 1408
f  1404 1401 1405 1408
f  1405 1406 1407 1408
v -4.07617E+02  1.17990E+02 -5.10719E+02
v -3.54617E+02  1.17990E+02 -5.10719E+02
v -3.54617E+02  1.17990E+02 -5.37685E+02
v -4.07617E+02  1.17990E+02 -5.37685E+02
v -4.07617E+02  5.61497E+01 -5.10719E+02
v -3.54617E+02  5.61497E+01 -5.10719E+02
v -3.54617E+02  5.61497E+01 -5.37685E+02
v -4.07617E+02  5.61497E+01 -5.37685E+02
g vc_ws_2843
s 0
f  1409 1410 1411 1412
f  1409 1410 1414 1413
f  1411 1410 1414 1415
f  1412 1411 1415 1416
f  1412 1409 1413 1416
f  1413 1414 1415 1416
v  1.67566E+02  1.55653E+02  2.92945E+02
v  2.00227E+02  1.55653E+02  2.92945E+02
v  2.00227E+02  1.55653E+02  2.46175E+02
v  1.67566E+02  1.55653E+02  2.46175E+02
v  1.67566E+02  1.09678E+02  2.92945E+02
v  2.00227E+02  1.09678E+02  2.92945E+02
v  2.00227E+02  1.09678E+02  2.46175E+02
v  1.67566E+02  1.09678E+02  2.46175E+02
g vc_ws_2854
s 0
f  1417 1418 1419 1420
f  1417 1418 1422 1421
f  1419 1418 1422 1423
f  1420 1419 1423 1424
f  1420 1417 1421 1424
f  1421 1422 1423 1424
v -2.02064E+02  1.24632E+02 -1.06523E+02
v -1.46825E+02  1.24632E+02 -1.06523E+02
v -1.46825E+02  1.24632E+02 -1.30023E+02
v -2.02064E+02  1.24632E+02 -1.30023E+02
v -2.02064E+02  6.76711E+01 -1.06523E+02
v -1.46825E+02  6.76711E+01 -1.06523E+02
v -1.46825E+02  6.76711E+01 -1.30023E+02
v -2.02064E+02  6.76711E+01 -1.30023E+02
g vc_ws_2855
s 0
f  1425 1426 1427 1428
f  1425 1426 1430 1429
f  1427 1426 1430 1431
f  1428 1427 1431 1432
f  1428 1425 1429 1432
f  1429 1430 1431 1432
v  3.68922E+02  1.09432E+02  1.98540E+02
v  3.99422E+02  1.09432E+02  1.98540E+02
v  3.99422E+02  1.09432E+02  1.55506E+02
v  3.68922E+02  1.09432E+02  1.55506E+02
v  3.68922E+02  8.76896E+01  1.98540E+02
v  3.99422E+02  8.76896E+01  1.98540E+02
v  3.99422E+02  8.76896E+01  1.55506E+02
v  3.68922E+02  8.76896E+01  1.55506E+02
g vc_ws_2887
s 0
f  1433 1434 1435 1436
f  1433 1434 1438 1437
f  1435 1434 1438 1439
f  1436 1435 1439 1440
f  1436 1433 1437 1440
f  1437 1438 1439 1440
v  3.72436E+02  1.48903E+02  3.03058E+02
v  4.02019E+02  1.48903E+02  3.03058E+02
v  4.02019E+02  1.48903E+02  2.64313E+02
v  3.72436E+02  1.48903E+02  2.64313E+02
v  3.72436E+02  9.17693E+01  3.03058E+02
v  4.02019E+02  9.17693E+01  3.03058E+02
v  4.02019E+02  9.17693E+01  2.64313E+02
v  3.72436E+02  9.17693E+01  2.64313E+02
g vc_ws_2894
s 0
f  1441 1442 1443 1444
f  1441 1442 1446 1445
f  1443 1442 1446 1447
f  1444 1443 1447 1448
f  1444 1441 1445 1448
f  1445 1446 1447 1448
v -7.16245E+02  1.32623E+02 -5.66185E+02
v -6.81052E+02  1.32623E+02 -5.66185E+02
v -6.81052E+02  1.32623E+02 -6.02734E+02
v -7.16245E+02  1.32623E+02 -6.02734E+02
v -7.16245E+02  1.06403E+02 -5.66185E+02
v -6.81052E+02  1.06403E+02 -5.66185E+02
v -6.81052E+02  1.06403E+02 -6.02734E+02
v -7.16245E+02  1.06403E+02 -6.02734E+02
g vc_ws_2898
s 0
f  1449 1450 1451 1452
f  1449 1450 1454 1453
f  1451 1450 1454 1455
f  1452 1451 1455 1456
f  1452 1449 1453 1456
f  1453 1454 1455 1456
v -3.54617E+02  1.28521E+02 -5.10719E+02
v -3.14117E+02  1.28521E+02 -5.10719E+02
v -3.14117E+02  1.28521E+02 -5.37685E+02
v -3.54617E+02  1.28521E+02 -5.37685E+02
v -3.54617E+02  4.79554E+01 -5.10719E+02
v -3.14117E+02  4.79554E+01 -5.10719E+02
v -3.14117E+02  4.79554E+01 -5.37685E+02
v -3.54617E+02  4.79554E+01 -5.37685E+02
g vc_ws_2901
s 0
f  1457 1458 1459 1460
f  1457 1458 1462 1461
f  1459 1458 1462 1463
f  1460 1459 1463 1464
f  1460 1457 1461 1464
f  1461 1462 1463 1464
v -7.20096E+02  1.40840E+02 -3.59800E+02
v -6.94694E+02  1.40840E+02 -3.59800E+02
v -6.94694E+02  1.40840E+02 -4.09722E+02
v -7.20096E+02  1.40840E+02 -4.09722E+02
v -7.20096E+02  1.06403E+02 -3.59800E+02
v -6.94694E+02  1.06403E+02 -3.59800E+02
v -6.94694E+02  1.06403E+02 -4.09722E+02
v -7.20096E+02  1.06403E+02 -4.09722E+02
g vc_ws_2906
s 0
f  1465 1466 1467 1468
f  1465 1466 1470 1469
f  1467 1466 1470 1471
f  1468 1467 1471 1472
f  1468 1465 1469 1472
f  1469 1470 1471 1472
v  3.99604E+02  1.34883E+02  7.97006E+01
v  4.36104E+02  1.34883E+02  7.97006E+01
v  4.36104E+02  1.34883E+02  5.22493E+01
v  3.99604E+02  1.34883E+02  5.22493E+01
v  3.99604E+02  7.58688E+01  7.97006E+01
v  4.36104E+02  7.58688E+01  7.97006E+01
v  4.36104E+02  7.58688E+01  5.22493E+01
v  3.99604E+02  7.58688E+01  5.22493E+01
g vc_ws_2929
s 0
f  1473 1474 1475 1476
f  1473 1474 1478 1477
f  1475 1474 1478 1479
f  1476 1475 1479 1480
f  1476 1473 1477 1480
f  1477 1478 1479 1480
v -3.54617E+02  1.20123E+02 -4.82219E+02
v -3.14117E+02  1.20123E+02 -4.82219E+02
v -3.14117E+02  1.20123E+02 -5.10719E+02
v -3.54617E+02  1.20123E+02 -5.10719E+02
v -3.54617E+02  1.07099E+02 -4.82219E+02
v -3.14117E+02  1.07099E+02 -4.82219E+02
v -3.14117E+02  1.07099E+02 -5.10719E+02
v -3.54617E+02  1.07099E+02 -5.10719E+02
g vc_ws_2976
s 0
f  1481 1482 1483 1484
f  1481 1482 1486 1485
f  1483 1482 1486 1487
f  1484 1483 1487 1488
f  1484 1481 1485 1488
f  1485 1486 1487 1488
v  3.99604E+02  1.24652E+02  5.22493E+01
v  4.36104E+02  1.24652E+02  5.22493E+01
v  4.36104E+02  1.24652E+02  2.47493E+01
v  3.99604E+02  1.24652E+02  2.47493E+01
v  3.99604E+02  7.02207E+01  5.22493E+01
v  4.36104E+02  7.02207E+01  5.22493E+01
v  4.36104E+02  7.02207E+01  2.47493E+01
v  3.99604E+02  7.02207E+01  2.47493E+01
g vc_ws_2977
s 0
f  1489 1490 1491 1492
f  1489 1490 1494 1493
f  1491 1490 1494 1495
f  1492 1491 1495 1496
f  1492 1489 1493 1496
f  1493 1494 1495 1496
v  3.22936E+02  1.52054E+02  3.24701E+02
v  3.71816E+02  1.52054E+02  3.24701E+02
v  3.71816E+02  1.52054E+02  3.03058E+02
v  3.22936E+02  1.52054E+02  3.03058E+02
v  3.22936E+02  9.83315E+01  3.24701E+02
v  3.71816E+02  9.83315E+01  3.24701E+02
v  3.71816E+02  9.83315E+01  3.03058E+02
v  3.22936E+02  9.83315E+01  3.03058E+02
g vc_ws_2990
s 0
f  1497 1498 1499 1500
f  1497 1498 1502 1501
f  1499 1498 1502 1503
f  1500 1499 1503 1504
f  1500 1497 1501 1504
f  1501 1502 1503 1504
v -5.41679E+02  1.29376E+02 -5.92879E+02
v -5.10235E+02  1.29376E+02 -5.92879E+02
v -5.10235E+02  1.29376E+02 -6.23017E+02
v -5.41679E+02  1.29376E+02 -6.23017E+02
v -5.41679E+02  7.30799E+01 -5.92879E+02
v -5.10235E+02  7.30799E+01 -5.92879E+02
v -5.10235E+02  7.30799E+01 -6.23017E+02
v -5.41679E+02  7.30799E+01 -6.23017E+02
g vc_ws_3001
s 0
f  1505 1506 1507 1508
f  1505 1506 1510 1509
f  1507 1506 1510 1511
f  1508 1507 1511 1512
f  1508 1505 1509 1512
f  1509 1510 1511 1512
v -7.51290E+02  1.47245E+02 -4.16622E+02
v -7.20096E+02  1.47245E+02 -4.16622E+02
v -7.20096E+02  1.47245E+02 -4.52438E+02
v -7.51290E+02  1.47245E+02 -4.52438E+02
v -7.51290E+02  1.06403E+02 -4.16622E+02
v -7.20096E+02  1.06403E+02 -4.16622E+02
v -7.20096E+02  1.06403E+02 -4.52438E+02
v -7.51290E+02  1.06403E+02 -4.52438E+02
g vc_ws_3004
s 0
f  1513 1514 1515 1516
f  1513 1514 1518 1517
f  1515 1514 1518 1519
f  1516 1515 1519 1520
f  1516 1513 1517 1520
f  1517 1518 1519 1520
v  2.32889E+02  1.36535E+02  3.29775E+02
v  2.65423E+02  1.36535E+02  3.29775E+02
v  2.65423E+02  1.36535E+02  2.97217E+02
v  2.32889E+02  1.36535E+02  2.97217E+02
v  2.32889E+02  1.03215E+02  3.29775E+02
v  2.65423E+02  1.03215E+02  3.29775E+02
v  2.65423E+02  1.03215E+02  2.97217E+02
v  2.32889E+02  1.03215E+02  2.97217E+02
g vc_ws_3018
s 0
f  1521 1522 1523 1524
f  1521 1522 1526 1525
f  1523 1522 1526 1527
f  1524 1523 1527 1528
f  1524 1521 1525 1528
f  1525 1526 1527 1528
v  5.05757E+02  1.24339E+02  5.26682E+01
v  5.39236E+02  1.24339E+02  5.26682E+01
v  5.39236E+02  1.24339E+02  2.41682E+01
v  5.05757E+02  1.24339E+02  2.41682E+01
v  5.05757E+02  6.99081E+01  5.26682E+01
v  5.39236E+02  6.99081E+01  5.26682E+01
v  5.39236E+02  6.99081E+01  2.41682E+01
v  5.05757E+02  6.99081E+01  2.41682E+01
g vc_ws_3021
s 0
f  1529 1530 1531 1532
f  1529 1530 1534 1533
f  1531 1530 1534 1535
f  1532 1531 1535 1536
f  1532 1529 1533 1536
f  1533 1534 1535 1536
v  3.45299E+01  7.14510E+01 -2.48081E+02
v  7.02845E+01  7.14510E+01 -2.48081E+02
v  7.02845E+01  7.14510E+01 -2.92254E+02
v  3.45299E+01  7.14510E+01 -2.92254E+02
v  3.45299E+01  4.41768E+01 -2.48081E+02
v  7.02845E+01  4.41768E+01 -2.48081E+02
v  7.02845E+01  4.41768E+01 -2.92254E+02
v  3.45299E+01  4.41768E+01 -2.92254E+02
g vc_ws_3047
s 0
f  1537 1538 1539 1540
f  1537 1538 1542 1541
f  1539 1538 1542 1543
f  1540 1539 1543 1544
f  1540 1537 1541 1544
f  1541 1542 1543 1544
v  2.33727E+02  1.51314E+02  2.30482E+02
v  2.65423E+02  1.51314E+02  2.30482E+02
v  2.65423E+02  1.51314E+02  1.96675E+02
v  2.33727E+02  1.51314E+02  1.96675E+02
v  2.33727E+02  1.08461E+02  2.30482E+02
v  2.65423E+02  1.08461E+02  2.30482E+02
v  2.65423E+02  1.08461E+02  1.96675E+02
v  2.33727E+02  1.08461E+02  1.96675E+02
g vc_ws_3052
s 0
f  1545 1546 1547 1548
f  1545 1546 1550 1549
f  1547 1546 1550 1551
f  1548 1547 1551 1552
f  1548 1545 1549 1552
f  1549 1550 1551 1552
v -3.54617E+02  1.20109E+02 -4.55470E+02
v -3.14117E+02  1.20109E+02 -4.55470E+02
v -3.14117E+02  1.20109E+02 -4.82219E+02
v -3.54617E+02  1.20109E+02 -4.82219E+02
v -3.54617E+02  1.09953E+02 -4.55470E+02
v -3.14117E+02  1.09953E+02 -4.55470E+02
v -3.14117E+02  1.09953E+02 -4.82219E+02
v -3.54617E+02  1.09953E+02 -4.82219E+02
g vc_ws_3056
s 0
f  1553 1554 1555 1556
f  1553 1554 1558 1557
f  1555 1554 1558 1559
f  1556 1555 1559 1560
f  1556 1553 1557 1560
f  1557 1558 1559 1560
v -7.32290E+02  1.73327E+02 -3.30210E+02
v -6.96998E+02  1.73327E+02 -3.30210E+02
v -6.96998E+02  1.73327E+02 -3.59800E+02
v -7.32290E+02  1.73327E+02 -3.59800E+02
v -7.32290E+02  1.06403E+02 -3.30210E+02
v -6.96998E+02  1.06403E+02 -3.30210E+02
v -6.96998E+02  1.06403E+02 -3.59800E+02
v -7.32290E+02  1.06403E+02 -3.59800E+02
g vc_ws_3060
s 0
f  1561 1562 1563 1564
f  1561 1562 1566 1565
f  1563 1562 1566 1567
f  1564 1563 1567 1568
f  1564 1561 1565 1568
f  1565 1566 1567 1568
v -6.82868E+02  1.33168E+02 -2.23454E+02
v -6.60275E+02  1.33168E+02 -2.23454E+02
v -6.60275E+02  1.33168E+02 -2.68807E+02
v -6.82868E+02  1.33168E+02 -2.68807E+02
v -6.82868E+02  1.06403E+02 -2.23454E+02
v -6.60275E+02  1.06403E+02 -2.23454E+02
v -6.60275E+02  1.06403E+02 -2.68807E+02
v -6.82868E+02  1.06403E+02 -2.68807E+02
g vc_ws_3076
s 0
f  1569 1570 1571 1572
f  1569 1570 1574 1573
f  1571 1570 1574 1575
f  1572 1571 1575 1576
f  1572 1569 1573 1576
f  1573 1574 1575 1576
v -1.57381E+02  2.19389E+02  1.14325E+02
v -1.22845E+02  2.19389E+02  1.14325E+02
v -1.22845E+02  2.19389E+02  9.93251E+01
v -1.57381E+02  2.19389E+02  9.93251E+01
v -1.57381E+02  1.35175E+02  1.14325E+02
v -1.22845E+02  1.35175E+02  1.14325E+02
v -1.22845E+02  1.35175E+02  9.93251E+01
v -1.57381E+02  1.35175E+02  9.93251E+01
g vc_ws_3077
s 0
f  1577 1578 1579 1580
f  1577 1578 1582 1581
f  1579 1578 1582 1583
f  1580 1579 1583 1584
f  1580 1577 1581 1584
f  1581 1582 1583 1584
v -3.73131E+02  1.57413E+02 -1.20062E+02
v -3.43631E+02  1.57413E+02 -1.20062E+02
v -3.43631E+02  1.57413E+02 -1.50066E+02
v -3.73131E+02  1.57413E+02 -1.50066E+02
v -3.73131E+02  9.42704E+01 -1.20062E+02
v -3.43631E+02  9.42704E+01 -1.20062E+02
v -3.43631E+02  9.42704E+01 -1.50066E+02
v -3.73131E+02  9.42704E+01 -1.50066E+02
g vc_ws_3132
s 0
f  1585 1586 1587 1588
f  1585 1586 1590 1589
f  1587 1586 1590 1591
f  1588 1587 1591 1592
f  1588 1585 1589 1592
f  1589 1590 1591 1592
v -3.39808E+02  2.19389E+02  1.28856E+02
v -3.18308E+02  2.19389E+02  1.28856E+02
v -3.18308E+02  2.19389E+02  1.06251E+02
v -3.39808E+02  2.19389E+02  1.06251E+02
v -3.39808E+02  1.31983E+02  1.28856E+02
v -3.18308E+02  1.31983E+02  1.28856E+02
v -3.18308E+02  1.31983E+02  1.06251E+02
v -3.39808E+02  1.31983E+02  1.06251E+02
g vc_ws_3141
s 0
f  1593 1594 1595 1596
f  1593 1594 1598 1597
f  1595 1594 1598 1599
f  1596 1595 1599 1600
f  1596 1593 1597 1600
f  1597 1598 1599 1600
v -2.98625E+02  2.19389E+02  1.28856E+02
v -2.77125E+02  2.19389E+02  1.28856E+02
v -2.77125E+02  2.19389E+02  1.06251E+02
v -2.98625E+02  2.19389E+02  1.06251E+02
v -2.98625E+02  1.34230E+02  1.28856E+02
v -2.77125E+02  1.34230E+02  1.28856E+02
v -2.77125E+02  1.34230E+02  1.06251E+02
v -2.98625E+02  1.34230E+02  1.06251E+02
g vc_ws_3143
s 0
f  1601 1602 1603 1604
f  1601 1602 1606 1605
f  1603 1602 1606 1607
f  1604 1603 1607 1608
f  1604 1601 1605 1608
f  1605 1606 1607 1608
v -1.79564E+02  2.19389E+02  1.28519E+02
v -1.57381E+02  2.19389E+02  1.28519E+02
v -1.57381E+02  2.19389E+02  1.06800E+02
v -1.79564E+02  2.19389E+02  1.06800E+02
v -1.79564E+02  1.38973E+02  1.28519E+02
v -1.57381E+02  1.38973E+02  1.28519E+02
v -1.57381E+02  1.38973E+02  1.06800E+02
v -1.79564E+02  1.38973E+02  1.06800E+02
g vc_ws_3147
s 0
f  1609 1610 1611 1612
f  1609 1610 1614 1613
f  1611 1610 1614 1615
f  1612 1611 1615 1616
f  1612 1609 1613 1616
f  1613 1614 1615 1616
v -3.18308E+02  2.19389E+02  1.28856E+02
v -2.98625E+02  2.19389E+02  1.28856E+02
v -2.98625E+02  2.19389E+02  1.06251E+02
v -3.18308E+02  2.19389E+02  1.06251E+02
v -3.18308E+02  1.34230E+02  1.28856E+02
v -2.98625E+02  1.34230E+02  1.28856E+02
v -2.98625E+02  1.34230E+02  1.06251E+02
v -3.18308E+02  1.34230E+02  1.06251E+02
g vc_ws_3197
s 0
f  1617 1618 1619 1620
f  1617 1618 1622 1621
f  1619 1618 1622 1623
f  1620 1619 1623 1624
f  1620 1617 1621 1624
f  1621 1622 1623 1624
v -2.77125E+02  2.19389E+02  1.28856E+02
v -2.57603E+02  2.19389E+02  1.28856E+02
v -2.57603E+02  2.19389E+02  1.06251E+02
v -2.77125E+02  2.19389E+02  1.06251E+02
v -2.77125E+02  1.37771E+02  1.28856E+02
v -2.57603E+02  1.37771E+02  1.28856E+02
v -2.57603E+02  1.37771E+02  1.06251E+02
v -2.77125E+02  1.37771E+02  1.06251E+02
g vc_ws_3199
s 0
f  1625 1626 1627 1628
f  1625 1626 1630 1629
f  1627 1626 1630 1631
f  1628 1627 1631 1632
f  1628 1625 1629 1632
f  1629 1630 1631 1632
v -3.42244E+02  1.10072E+02 -1.80348E+02
v -3.14736E+02  1.10072E+02 -1.80348E+02
v -3.14736E+02  1.10072E+02 -2.11621E+02
v -3.42244E+02  1.10072E+02 -2.11621E+02
v -3.42244E+02  8.75858E+01 -1.80348E+02
v -3.14736E+02  8.75858E+01 -1.80348E+02
v -3.14736E+02  8.75858E+01 -2.11621E+02
v -3.42244E+02  8.75858E+01 -2.11621E+02
g vc_ws_3201
s 0
f  1633 1634 1635 1636
f  1633 1634 1638 1637
f  1635 1634 1638 1639
f  1636 1635 1639 1640
f  1636 1633 1637 1640
f  1637 1638 1639 1640
v -4.31945E+02  1.54322E+02 -2.10911E+02
v -4.01445E+02  1.54322E+02 -2.10911E+02
v -4.01445E+02  1.54322E+02 -2.43187E+02
v -4.31945E+02  1.54322E+02 -2.43187E+02
v -4.31945E+02  1.20070E+02 -2.10911E+02
v -4.01445E+02  1.20070E+02 -2.10911E+02
v -4.01445E+02  1.20070E+02 -2.43187E+02
v -4.31945E+02  1.20070E+02 -2.43187E+02
g vc_ws_3206
s 0
f  1641 1642 1643 1644
f  1641 1642 1646 1645
f  1643 1642 1646 1647
f  1644 1643 1647 1648
f  1644 1641 1645 1648
f  1645 1646 1647 1648
v  3.99604E+02  1.36575E+02  1.36707E+02
v  4.35104E+02  1.36575E+02  1.36707E+02
v  4.35104E+02  1.36575E+02  1.17207E+02
v  3.99604E+02  1.36575E+02  1.17207E+02
v  3.99604E+02  8.02894E+01  1.36707E+02
v  4.35104E+02  8.02894E+01  1.36707E+02
v  4.35104E+02  8.02894E+01  1.17207E+02
v  3.99604E+02  8.02894E+01  1.17207E+02
g vc_ws_3216
s 0
f  1649 1650 1651 1652
f  1649 1650 1654 1653
f  1651 1650 1654 1655
f  1652 1651 1655 1656
f  1652 1649 1653 1656
f  1653 1654 1655 1656
v -3.61901E+01  3.68396E+01 -1.12577E+03
v  5.30988E+00  3.68396E+01 -1.12577E+03
v  5.30988E+00  3.68396E+01 -1.18107E+03
v -3.61901E+01  3.68396E+01 -1.18107E+03
v -3.61901E+01  2.03150E+01 -1.12577E+03
v  5.30988E+00  2.03150E+01 -1.12577E+03
v  5.30988E+00  2.03150E+01 -1.18107E+03
v -3.61901E+01  2.03150E+01 -1.18107E+03
g vc_ws_3227
s 0
f  1657 1658 1659 1660
f  1657 1658 1662 1661
f  1659 1658 1662 1663
f  1660 1659 1663 1664
f  1660 1657 1661 1664
f  1661 1662 1663 1664
v -4.31945E+02  1.54322E+02 -1.80348E+02
v -4.01445E+02  1.54322E+02 -1.80348E+02
v -4.01445E+02  1.54322E+02 -2.10911E+02
v -4.31945E+02  1.54322E+02 -2.10911E+02
v -4.31945E+02  1.20070E+02 -1.80348E+02
v -4.01445E+02  1.20070E+02 -1.80348E+02
v -4.01445E+02  1.20070E+02 -2.10911E+02
v -4.31945E+02  1.20070E+02 -2.10911E+02
g vc_ws_3232
s 0
f  1665 1666 1667 1668
f  1665 1666 1670 1669
f  1667 1666 1670 1671
f  1668 1667 1671 1672
f  1668 1665 1669 1672
f  1669 1670 1671 1672
v -4.80390E+02  1.28831E+02 -6.17125E+02
v -4.39592E+02  1.28831E+02 -6.17125E+02
v -4.39592E+02  1.28831E+02 -6.37625E+02
v -4.80390E+02  1.28831E+02 -6.37625E+02
v -4.80390E+02  1.11649E+02 -6.17125E+02
v -4.39592E+02  1.11649E+02 -6.17125E+02
v -4.39592E+02  1.11649E+02 -6.37625E+02
v -4.80390E+02  1.11649E+02 -6.37625E+02
g vc_ws_3244
s 0
f  1673 1674 1675 1676
f  1673 1674 1678 1677
f  1675 1674 1678 1679
f  1676 1675 1679 1680
f  1676 1673 1677 1680
f  1677 1678 1679 1680
v -2.57603E+02  2.19389E+02  1.13251E+02
v -2.29103E+02  2.19389E+02  1.13251E+02
v -2.29103E+02  2.19389E+02  9.92511E+01
v -2.57603E+02  2.19389E+02  9.92511E+01
v -2.57603E+02  1.37771E+02  1.13251E+02
v -2.29103E+02  1.37771E+02  1.13251E+02
v -2.29103E+02  1.37771E+02  9.92511E+01
v -2.57603E+02  1.37771E+02  9.92511E+01
g vc_ws_3247
s 0
f  1681 1682 1683 1684
f  1681 1682 1686 1685
f  1683 1682 1686 1687
f  1684 1683 1687 1688
f  1684 1681 1685 1688
f  1685 1686 1687 1688
v -8.31165E+02  1.83322E+02 -5.48685E+02
v -7.85665E+02  1.83322E+02 -5.48685E+02
v -7.85665E+02  1.83322E+02 -5.66185E+02
v -8.31165E+02  1.83322E+02 -5.66185E+02
v -8.31165E+02  1.11619E+02 -5.48685E+02
v -7.85665E+02  1.11619E+02 -5.48685E+02
v -7.85665E+02  1.11619E+02 -5.66185E+02
v -8.31165E+02  1.11619E+02 -5.66185E+02
g vc_ws_3276
s 0
f  1689 1690 1691 1692
f  1689 1690 1694 1693
f  1691 1690 1694 1695
f  1692 1691 1695 1696
f  1692 1689 1693 1696
f  1693 1694 1695 1696
v  5.09329E+02  1.11025E+02 -4.30057E+01
v  5.26063E+02  1.11025E+02 -4.30057E+01
v  5.26063E+02  1.11025E+02 -8.75057E+01
v  5.09329E+02  1.11025E+02 -8.75057E+01
v  5.09329E+02  5.26566E+01 -4.30057E+01
v  5.26063E+02  5.26566E+01 -4.30057E+01
v  5.26063E+02  5.26566E+01 -8.75057E+01
v  5.09329E+02  5.26566E+01 -8.75057E+01
g vc_ws_3277
s 0
f  1697 1698 1699 1700
f  1697 1698 1702 1701
f  1699 1698 1702 1703
f  1700 1699 1703 1704
f  1700 1697 1701 1704
f  1701 1702 1703 1704
v -4.63282E+01  5.70308E+01 -2.92254E+02
v -7.82824E+00  5.70308E+01 -2.92254E+02
v -7.82824E+00  5.70308E+01 -3.28652E+02
v -4.63282E+01  5.70308E+01 -3.28652E+02
v -4.63282E+01  3.68590E+01 -2.92254E+02
v -7.82824E+00  3.68590E+01 -2.92254E+02
v -7.82824E+00  3.68590E+01 -3.28652E+02
v -4.63282E+01  3.68590E+01 -3.28652E+02
g vc_ws_3279
s 0
f  1705 1706 1707 1708
f  1705 1706 1710 1709
f  1707 1706 1710 1711
f  1708 1707 1711 1712
f  1708 1705 1709 1712
f  1709 1710 1711 1712
v -3.61901E+01  2.76601E+01 -1.03216E+03
v  2.22260E+01  2.76601E+01 -1.03216E+03
v  2.22260E+01  2.76601E+01 -1.07802E+03
v -3.61901E+01  2.76601E+01 -1.07802E+03
v -3.61901E+01  1.94414E+01 -1.03216E+03
v  2.22260E+01  1.94414E+01 -1.03216E+03
v  2.22260E+01  1.94414E+01 -1.07802E+03
v -3.61901E+01  1.94414E+01 -1.07802E+03
g vc_ws_3285
s 0
f  1713 1714 1715 1716
f  1713 1714 1718 1717
f  1715 1714 1718 1719
f  1716 1715 1719 1720
f  1716 1713 1717 1720
f  1717 1718 1719 1720
v -7.82790E+02  1.73436E+02 -3.30210E+02
v -7.57290E+02  1.73436E+02 -3.30210E+02
v -7.57290E+02  1.73436E+02 -3.59800E+02
v -7.82790E+02  1.73436E+02 -3.59800E+02
v -7.82790E+02  1.08413E+02 -3.30210E+02
v -7.57290E+02  1.08413E+02 -3.30210E+02
v -7.57290E+02  1.08413E+02 -3.59800E+02
v -7.82790E+02  1.08413E+02 -3.59800E+02
g vc_ws_3290
s 0
f  1721 1722 1723 1724
f  1721 1722 1726 1725
f  1723 1722 1726 1727
f  1724 1723 1727 1728
f  1724 1721 1725 1728
f  1725 1726 1727 1728
v  4.72935E+02  6.19987E+01 -2.25322E+02
v  5.12435E+02  6.19987E+01 -2.25322E+02
v  5.12435E+02  6.19987E+01 -2.57314E+02
v  4.72935E+02  6.19987E+01 -2.57314E+02
v  4.72935E+02  4.11305E+01 -2.25322E+02
v  5.12435E+02  4.11305E+01 -2.25322E+02
v  5.12435E+02  4.11305E+01 -2.57314E+02
v  4.72935E+02  4.11305E+01 -2.57314E+02
g vc_ws_3293
s 0
f  1729 1730 1731 1732
f  1729 1730 1734 1733
f  1731 1730 1734 1735
f  1732 1731 1735 1736
f  1732 1729 1733 1736
f  1733 1734 1735 1736
v -2.57603E+02  2.19389E+02  8.27511E+01
v -2.42103E+02  2.19389E+02  8.27511E+01
v -2.42103E+02  2.19389E+02  5.97510E+01
v -2.57603E+02  2.19389E+02  5.97510E+01
v -2.57603E+02  1.37771E+02  8.27511E+01
v -2.42103E+02  1.37771E+02  8.27511E+01
v -2.42103E+02  1.37771E+02  5.97510E+01
v -2.57603E+02  1.37771E+02  5.97510E+01
g vc_ws_3321
s 0
f  1737 1738 1739 1740
f  1737 1738 1742 1741
f  1739 1738 1742 1743
f  1740 1739 1743 1744
f  1740 1737 1741 1744
f  1741 1742 1743 1744
v -7.85665E+02  1.79341E+02 -5.32843E+02
v -7.42189E+02  1.79341E+02 -5.32843E+02
v -7.42189E+02  1.79341E+02 -5.48685E+02
v -7.85665E+02  1.79341E+02 -5.48685E+02
v -7.85665E+02  1.06403E+02 -5.32843E+02
v -7.42189E+02  1.06403E+02 -5.32843E+02
v -7.42189E+02  1.06403E+02 -5.48685E+02
v -7.85665E+02  1.06403E+02 -5.48685E+02
g vc_ws_3342
s 0
f  1745 1746 1747 1748
f  1745 1746 1750 1749
f  1747 1746 1750 1751
f  1748 1747 1751 1752
f  1748 1745 1749 1752
f  1749 1750 1751 1752
v  4.72935E+02  5.37857E+01 -2.57314E+02
v  5.12435E+02  5.37857E+01 -2.57314E+02
v  5.12435E+02  5.37857E+01 -2.89431E+02
v  4.72935E+02  5.37857E+01 -2.89431E+02
v  4.72935E+02  3.94826E+01 -2.57314E+02
v  5.12435E+02  3.94826E+01 -2.57314E+02
v  5.12435E+02  3.94826E+01 -2.89431E+02
v  4.72935E+02  3.94826E+01 -2.89431E+02
g vc_ws_3375
s 0
f  1753 1754 1755 1756
f  1753 1754 1758 1757
f  1755 1754 1758 1759
f  1756 1755 1759 1760
f  1756 1753 1757 1760
f  1757 1758 1759 1760
v  4.88757E+02  1.19478E+02  2.41682E+01
v  5.05757E+02  1.19478E+02  2.41682E+01
v  5.05757E+02  1.19478E+02 -9.88779E+00
v  4.88757E+02  1.19478E+02 -9.88779E+00
v  4.88757E+02  6.36238E+01  2.41682E+01
v  5.05757E+02  6.36238E+01  2.41682E+01
v  5.05757E+02  6.36238E+01 -9.88779E+00
v  4.88757E+02  6.36238E+01 -9.88779E+00
g vc_ws_3401
s 0
f  1761 1762 1763 1764
f  1761 1762 1766 1765
f  1763 1762 1766 1767
f  1764 1763 1767 1768
f  1764 1761 1765 1768
f  1765 1766 1767 1768
v  4.39643E+02  8.23415E+01 -4.76756E+01
v  4.60250E+02  8.23415E+01 -4.76756E+01
v  4.60250E+02  8.23415E+01 -8.75057E+01
v  4.39643E+02  8.23415E+01 -8.75057E+01
v  4.39643E+02  5.41070E+01 -4.76756E+01
v  4.60250E+02  5.41070E+01 -4.76756E+01
v  4.60250E+02  5.41070E+01 -8.75057E+01
v  4.39643E+02  5.41070E+01 -8.75057E+01
g vc_ws_3409
s 0
f  1769 1770 1771 1772
f  1769 1770 1774 1773
f  1771 1770 1774 1775
f  1772 1771 1775 1776
f  1772 1769 1773 1776
f  1773 1774 1775 1776
v -9.12617E+01  3.21468E+01 -1.03216E+03
v -3.61901E+01  3.21468E+01 -1.03216E+03
v -3.61901E+01  3.21468E+01 -1.06530E+03
v -9.12617E+01  3.21468E+01 -1.06530E+03
v -9.12617E+01  2.17427E+01 -1.03216E+03
v -3.61901E+01  2.17427E+01 -1.03216E+03
v -3.61901E+01  2.17427E+01 -1.06530E+03
v -9.12617E+01  2.17427E+01 -1.06530E+03
g vc_ws_3443
s 0
f  1777 1778 1779 1780
f  1777 1778 1782 1781
f  1779 1778 1782 1783
f  1780 1779 1783 1784
f  1780 1777 1781 1784
f  1781 1782 1783 1784
v -4.77617E+01  2.89310E+01 -8.91271E+02
v -6.17491E+00  2.89310E+01 -8.91271E+02
v -6.17491E+00  2.89310E+01 -9.38385E+02
v -4.77617E+01  2.89310E+01 -9.38385E+02
v -4.77617E+01  2.12407E+01 -8.91271E+02
v -6.17491E+00  2.12407E+01 -8.91271E+02
v -6.17491E+00  2.12407E+01 -9.38385E+02
v -4.77617E+01  2.12407E+01 -9.38385E+02
g vc_ws_3449
s 0
f  1785 1786 1787 1788
f  1785 1786 1790 1789
f  1787 1786 1790 1791
f  1788 1787 1791 1792
f  1788 1785 1789 1792
f  1789 1790 1791 1792
v -1.35069E+02  2.96231E+01 -8.46185E+02
v -9.12617E+01  2.96231E+01 -8.46185E+02
v -9.12617E+01  2.96231E+01 -8.88938E+02
v -1.35069E+02  2.96231E+01 -8.88938E+02
v -1.35069E+02  2.25759E+01 -8.46185E+02
v -9.12617E+01  2.25759E+01 -8.46185E+02
v -9.12617E+01  2.25759E+01 -8.88938E+02
v -1.35069E+02  2.25759E+01 -8.88938E+02
g vc_ws_3459
s 0
f  1793 1794 1795 1796
f  1793 1794 1798 1797
f  1795 1794 1798 1799
f  1796 1795 1799 1800
f  1796 1793 1797 1800
f  1797 1798 1799 1800
v -9.12617E+01  3.68396E+01 -1.14080E+03
v -3.61901E+01  3.68396E+01 -1.14080E+03
v -3.61901E+01  3.68396E+01 -1.16830E+03
v -9.12617E+01  3.68396E+01 -1.16830E+03
v -9.12617E+01  2.33948E+01 -1.14080E+03
v -3.61901E+01  2.33948E+01 -1.14080E+03
v -3.61901E+01  2.33948E+01 -1.16830E+03
v -9.12617E+01  2.33948E+01 -1.16830E+03
g vc_ws_3465
s 0
f  1801 1802 1803 1804
f  1801 1802 1806 1805
f  1803 1802 1806 1807
f  1804 1803 1807 1808
f  1804 1801 1805 1808
f  1805 1806 1807 1808
v -4.77617E+01  2.89310E+01 -8.46185E+02
v -6.17491E+00  2.89310E+01 -8.46185E+02
v -6.17491E+00  2.89310E+01 -8.91271E+02
v -4.77617E+01  2.89310E+01 -8.91271E+02
v -4.77617E+01  2.30094E+01 -8.46185E+02
v -6.17491E+00  2.30094E+01 -8.46185E+02
v -6.17491E+00  2.30094E+01 -8.91271E+02
v -4.77617E+01  2.30094E+01 -8.91271E+02
g vc_ws_3467
s 0
f  1809 1810 1811 1812
f  1809 1810 1814 1813
f  1811 1810 1814 1815
f  1812 1811 1815 1816
f  1812 1809 1813 1816
f  1813 1814 1815 1816
v -2.02064E+02  1.76320E+02  5.23004E+01
v -1.79564E+02  1.76320E+02  5.23004E+01
v -1.79564E+02  1.76320E+02  1.98004E+01
v -2.02064E+02  1.76320E+02  1.98004E+01
v -2.02064E+02  1.39249E+02  5.23004E+01
v -1.79564E+02  1.39249E+02  5.23004E+01
v -1.79564E+02  1.39249E+02  1.98004E+01
v -2.02064E+02  1.39249E+02  1.98004E+01
g vc_ws_3490
s 0
f  1817 1818 1819 1820
f  1817 1818 1822 1821
f  1819 1818 1822 1823
f  1820 1819 1823 1824
f  1820 1817 1821 1824
f  1821 1822 1823 1824
v  4.73926E+02  5.25909E+01 -2.89431E+02
v  4.99426E+02  5.25909E+01 -2.89431E+02
v  4.99426E+02  5.25909E+01 -3.29783E+02
v  4.73926E+02  5.25909E+01 -3.29783E+02
v  4.73926E+02  3.71279E+01 -2.89431E+02
v  4.99426E+02  3.71279E+01 -2.89431E+02
v  4.99426E+02  3.71279E+01 -3.29783E+02
v  4.73926E+02  3.71279E+01 -3.29783E+02
g vc_ws_3491
s 0
f  1825 1826 1827 1828
f  1825 1826 1830 1829
f  1827 1826 1830 1831
f  1828 1827 1831 1832
f  1828 1825 1829 1832
f  1829 1830 1831 1832
v -1.79564E+02  1.60058E+02  5.23004E+01
v -1.57381E+02  1.60058E+02  5.23004E+01
v -1.57381E+02  1.60058E+02  1.98004E+01
v -1.79564E+02  1.60058E+02  1.98004E+01
v -1.79564E+02  1.39249E+02  5.23004E+01
v -1.57381E+02  1.39249E+02  5.23004E+01
v -1.57381E+02  1.39249E+02  1.98004E+01
v -1.79564E+02  1.39249E+02  1.98004E+01
g vc_ws_3496
s 0
f  1833 1834 1835 1836
f  1833 1834 1838 1837
f  1835 1834 1838 1839
f  1836 1835 1839 1840
f  1836 1833 1837 1840
f  1837 1838 1839 1840
v -4.17092E+02  1.16663E+02 -5.90758E+02
v -3.96092E+02  1.16663E+02 -5.90758E+02
v -3.96092E+02  1.16663E+02 -6.16258E+02
v -4.17092E+02  1.16663E+02 -6.16258E+02
v -4.17092E+02  1.11649E+02 -5.90758E+02
v -3.96092E+02  1.11649E+02 -5.90758E+02
v -3.96092E+02  1.11649E+02 -6.16258E+02
v -4.17092E+02  1.11649E+02 -6.16258E+02
g vc_ws_3498
s 0
f  1841 1842 1843 1844
f  1841 1842 1846 1845
f  1843 1842 1846 1847
f  1844 1843 1847 1848
f  1844 1841 1845 1848
f  1845 1846 1847 1848
v  1.25810E+02  2.35981E+01 -1.03343E+03
v  1.71176E+02  2.35981E+01 -1.03343E+03
v  1.71176E+02  2.35981E+01 -1.07896E+03
v  1.25810E+02  2.35981E+01 -1.07896E+03
v  1.25810E+02  1.13184E+01 -1.03343E+03
v  1.71176E+02  1.13184E+01 -1.03343E+03
v  1.71176E+02  1.13184E+01 -1.07896E+03
v  1.25810E+02  1.13184E+01 -1.07896E+03
g vc_ws_3511
s 0
f  1849 1850 1851 1852
f  1849 1850 1854 1853
f  1851 1850 1854 1855
f  1852 1851 1855 1856
f  1852 1849 1853 1856
f  1853 1854 1855 1856
v  5.64762E+01  6.16972E+01 -3.23685E+02
v  8.23565E+01  6.16972E+01 -3.23685E+02
v  8.23565E+01  6.16972E+01 -3.56185E+02
v  5.64762E+01  6.16972E+01 -3.56185E+02
v  5.64762E+01  4.10051E+01 -3.23685E+02
v  8.23565E+01  4.10051E+01 -3.23685E+02
v  8.23565E+01  4.10051E+01 -3.56185E+02
v  5.64762E+01  4.10051E+01 -3.56185E+02
g vc_ws_3525
s 0
f  1857 1858 1859 1860
f  1857 1858 1862 1861
f  1859 1858 1862 1863
f  1860 1859 1863 1864
f  1860 1857 1861 1864
f  1861 1862 1863 1864
v  2.65423E+02  1.52044E+02  2.97331E+02
v  2.94236E+02  1.52044E+02  2.97331E+02
v  2.94236E+02  1.52044E+02  2.81331E+02
v  2.65423E+02  1.52044E+02  2.81331E+02
v  2.65423E+02  1.00356E+02  2.97331E+02
v  2.94236E+02  1.00356E+02  2.97331E+02
v  2.94236E+02  1.00356E+02  2.81331E+02
v  2.65423E+02  1.00356E+02  2.81331E+02
g vc_ws_3528
s 0
f  1865 1866 1867 1868
f  1865 1866 1870 1869
f  1867 1866 1870 1871
f  1868 1867 1871 1872
f  1868 1865 1869 1872
f  1869 1870 1871 1872
v -2.57603E+02  1.79430E+02  5.97510E+01
v -2.29103E+02  1.79430E+02  5.97510E+01
v -2.29103E+02  1.79430E+02  3.62510E+01
v -2.57603E+02  1.79430E+02  3.62510E+01
v -2.57603E+02  1.37771E+02  5.97510E+01
v -2.29103E+02  1.37771E+02  5.97510E+01
v -2.29103E+02  1.37771E+02  3.62510E+01
v -2.57603E+02  1.37771E+02  3.62510E+01
g vc_ws_3530
s 0
f  1873 1874 1875 1876
f  1873 1874 1878 1877
f  1875 1874 1878 1879
f  1876 1875 1879 1880
f  1876 1873 1877 1880
f  1877 1878 1879 1880
v  4.60250E+02  8.12297E+01 -6.70057E+01
v  4.90829E+02  8.12297E+01 -6.70057E+01
v  4.90829E+02  8.12297E+01 -8.75057E+01
v  4.60250E+02  8.12297E+01 -8.75057E+01
v  4.60250E+02  5.41125E+01 -6.70057E+01
v  4.90829E+02  5.41125E+01 -6.70057E+01
v  4.90829E+02  5.41125E+01 -8.75057E+01
v  4.60250E+02  5.41125E+01 -8.75057E+01
g vc_ws_3535
s 0
f  1881 1882 1883 1884
f  1881 1882 1886 1885
f  1883 1882 1886 1887
f  1884 1883 1887 1888
f  1884 1881 1885 1888
f  1885 1886 1887 1888
v -3.43097E+00  3.63182E+01 -6.46185E+02
v  2.30690E+01  3.63182E+01 -6.46185E+02
v  2.30690E+01  3.63182E+01 -6.94506E+02
v -3.43097E+00  3.63182E+01 -6.94506E+02
v -3.43097E+00  2.01442E+01 -6.46185E+02
v  2.30690E+01  2.01442E+01 -6.46185E+02
v  2.30690E+01  2.01442E+01 -6.94506E+02
v -3.43097E+00  2.01442E+01 -6.94506E+02
g vc_ws_3539
s 0
f  1889 1890 1891 1892
f  1889 1890 1894 1893
f  1891 1890 1894 1895
f  1892 1891 1895 1896
f  1892 1889 1893 1896
f  1893 1894 1895 1896
v  7.23734E+01  5.06589E+01 -4.02410E+02
v  9.23734E+01  5.06589E+01 -4.02410E+02
v  9.23734E+01  5.06589E+01 -4.49054E+02
v  7.23734E+01  5.06589E+01 -4.49054E+02
v  7.23734E+01  3.51671E+01 -4.02410E+02
v  9.23734E+01  3.51671E+01 -4.02410E+02
v  9.23734E+01  3.51671E+01 -4.49054E+02
v  7.23734E+01  3.51671E+01 -4.49054E+02
g vc_ws_3549
s 0
f  1897 1898 1899 1900
f  1897 1898 1902 1901
f  1899 1898 1902 1903
f  1900 1899 1903 1904
f  1900 1897 1901 1904
f  1901 1902 1903 1904
v -2.29103E+02  1.76316E+02  5.97510E+01
v -2.02064E+02  1.76316E+02  5.97510E+01
v -2.02064E+02  1.76316E+02  3.62510E+01
v -2.29103E+02  1.76316E+02  3.62510E+01
v -2.29103E+02  1.40108E+02  5.97510E+01
v -2.02064E+02  1.40108E+02  5.97510E+01
v -2.02064E+02  1.40108E+02  3.62510E+01
v -2.29103E+02  1.40108E+02  3.62510E+01
g vc_ws_3554
s 0
f  1905 1906 1907 1908
f  1905 1906 1910 1909
f  1907 1906 1910 1911
f  1908 1907 1911 1912
f  1908 1905 1909 1912
f  1909 1910 1911 1912
v -1.47440E+01  5.11376E+01 -4.11369E+02
v  9.30188E+00  5.11376E+01 -4.11369E+02
v  9.30188E+00  5.11376E+01 -4.49054E+02
v -1.47440E+01  5.11376E+01 -4.49054E+02
v -1.47440E+01  3.68299E+01 -4.11369E+02
v  9.30188E+00  3.68299E+01 -4.11369E+02
v  9.30188E+00  3.68299E+01 -4.49054E+02
v -1.47440E+01  3.68299E+01 -4.49054E+02
g vc_ws_3555
s 0
f  1913 1914 1915 1916
f  1913 1914 1918 1917
f  1915 1914 1918 1919
f  1916 1915 1919 1920
f  1916 1913 1917 1920
f  1917 1918 1919 1920
v  4.48513E+01  3.92245E+01 -4.96555E+02
v  6.73513E+01  3.92245E+01 -4.96555E+02
v  6.73513E+01  3.92245E+01 -5.46639E+02
v  4.48513E+01  3.92245E+01 -5.46639E+02
v  4.48513E+01  2.46964E+01 -4.96555E+02
v  6.73513E+01  2.46964E+01 -4.96555E+02
v  6.73513E+01  2.46964E+01 -5.46639E+02
v  4.48513E+01  2.46964E+01 -5.46639E+02
g vc_ws_3563
s 0
f  1921 1922 1923 1924
f  1921 1922 1926 1925
f  1923 1922 1926 1927
f  1924 1923 1927 1928
f  1924 1921 1925 1928
f  1925 1926 1927 1928
v  9.30188E+00  5.11376E+01 -4.29554E+02
v  5.08734E+01  5.11376E+01 -4.29554E+02
v  5.08734E+01  5.11376E+01 -4.49054E+02
v  9.30188E+00  5.11376E+01 -4.49054E+02
v  9.30188E+00  3.51647E+01 -4.29554E+02
v  5.08734E+01  3.51647E+01 -4.29554E+02
v  5.08734E+01  3.51647E+01 -4.49054E+02
v  9.30188E+00  3.51647E+01 -4.49054E+02
g vc_ws_3587
s 0
f  1929 1930 1931 1932
f  1929 1930 1934 1933
f  1931 1930 1934 1935
f  1932 1931 1935 1936
f  1932 1929 1933 1936
f  1933 1934 1935 1936
v  5.64594E+02  4.31943E+01 -5.26895E+02
v  5.96782E+02  4.31943E+01 -5.26895E+02
v  5.96782E+02  4.31943E+01 -5.55816E+02
v  5.64594E+02  4.31943E+01 -5.55816E+02
v  5.64594E+02  3.48199E+01 -5.26895E+02
v  5.96782E+02  3.48199E+01 -5.26895E+02
v  5.96782E+02  3.48199E+01 -5.55816E+02
v  5.64594E+02  3.48199E+01 -5.55816E+02
g vc_ws_3595
s 0
f  1937 1938 1939 1940
f  1937 1938 1942 1941
f  1939 1938 1942 1943
f  1940 1939 1943 1944
f  1940 1937 1941 1944
f  1941 1942 1943 1944
v -8.31165E+02  1.84499E+02 -4.29938E+02
v -8.06665E+02  1.84499E+02 -4.29938E+02
v -8.06665E+02  1.84499E+02 -4.52438E+02
v -8.31165E+02  1.84499E+02 -4.52438E+02
v -8.31165E+02  1.40256E+02 -4.29938E+02
v -8.06665E+02  1.40256E+02 -4.29938E+02
v -8.06665E+02  1.40256E+02 -4.52438E+02
v -8.31165E+02  1.40256E+02 -4.52438E+02
g vc_ws_3598
s 0
f  1945 1946 1947 1948
f  1945 1946 1950 1949
f  1947 1946 1950 1951
f  1948 1947 1951 1952
f  1948 1945 1949 1952
f  1949 1950 1951 1952
v  5.20981E+02  7.67197E+01 -1.23884E+02
v  5.50662E+02  7.67197E+01 -1.23884E+02
v  5.50662E+02  7.67197E+01 -1.41939E+02
v  5.20981E+02  7.67197E+01 -1.41939E+02
v  5.20981E+02  4.81100E+01 -1.23884E+02
v  5.50662E+02  4.81100E+01 -1.23884E+02
v  5.50662E+02  4.81100E+01 -1.41939E+02
v  5.20981E+02  4.81100E+01 -1.41939E+02
g vc_ws_3601
s 0
f  1953 1954 1955 1956
f  1953 1954 1958 1957
f  1955 1954 1958 1959
f  1956 1955 1959 1960
f  1956 1953 1957 1960
f  1957 1958 1959 1960
v -7.64777E+01  2.81441E+01 -7.73494E+02
v -3.87832E+01  2.81441E+01 -7.73494E+02
v -3.87832E+01  2.81441E+01 -8.08685E+02
v -7.64777E+01  2.81441E+01 -8.08685E+02
v -7.64777E+01  2.24145E+01 -7.73494E+02
v -3.87832E+01  2.24145E+01 -7.73494E+02
v -3.87832E+01  2.24145E+01 -8.08685E+02
v -7.64777E+01  2.24145E+01 -8.08685E+02
g vc_ws_3603
s 0
f  1961 1962 1963 1964
f  1961 1962 1966 1965
f  1963 1962 1966 1967
f  1964 1963 1967 1968
f  1964 1961 1965 1968
f  1965 1966 1967 1968
v  2.96548E+02  1.18552E+01 -1.09537E+03
v  3.33611E+02  1.18552E+01 -1.09537E+03
v  3.33611E+02  1.18552E+01 -1.16150E+03
v  2.96548E+02  1.18552E+01 -1.16150E+03
v  2.96548E+02  2.34573E+00 -1.09537E+03
v  3.33611E+02  2.34573E+00 -1.09537E+03
v  3.33611E+02  2.34573E+00 -1.16150E+03
v  2.96548E+02  2.34573E+00 -1.16150E+03
g vc_ws_3617
s 0
f  1969 1970 1971 1972
f  1969 1970 1974 1973
f  1971 1970 1974 1975
f  1972 1971 1975 1976
f  1972 1969 1973 1976
f  1973 1974 1975 1976
v -1.65902E+02  2.84947E+01 -8.95973E+02
v -1.35069E+02  2.84947E+01 -8.95973E+02
v -1.35069E+02  2.84947E+01 -9.34438E+02
v -1.65902E+02  2.84947E+01 -9.34438E+02
v -1.65902E+02  2.12829E+01 -8.95973E+02
v -1.35069E+02  2.12829E+01 -8.95973E+02
v -1.35069E+02  2.12829E+01 -9.34438E+02
v -1.65902E+02  2.12829E+01 -9.34438E+02
g vc_ws_3619
s 0
f  1977 1978 1979 1980
f  1977 1978 1982 1981
f  1979 1978 1982 1983
f  1980 1979 1983 1984
f  1980 1977 1981 1984
f  1981 1982 1983 1984
v  4.73926E+02  5.10435E+01 -3.29783E+02
v  4.99426E+02  5.10435E+01 -3.29783E+02
v  4.99426E+02  5.10435E+01 -3.56185E+02
v  4.73926E+02  5.10435E+01 -3.56185E+02
v  4.73926E+02  3.71356E+01 -3.29783E+02
v  4.99426E+02  3.71356E+01 -3.29783E+02
v  4.99426E+02  3.71356E+01 -3.56185E+02
v  4.73926E+02  3.71356E+01 -3.56185E+02
g vc_ws_3623
s 0
f  1985 1986 1987 1988
f  1985 1986 1990 1989
f  1987 1986 1990 1991
f  1988 1987 1991 1992
f  1988 1985 1989 1992
f  1989 1990 1991 1992
v -8.31165E+02  1.84499E+02 -4.70266E+02
v -8.07665E+02  1.84499E+02 -4.70266E+02
v -8.07665E+02  1.84499E+02 -4.88766E+02
v -8.31165E+02  1.84499E+02 -4.88766E+02
v -8.31165E+02  1.40256E+02 -4.70266E+02
v -8.07665E+02  1.40256E+02 -4.70266E+02
v -8.07665E+02  1.40256E+02 -4.88766E+02
v -8.31165E+02  1.40256E+02 -4.88766E+02
g vc_ws_3626
s 0
f  1993 1994 1995 1996
f  1993 1994 1998 1997
f  1995 1994 1998 1999
f  1996 1995 1999 2000
f  1996 1993 1997 2000
f  1997 1998 1999 2000
v  5.28539E+02  4.28363E+01 -4.04845E+02
v  5.48608E+02  4.28363E+01 -4.04845E+02
v  5.48608E+02  4.28363E+01 -4.41340E+02
v  5.28539E+02  4.28363E+01 -4.41340E+02
v  5.28539E+02  3.52837E+01 -4.04845E+02
v  5.48608E+02  3.52837E+01 -4.04845E+02
v  5.48608E+02  3.52837E+01 -4.41340E+02
v  5.28539E+02  3.52837E+01 -4.41340E+02
g vc_ws_3627
s 0
f  2001 2002 2003 2004
f  2001 2002 2006 2005
f  2003 2002 2006 2007
f  2004 2003 2007 2008
f  2004 2001 2005 2008
f  2005 2006 2007 2008
v -8.31165E+02  1.84499E+02 -4.52438E+02
v -8.07665E+02  1.84499E+02 -4.52438E+02
v -8.07665E+02  1.84499E+02 -4.70266E+02
v -8.31165E+02  1.84499E+02 -4.70266E+02
v -8.31165E+02  1.40256E+02 -4.52438E+02
v -8.07665E+02  1.40256E+02 -4.52438E+02
v -8.07665E+02  1.40256E+02 -4.70266E+02
v -8.31165E+02  1.40256E+02 -4.70266E+02
g vc_ws_3632
s 0
f  2009 2010 2011 2012
f  2009 2010 2014 2013
f  2011 2010 2014 2015
f  2012 2011 2015 2016
f  2012 2009 2013 2016
f  2013 2014 2015 2016
v  4.46692E+01  3.63060E+01 -6.11685E+02
v  6.81692E+01  3.63060E+01 -6.11685E+02
v  6.81692E+01  3.63060E+01 -6.46185E+02
v  4.46692E+01  3.63060E+01 -6.46185E+02
v  4.46692E+01  2.11765E+01 -6.11685E+02
v  6.81692E+01  2.11765E+01 -6.11685E+02
v  6.81692E+01  2.11765E+01 -6.46185E+02
v  4.46692E+01  2.11765E+01 -6.46185E+02
g vc_ws_3633
s 0
f  2017 2018 2019 2020
f  2017 2018 2022 2021
f  2019 2018 2022 2023
f  2020 2019 2023 2024
f  2020 2017 2021 2024
f  2021 2022 2023 2024
v  5.06010E+02  4.08994E+01 -5.55563E+02
v  5.30648E+02  4.08994E+01 -5.55563E+02
v  5.30648E+02  4.08994E+01 -5.85063E+02
v  5.06010E+02  4.08994E+01 -5.85063E+02
v  5.06010E+02  3.50241E+01 -5.55563E+02
v  5.30648E+02  3.50241E+01 -5.55563E+02
v  5.30648E+02  3.50241E+01 -5.85063E+02
v  5.06010E+02  3.50241E+01 -5.85063E+02
g vc_ws_3635
s 0
f  2025 2026 2027 2028
f  2025 2026 2030 2029
f  2027 2026 2030 2031
f  2028 2027 2031 2032
f  2028 2025 2029 2032
f  2029 2030 2031 2032
v  6.00119E+02  4.22249E+01 -6.69627E+02
v  6.28370E+02  4.22249E+01 -6.69627E+02
v  6.28370E+02  4.22249E+01 -6.94127E+02
v  6.00119E+02  4.22249E+01 -6.94127E+02
v  6.00119E+02  2.86308E+01 -6.69627E+02
v  6.28370E+02  2.86308E+01 -6.69627E+02
v  6.28370E+02  2.86308E+01 -6.94127E+02
v  6.00119E+02  2.86308E+01 -6.94127E+02
g vc_ws_3637
s 0
f  2033 2034 2035 2036
f  2033 2034 2038 2037
f  2035 2034 2038 2039
f  2036 2035 2039 2040
f  2036 2033 2037 2040
f  2037 2038 2039 2040
v  6.00119E+02  4.01020E+01 -7.17862E+02
v  6.28370E+02  4.01020E+01 -7.17862E+02
v  6.28370E+02  4.01020E+01 -7.43362E+02
v  6.00119E+02  4.01020E+01 -7.43362E+02
v  6.00119E+02  2.48089E+01 -7.17862E+02
v  6.28370E+02  2.48089E+01 -7.17862E+02
v  6.28370E+02  2.48089E+01 -7.43362E+02
v  6.00119E+02  2.48089E+01 -7.43362E+02
g vc_ws_3639
s 0
f  2041 2042 2043 2044
f  2041 2042 2046 2045
f  2043 2042 2046 2047
f  2044 2043 2047 2048
f  2044 2041 2045 2048
f  2045 2046 2047 2048
v  6.00119E+02  4.27615E+01 -6.46185E+02
v  6.28370E+02  4.27615E+01 -6.46185E+02
v  6.28370E+02  4.27615E+01 -6.69627E+02
v  6.00119E+02  4.27615E+01 -6.69627E+02
v  6.00119E+02  3.23643E+01 -6.46185E+02
v  6.28370E+02  3.23643E+01 -6.46185E+02
v  6.28370E+02  3.23643E+01 -6.69627E+02
v  6.00119E+02  3.23643E+01 -6.69627E+02
g vc_ws_3641
s 0
f  2049 2050 2051 2052
f  2049 2050 2054 2053
f  2051 2050 2054 2055
f  2052 2051 2055 2056
f  2052 2049 2053 2056
f  2053 2054 2055 2056
v  6.00119E+02  4.01020E+01 -6.94127E+02
v  6.28370E+02  4.01020E+01 -6.94127E+02
v  6.28370E+02  4.01020E+01 -7.17862E+02
v  6.00119E+02  4.01020E+01 -7.17862E+02
v  6.00119E+02  2.86414E+01 -6.94127E+02
v  6.28370E+02  2.86414E+01 -6.94127E+02
v  6.28370E+02  2.86414E+01 -7.17862E+02
v  6.00119E+02  2.86414E+01 -7.17862E+02
g vc_ws_3643
s 0
f  2057 2058 2059 2060
f  2057 2058 2062 2061
f  2059 2058 2062 2063
f  2060 2059 2063 2064
f  2060 2057 2061 2064
f  2061 2062 2063 2064
v  3.33611E+02  1.00085E+01 -1.09500E+03
v  3.82936E+02  1.00085E+01 -1.09500E+03
v  3.82936E+02  1.00085E+01 -1.13604E+03
v  3.33611E+02  1.00085E+01 -1.13604E+03
v  3.33611E+02  2.35496E+00 -1.09500E+03
v  3.82936E+02  2.35496E+00 -1.09500E+03
v  3.82936E+02  2.35496E+00 -1.13604E+03
v  3.33611E+02  2.35496E+00 -1.13604E+03
g vc_ws_3645
s 0
f  2065 2066 2067 2068
f  2065 2066 2070 2069
f  2067 2066 2070 2071
f  2068 2067 2071 2072
f  2068 2065 2069 2072
f  2069 2070 2071 2072
v  5.99029E+02  3.35604E+01 -7.92400E+02
v  6.28370E+02  3.35604E+01 -7.92400E+02
v  6.28370E+02  3.35604E+01 -8.16030E+02
v  5.99029E+02  3.35604E+01 -8.16030E+02
v  5.99029E+02  1.65599E+01 -7.92400E+02
v  6.28370E+02  1.65599E+01 -7.92400E+02
v  6.28370E+02  1.65599E+01 -8.16030E+02
v  5.99029E+02  1.65599E+01 -8.16030E+02
g vc_ws_3647
s 0
f  2073 2074 2075 2076
f  2073 2074 2078 2077
f  2075 2074 2078 2079
f  2076 2075 2079 2080
f  2076 2073 2077 2080
f  2077 2078 2079 2080
v  4.46692E+01  3.65628E+01 -5.46639E+02
v  6.81692E+01  3.65628E+01 -5.46639E+02
v  6.81692E+01  3.65628E+01 -5.72202E+02
v  4.46692E+01  3.65628E+01 -5.72202E+02
v  4.46692E+01  2.20194E+01 -5.46639E+02
v  6.81692E+01  2.20194E+01 -5.46639E+02
v  6.81692E+01  2.20194E+01 -5.72202E+02
v  4.46692E+01  2.20194E+01 -5.72202E+02
g vc_ws_3649
s 0
f  2081 2082 2083 2084
f  2081 2082 2086 2085
f  2083 2082 2086 2087
f  2084 2083 2087 2088
f  2084 2081 2085 2088
f  2085 2086 2087 2088
v  5.99029E+02  2.85250E+01 -8.16030E+02
v  6.28370E+02  2.85250E+01 -8.16030E+02
v  6.28370E+02  2.85250E+01 -8.41530E+02
v  5.99029E+02  2.85250E+01 -8.41530E+02
v  5.99029E+02  1.65851E+01 -8.16030E+02
v  6.28370E+02  1.65851E+01 -8.16030E+02
v  6.28370E+02  1.65851E+01 -8.41530E+02
v  5.99029E+02  1.65851E+01 -8.41530E+02
g vc_ws_3651
s 0
f  2089 2090 2091 2092
f  2089 2090 2094 2093
f  2091 2090 2094 2095
f  2092 2091 2095 2096
f  2092 2089 2093 2096
f  2093 2094 2095 2096
v  5.28527E+02  4.28363E+01 -3.80345E+02
v  5.48608E+02  4.28363E+01 -3.80345E+02
v  5.48608E+02  4.28363E+01 -4.04845E+02
v  5.28527E+02  4.28363E+01 -4.04845E+02
v  5.28527E+02  3.57273E+01 -3.80345E+02
v  5.48608E+02  3.57273E+01 -3.80345E+02
v  5.48608E+02  3.57273E+01 -4.04845E+02
v  5.28527E+02  3.57273E+01 -4.04845E+02
g vc_ws_3653
s 0
f  2097 2098 2099 2100
f  2097 2098 2102 2101
f  2099 2098 2102 2103
f  2100 2099 2103 2104
f  2100 2097 2101 2104
f  2101 2102 2103 2104
v  5.99397E+02  2.85250E+01 -8.41530E+02
v  6.28370E+02  2.85250E+01 -8.41530E+02
v  6.28370E+02  2.85250E+01 -8.65539E+02
v  5.99397E+02  2.85250E+01 -8.65539E+02
v  5.99397E+02  1.30244E+01 -8.41530E+02
v  6.28370E+02  1.30244E+01 -8.41530E+02
v  6.28370E+02  1.30244E+01 -8.65539E+02
v  5.99397E+02  1.30244E+01 -8.65539E+02
g vc_ws_3655
s 0
f  2105 2106 2107 2108
f  2105 2106 2110 2109
f  2107 2106 2110 2111
f  2108 2107 2111 2112
f  2108 2105 2109 2112
f  2109 2110 2111 2112
v  4.46692E+01  3.61785E+01 -5.72202E+02
v  6.81692E+01  3.61785E+01 -5.72202E+02
v  6.81692E+01  3.61785E+01 -5.95702E+02
v  4.46692E+01  3.61785E+01 -5.95702E+02
v  4.46692E+01  2.20213E+01 -5.72202E+02
v  6.81692E+01  2.20213E+01 -5.72202E+02
v  6.81692E+01  2.20213E+01 -5.95702E+02
v  4.46692E+01  2.20213E+01 -5.95702E+02
g vc_ws_3657
s 0
f  2113 2114 2115 2116
f  2113 2114 2118 2117
f  2115 2114 2118 2119
f  2116 2115 2119 2120
f  2116 2113 2117 2120
f  2117 2118 2119 2120
v  5.99397E+02  2.59742E+01 -8.65539E+02
v  6.28370E+02  2.59742E+01 -8.65539E+02
v  6.28370E+02  2.59742E+01 -8.91039E+02
v  5.99397E+02  2.59742E+01 -8.91039E+02
v  5.99397E+02  1.30371E+01 -8.65539E+02
v  6.28370E+02  1.30371E+01 -8.65539E+02
v  6.28370E+02  1.30371E+01 -8.91039E+02
v  5.99397E+02  1.30371E+01 -8.91039E+02
g vc_ws_3659
s 0
f  2121 2122 2123 2124
f  2121 2122 2126 2125
f  2123 2122 2126 2127
f  2124 2123 2127 2128
f  2124 2121 2125 2128
f  2125 2126 2127 2128
v  5.14539E+02  4.28466E+01 -4.41340E+02
v  5.34148E+02  4.28466E+01 -4.41340E+02
v  5.34148E+02  4.28466E+01 -4.65218E+02
v  5.14539E+02  4.28466E+01 -4.65218E+02
v  5.14539E+02  3.48360E+01 -4.41340E+02
v  5.34148E+02  3.48360E+01 -4.41340E+02
v  5.34148E+02  3.48360E+01 -4.65218E+02
v  5.14539E+02  3.48360E+01 -4.65218E+02
g vc_ws_3661
s 0
f  2129 2130 2131 2132
f  2129 2130 2134 2133
f  2131 2130 2134 2135
f  2132 2131 2135 2136
f  2132 2129 2133 2136
f  2133 2134 2135 2136
v  4.02019E+02  1.48903E+02  2.81180E+02
v  4.12179E+02  1.48903E+02  2.81180E+02
v  4.12179E+02  1.48903E+02  2.64313E+02
v  4.02019E+02  1.48903E+02  2.64313E+02
v  4.02019E+02  9.17693E+01  2.81180E+02
v  4.12179E+02  9.17693E+01  2.81180E+02
v  4.12179E+02  9.17693E+01  2.64313E+02
v  4.02019E+02  9.17693E+01  2.64313E+02
g vc_ws_3664
s 0
f  2137 2138 2139 2140
f  2137 2138 2142 2141
f  2139 2138 2142 2143
f  2140 2139 2143 2144
f  2140 2137 2141 2144
f  2141 2142 2143 2144
v  4.94027E+02  4.59906E+01 -3.56185E+02
v  5.11527E+02  4.59906E+01 -3.56185E+02
v  5.11527E+02  4.59906E+01 -3.80345E+02
v  4.94027E+02  4.59906E+01 -3.80345E+02
v  4.94027E+02  3.57116E+01 -3.56185E+02
v  5.11527E+02  3.57116E+01 -3.56185E+02
v  5.11527E+02  3.57116E+01 -3.80345E+02
v  4.94027E+02  3.57116E+01 -3.80345E+02
g vc_ws_3665
s 0
f  2145 2146 2147 2148
f  2145 2146 2150 2149
f  2147 2146 2150 2151
f  2148 2147 2151 2152
f  2148 2145 2149 2152
f  2149 2150 2151 2152
v  4.81603E+02  4.28466E+01 -4.65218E+02
v  4.96103E+02  4.28466E+01 -4.65218E+02
v  4.96103E+02  4.28466E+01 -4.95395E+02
v  4.81603E+02  4.28466E+01 -4.95395E+02
v  4.81603E+02  3.43948E+01 -4.65218E+02
v  4.96103E+02  3.43948E+01 -4.65218E+02
v  4.96103E+02  3.43948E+01 -4.95395E+02
v  4.81603E+02  3.43948E+01 -4.95395E+02
g vc_ws_3667
s 0
f  2153 2154 2155 2156
f  2153 2154 2158 2157
f  2155 2154 2158 2159
f  2156 2155 2159 2160
f  2156 2153 2157 2160
f  2157 2158 2159 2160
v  4.81603E+02  4.06162E+01 -5.10395E+02
v  5.09103E+02  4.06162E+01 -5.10395E+02
v  5.09103E+02  4.06162E+01 -5.26895E+02
v  4.81603E+02  4.06162E+01 -5.26895E+02
v  4.81603E+02  3.48472E+01 -5.10395E+02
v  5.09103E+02  3.48472E+01 -5.10395E+02
v  5.09103E+02  3.48472E+01 -5.26895E+02
v  4.81603E+02  3.48472E+01 -5.26895E+02
g vc_ws_3669
s 0
f  2161 2162 2163 2164
f  2161 2162 2166 2165
f  2163 2162 2166 2167
f  2164 2163 2167 2168
f  2164 2161 2165 2168
f  2165 2166 2167 2168
v  5.09103E+02  4.31943E+01 -4.95395E+02
v  5.34727E+02  4.31943E+01 -4.95395E+02
v  5.34727E+02  4.31943E+01 -5.10395E+02
v  5.09103E+02  4.31943E+01 -5.10395E+02
v  5.09103E+02  3.48199E+01 -4.95395E+02
v  5.34727E+02  3.48199E+01 -4.95395E+02
v  5.34727E+02  3.48199E+01 -5.10395E+02
v  5.09103E+02  3.48199E+01 -5.10395E+02
g vc_ws_3673
s 0
f  2169 2170 2171 2172
f  2169 2170 2174 2173
f  2171 2170 2174 2175
f  2172 2171 2175 2176
f  2172 2169 2173 2176
f  2173 2174 2175 2176
v  5.99124E+02  1.76317E+01 -9.91845E+02
v  6.28370E+02  1.76317E+01 -9.91845E+02
v  6.28370E+02  1.76317E+01 -1.01964E+03
v  5.99124E+02  1.76317E+01 -1.01964E+03
v  5.99124E+02  1.72215E+00 -9.91845E+02
v  6.28370E+02  1.72215E+00 -9.91845E+02
v  6.28370E+02  1.72215E+00 -1.01964E+03
v  5.99124E+02  1.72215E+00 -1.01964E+03
g vc_ws_3675
s 0
f  2177 2178 2179 2180
f  2177 2178 2182 2181
f  2179 2178 2182 2183
f  2180 2179 2183 2184
f  2180 2177 2181 2184
f  2181 2182 2183 2184
v  4.46692E+01  3.61785E+01 -5.95702E+02
v  6.81692E+01  3.61785E+01 -5.95702E+02
v  6.81692E+01  3.61785E+01 -6.11685E+02
v  4.46692E+01  3.61785E+01 -6.11685E+02
v  4.46692E+01  2.20213E+01 -5.95702E+02
v  6.81692E+01  2.20213E+01 -5.95702E+02
v  6.81692E+01  2.20213E+01 -6.11685E+02
v  4.46692E+01  2.20213E+01 -6.11685E+02
g vc_ws_3677
s 0
f  2185 2186 2187 2188
f  2185 2186 2190 2189
f  2187 2186 2190 2191
f  2188 2187 2191 2192
f  2188 2185 2189 2192
f  2189 2190 2191 2192
v  5.99124E+02  1.76317E+01 -1.01964E+03
v  6.28370E+02  1.76317E+01 -1.01964E+03
v  6.28370E+02  1.76317E+01 -1.04214E+03
v  5.99124E+02  1.76317E+01 -1.04214E+03
v  5.99124E+02  1.72215E+00 -1.01964E+03
v  6.28370E+02  1.72215E+00 -1.01964E+03
v  6.28370E+02  1.72215E+00 -1.04214E+03
v  5.99124E+02  1.72215E+00 -1.04214E+03
g vc_ws_3679
s 0
f  2193 2194 2195 2196
f  2193 2194 2198 2197
f  2195 2194 2198 2199
f  2196 2195 2199 2200
f  2196 2193 2197 2200
f  2197 2198 2199 2200
v  5.39624E+02  1.00063E+01 -9.91845E+02
v  5.69624E+02  1.00063E+01 -9.91845E+02
v  5.69624E+02  1.00063E+01 -1.01664E+03
v  5.39624E+02  1.00063E+01 -1.01664E+03
v  5.39624E+02  9.77370E-01 -9.91845E+02
v  5.69624E+02  9.77370E-01 -9.91845E+02
v  5.69624E+02  9.77370E-01 -1.01664E+03
v  5.39624E+02  9.77370E-01 -1.01664E+03
g vc_ws_3683
s 0
f  2201 2202 2203 2204
f  2201 2202 2206 2205
f  2203 2202 2206 2207
f  2204 2203 2207 2208
f  2204 2201 2205 2208
f  2205 2206 2207 2208
v  4.38662E+02  7.23721E+00 -1.06689E+03
v  4.65282E+02  7.23721E+00 -1.06689E+03
v  4.65282E+02  7.23721E+00 -1.09239E+03
v  4.38662E+02  7.23721E+00 -1.09239E+03
v  4.38662E+02  1.59500E+00 -1.06689E+03
v  4.65282E+02  1.59500E+00 -1.06689E+03
v  4.65282E+02  1.59500E+00 -1.09239E+03
v  4.38662E+02  1.59500E+00 -1.09239E+03
g vc_ws_3685
s 0
f  2209 2210 2211 2212
f  2209 2210 2214 2213
f  2211 2210 2214 2215
f  2212 2211 2215 2216
f  2212 2209 2213 2216
f  2213 2214 2215 2216
v  5.19269E+02  8.21180E+00 -1.06689E+03
v  5.36117E+02  8.21180E+00 -1.06689E+03
v  5.36117E+02  8.21180E+00 -1.09239E+03
v  5.19269E+02  8.21180E+00 -1.09239E+03
v  5.19269E+02  1.30261E+00 -1.06689E+03
v  5.36117E+02  1.30261E+00 -1.06689E+03
v  5.36117E+02  1.30261E+00 -1.09239E+03
v  5.19269E+02  1.30261E+00 -1.09239E+03
g vc_ws_3687
s 0
f  2217 2218 2219 2220
f  2217 2218 2222 2221
f  2219 2218 2222 2223
f  2220 2219 2223 2224
f  2220 2217 2221 2224
f  2221 2222 2223 2224
v  5.36117E+02  8.21180E+00 -1.05425E+03
v  5.66617E+02  8.21180E+00 -1.05425E+03
v  5.66617E+02  8.21180E+00 -1.06775E+03
v  5.36117E+02  8.21180E+00 -1.06775E+03
v  5.36117E+02  6.96744E-01 -1.05425E+03
v  5.66617E+02  6.96744E-01 -1.05425E+03
v  5.66617E+02  6.96744E-01 -1.06775E+03
v  5.36117E+02  6.96744E-01 -1.06775E+03
g vc_ws_3689
s 0
f  2225 2226 2227 2228
f  2225 2226 2230 2229
f  2227 2226 2230 2231
f  2228 2227 2231 2232
f  2228 2225 2229 2232
f  2229 2230 2231 2232
v  4.65282E+02  6.08391E+00 -1.06689E+03
v  4.83782E+02  6.08391E+00 -1.06689E+03
v  4.83782E+02  6.08391E+00 -1.09239E+03
v  4.65282E+02  6.08391E+00 -1.09239E+03
v  4.65282E+02  1.60076E+00 -1.06689E+03
v  4.83782E+02  1.60076E+00 -1.06689E+03
v  4.83782E+02  1.60076E+00 -1.09239E+03
v  4.65282E+02  1.60076E+00 -1.09239E+03
g vc_ws_3691
s 0
f  2233 2234 2235 2236
f  2233 2234 2238 2237
f  2235 2234 2238 2239
f  2236 2235 2239 2240
f  2236 2233 2237 2240
f  2237 2238 2239 2240
v  3.82936E+02  8.05896E+00 -1.07889E+03
v  4.11162E+02  8.05896E+00 -1.07889E+03
v  4.11162E+02  8.05896E+00 -1.09239E+03
v  3.82936E+02  8.05896E+00 -1.09239E+03
v  3.82936E+02  2.36471E+00 -1.07889E+03
v  4.11162E+02  2.36471E+00 -1.07889E+03
v  4.11162E+02  2.36471E+00 -1.09239E+03
v  3.82936E+02  2.36471E+00 -1.09239E+03
g vc_ws_3693
s 0
f  2241 2242 2243 2244
f  2241 2242 2246 2245
f  2243 2242 2246 2247
f  2244 2243 2247 2248
f  2244 2241 2245 2248
f  2245 2246 2247 2248
v  5.00769E+02  5.27634E+00 -1.06689E+03
v  5.19269E+02  5.27634E+00 -1.06689E+03
v  5.19269E+02  5.27634E+00 -1.09239E+03
v  5.00769E+02  5.27634E+00 -1.09239E+03
v  5.00769E+02  1.31729E+00 -1.06689E+03
v  5.19269E+02  1.31729E+00 -1.06689E+03
v  5.19269E+02  1.31729E+00 -1.09239E+03
v  5.00769E+02  1.31729E+00 -1.09239E+03
g vc_ws_3695
s 0
f  2249 2250 2251 2252
f  2249 2250 2254 2253
f  2251 2250 2254 2255
f  2252 2251 2255 2256
f  2252 2249 2253 2256
f  2253 2254 2255 2256
v  4.83782E+02  6.08391E+00 -1.06689E+03
v  5.00769E+02  6.08391E+00 -1.06689E+03
v  5.00769E+02  6.08391E+00 -1.09239E+03
v  4.83782E+02  6.08391E+00 -1.09239E+03
v  4.83782E+02  1.31325E+00 -1.06689E+03
v  5.00769E+02  1.31325E+00 -1.06689E+03
v  5.00769E+02  1.31325E+00 -1.09239E+03
v  4.83782E+02  1.31325E+00 -1.09239E+03
g vc_ws_3697
s 0
f  2257 2258 2259 2260
f  2257 2258 2262 2261
f  2259 2258 2262 2263
f  2260 2259 2263 2264
f  2260 2257 2261 2264
f  2261 2262 2263 2264
v -1.02417E+01  1.43813E+02 -4.26943E+01
v  1.59902E+01  1.43813E+02 -4.26943E+01
v  1.59902E+01  1.43813E+02 -1.05720E+02
v -1.02417E+01  1.43813E+02 -1.05720E+02
v -1.02417E+01  6.88681E+01 -4.26943E+01
v  1.59902E+01  6.88681E+01 -4.26943E+01
v  1.59902E+01  6.88681E+01 -1.05720E+02
v -1.02417E+01  6.88681E+01 -1.05720E+02
g vc_ws_3755
s 0
f  2265 2266 2267 2268
f  2265 2266 2270 2269
f  2267 2266 2270 2271
f  2268 2267 2271 2272
f  2268 2265 2269 2272
f  2269 2270 2271 2272
v  3.19067E+01  1.49896E+02  1.40569E+02
v  6.24147E+01  1.49896E+02  1.40569E+02
v  6.24147E+01  1.49896E+02  7.66842E+01
v  3.19067E+01  1.49896E+02  7.66842E+01
v  3.19067E+01  1.19651E+02  1.40569E+02
v  6.24147E+01  1.19651E+02  1.40569E+02
v  6.24147E+01  1.19651E+02  7.66842E+01
v  3.19067E+01  1.19651E+02  7.66842E+01
g vc_ws_3782
s 0
f  2273 2274 2275 2276
f  2273 2274 2278 2277
f  2275 2274 2278 2279
f  2276 2275 2279 2280
f  2276 2273 2277 2280
f  2277 2278 2279 2280
v  3.41460E+01  8.19495E+01 -2.05441E+02
v  7.02845E+01  8.19495E+01 -2.05441E+02
v  7.02845E+01  8.19495E+01 -2.48081E+02
v  3.41460E+01  8.19495E+01 -2.48081E+02
v  3.41460E+01  4.76158E+01 -2.05441E+02
v  7.02845E+01  4.76158E+01 -2.05441E+02
v  7.02845E+01  4.76158E+01 -2.48081E+02
v  3.41460E+01  4.76158E+01 -2.48081E+02
g vc_ws_3869
s 0
f  2281 2282 2283 2284
f  2281 2282 2286 2285
f  2283 2282 2286 2287
f  2284 2283 2287 2288
f  2284 2281 2285 2288
f  2285 2286 2287 2288
v -7.68694E+02  1.79341E+02 -6.07734E+02
v -7.42194E+02  1.79341E+02 -6.07734E+02
v -7.42194E+02  1.79341E+02 -6.50234E+02
v -7.68694E+02  1.79341E+02 -6.50234E+02
v -7.68694E+02  1.06403E+02 -6.07734E+02
v -7.42194E+02  1.06403E+02 -6.07734E+02
v -7.42194E+02  1.06403E+02 -6.50234E+02
v -7.68694E+02  1.06403E+02 -6.50234E+02
g vc_ws_3884
s 0
f  2289 2290 2291 2292
f  2289 2290 2294 2293
f  2291 2290 2294 2295
f  2292 2291 2295 2296
f  2292 2289 2293 2296
f  2293 2294 2295 2296
v  3.51607E+02  1.51435E+02  2.32040E+02
v  3.80167E+02  1.51435E+02  2.32040E+02
v  3.80167E+02  1.51435E+02  1.98540E+02
v  3.51607E+02  1.51435E+02  1.98540E+02
v  3.51607E+02  8.71398E+01  2.32040E+02
v  3.80167E+02  8.71398E+01  2.32040E+02
v  3.80167E+02  8.71398E+01  1.98540E+02
v  3.51607E+02  8.71398E+01  1.98540E+02
g vc_ws_3896
s 0
f  2297 2298 2299 2300
f  2297 2298 2302 2301
f  2299 2298 2302 2303
f  2300 2299 2303 2304
f  2300 2297 2301 2304
f  2301 2302 2303 2304
v -3.54192E+02  1.22192E+02 -3.45355E+02
v -3.33692E+02  1.22192E+02 -3.45355E+02
v -3.33692E+02  1.22192E+02 -3.99970E+02
v -3.54192E+02  1.22192E+02 -3.99970E+02
v -3.54192E+02  1.07985E+02 -3.45355E+02
v -3.33692E+02  1.07985E+02 -3.45355E+02
v -3.33692E+02  1.07985E+02 -3.99970E+02
v -3.54192E+02  1.07985E+02 -3.99970E+02
g vc_ws_3902
s 0
f  2305 2306 2307 2308
f  2305 2306 2310 2309
f  2307 2306 2310 2311
f  2308 2307 2311 2312
f  2308 2305 2309 2312
f  2309 2310 2311 2312
v -6.83043E+02  1.77889E+02  2.39957E+02
v -6.42389E+02  1.77889E+02  2.39957E+02
v -6.42389E+02  1.77889E+02  2.00980E+02
v -6.83043E+02  1.77889E+02  2.00980E+02
v -6.83043E+02  1.41370E+02  2.39957E+02
v -6.42389E+02  1.41370E+02  2.39957E+02
v -6.42389E+02  1.41370E+02  2.00980E+02
v -6.83043E+02  1.41370E+02  2.00980E+02
g vc_ws_3908
s 0
f  2313 2314 2315 2316
f  2313 2314 2318 2317
f  2315 2314 2318 2319
f  2316 2315 2319 2320
f  2316 2313 2317 2320
f  2317 2318 2319 2320
v  3.41460E+01  8.19495E+01 -1.69673E+02
v  7.02845E+01  8.19495E+01 -1.69673E+02
v  7.02845E+01  8.19495E+01 -2.05441E+02
v  3.41460E+01  8.19495E+01 -2.05441E+02
v  3.41460E+01  6.06299E+01 -1.69673E+02
v  7.02845E+01  6.06299E+01 -1.69673E+02
v  7.02845E+01  6.06299E+01 -2.05441E+02
v  3.41460E+01  6.06299E+01 -2.05441E+02
g vc_ws_3965
s 0
f  2321 2322 2323 2324
f  2321 2322 2326 2325
f  2323 2322 2326 2327
f  2324 2323 2327 2328
f  2324 2321 2325 2328
f  2325 2326 2327 2328
v -4.07617E+02  1.28882E+02 -5.37685E+02
v -3.80117E+02  1.28882E+02 -5.37685E+02
v -3.80117E+02  1.28882E+02 -5.66185E+02
v -4.07617E+02  1.28882E+02 -5.66185E+02
v -4.07617E+02  7.88174E+01 -5.37685E+02
v -3.80117E+02  7.88174E+01 -5.37685E+02
v -3.80117E+02  7.88174E+01 -5.66185E+02
v -4.07617E+02  7.88174E+01 -5.66185E+02
g vc_ws_3999
s 0
f  2329 2330 2331 2332
f  2329 2330 2334 2333
f  2331 2330 2334 2335
f  2332 2331 2335 2336
f  2332 2329 2333 2336
f  2333 2334 2335 2336
v -6.01430E+02  1.20156E+02 -5.97541E+02
v -5.60993E+02  1.20156E+02 -5.97541E+02
v -5.60993E+02  1.20156E+02 -6.17710E+02
v -6.01430E+02  1.20156E+02 -6.17710E+02
v -6.01430E+02  8.70939E+01 -5.97541E+02
v -5.60993E+02  8.70939E+01 -5.97541E+02
v -5.60993E+02  8.70939E+01 -6.17710E+02
v -6.01430E+02  8.70939E+01 -6.17710E+02
g vc_ws_4009
s 0
f  2337 2338 2339 2340
f  2337 2338 2342 2341
f  2339 2338 2342 2343
f  2340 2339 2343 2344
f  2340 2337 2341 2344
f  2341 2342 2343 2344
v -7.51290E+02  1.63803E+02 -3.88122E+02
v -7.20096E+02  1.63803E+02 -3.88122E+02
v -7.20096E+02  1.63803E+02 -4.16622E+02
v -7.51290E+02  1.63803E+02 -4.16622E+02
v -7.51290E+02  1.06403E+02 -3.88122E+02
v -7.20096E+02  1.06403E+02 -3.88122E+02
v -7.20096E+02  1.06403E+02 -4.16622E+02
v -7.51290E+02  1.06403E+02 -4.16622E+02
g vc_ws_4024
s 0
f  2345 2346 2347 2348
f  2345 2346 2350 2349
f  2347 2346 2350 2351
f  2348 2347 2351 2352
f  2348 2345 2349 2352
f  2349 2350 2351 2352
v  9.86665E+01  1.46259E+02  1.67831E+02
v  1.34777E+02  1.46259E+02  1.67831E+02
v  1.34777E+02  1.46259E+02  1.43331E+02
v  9.86665E+01  1.46259E+02  1.43331E+02
v  9.86665E+01  1.12292E+02  1.67831E+02
v  1.34777E+02  1.12292E+02  1.67831E+02
v  1.34777E+02  1.12292E+02  1.43331E+02
v  9.86665E+01  1.12292E+02  1.43331E+02
g vc_ws_4046
s 0
f  2353 2354 2355 2356
f  2353 2354 2358 2357
f  2355 2354 2358 2359
f  2356 2355 2359 2360
f  2356 2353 2357 2360
f  2357 2358 2359 2360
v  1.67566E+02  1.55653E+02  2.46175E+02
v  2.00227E+02  1.55653E+02  2.46175E+02
v  2.00227E+02  1.55653E+02  2.22175E+02
v  1.67566E+02  1.55653E+02  2.22175E+02
v  1.67566E+02  1.09665E+02  2.46175E+02
v  2.00227E+02  1.09665E+02  2.46175E+02
v  2.00227E+02  1.09665E+02  2.22175E+02
v  1.67566E+02  1.09665E+02  2.22175E+02
g vc_ws_4082
s 0
f  2361 2362 2363 2364
f  2361 2362 2366 2365
f  2363 2362 2366 2367
f  2364 2363 2367 2368
f  2364 2361 2365 2368
f  2365 2366 2367 2368
v -5.09564E+02  1.51427E+02  1.19950E+02
v -4.80064E+02  1.51427E+02  1.19950E+02
v -4.80064E+02  1.51427E+02  9.71943E+01
v -5.09564E+02  1.51427E+02  9.71943E+01
v -5.09564E+02  9.26222E+01  1.19950E+02
v -4.80064E+02  9.26222E+01  1.19950E+02
v -4.80064E+02  9.26222E+01  9.71943E+01
v -5.09564E+02  9.26222E+01  9.71943E+01
g vc_ws_4088
s 0
f  2369 2370 2371 2372
f  2369 2370 2374 2373
f  2371 2370 2374 2375
f  2372 2371 2375 2376
f  2372 2369 2373 2376
f  2373 2374 2375 2376
v -1.73564E+02  1.47650E+02 -4.15022E+01
v -1.46825E+02  1.47650E+02 -4.15022E+01
v -1.46825E+02  1.47650E+02 -6.20228E+01
v -1.73564E+02  1.47650E+02 -6.20228E+01
v -1.73564E+02  6.96845E+01 -4.15022E+01
v -1.46825E+02  6.96845E+01 -4.15022E+01
v -1.46825E+02  6.96845E+01 -6.20228E+01
v -1.73564E+02  6.96845E+01 -6.20228E+01
g vc_ws_4102
s 0
f  2377 2378 2379 2380
f  2377 2378 2382 2381
f  2379 2378 2382 2383
f  2380 2379 2383 2384
f  2380 2377 2381 2384
f  2381 2382 2383 2384
v -7.06021E+02  1.46043E+02 -2.68807E+02
v -6.82408E+02  1.46043E+02 -2.68807E+02
v -6.82408E+02  1.46043E+02 -2.98710E+02
v -7.06021E+02  1.46043E+02 -2.98710E+02
v -7.06021E+02  1.06403E+02 -2.68807E+02
v -6.82408E+02  1.06403E+02 -2.68807E+02
v -6.82408E+02  1.06403E+02 -2.98710E+02
v -7.06021E+02  1.06403E+02 -2.98710E+02
g vc_ws_4112
s 0
f  2385 2386 2387 2388
f  2385 2386 2390 2389
f  2387 2386 2390 2391
f  2388 2387 2391 2392
f  2388 2385 2389 2392
f  2389 2390 2391 2392
v -7.15890E+02  1.93585E+02 -4.79819E+01
v -6.86390E+02  1.93585E+02 -4.79819E+01
v -6.86390E+02  1.93585E+02 -8.51015E+01
v -7.15890E+02  1.93585E+02 -8.51015E+01
v -7.15890E+02  1.46792E+02 -4.79819E+01
v -6.86390E+02  1.46792E+02 -4.79819E+01
v -6.86390E+02  1.46792E+02 -8.51015E+01
v -7.15890E+02  1.46792E+02 -8.51015E+01
g vc_ws_4114
s 0
f  2393 2394 2395 2396
f  2393 2394 2398 2397
f  2395 2394 2398 2399
f  2396 2395 2399 2400
f  2396 2393 2397 2400
f  2397 2398 2399 2400
v -1.21325E+02  1.33187E+02 -6.20228E+01
v -9.71505E+01  1.33187E+02 -6.20228E+01
v -9.71505E+01  1.33187E+02 -8.45228E+01
v -1.21325E+02  1.33187E+02 -8.45228E+01
v -1.21325E+02  5.95171E+01 -6.20228E+01
v -9.71505E+01  5.95171E+01 -6.20228E+01
v -9.71505E+01  5.95171E+01 -8.45228E+01
v -1.21325E+02  5.95171E+01 -8.45228E+01
g vc_ws_4139
s 0
f  2401 2402 2403 2404
f  2401 2402 2406 2405
f  2403 2402 2406 2407
f  2404 2403 2407 2408
f  2404 2401 2405 2408
f  2405 2406 2407 2408
v -6.01889E+02  1.72047E+02  2.14656E+02
v -5.84769E+02  1.72047E+02  2.14656E+02
v -5.84769E+02  1.72047E+02  1.61480E+02
v -6.01889E+02  1.72047E+02  1.61480E+02
v -6.01889E+02  1.38752E+02  2.14656E+02
v -5.84769E+02  1.38752E+02  2.14656E+02
v -5.84769E+02  1.38752E+02  1.61480E+02
v -6.01889E+02  1.38752E+02  1.61480E+02
g vc_ws_4158
s 0
f  2409 2410 2411 2412
f  2409 2410 2414 2413
f  2411 2410 2414 2415
f  2412 2411 2415 2416
f  2412 2409 2413 2416
f  2413 2414 2415 2416
v -5.34564E+02  1.53011E+02  1.19950E+02
v -5.09564E+02  1.53011E+02  1.19950E+02
v -5.09564E+02  1.53011E+02  9.71943E+01
v -5.34564E+02  1.53011E+02  9.71943E+01
v -5.34564E+02  9.26222E+01  1.19950E+02
v -5.09564E+02  9.26222E+01  1.19950E+02
v -5.09564E+02  9.26222E+01  9.71943E+01
v -5.34564E+02  9.26222E+01  9.71943E+01
g vc_ws_4164
s 0
f  2417 2418 2419 2420
f  2417 2418 2422 2421
f  2419 2418 2422 2423
f  2420 2419 2423 2424
f  2420 2417 2421 2424
f  2421 2422 2423 2424
v -5.60993E+02  1.17084E+02 -6.40210E+02
v -5.41679E+02  1.17084E+02 -6.40210E+02
v -5.41679E+02  1.17084E+02 -6.70478E+02
v -5.60993E+02  1.17084E+02 -6.70478E+02
v -5.60993E+02  8.71093E+01 -6.40210E+02
v -5.41679E+02  8.71093E+01 -6.40210E+02
v -5.41679E+02  8.71093E+01 -6.70478E+02
v -5.60993E+02  8.71093E+01 -6.70478E+02
g vc_ws_4183
s 0
f  2425 2426 2427 2428
f  2425 2426 2430 2429
f  2427 2426 2430 2431
f  2428 2427 2431 2432
f  2428 2425 2429 2432
f  2429 2430 2431 2432
v -6.42389E+02  1.71288E+02  2.37402E+02
v -6.02602E+02  1.71288E+02  2.37402E+02
v -6.02602E+02  1.71288E+02  2.14656E+02
v -6.42389E+02  1.71288E+02  2.14656E+02
v -6.42389E+02  1.41370E+02  2.37402E+02
v -6.02602E+02  1.41370E+02  2.37402E+02
v -6.02602E+02  1.41370E+02  2.14656E+02
v -6.42389E+02  1.41370E+02  2.14656E+02
g vc_ws_4186
s 0
f  2433 2434 2435 2436
f  2433 2434 2438 2437
f  2435 2434 2438 2439
f  2436 2435 2439 2440
f  2436 2433 2437 2440
f  2437 2438 2439 2440
v -6.44552E+02  1.28010E+02 -5.97721E+02
v -6.22052E+02  1.28010E+02 -5.97721E+02
v -6.22052E+02  1.28010E+02 -6.23301E+02
v -6.44552E+02  1.28010E+02 -6.23301E+02
v -6.44552E+02  9.75982E+01 -5.97721E+02
v -6.22052E+02  9.75982E+01 -5.97721E+02
v -6.22052E+02  9.75982E+01 -6.23301E+02
v -6.44552E+02  9.75982E+01 -6.23301E+02
g vc_ws_4190
s 0
f  2441 2442 2443 2444
f  2441 2442 2446 2445
f  2443 2442 2446 2447
f  2444 2443 2447 2448
f  2444 2441 2445 2448
f  2445 2446 2447 2448
v -7.30868E+02  1.84554E+02 -1.78278E+02
v -7.01868E+02  1.84554E+02 -1.78278E+02
v -7.01868E+02  1.84554E+02 -1.99954E+02
v -7.30868E+02  1.84554E+02 -1.99954E+02
v -7.30868E+02  1.08166E+02 -1.78278E+02
v -7.01868E+02  1.08166E+02 -1.78278E+02
v -7.01868E+02  1.08166E+02 -1.99954E+02
v -7.30868E+02  1.08166E+02 -1.99954E+02
g vc_ws_4192
s 0
f  2449 2450 2451 2452
f  2449 2450 2454 2453
f  2451 2450 2454 2455
f  2452 2451 2455 2456
f  2452 2449 2453 2456
f  2453 2454 2455 2456
v -6.66505E+01  8.23417E+01 -9.98343E+01
v -3.77417E+01  8.23417E+01 -9.98343E+01
v -3.77417E+01  8.23417E+01 -1.26334E+02
v -6.66505E+01  8.23417E+01 -1.26334E+02
v -6.66505E+01  5.27930E+01 -9.98343E+01
v -3.77417E+01  5.27930E+01 -9.98343E+01
v -3.77417E+01  5.27930E+01 -1.26334E+02
v -6.66505E+01  5.27930E+01 -1.26334E+02
g vc_ws_4237
s 0
f  2457 2458 2459 2460
f  2457 2458 2462 2461
f  2459 2458 2462 2463
f  2460 2459 2463 2464
f  2460 2457 2461 2464
f  2461 2462 2463 2464
v -2.94617E+02  1.17241E+02 -5.37685E+02
v -2.75505E+02  1.17241E+02 -5.37685E+02
v -2.75505E+02  1.17241E+02 -5.66185E+02
v -2.94617E+02  1.17241E+02 -5.66185E+02
v -2.94617E+02  4.80118E+01 -5.37685E+02
v -2.75505E+02  4.80118E+01 -5.37685E+02
v -2.75505E+02  4.80118E+01 -5.66185E+02
v -2.94617E+02  4.80118E+01 -5.66185E+02
g vc_ws_4239
s 0
f  2465 2466 2467 2468
f  2465 2466 2470 2469
f  2467 2466 2470 2471
f  2468 2467 2471 2472
f  2468 2465 2469 2472
f  2469 2470 2471 2472
v -7.82790E+02  1.78038E+02 -4.33938E+02
v -7.51290E+02  1.78038E+02 -4.33938E+02
v -7.51290E+02  1.78038E+02 -4.52438E+02
v -7.82790E+02  1.78038E+02 -4.52438E+02
v -7.82790E+02  1.06403E+02 -4.33938E+02
v -7.51290E+02  1.06403E+02 -4.33938E+02
v -7.51290E+02  1.06403E+02 -4.52438E+02
v -7.82790E+02  1.06403E+02 -4.52438E+02
g vc_ws_4242
s 0
f  2473 2474 2475 2476
f  2473 2474 2478 2477
f  2475 2474 2478 2479
f  2476 2475 2479 2480
f  2476 2473 2477 2480
f  2477 2478 2479 2480
v  2.00227E+02  1.48700E+02  2.14175E+02
v  2.33727E+02  1.48700E+02  2.14175E+02
v  2.33727E+02  1.48700E+02  1.96675E+02
v  2.00227E+02  1.48700E+02  1.96675E+02
v  2.00227E+02  1.08461E+02  2.14175E+02
v  2.33727E+02  1.08461E+02  2.14175E+02
v  2.33727E+02  1.08461E+02  1.96675E+02
v  2.00227E+02  1.08461E+02  1.96675E+02
g vc_ws_4250
s 0
f  2481 2482 2483 2484
f  2481 2482 2486 2485
f  2483 2482 2486 2487
f  2484 2483 2487 2488
f  2484 2481 2485 2488
f  2485 2486 2487 2488
v -1.73564E+02  1.06304E+02 -8.45228E+01
v -1.46825E+02  1.06304E+02 -8.45228E+01
v -1.46825E+02  1.06304E+02 -1.06523E+02
v -1.73564E+02  1.06304E+02 -1.06523E+02
v -1.73564E+02  6.77627E+01 -8.45228E+01
v -1.46825E+02  6.77627E+01 -8.45228E+01
v -1.46825E+02  6.77627E+01 -1.06523E+02
v -1.73564E+02  6.77627E+01 -1.06523E+02
g vc_ws_4251
s 0
f  2489 2490 2491 2492
f  2489 2490 2494 2493
f  2491 2490 2494 2495
f  2492 2491 2495 2496
f  2492 2489 2493 2496
f  2493 2494 2495 2496
v  2.33727E+02  1.50606E+02  2.47982E+02
v  2.65423E+02  1.50606E+02  2.47982E+02
v  2.65423E+02  1.50606E+02  2.30482E+02
v  2.33727E+02  1.50606E+02  2.30482E+02
v  2.33727E+02  1.03215E+02  2.47982E+02
v  2.65423E+02  1.03215E+02  2.47982E+02
v  2.65423E+02  1.03215E+02  2.30482E+02
v  2.33727E+02  1.03215E+02  2.30482E+02
g vc_ws_4262
s 0
f  2497 2498 2499 2500
f  2497 2498 2502 2501
f  2499 2498 2502 2503
f  2500 2499 2503 2504
f  2500 2497 2501 2504
f  2501 2502 2503 2504
v -6.22052E+02  1.23934E+02 -5.97721E+02
v -6.01430E+02  1.23934E+02 -5.97721E+02
v -6.01430E+02  1.23934E+02 -6.23301E+02
v -6.22052E+02  1.23934E+02 -6.23301E+02
v -6.22052E+02  9.75982E+01 -5.97721E+02
v -6.01430E+02  9.75982E+01 -5.97721E+02
v -6.01430E+02  9.75982E+01 -6.23301E+02
v -6.22052E+02  9.75982E+01 -6.23301E+02
g vc_ws_4264
s 0
f  2505 2506 2507 2508
f  2505 2506 2510 2509
f  2507 2506 2510 2511
f  2508 2507 2511 2512
f  2508 2505 2509 2512
f  2509 2510 2511 2512
v -3.43631E+02  1.44442E+02 -1.63848E+02
v -3.14736E+02  1.44442E+02 -1.63848E+02
v -3.14736E+02  1.44442E+02 -1.80348E+02
v -3.43631E+02  1.44442E+02 -1.80348E+02
v -3.43631E+02  8.70392E+01 -1.63848E+02
v -3.14736E+02  8.70392E+01 -1.63848E+02
v -3.14736E+02  8.70392E+01 -1.80348E+02
v -3.43631E+02  8.70392E+01 -1.80348E+02
g vc_ws_4278
s 0
f  2513 2514 2515 2516
f  2513 2514 2518 2517
f  2515 2514 2518 2519
f  2516 2515 2519 2520
f  2516 2513 2517 2520
f  2517 2518 2519 2520
v  4.88757E+02  1.24339E+02  5.26682E+01
v  5.05757E+02  1.24339E+02  5.26682E+01
v  5.05757E+02  1.24339E+02  2.41682E+01
v  4.88757E+02  1.24339E+02  2.41682E+01
v  4.88757E+02  6.99081E+01  5.26682E+01
v  5.05757E+02  6.99081E+01  5.26682E+01
v  5.05757E+02  6.99081E+01  2.41682E+01
v  4.88757E+02  6.99081E+01  2.41682E+01
g vc_ws_4291
s 0
f  2521 2522 2523 2524
f  2521 2522 2526 2525
f  2523 2522 2526 2527
f  2524 2523 2527 2528
f  2524 2521 2525 2528
f  2525 2526 2527 2528
v -3.14117E+02  1.17085E+02 -4.82219E+02
v -2.94617E+02  1.17085E+02 -4.82219E+02
v -2.94617E+02  1.17085E+02 -5.10719E+02
v -3.14117E+02  1.17085E+02 -5.10719E+02
v -3.14117E+02  1.09372E+02 -4.82219E+02
v -2.94617E+02  1.09372E+02 -4.82219E+02
v -2.94617E+02  1.09372E+02 -5.10719E+02
v -3.14117E+02  1.09372E+02 -5.10719E+02
g vc_ws_4314
s 0
f  2529 2530 2531 2532
f  2529 2530 2534 2533
f  2531 2530 2534 2535
f  2532 2531 2535 2536
f  2532 2529 2533 2536
f  2533 2534 2535 2536
v -3.71744E+02  1.54451E+02 -1.95121E+02
v -3.42244E+02  1.54451E+02 -1.95121E+02
v -3.42244E+02  1.54451E+02 -2.11621E+02
v -3.71744E+02  1.54451E+02 -2.11621E+02
v -3.71744E+02  9.43077E+01 -1.95121E+02
v -3.42244E+02  9.43077E+01 -1.95121E+02
v -3.42244E+02  9.43077E+01 -2.11621E+02
v -3.71744E+02  9.43077E+01 -2.11621E+02
g vc_ws_4316
s 0
f  2537 2538 2539 2540
f  2537 2538 2542 2541
f  2539 2538 2542 2543
f  2540 2539 2543 2544
f  2540 2537 2541 2544
f  2541 2542 2543 2544
v -1.28513E+02  3.50718E+01 -1.10037E+03
v -9.12617E+01  3.50718E+01 -1.10037E+03
v -9.12617E+01  3.50718E+01 -1.14187E+03
v -1.28513E+02  3.50718E+01 -1.14187E+03
v -1.28513E+02  2.26782E+01 -1.10037E+03
v -9.12617E+01  2.26782E+01 -1.10037E+03
v -9.12617E+01  2.26782E+01 -1.14187E+03
v -1.28513E+02  2.26782E+01 -1.14187E+03
g vc_ws_4333
s 0
f  2545 2546 2547 2548
f  2545 2546 2550 2549
f  2547 2546 2550 2551
f  2548 2547 2551 2552
f  2548 2545 2549 2552
f  2549 2550 2551 2552
v  2.32889E+02  1.36535E+02  2.97217E+02
v  2.65423E+02  1.36535E+02  2.97217E+02
v  2.65423E+02  1.36535E+02  2.81217E+02
v  2.32889E+02  1.36535E+02  2.81217E+02
v  2.32889E+02  1.03215E+02  2.97217E+02
v  2.65423E+02  1.03215E+02  2.97217E+02
v  2.65423E+02  1.03215E+02  2.81217E+02
v  2.32889E+02  1.03215E+02  2.81217E+02
g vc_ws_4336
s 0
f  2553 2554 2555 2556
f  2553 2554 2558 2557
f  2555 2554 2558 2559
f  2556 2555 2559 2560
f  2556 2553 2557 2560
f  2557 2558 2559 2560
v -1.65911E+02  3.73913E+01 -1.06104E+03
v -1.28513E+02  3.73913E+01 -1.06104E+03
v -1.28513E+02  3.73913E+01 -1.09980E+03
v -1.65911E+02  3.73913E+01 -1.09980E+03
v -1.65911E+02  2.37239E+01 -1.06104E+03
v -1.28513E+02  2.37239E+01 -1.06104E+03
v -1.28513E+02  2.37239E+01 -1.09980E+03
v -1.65911E+02  2.37239E+01 -1.09980E+03
g vc_ws_4343
s 0
f  2561 2562 2563 2564
f  2561 2562 2566 2565
f  2563 2562 2566 2567
f  2564 2563 2567 2568
f  2564 2561 2565 2568
f  2565 2566 2567 2568
v -4.01445E+02  1.54422E+02 -2.10911E+02
v -3.85945E+02  1.54422E+02 -2.10911E+02
v -3.85945E+02  1.54422E+02 -2.43187E+02
v -4.01445E+02  1.54422E+02 -2.43187E+02
v -4.01445E+02  1.00145E+02 -2.10911E+02
v -3.85945E+02  1.00145E+02 -2.10911E+02
v -3.85945E+02  1.00145E+02 -2.43187E+02
v -4.01445E+02  1.00145E+02 -2.43187E+02
g vc_ws_4362
s 0
f  2569 2570 2571 2572
f  2569 2570 2574 2573
f  2571 2570 2574 2575
f  2572 2571 2575 2576
f  2572 2569 2573 2576
f  2573 2574 2575 2576
v -4.01445E+02  1.54432E+02 -1.80348E+02
v -3.85945E+02  1.54432E+02 -1.80348E+02
v -3.85945E+02  1.54432E+02 -2.10911E+02
v -4.01445E+02  1.54432E+02 -2.10911E+02
v -4.01445E+02  9.80444E+01 -1.80348E+02
v -3.85945E+02  9.80444E+01 -1.80348E+02
v -3.85945E+02  9.80444E+01 -2.10911E+02
v -4.01445E+02  9.80444E+01 -2.10911E+02
g vc_ws_4384
s 0
f  2577 2578 2579 2580
f  2577 2578 2582 2581
f  2579 2578 2582 2583
f  2580 2579 2583 2584
f  2580 2577 2581 2584
f  2581 2582 2583 2584
v -3.14117E+02  1.17082E+02 -4.55470E+02
v -2.94617E+02  1.17082E+02 -4.55470E+02
v -2.94617E+02  1.17082E+02 -4.82219E+02
v -3.14117E+02  1.17082E+02 -4.82219E+02
v -3.14117E+02  1.09953E+02 -4.55470E+02
v -2.94617E+02  1.09953E+02 -4.55470E+02
v -2.94617E+02  1.09953E+02 -4.82219E+02
v -3.14117E+02  1.09953E+02 -4.82219E+02
g vc_ws_4398
s 0
f  2585 2586 2587 2588
f  2585 2586 2590 2589
f  2587 2586 2590 2591
f  2588 2587 2591 2592
f  2588 2585 2589 2592
f  2589 2590 2591 2592
v -1.79564E+02  2.19389E+02  1.06800E+02
v -1.57381E+02  2.19389E+02  1.06800E+02
v -1.57381E+02  2.19389E+02  9.58004E+01
v -1.79564E+02  2.19389E+02  9.58004E+01
v -1.79564E+02  1.38973E+02  1.06800E+02
v -1.57381E+02  1.38973E+02  1.06800E+02
v -1.57381E+02  1.38973E+02  9.58004E+01
v -1.79564E+02  1.38973E+02  9.58004E+01
g vc_ws_4423
s 0
f  2593 2594 2595 2596
f  2593 2594 2598 2597
f  2595 2594 2598 2599
f  2596 2595 2599 2600
f  2596 2593 2597 2600
f  2597 2598 2599 2600
v -6.81052E+02  1.27966E+02 -5.97721E+02
v -6.62552E+02  1.27966E+02 -5.97721E+02
v -6.62552E+02  1.27966E+02 -6.23301E+02
v -6.81052E+02  1.27966E+02 -6.23301E+02
v -6.81052E+02  1.06403E+02 -5.97721E+02
v -6.62552E+02  1.06403E+02 -5.97721E+02
v -6.62552E+02  1.06403E+02 -6.23301E+02
v -6.81052E+02  1.06403E+02 -6.23301E+02
g vc_ws_4444
s 0
f  2601 2602 2603 2604
f  2601 2602 2606 2605
f  2603 2602 2606 2607
f  2604 2603 2607 2608
f  2604 2601 2605 2608
f  2605 2606 2607 2608
v -6.59368E+02  1.49241E+02 -1.78278E+02
v -6.42694E+02  1.49241E+02 -1.78278E+02
v -6.42694E+02  1.49241E+02 -2.06504E+02
v -6.59368E+02  1.49241E+02 -2.06504E+02
v -6.59368E+02  1.06403E+02 -1.78278E+02
v -6.42694E+02  1.06403E+02 -1.78278E+02
v -6.42694E+02  1.06403E+02 -2.06504E+02
v -6.59368E+02  1.06403E+02 -2.06504E+02
g vc_ws_4452
s 0
f  2609 2610 2611 2612
f  2609 2610 2614 2613
f  2611 2610 2614 2615
f  2612 2611 2615 2616
f  2612 2609 2613 2616
f  2613 2614 2615 2616
v -4.94735E+02  1.17263E+02 -6.23017E+02
v -4.80390E+02  1.17263E+02 -6.23017E+02
v -4.80390E+02  1.17263E+02 -6.53517E+02
v -4.94735E+02  1.17263E+02 -6.53517E+02
v -4.94735E+02  7.31404E+01 -6.23017E+02
v -4.80390E+02  7.31404E+01 -6.23017E+02
v -4.80390E+02  7.31404E+01 -6.53517E+02
v -4.94735E+02  7.31404E+01 -6.53517E+02
g vc_ws_4455
s 0
f  2617 2618 2619 2620
f  2617 2618 2622 2621
f  2619 2618 2622 2623
f  2620 2619 2623 2624
f  2620 2617 2621 2624
f  2621 2622 2623 2624
v -2.98625E+02  2.19389E+02  1.06251E+02
v -2.77125E+02  2.19389E+02  1.06251E+02
v -2.77125E+02  2.19389E+02  9.52511E+01
v -2.98625E+02  2.19389E+02  9.52511E+01
v -2.98625E+02  1.34230E+02  1.06251E+02
v -2.77125E+02  1.34230E+02  1.06251E+02
v -2.77125E+02  1.34230E+02  9.52511E+01
v -2.98625E+02  1.34230E+02  9.52511E+01
g vc_ws_4459
s 0
f  2625 2626 2627 2628
f  2625 2626 2630 2629
f  2627 2626 2630 2631
f  2628 2627 2631 2632
f  2628 2625 2629 2632
f  2629 2630 2631 2632
v -3.39808E+02  2.19389E+02  1.06251E+02
v -3.18308E+02  2.19389E+02  1.06251E+02
v -3.18308E+02  2.19389E+02  9.52511E+01
v -3.39808E+02  2.19389E+02  9.52511E+01
v -3.39808E+02  1.31983E+02  1.06251E+02
v -3.18308E+02  1.31983E+02  1.06251E+02
v -3.18308E+02  1.31983E+02  9.52511E+01
v -3.39808E+02  1.31983E+02  9.52511E+01
g vc_ws_4463
s 0
f  2633 2634 2635 2636
f  2633 2634 2638 2637
f  2635 2634 2638 2639
f  2636 2635 2639 2640
f  2636 2633 2637 2640
f  2637 2638 2639 2640
v -7.66290E+02  1.76621E+02 -2.68807E+02
v -7.31521E+02  1.76621E+02 -2.68807E+02
v -7.31521E+02  1.76621E+02 -2.86710E+02
v -7.66290E+02  1.76621E+02 -2.86710E+02
v -7.66290E+02  1.35204E+02 -2.68807E+02
v -7.31521E+02  1.35204E+02 -2.68807E+02
v -7.31521E+02  1.35204E+02 -2.86710E+02
v -7.66290E+02  1.35204E+02 -2.86710E+02
g vc_ws_4470
s 0
f  2641 2642 2643 2644
f  2641 2642 2646 2645
f  2643 2642 2646 2647
f  2644 2643 2647 2648
f  2644 2641 2645 2648
f  2645 2646 2647 2648
v -6.62552E+02  1.27966E+02 -5.97721E+02
v -6.44552E+02  1.27966E+02 -5.97721E+02
v -6.44552E+02  1.27966E+02 -6.23301E+02
v -6.62552E+02  1.27966E+02 -6.23301E+02
v -6.62552E+02  1.06403E+02 -5.97721E+02
v -6.44552E+02  1.06403E+02 -5.97721E+02
v -6.44552E+02  1.06403E+02 -6.23301E+02
v -6.62552E+02  1.06403E+02 -6.23301E+02
g vc_ws_4478
s 0
f  2649 2650 2651 2652
f  2649 2650 2654 2653
f  2651 2650 2654 2655
f  2652 2651 2655 2656
f  2652 2649 2653 2656
f  2653 2654 2655 2656
v -5.10235E+02  1.01244E+02 -5.92879E+02
v -4.80390E+02  1.01244E+02 -5.92879E+02
v -4.80390E+02  1.01244E+02 -6.23017E+02
v -5.10235E+02  1.01244E+02 -6.23017E+02
v -5.10235E+02  7.30797E+01 -5.92879E+02
v -4.80390E+02  7.30797E+01 -5.92879E+02
v -4.80390E+02  7.30797E+01 -6.23017E+02
v -5.10235E+02  7.30797E+01 -6.23017E+02
g vc_ws_4502
s 0
f  2657 2658 2659 2660
f  2657 2658 2662 2661
f  2659 2658 2662 2663
f  2660 2659 2663 2664
f  2660 2657 2661 2664
f  2661 2662 2663 2664
v -3.61901E+01  3.26632E+01 -1.07802E+03
v  2.22260E+01  3.26632E+01 -1.07802E+03
v  2.22260E+01  3.26632E+01 -1.10127E+03
v -3.61901E+01  3.26632E+01 -1.10127E+03
v -3.61901E+01  1.92653E+01 -1.07802E+03
v  2.22260E+01  1.92653E+01 -1.07802E+03
v  2.22260E+01  1.92653E+01 -1.10127E+03
v -3.61901E+01  1.92653E+01 -1.10127E+03
g vc_ws_4507
s 0
f  2665 2666 2667 2668
f  2665 2666 2670 2669
f  2667 2666 2670 2671
f  2668 2667 2671 2672
f  2668 2665 2669 2672
f  2669 2670 2671 2672
v  1.34777E+02  1.46259E+02  1.77149E+02
v  1.57277E+02  1.46259E+02  1.77149E+02
v  1.57277E+02  1.46259E+02  1.56649E+02
v  1.34777E+02  1.46259E+02  1.56649E+02
v  1.34777E+02  1.12292E+02  1.77149E+02
v  1.57277E+02  1.12292E+02  1.77149E+02
v  1.57277E+02  1.12292E+02  1.56649E+02
v  1.34777E+02  1.12292E+02  1.56649E+02
g vc_ws_4520
s 0
f  2673 2674 2675 2676
f  2673 2674 2678 2677
f  2675 2674 2678 2679
f  2676 2675 2679 2680
f  2676 2673 2677 2680
f  2677 2678 2679 2680
v -3.18308E+02  2.19389E+02  1.06251E+02
v -2.98625E+02  2.19389E+02  1.06251E+02
v -2.98625E+02  2.19389E+02  9.52511E+01
v -3.18308E+02  2.19389E+02  9.52511E+01
v -3.18308E+02  1.34230E+02  1.06251E+02
v -2.98625E+02  1.34230E+02  1.06251E+02
v -2.98625E+02  1.34230E+02  9.52511E+01
v -3.18308E+02  1.34230E+02  9.52511E+01
g vc_ws_4533
s 0
f  2681 2682 2683 2684
f  2681 2682 2686 2685
f  2683 2682 2686 2687
f  2684 2683 2687 2688
f  2684 2681 2685 2688
f  2685 2686 2687 2688
v  1.57277E+02  1.46264E+02  1.77149E+02
v  1.79081E+02  1.46264E+02  1.77149E+02
v  1.79081E+02  1.46264E+02  1.56649E+02
v  1.57277E+02  1.46264E+02  1.56649E+02
v  1.57277E+02  1.11339E+02  1.77149E+02
v  1.79081E+02  1.11339E+02  1.77149E+02
v  1.79081E+02  1.11339E+02  1.56649E+02
v  1.57277E+02  1.11339E+02  1.56649E+02
g vc_ws_4538
s 0
f  2689 2690 2691 2692
f  2689 2690 2694 2693
f  2691 2690 2694 2695
f  2692 2691 2695 2696
f  2692 2689 2693 2696
f  2693 2694 2695 2696
v -2.77125E+02  2.19389E+02  1.06251E+02
v -2.57603E+02  2.19389E+02  1.06251E+02
v -2.57603E+02  2.19389E+02  9.52511E+01
v -2.77125E+02  2.19389E+02  9.52511E+01
v -2.77125E+02  1.37771E+02  1.06251E+02
v -2.57603E+02  1.37771E+02  1.06251E+02
v -2.57603E+02  1.37771E+02  9.52511E+01
v -2.77125E+02  1.37771E+02  9.52511E+01
g vc_ws_4541
s 0
f  2697 2698 2699 2700
f  2697 2698 2702 2701
f  2699 2698 2702 2703
f  2700 2699 2703 2704
f  2700 2697 2701 2704
f  2701 2702 2703 2704
v -9.12617E+01  3.68396E+01 -1.09980E+03
v -6.27617E+01  3.68396E+01 -1.09980E+03
v -6.27617E+01  3.68396E+01 -1.14080E+03
v -9.12617E+01  3.68396E+01 -1.14080E+03
v -9.12617E+01  2.16531E+01 -1.09980E+03
v -6.27617E+01  2.16531E+01 -1.09980E+03
v -6.27617E+01  2.16531E+01 -1.14080E+03
v -9.12617E+01  2.16531E+01 -1.14080E+03
g vc_ws_4545
s 0
f  2705 2706 2707 2708
f  2705 2706 2710 2709
f  2707 2706 2710 2711
f  2708 2707 2711 2712
f  2708 2705 2709 2712
f  2709 2710 2711 2712
v  4.35104E+02  1.34883E+02  9.92006E+01
v  4.52604E+02  1.34883E+02  9.92006E+01
v  4.52604E+02  1.34883E+02  7.97006E+01
v  4.35104E+02  1.34883E+02  7.97006E+01
v  4.35104E+02  8.07119E+01  9.92006E+01
v  4.52604E+02  8.07119E+01  9.92006E+01
v  4.52604E+02  8.07119E+01  7.97006E+01
v  4.35104E+02  8.07119E+01  7.97006E+01
g vc_ws_4555
s 0
f  2713 2714 2715 2716
f  2713 2714 2718 2717
f  2715 2714 2718 2719
f  2716 2715 2719 2720
f  2716 2713 2717 2720
f  2717 2718 2719 2720
v -5.60993E+02  1.17194E+02 -5.97541E+02
v -5.41679E+02  1.17194E+02 -5.97541E+02
v -5.41679E+02  1.17194E+02 -6.17710E+02
v -5.60993E+02  1.17194E+02 -6.17710E+02
v -5.60993E+02  8.71088E+01 -5.97541E+02
v -5.41679E+02  8.71088E+01 -5.97541E+02
v -5.41679E+02  8.71088E+01 -6.17710E+02
v -5.60993E+02  8.71088E+01 -6.17710E+02
g vc_ws_4559
s 0
f  2721 2722 2723 2724
f  2721 2722 2726 2725
f  2723 2722 2726 2727
f  2724 2723 2727 2728
f  2724 2721 2725 2728
f  2725 2726 2727 2728
v  3.99604E+02  1.36552E+02  1.55506E+02
v  4.18104E+02  1.36552E+02  1.55506E+02
v  4.18104E+02  1.36552E+02  1.36707E+02
v  3.99604E+02  1.36552E+02  1.36707E+02
v  3.99604E+02  8.49639E+01  1.55506E+02
v  4.18104E+02  8.49639E+01  1.55506E+02
v  4.18104E+02  8.49639E+01  1.36707E+02
v  3.99604E+02  8.49639E+01  1.36707E+02
g vc_ws_4580
s 0
f  2729 2730 2731 2732
f  2729 2730 2734 2733
f  2731 2730 2734 2735
f  2732 2731 2735 2736
f  2732 2729 2733 2736
f  2733 2734 2735 2736
v  4.52604E+02  1.36997E+02  1.36707E+02
v  4.69560E+02  1.36997E+02  1.36707E+02
v  4.69560E+02  1.36997E+02  1.17207E+02
v  4.52604E+02  1.36997E+02  1.17207E+02
v  4.52604E+02  7.86969E+01  1.36707E+02
v  4.69560E+02  7.86969E+01  1.36707E+02
v  4.69560E+02  7.86969E+01  1.17207E+02
v  4.52604E+02  7.86969E+01  1.17207E+02
g vc_ws_4583
s 0
f  2737 2738 2739 2740
f  2737 2738 2742 2741
f  2739 2738 2742 2743
f  2740 2739 2743 2744
f  2740 2737 2741 2744
f  2741 2742 2743 2744
v -1.22845E+02  1.96883E+02  1.14325E+02
v -8.90872E+01  1.96883E+02  1.14325E+02
v -8.90872E+01  1.96883E+02  9.93251E+01
v -1.22845E+02  1.96883E+02  9.93251E+01
v -1.22845E+02  1.30362E+02  1.14325E+02
v -8.90872E+01  1.30362E+02  1.14325E+02
v -8.90872E+01  1.30362E+02  9.93251E+01
v -1.22845E+02  1.30362E+02  9.93251E+01
g vc_ws_4598
s 0
f  2745 2746 2747 2748
f  2745 2746 2750 2749
f  2747 2746 2750 2751
f  2748 2747 2751 2752
f  2748 2745 2749 2752
f  2749 2750 2751 2752
v -8.31165E+02  1.84188E+02 -5.10343E+02
v -8.07665E+02  1.84188E+02 -5.10343E+02
v -8.07665E+02  1.84188E+02 -5.32843E+02
v -8.31165E+02  1.84188E+02 -5.32843E+02
v -8.31165E+02  1.36628E+02 -5.10343E+02
v -8.07665E+02  1.36628E+02 -5.10343E+02
v -8.07665E+02  1.36628E+02 -5.32843E+02
v -8.31165E+02  1.36628E+02 -5.32843E+02
g vc_ws_4614
s 0
f  2753 2754 2755 2756
f  2753 2754 2758 2757
f  2755 2754 2758 2759
f  2756 2755 2759 2760
f  2756 2753 2757 2760
f  2757 2758 2759 2760
v  4.52604E+02  1.36558E+02  1.55506E+02
v  4.69560E+02  1.36558E+02  1.55506E+02
v  4.69560E+02  1.36558E+02  1.36707E+02
v  4.52604E+02  1.36558E+02  1.36707E+02
v  4.52604E+02  8.38223E+01  1.55506E+02
v  4.69560E+02  8.38223E+01  1.55506E+02
v  4.69560E+02  8.38223E+01  1.36707E+02
v  4.52604E+02  8.38223E+01  1.36707E+02
g vc_ws_4626
s 0
f  2761 2762 2763 2764
f  2761 2762 2766 2765
f  2763 2762 2766 2767
f  2764 2763 2767 2768
f  2764 2761 2765 2768
f  2765 2766 2767 2768
v -5.52064E+02  1.43941E+02  1.19950E+02
v -5.34564E+02  1.43941E+02  1.19950E+02
v -5.34564E+02  1.43941E+02  9.71943E+01
v -5.52064E+02  1.43941E+02  9.71943E+01
v -5.52064E+02  1.11108E+02  1.19950E+02
v -5.34564E+02  1.11108E+02  1.19950E+02
v -5.34564E+02  1.11108E+02  9.71943E+01
v -5.52064E+02  1.11108E+02  9.71943E+01
g vc_ws_4630
s 0
f  2769 2770 2771 2772
f  2769 2770 2774 2773
f  2771 2770 2774 2775
f  2772 2771 2775 2776
f  2772 2769 2773 2776
f  2773 2774 2775 2776
v  7.80876E+01  2.67715E+01 -1.15323E+03
v  1.24900E+02  2.67715E+01 -1.15323E+03
v  1.24900E+02  2.67715E+01 -1.18273E+03
v  7.80876E+01  2.67715E+01 -1.18273E+03
v  7.80876E+01  1.37812E+01 -1.15323E+03
v  1.24900E+02  1.37812E+01 -1.15323E+03
v  1.24900E+02  1.37812E+01 -1.18273E+03
v  7.80876E+01  1.37812E+01 -1.18273E+03
g vc_ws_4637
s 0
f  2777 2778 2779 2780
f  2777 2778 2782 2781
f  2779 2778 2782 2783
f  2780 2779 2783 2784
f  2780 2777 2781 2784
f  2781 2782 2783 2784
v  4.52604E+02  1.34883E+02  1.17207E+02
v  4.69560E+02  1.34883E+02  1.17207E+02
v  4.69560E+02  1.34883E+02  9.92006E+01
v  4.52604E+02  1.34883E+02  9.92006E+01
v  4.52604E+02  7.87075E+01  1.17207E+02
v  4.69560E+02  7.87075E+01  1.17207E+02
v  4.69560E+02  7.87075E+01  9.92006E+01
v  4.52604E+02  7.87075E+01  9.92006E+01
g vc_ws_4641
s 0
f  2785 2786 2787 2788
f  2785 2786 2790 2789
f  2787 2786 2790 2791
f  2788 2787 2791 2792
f  2788 2785 2789 2792
f  2789 2790 2791 2792
v  5.32300E+02  5.75635E+01 -1.92822E+02
v  5.51368E+02  5.75635E+01 -1.92822E+02
v  5.51368E+02  5.75635E+01 -2.25322E+02
v  5.32300E+02  5.75635E+01 -2.25322E+02
v  5.32300E+02  4.35099E+01 -1.92822E+02
v  5.51368E+02  4.35099E+01 -1.92822E+02
v  5.51368E+02  4.35099E+01 -2.25322E+02
v  5.32300E+02  4.35099E+01 -2.25322E+02
g vc_ws_4721
s 0
f  2793 2794 2795 2796
f  2793 2794 2798 2797
f  2795 2794 2798 2799
f  2796 2795 2799 2800
f  2796 2793 2797 2800
f  2797 2798 2799 2800
v -1.81676E+02  3.17464E+01 -9.95790E+02
v -1.65935E+02  3.17464E+01 -9.95790E+02
v -1.65935E+02  3.17464E+01 -1.06104E+03
v -1.81676E+02  3.17464E+01 -1.06104E+03
v -1.81676E+02  2.18450E+01 -9.95790E+02
v -1.65935E+02  2.18450E+01 -9.95790E+02
v -1.65935E+02  2.18450E+01 -1.06104E+03
v -1.81676E+02  2.18450E+01 -1.06104E+03
g vc_ws_4745
s 0
f  2801 2802 2803 2804
f  2801 2802 2806 2805
f  2803 2802 2806 2807
f  2804 2803 2807 2808
f  2804 2801 2805 2808
f  2805 2806 2807 2808
v -7.82790E+02  1.75037E+02 -2.97374E+02
v -7.66290E+02  1.75037E+02 -2.97374E+02
v -7.66290E+02  1.75037E+02 -3.30210E+02
v -7.82790E+02  1.75037E+02 -3.30210E+02
v -7.82790E+02  1.54225E+02 -2.97374E+02
v -7.66290E+02  1.54225E+02 -2.97374E+02
v -7.66290E+02  1.54225E+02 -3.30210E+02
v -7.82790E+02  1.54225E+02 -3.30210E+02
g vc_ws_4762
s 0
f  2809 2810 2811 2812
f  2809 2810 2814 2813
f  2811 2810 2814 2815
f  2812 2811 2815 2816
f  2812 2809 2813 2816
f  2813 2814 2815 2816
v  1.24900E+02  2.16788E+01 -1.15323E+03
v  1.71176E+02  2.16788E+01 -1.15323E+03
v  1.71176E+02  2.16788E+01 -1.18273E+03
v  1.24900E+02  2.16788E+01 -1.18273E+03
v  1.24900E+02  1.02011E+01 -1.15323E+03
v  1.71176E+02  1.02011E+01 -1.15323E+03
v  1.71176E+02  1.02011E+01 -1.18273E+03
v  1.24900E+02  1.02011E+01 -1.18273E+03
g vc_ws_4765
s 0
f  2817 2818 2819 2820
f  2817 2818 2822 2821
f  2819 2818 2822 2823
f  2820 2819 2823 2824
f  2820 2817 2821 2824
f  2821 2822 2823 2824
v -9.12617E+01  2.87628E+01 -9.13885E+02
v -4.77617E+01  2.87628E+01 -9.13885E+02
v -4.77617E+01  2.87628E+01 -9.38385E+02
v -9.12617E+01  2.87628E+01 -9.38385E+02
v -9.12617E+01  2.29887E+01 -9.13885E+02
v -4.77617E+01  2.29887E+01 -9.13885E+02
v -4.77617E+01  2.29887E+01 -9.38385E+02
v -9.12617E+01  2.29887E+01 -9.38385E+02
g vc_ws_4769
s 0
f  2825 2826 2827 2828
f  2825 2826 2830 2829
f  2827 2826 2830 2831
f  2828 2827 2831 2832
f  2828 2825 2829 2832
f  2829 2830 2831 2832
v -3.06957E+01  5.14879E+01 -3.28652E+02
v -7.82824E+00  5.14879E+01 -3.28652E+02
v -7.82824E+00  5.14879E+01 -3.56185E+02
v -3.06957E+01  5.14879E+01 -3.56185E+02
v -3.06957E+01  3.88284E+01 -3.28652E+02
v -7.82824E+00  3.88284E+01 -3.28652E+02
v -7.82824E+00  3.88284E+01 -3.56185E+02
v -3.06957E+01  3.88284E+01 -3.56185E+02
g vc_ws_4771
s 0
f  2833 2834 2835 2836
f  2833 2834 2838 2837
f  2835 2834 2838 2839
f  2836 2835 2839 2840
f  2836 2833 2837 2840
f  2837 2838 2839 2840
v -3.96092E+02  1.16663E+02 -5.90758E+02
v -3.73592E+02  1.16663E+02 -5.90758E+02
v -3.73592E+02  1.16663E+02 -6.05084E+02
v -3.96092E+02  1.16663E+02 -6.05084E+02
v -3.96092E+02  1.11649E+02 -5.90758E+02
v -3.73592E+02  1.11649E+02 -5.90758E+02
v -3.73592E+02  1.11649E+02 -6.05084E+02
v -3.96092E+02  1.11649E+02 -6.05084E+02
g vc_ws_4780
s 0
f  2841 2842 2843 2844
f  2841 2842 2846 2845
f  2843 2842 2846 2847
f  2844 2843 2847 2848
f  2844 2841 2845 2848
f  2845 2846 2847 2848
v  5.31935E+02  5.12911E+01 -2.57314E+02
v  5.51368E+02  5.12911E+01 -2.57314E+02
v  5.51368E+02  5.12911E+01 -2.89431E+02
v  5.31935E+02  5.12911E+01 -2.89431E+02
v  5.31935E+02  3.94816E+01 -2.57314E+02
v  5.51368E+02  3.94816E+01 -2.57314E+02
v  5.51368E+02  3.94816E+01 -2.89431E+02
v  5.31935E+02  3.94816E+01 -2.89431E+02
g vc_ws_4789
s 0
f  2849 2850 2851 2852
f  2849 2850 2854 2853
f  2851 2850 2854 2855
f  2852 2851 2855 2856
f  2852 2849 2853 2856
f  2853 2854 2855 2856
v  9.30188E+00  5.11376E+01 -3.82869E+02
v  3.08019E+01  5.11376E+01 -3.82869E+02
v  3.08019E+01  5.11376E+01 -4.11369E+02
v  9.30188E+00  5.11376E+01 -4.11369E+02
v  9.30188E+00  3.68299E+01 -3.82869E+02
v  3.08019E+01  3.68299E+01 -3.82869E+02
v  3.08019E+01  3.68299E+01 -4.11369E+02
v  9.30188E+00  3.68299E+01 -4.11369E+02
g vc_ws_4799
s 0
f  2857 2858 2859 2860
f  2857 2858 2862 2861
f  2859 2858 2862 2863
f  2860 2859 2863 2864
f  2860 2857 2861 2864
f  2861 2862 2863 2864
v  9.30188E+00  5.46634E+01 -3.56185E+02
v  3.08019E+01  5.46634E+01 -3.56185E+02
v  3.08019E+01  5.46634E+01 -3.82869E+02
v  9.30188E+00  5.46634E+01 -3.82869E+02
v  9.30188E+00  3.88340E+01 -3.56185E+02
v  3.08019E+01  3.88340E+01 -3.56185E+02
v  3.08019E+01  3.88340E+01 -3.82869E+02
v  9.30188E+00  3.88340E+01 -3.82869E+02
g vc_ws_4803
s 0
f  2865 2866 2867 2868
f  2865 2866 2870 2869
f  2867 2866 2870 2871
f  2868 2867 2871 2872
f  2868 2865 2869 2872
f  2869 2870 2871 2872
v -1.35069E+02  2.96231E+01 -8.88938E+02
v -9.12617E+01  2.96231E+01 -8.88938E+02
v -9.12617E+01  2.96231E+01 -9.10938E+02
v -1.35069E+02  2.96231E+01 -9.10938E+02
v -1.35069E+02  2.17396E+01 -8.88938E+02
v -9.12617E+01  2.17396E+01 -8.88938E+02
v -9.12617E+01  2.17396E+01 -9.10938E+02
v -1.35069E+02  2.17396E+01 -9.10938E+02
g vc_ws_4819
s 0
f  2873 2874 2875 2876
f  2873 2874 2878 2877
f  2875 2874 2878 2879
f  2876 2875 2879 2880
f  2876 2873 2877 2880
f  2877 2878 2879 2880
v -1.81578E+02  2.95793E+01 -9.34438E+02
v -1.65935E+02  2.95793E+01 -9.34438E+02
v -1.65935E+02  2.95793E+01 -9.95790E+02
v -1.81578E+02  2.95793E+01 -9.95790E+02
v -1.81578E+02  2.07904E+01 -9.34438E+02
v -1.65935E+02  2.07904E+01 -9.34438E+02
v -1.65935E+02  2.07904E+01 -9.95790E+02
v -1.81578E+02  2.07904E+01 -9.95790E+02
g vc_ws_4821
s 0
f  2881 2882 2883 2884
f  2881 2882 2886 2885
f  2883 2882 2886 2887
f  2884 2883 2887 2888
f  2884 2881 2885 2888
f  2885 2886 2887 2888
v -8.07665E+02  1.84669E+02 -4.70266E+02
v -7.85665E+02  1.84669E+02 -4.70266E+02
v -7.85665E+02  1.84669E+02 -4.88766E+02
v -8.07665E+02  1.84669E+02 -4.88766E+02
v -8.07665E+02  1.45536E+02 -4.70266E+02
v -7.85665E+02  1.45536E+02 -4.70266E+02
v -7.85665E+02  1.45536E+02 -4.88766E+02
v -8.07665E+02  1.45536E+02 -4.88766E+02
g vc_ws_4825
s 0
f  2889 2890 2891 2892
f  2889 2890 2894 2893
f  2891 2890 2894 2895
f  2892 2891 2895 2896
f  2892 2889 2893 2896
f  2893 2894 2895 2896
v -8.06665E+02  1.84669E+02 -4.29938E+02
v -7.94165E+02  1.84669E+02 -4.29938E+02
v -7.94165E+02  1.84669E+02 -4.52438E+02
v -8.06665E+02  1.84669E+02 -4.52438E+02
v -8.06665E+02  1.06403E+02 -4.29938E+02
v -7.94165E+02  1.06403E+02 -4.29938E+02
v -7.94165E+02  1.06403E+02 -4.52438E+02
v -8.06665E+02  1.06403E+02 -4.52438E+02
g vc_ws_4828
s 0
f  2897 2898 2899 2900
f  2897 2898 2902 2901
f  2899 2898 2902 2903
f  2900 2899 2903 2904
f  2900 2897 2901 2904
f  2901 2902 2903 2904
v -2.58290E+02  1.42092E+02 -1.03416E+02
v -2.42790E+02  1.42092E+02 -1.03416E+02
v -2.42790E+02  1.42092E+02 -1.18916E+02
v -2.58290E+02  1.42092E+02 -1.18916E+02
v -2.58290E+02  8.85873E+01 -1.03416E+02
v -2.42790E+02  8.85873E+01 -1.03416E+02
v -2.42790E+02  8.85873E+01 -1.18916E+02
v -2.58290E+02  8.85873E+01 -1.18916E+02
g vc_ws_4832
s 0
f  2905 2906 2907 2908
f  2905 2906 2910 2909
f  2907 2906 2910 2911
f  2908 2907 2911 2912
f  2908 2905 2909 2912
f  2909 2910 2911 2912
v -7.82824E+00  5.46634E+01 -3.41685E+02
v  2.89762E+01  5.46634E+01 -3.41685E+02
v  2.89762E+01  5.46634E+01 -3.56185E+02
v -7.82824E+00  5.46634E+01 -3.56185E+02
v -7.82824E+00  3.88126E+01 -3.41685E+02
v  2.89762E+01  3.88126E+01 -3.41685E+02
v  2.89762E+01  3.88126E+01 -3.56185E+02
v -7.82824E+00  3.88126E+01 -3.56185E+02
g vc_ws_4833
s 0
f  2913 2914 2915 2916
f  2913 2914 2918 2917
f  2915 2914 2918 2919
f  2916 2915 2919 2920
f  2916 2913 2917 2920
f  2917 2918 2919 2920
v -3.73592E+02  1.16663E+02 -5.90758E+02
v -3.53630E+02  1.16663E+02 -5.90758E+02
v -3.53630E+02  1.16663E+02 -6.05084E+02
v -3.73592E+02  1.16663E+02 -6.05084E+02
v -3.73592E+02  1.11649E+02 -5.90758E+02
v -3.53630E+02  1.11649E+02 -5.90758E+02
v -3.53630E+02  1.11649E+02 -6.05084E+02
v -3.73592E+02  1.11649E+02 -6.05084E+02
g vc_ws_4838
s 0
f  2921 2922 2923 2924
f  2921 2922 2926 2925
f  2923 2922 2926 2927
f  2924 2923 2927 2928
f  2924 2921 2925 2928
f  2925 2926 2927 2928
v -8.07665E+02  1.84669E+02 -4.52438E+02
v -7.85665E+02  1.84669E+02 -4.52438E+02
v -7.85665E+02  1.84669E+02 -4.70266E+02
v -8.07665E+02  1.84669E+02 -4.70266E+02
v -8.07665E+02  1.45536E+02 -4.52438E+02
v -7.85665E+02  1.45536E+02 -4.52438E+02
v -7.85665E+02  1.45536E+02 -4.70266E+02
v -8.07665E+02  1.45536E+02 -4.70266E+02
g vc_ws_4839
s 0
f  2929 2930 2931 2932
f  2929 2930 2934 2933
f  2931 2930 2934 2935
f  2932 2931 2935 2936
f  2932 2929 2933 2936
f  2933 2934 2935 2936
v -4.39592E+02  1.28500E+02 -5.66185E+02
v -4.28092E+02  1.28500E+02 -5.66185E+02
v -4.28092E+02  1.28500E+02 -5.90758E+02
v -4.39592E+02  1.28500E+02 -5.90758E+02
v -4.39592E+02  1.11649E+02 -5.66185E+02
v -4.28092E+02  1.11649E+02 -5.66185E+02
v -4.28092E+02  1.11649E+02 -5.90758E+02
v -4.39592E+02  1.11649E+02 -5.90758E+02
g vc_ws_4848
s 0
f  2937 2938 2939 2940
f  2937 2938 2942 2941
f  2939 2938 2942 2943
f  2940 2939 2943 2944
f  2940 2937 2941 2944
f  2941 2942 2943 2944
v -3.73592E+02  8.66974E+01 -5.66185E+02
v -3.53630E+02  8.66974E+01 -5.66185E+02
v -3.53630E+02  8.66974E+01 -5.90758E+02
v -3.73592E+02  8.66974E+01 -5.90758E+02
v -3.73592E+02  5.61535E+01 -5.66185E+02
v -3.53630E+02  5.61535E+01 -5.66185E+02
v -3.53630E+02  5.61535E+01 -5.90758E+02
v -3.73592E+02  5.61535E+01 -5.90758E+02
g vc_ws_4850
s 0
f  2945 2946 2947 2948
f  2945 2946 2950 2949
f  2947 2946 2950 2951
f  2948 2947 2951 2952
f  2948 2945 2949 2952
f  2949 2950 2951 2952
v -2.28790E+02  1.24632E+02 -1.18916E+02
v -2.15290E+02  1.24632E+02 -1.18916E+02
v -2.15290E+02  1.24632E+02 -1.35416E+02
v -2.28790E+02  1.24632E+02 -1.35416E+02
v -2.28790E+02  7.38583E+01 -1.18916E+02
v -2.15290E+02  7.38583E+01 -1.18916E+02
v -2.15290E+02  7.38583E+01 -1.35416E+02
v -2.28790E+02  7.38583E+01 -1.35416E+02
g vc_ws_4865
s 0
f  2953 2954 2955 2956
f  2953 2954 2958 2957
f  2955 2954 2958 2959
f  2956 2955 2959 2960
f  2956 2953 2957 2960
f  2957 2958 2959 2960
v -2.15290E+02  1.24632E+02 -1.18916E+02
v -2.02064E+02  1.24632E+02 -1.18916E+02
v -2.02064E+02  1.24632E+02 -1.35416E+02
v -2.15290E+02  1.24632E+02 -1.35416E+02
v -2.15290E+02  7.38583E+01 -1.18916E+02
v -2.02064E+02  7.38583E+01 -1.18916E+02
v -2.02064E+02  7.38583E+01 -1.35416E+02
v -2.15290E+02  7.38583E+01 -1.35416E+02
g vc_ws_4873
s 0
f  2961 2962 2963 2964
f  2961 2962 2966 2965
f  2963 2962 2966 2967
f  2964 2963 2967 2968
f  2964 2961 2965 2968
f  2965 2966 2967 2968
v  4.34762E+01  6.16972E+01 -3.23685E+02
v  5.64762E+01  6.16972E+01 -3.23685E+02
v  5.64762E+01  6.16972E+01 -3.56185E+02
v  4.34762E+01  6.16972E+01 -3.56185E+02
v  4.34762E+01  4.10051E+01 -3.23685E+02
v  5.64762E+01  4.10051E+01 -3.23685E+02
v  5.64762E+01  4.10051E+01 -3.56185E+02
v  4.34762E+01  4.10051E+01 -3.56185E+02
g vc_ws_4877
s 0
f  2969 2970 2971 2972
f  2969 2970 2974 2973
f  2971 2970 2974 2975
f  2972 2971 2975 2976
f  2972 2969 2973 2976
f  2973 2974 2975 2976
v  2.15900E+02  1.55906E+01 -1.12920E+03
v  2.57603E+02  1.55906E+01 -1.12920E+03
v  2.57603E+02  1.55906E+01 -1.16270E+03
v  2.15900E+02  1.55906E+01 -1.16270E+03
v  2.15900E+02  5.86009E+00 -1.12920E+03
v  2.57603E+02  5.86009E+00 -1.12920E+03
v  2.57603E+02  5.86009E+00 -1.16270E+03
v  2.15900E+02  5.86009E+00 -1.16270E+03
g vc_ws_4879
s 0
f  2977 2978 2979 2980
f  2977 2978 2982 2981
f  2979 2978 2982 2983
f  2980 2979 2983 2984
f  2980 2977 2981 2984
f  2981 2982 2983 2984
v  4.60250E+02  8.12297E+01 -2.81756E+01
v  4.76750E+02  8.12297E+01 -2.81756E+01
v  4.76750E+02  8.12297E+01 -4.76756E+01
v  4.60250E+02  8.12297E+01 -4.76756E+01
v  4.60250E+02  5.93971E+01 -2.81756E+01
v  4.76750E+02  5.93971E+01 -2.81756E+01
v  4.76750E+02  5.93971E+01 -4.76756E+01
v  4.60250E+02  5.93971E+01 -4.76756E+01
g vc_ws_4881
s 0
f  2985 2986 2987 2988
f  2985 2986 2990 2989
f  2987 2986 2990 2991
f  2988 2987 2991 2992
f  2988 2985 2989 2992
f  2989 2990 2991 2992
v  4.60250E+02  8.12297E+01 -4.76756E+01
v  4.76750E+02  8.12297E+01 -4.76756E+01
v  4.76750E+02  8.12297E+01 -6.70057E+01
v  4.60250E+02  8.12297E+01 -6.70057E+01
v  4.60250E+02  5.93971E+01 -4.76756E+01
v  4.76750E+02  5.93971E+01 -4.76756E+01
v  4.76750E+02  5.93971E+01 -6.70057E+01
v  4.60250E+02  5.93971E+01 -6.70057E+01
g vc_ws_4887
s 0
f  2993 2994 2995 2996
f  2993 2994 2998 2997
f  2995 2994 2998 2999
f  2996 2995 2999 3000
f  2996 2993 2997 3000
f  2997 2998 2999 3000
v -4.17092E+02  1.03736E+02 -5.66185E+02
v -3.96092E+02  1.03736E+02 -5.66185E+02
v -3.96092E+02  1.03736E+02 -5.90758E+02
v -4.17092E+02  1.03736E+02 -5.90758E+02
v -4.17092E+02  7.88186E+01 -5.66185E+02
v -3.96092E+02  7.88186E+01 -5.66185E+02
v -3.96092E+02  7.88186E+01 -5.90758E+02
v -4.17092E+02  7.88186E+01 -5.90758E+02
g vc_ws_4904
s 0
f  3001 3002 3003 3004
f  3001 3002 3006 3005
f  3003 3002 3006 3007
f  3004 3003 3007 3008
f  3004 3001 3005 3008
f  3005 3006 3007 3008
v  4.90481E+02  7.93278E+01 -1.05384E+02
v  5.06981E+02  7.93278E+01 -1.05384E+02
v  5.06981E+02  7.93278E+01 -1.23884E+02
v  4.90481E+02  7.93278E+01 -1.23884E+02
v  4.90481E+02  5.28151E+01 -1.05384E+02
v  5.06981E+02  5.28151E+01 -1.05384E+02
v  5.06981E+02  5.28151E+01 -1.23884E+02
v  4.90481E+02  5.28151E+01 -1.23884E+02
g vc_ws_4907
s 0
f  3009 3010 3011 3012
f  3009 3010 3014 3013
f  3011 3010 3014 3015
f  3012 3011 3015 3016
f  3012 3009 3013 3016
f  3013 3014 3015 3016
v  6.73513E+01  4.52352E+01 -4.49054E+02
v  8.93513E+01  4.52352E+01 -4.49054E+02
v  8.93513E+01  4.52352E+01 -4.72055E+02
v  6.73513E+01  4.52352E+01 -4.72055E+02
v  6.73513E+01  3.04615E+01 -4.49054E+02
v  8.93513E+01  3.04615E+01 -4.49054E+02
v  8.93513E+01  3.04615E+01 -4.72055E+02
v  6.73513E+01  3.04615E+01 -4.72055E+02
g vc_ws_4911
s 0
f  3017 3018 3019 3020
f  3017 3018 3022 3021
f  3019 3018 3022 3023
f  3020 3019 3023 3024
f  3020 3017 3021 3024
f  3021 3022 3023 3024
v  4.90481E+02  7.93278E+01 -1.23884E+02
v  5.06981E+02  7.93278E+01 -1.23884E+02
v  5.06981E+02  7.93278E+01 -1.41939E+02
v  4.90481E+02  7.93278E+01 -1.41939E+02
v  4.90481E+02  4.84686E+01 -1.23884E+02
v  5.06981E+02  4.84686E+01 -1.23884E+02
v  5.06981E+02  4.84686E+01 -1.41939E+02
v  4.90481E+02  4.84686E+01 -1.41939E+02
g vc_ws_4913
s 0
f  3025 3026 3027 3028
f  3025 3026 3030 3029
f  3027 3026 3030 3031
f  3028 3027 3031 3032
f  3028 3025 3029 3032
f  3029 3030 3031 3032
v  6.73513E+01  4.19838E+01 -4.72055E+02
v  8.93513E+01  4.19838E+01 -4.72055E+02
v  8.93513E+01  4.19838E+01 -4.96555E+02
v  6.73513E+01  4.19838E+01 -4.96555E+02
v  6.73513E+01  2.75567E+01 -4.72055E+02
v  8.93513E+01  2.75567E+01 -4.72055E+02
v  8.93513E+01  2.75567E+01 -4.96555E+02
v  6.73513E+01  2.75567E+01 -4.96555E+02
g vc_ws_4915
s 0
f  3033 3034 3035 3036
f  3033 3034 3038 3037
f  3035 3034 3038 3039
f  3036 3035 3039 3040
f  3036 3033 3037 3040
f  3037 3038 3039 3040
v  5.30648E+02  4.08994E+01 -5.55816E+02
v  5.48148E+02  4.08994E+01 -5.55816E+02
v  5.48148E+02  4.08994E+01 -5.86316E+02
v  5.30648E+02  4.08994E+01 -5.86316E+02
v  5.30648E+02  3.50241E+01 -5.55816E+02
v  5.48148E+02  3.50241E+01 -5.55816E+02
v  5.48148E+02  3.50241E+01 -5.86316E+02
v  5.30648E+02  3.50241E+01 -5.86316E+02
g vc_ws_4921
s 0
f  3041 3042 3043 3044
f  3041 3042 3046 3045
f  3043 3042 3046 3047
f  3044 3043 3047 3048
f  3044 3041 3045 3048
f  3045 3046 3047 3048
v  2.30690E+01  3.63060E+01 -6.46185E+02
v  4.78131E+01  3.63060E+01 -6.46185E+02
v  4.78131E+01  3.63060E+01 -6.70006E+02
v  2.30690E+01  3.63060E+01 -6.70006E+02
v  2.30690E+01  2.11764E+01 -6.46185E+02
v  4.78131E+01  2.11764E+01 -6.46185E+02
v  4.78131E+01  2.11764E+01 -6.70006E+02
v  2.30690E+01  2.11764E+01 -6.70006E+02
g vc_ws_4923
s 0
f  3049 3050 3051 3052
f  3049 3050 3054 3053
f  3051 3050 3054 3055
f  3052 3051 3055 3056
f  3052 3049 3053 3056
f  3053 3054 3055 3056
v  4.90481E+02  6.92615E+01 -1.41939E+02
v  5.06981E+02  6.92615E+01 -1.41939E+02
v  5.06981E+02  6.92615E+01 -1.61439E+02
v  4.90481E+02  6.92615E+01 -1.61439E+02
v  4.90481E+02  4.85190E+01 -1.41939E+02
v  5.06981E+02  4.85190E+01 -1.41939E+02
v  5.06981E+02  4.85190E+01 -1.61439E+02
v  4.90481E+02  4.85190E+01 -1.61439E+02
g vc_ws_4925
s 0
f  3057 3058 3059 3060
f  3057 3058 3062 3061
f  3059 3058 3062 3063
f  3060 3059 3063 3064
f  3060 3057 3061 3064
f  3061 3062 3063 3064
v -7.64777E+01  2.96231E+01 -8.08685E+02
v -3.87832E+01  2.96231E+01 -8.08685E+02
v -3.87832E+01  2.96231E+01 -8.26685E+02
v -7.64777E+01  2.96231E+01 -8.26685E+02
v -7.64777E+01  2.24071E+01 -8.08685E+02
v -3.87832E+01  2.24071E+01 -8.08685E+02
v -3.87832E+01  2.24071E+01 -8.26685E+02
v -7.64777E+01  2.24071E+01 -8.26685E+02
g vc_ws_4931
s 0
f  3065 3066 3067 3068
f  3065 3066 3070 3069
f  3067 3066 3070 3071
f  3068 3067 3071 3072
f  3068 3065 3069 3072
f  3069 3070 3071 3072
v  5.63798E+02  4.10694E+01 -6.15685E+02
v  5.80298E+02  4.10694E+01 -6.15685E+02
v  5.80298E+02  4.10694E+01 -6.46185E+02
v  5.63798E+02  4.10694E+01 -6.46185E+02
v  5.63798E+02  3.43628E+01 -6.15685E+02
v  5.80298E+02  3.43628E+01 -6.15685E+02
v  5.80298E+02  3.43628E+01 -6.46185E+02
v  5.63798E+02  3.43628E+01 -6.46185E+02
g vc_ws_4933
s 0
f  3073 3074 3075 3076
f  3073 3074 3078 3077
f  3075 3074 3078 3079
f  3076 3075 3079 3080
f  3076 3073 3077 3080
f  3077 3078 3079 3080
v  2.57603E+02  1.43048E+01 -1.03061E+03
v  2.95735E+02  1.43048E+01 -1.03061E+03
v  2.95735E+02  1.43048E+01 -1.06287E+03
v  2.57603E+02  1.43048E+01 -1.06287E+03
v  2.57603E+02  4.31691E+00 -1.03061E+03
v  2.95735E+02  4.31691E+00 -1.03061E+03
v  2.95735E+02  4.31691E+00 -1.06287E+03
v  2.57603E+02  4.31691E+00 -1.06287E+03
g vc_ws_4935
s 0
f  3081 3082 3083 3084
f  3081 3082 3086 3085
f  3083 3082 3086 3087
f  3084 3083 3087 3088
f  3084 3081 3085 3088
f  3085 3086 3087 3088
v  7.23131E+01  3.49195E+01 -6.46185E+02
v  9.64516E+01  3.49195E+01 -6.46185E+02
v  9.64516E+01  3.49195E+01 -6.70006E+02
v  7.23131E+01  3.49195E+01 -6.70006E+02
v  7.23131E+01  2.11834E+01 -6.46185E+02
v  9.64516E+01  2.11834E+01 -6.46185E+02
v  9.64516E+01  2.11834E+01 -6.70006E+02
v  7.23131E+01  2.11834E+01 -6.70006E+02
g vc_ws_4937
s 0
f  3089 3090 3091 3092
f  3089 3090 3094 3093
f  3091 3090 3094 3095
f  3092 3091 3095 3096
f  3092 3089 3093 3096
f  3093 3094 3095 3096
v  5.81094E+02  4.25121E+01 -5.55816E+02
v  5.96782E+02  4.25121E+01 -5.55816E+02
v  5.96782E+02  4.25121E+01 -5.86316E+02
v  5.81094E+02  4.25121E+01 -5.86316E+02
v  5.81094E+02  3.51664E+01 -5.55816E+02
v  5.96782E+02  3.51664E+01 -5.55816E+02
v  5.96782E+02  3.51664E+01 -5.86316E+02
v  5.81094E+02  3.51664E+01 -5.86316E+02
g vc_ws_4939
s 0
f  3097 3098 3099 3100
f  3097 3098 3102 3101
f  3099 3098 3102 3103
f  3100 3099 3103 3104
f  3100 3097 3101 3104
f  3101 3102 3103 3104
v  2.20690E+01  2.99973E+01 -7.69499E+02
v  4.70690E+01  2.99973E+01 -7.69499E+02
v  4.70690E+01  2.99973E+01 -7.94999E+02
v  2.20690E+01  2.99973E+01 -7.94999E+02
v  2.20690E+01  2.22202E+01 -7.69499E+02
v  4.70690E+01  2.22202E+01 -7.69499E+02
v  4.70690E+01  2.22202E+01 -7.94999E+02
v  2.20690E+01  2.22202E+01 -7.94999E+02
g vc_ws_4943
s 0
f  3105 3106 3107 3108
f  3105 3106 3110 3109
f  3107 3106 3110 3111
f  3108 3107 3111 3112
f  3108 3105 3109 3112
f  3109 3110 3111 3112
v  2.57603E+02  1.25165E+01 -1.12800E+03
v  2.96548E+02  1.25165E+01 -1.12800E+03
v  2.96548E+02  1.25165E+01 -1.16150E+03
v  2.57603E+02  1.25165E+01 -1.16150E+03
v  2.57603E+02  2.90686E+00 -1.12800E+03
v  2.96548E+02  2.90686E+00 -1.12800E+03
v  2.96548E+02  2.90686E+00 -1.16150E+03
v  2.57603E+02  2.90686E+00 -1.16150E+03
g vc_ws_4945
s 0
f  3113 3114 3115 3116
f  3113 3114 3118 3117
f  3115 3114 3118 3119
f  3116 3115 3119 3120
f  3116 3113 3117 3120
f  3117 3118 3119 3120
v  9.30188E+00  5.11376E+01 -4.11369E+02
v  3.08019E+01  5.11376E+01 -4.11369E+02
v  3.08019E+01  5.11376E+01 -4.29554E+02
v  9.30188E+00  5.11376E+01 -4.29554E+02
v  9.30188E+00  3.68299E+01 -4.11369E+02
v  3.08019E+01  3.68299E+01 -4.11369E+02
v  3.08019E+01  3.68299E+01 -4.29554E+02
v  9.30188E+00  3.68299E+01 -4.29554E+02
g vc_ws_4947
s 0
f  3121 3122 3123 3124
f  3121 3122 3126 3125
f  3123 3122 3126 3127
f  3124 3123 3127 3128
f  3124 3121 3125 3128
f  3125 3126 3127 3128
v -3.43097E+00  2.77988E+01 -6.94506E+02
v  2.30690E+01  2.77988E+01 -6.94506E+02
v  2.30690E+01  2.77988E+01 -7.19506E+02
v -3.43097E+00  2.77988E+01 -7.19506E+02
v -3.43097E+00  2.07434E+01 -6.94506E+02
v  2.30690E+01  2.07434E+01 -6.94506E+02
v  2.30690E+01  2.07434E+01 -7.19506E+02
v -3.43097E+00  2.07434E+01 -7.19506E+02
g vc_ws_4949
s 0
f  3129 3130 3131 3132
f  3129 3130 3134 3133
f  3131 3130 3134 3135
f  3132 3131 3135 3136
f  3132 3129 3133 3136
f  3133 3134 3135 3136
v  2.20690E+01  2.99973E+01 -7.45006E+02
v  4.70690E+01  2.99973E+01 -7.45006E+02
v  4.70690E+01  2.99973E+01 -7.69499E+02
v  2.20690E+01  2.99973E+01 -7.69499E+02
v  2.20690E+01  2.22202E+01 -7.45006E+02
v  4.70690E+01  2.22202E+01 -7.45006E+02
v  4.70690E+01  2.22202E+01 -7.69499E+02
v  2.20690E+01  2.22202E+01 -7.69499E+02
g vc_ws_4953
s 0
f  3137 3138 3139 3140
f  3137 3138 3142 3141
f  3139 3138 3142 3143
f  3140 3139 3143 3144
f  3140 3137 3141 3144
f  3141 3142 3143 3144
v  2.95735E+02  1.27091E+01 -1.03061E+03
v  3.33611E+02  1.27091E+01 -1.03061E+03
v  3.33611E+02  1.27091E+01 -1.06287E+03
v  2.95735E+02  1.27091E+01 -1.06287E+03
v  2.95735E+02  2.34146E+00 -1.03061E+03
v  3.33611E+02  2.34146E+00 -1.03061E+03
v  3.33611E+02  2.34146E+00 -1.06287E+03
v  2.95735E+02  2.34146E+00 -1.06287E+03
g vc_ws_4955
s 0
f  3145 3146 3147 3148
f  3145 3146 3150 3149
f  3147 3146 3150 3151
f  3148 3147 3151 3152
f  3148 3145 3149 3152
f  3149 3150 3151 3152
v  7.23131E+01  3.03863E+01 -6.70006E+02
v  9.64516E+01  3.03863E+01 -6.70006E+02
v  9.64516E+01  3.03863E+01 -6.94506E+02
v  7.23131E+01  3.03863E+01 -6.94506E+02
v  7.23131E+01  2.12060E+01 -6.70006E+02
v  9.64516E+01  2.12060E+01 -6.70006E+02
v  9.64516E+01  2.12060E+01 -6.94506E+02
v  7.23131E+01  2.12060E+01 -6.94506E+02
g vc_ws_4959
s 0
f  3153 3154 3155 3156
f  3153 3154 3158 3157
f  3155 3154 3158 3159
f  3156 3155 3159 3160
f  3156 3153 3157 3160
f  3157 3158 3159 3160
v  5.36481E+02  6.28492E+01 -1.41939E+02
v  5.50662E+02  6.28492E+01 -1.41939E+02
v  5.50662E+02  6.28492E+01 -1.61439E+02
v  5.36481E+02  6.28492E+01 -1.61439E+02
v  5.36481E+02  4.81794E+01 -1.41939E+02
v  5.50662E+02  4.81794E+01 -1.41939E+02
v  5.50662E+02  4.81794E+01 -1.61439E+02
v  5.36481E+02  4.81794E+01 -1.61439E+02
g vc_ws_4967
s 0
f  3161 3162 3163 3164
f  3161 3162 3166 3165
f  3163 3162 3166 3167
f  3164 3163 3167 3168
f  3164 3161 3165 3168
f  3165 3166 3167 3168
v  5.06010E+02  3.94443E+01 -5.40063E+02
v  5.30648E+02  3.94443E+01 -5.40063E+02
v  5.30648E+02  3.94443E+01 -5.55563E+02
v  5.06010E+02  3.94443E+01 -5.55563E+02
v  5.06010E+02  3.50314E+01 -5.40063E+02
v  5.30648E+02  3.50314E+01 -5.40063E+02
v  5.30648E+02  3.50314E+01 -5.55563E+02
v  5.06010E+02  3.50314E+01 -5.55563E+02
g vc_ws_4971
s 0
f  3169 3170 3171 3172
f  3169 3170 3174 3173
f  3171 3170 3174 3175
f  3172 3171 3175 3176
f  3172 3169 3173 3176
f  3173 3174 3175 3176
v  5.86119E+02  4.07927E+01 -6.69627E+02
v  6.00119E+02  4.07927E+01 -6.69627E+02
v  6.00119E+02  4.07927E+01 -6.94127E+02
v  5.86119E+02  4.07927E+01 -6.94127E+02
v  5.86119E+02  2.86380E+01 -6.69627E+02
v  6.00119E+02  2.86380E+01 -6.69627E+02
v  6.00119E+02  2.86380E+01 -6.94127E+02
v  5.86119E+02  2.86380E+01 -6.94127E+02
g vc_ws_4973
s 0
f  3177 3178 3179 3180
f  3177 3178 3182 3181
f  3179 3178 3182 3183
f  3180 3179 3183 3184
f  3180 3177 3181 3184
f  3181 3182 3183 3184
v  5.11539E+02  4.28363E+01 -4.22840E+02
v  5.28539E+02  4.28363E+01 -4.22840E+02
v  5.28539E+02  4.28363E+01 -4.41340E+02
v  5.11539E+02  4.28363E+01 -4.41340E+02
v  5.11539E+02  3.52837E+01 -4.22840E+02
v  5.28539E+02  3.52837E+01 -4.22840E+02
v  5.28539E+02  3.52837E+01 -4.41340E+02
v  5.11539E+02  3.52837E+01 -4.41340E+02
g vc_ws_4981
s 0
f  3185 3186 3187 3188
f  3185 3186 3190 3189
f  3187 3186 3190 3191
f  3188 3187 3191 3192
f  3188 3185 3189 3192
f  3189 3190 3191 3192
v  5.11539E+02  4.28363E+01 -4.04845E+02
v  5.28539E+02  4.28363E+01 -4.04845E+02
v  5.28539E+02  4.28363E+01 -4.22840E+02
v  5.11539E+02  4.28363E+01 -4.22840E+02
v  5.11539E+02  3.52837E+01 -4.04845E+02
v  5.28539E+02  3.52837E+01 -4.04845E+02
v  5.28539E+02  3.52837E+01 -4.22840E+02
v  5.11539E+02  3.52837E+01 -4.22840E+02
g vc_ws_4983
s 0
f  3193 3194 3195 3196
f  3193 3194 3198 3197
f  3195 3194 3198 3199
f  3196 3195 3199 3200
f  3196 3193 3197 3200
f  3197 3198 3199 3200
v  3.33611E+02  1.07686E+01 -1.03061E+03
v  3.59111E+02  1.07686E+01 -1.03061E+03
v  3.59111E+02  1.07686E+01 -1.06250E+03
v  3.33611E+02  1.07686E+01 -1.06250E+03
v  3.33611E+02  2.35116E+00 -1.03061E+03
v  3.59111E+02  2.35116E+00 -1.03061E+03
v  3.59111E+02  2.35116E+00 -1.06250E+03
v  3.33611E+02  2.35116E+00 -1.06250E+03
g vc_ws_4987
s 0
f  3201 3202 3203 3204
f  3201 3202 3206 3205
f  3203 3202 3206 3207
f  3204 3203 3207 3208
f  3204 3201 3205 3208
f  3205 3206 3207 3208
v  3.59111E+02  1.07686E+01 -1.03061E+03
v  3.82936E+02  1.07686E+01 -1.03061E+03
v  3.82936E+02  1.07686E+01 -1.06250E+03
v  3.59111E+02  1.07686E+01 -1.06250E+03
v  3.59111E+02  2.35116E+00 -1.03061E+03
v  3.82936E+02  2.35116E+00 -1.03061E+03
v  3.82936E+02  2.35116E+00 -1.06250E+03
v  3.59111E+02  2.35116E+00 -1.06250E+03
g vc_ws_4993
s 0
f  3209 3210 3211 3212
f  3209 3210 3214 3213
f  3211 3210 3214 3215
f  3212 3211 3215 3216
f  3212 3209 3213 3216
f  3213 3214 3215 3216
v  5.11527E+02  4.28363E+01 -3.91345E+02
v  5.28527E+02  4.28363E+01 -3.91345E+02
v  5.28527E+02  4.28363E+01 -4.04845E+02
v  5.11527E+02  4.28363E+01 -4.04845E+02
v  5.11527E+02  3.57273E+01 -3.91345E+02
v  5.28527E+02  3.57273E+01 -3.91345E+02
v  5.28527E+02  3.57273E+01 -4.04845E+02
v  5.11527E+02  3.57273E+01 -4.04845E+02
g vc_ws_4997
s 0
f  3217 3218 3219 3220
f  3217 3218 3222 3221
f  3219 3218 3222 3223
f  3220 3219 3223 3224
f  3220 3217 3221 3224
f  3221 3222 3223 3224
v  5.85397E+02  2.64165E+01 -8.41530E+02
v  5.99397E+02  2.64165E+01 -8.41530E+02
v  5.99397E+02  2.64165E+01 -8.65539E+02
v  5.85397E+02  2.64165E+01 -8.65539E+02
v  5.85397E+02  1.30349E+01 -8.41530E+02
v  5.99397E+02  1.30349E+01 -8.41530E+02
v  5.99397E+02  1.30349E+01 -8.65539E+02
v  5.85397E+02  1.30349E+01 -8.65539E+02
g vc_ws_4999
s 0
f  3225 3226 3227 3228
f  3225 3226 3230 3229
f  3227 3226 3230 3231
f  3228 3227 3231 3232
f  3228 3225 3229 3232
f  3229 3230 3231 3232
v  4.81603E+02  4.06162E+01 -4.95395E+02
v  4.96103E+02  4.06162E+01 -4.95395E+02
v  4.96103E+02  4.06162E+01 -5.10395E+02
v  4.81603E+02  4.06162E+01 -5.10395E+02
v  4.81603E+02  3.48472E+01 -4.95395E+02
v  4.96103E+02  3.48472E+01 -4.95395E+02
v  4.96103E+02  3.48472E+01 -5.10395E+02
v  4.81603E+02  3.48472E+01 -5.10395E+02
g vc_ws_5003
s 0
f  3233 3234 3235 3236
f  3233 3234 3238 3237
f  3235 3234 3238 3239
f  3236 3235 3239 3240
f  3236 3233 3237 3240
f  3237 3238 3239 3240
v  5.22603E+02  4.31943E+01 -5.10395E+02
v  5.34727E+02  4.31943E+01 -5.10395E+02
v  5.34727E+02  4.31943E+01 -5.26895E+02
v  5.22603E+02  4.31943E+01 -5.26895E+02
v  5.22603E+02  3.48199E+01 -5.10395E+02
v  5.34727E+02  3.48199E+01 -5.10395E+02
v  5.34727E+02  3.48199E+01 -5.26895E+02
v  5.22603E+02  3.48199E+01 -5.26895E+02
g vc_ws_5007
s 0
f  3241 3242 3243 3244
f  3241 3242 3246 3245
f  3243 3242 3246 3247
f  3244 3243 3247 3248
f  3244 3241 3245 3248
f  3245 3246 3247 3248
v  5.69624E+02  1.57445E+01 -9.41742E+02
v  5.85124E+02  1.57445E+01 -9.41742E+02
v  5.85124E+02  1.57445E+01 -9.66345E+02
v  5.69624E+02  1.57445E+01 -9.66345E+02
v  5.69624E+02  5.12181E+00 -9.41742E+02
v  5.85124E+02  5.12181E+00 -9.41742E+02
v  5.85124E+02  5.12181E+00 -9.66345E+02
v  5.69624E+02  5.12181E+00 -9.66345E+02
g vc_ws_5017
s 0
f  3249 3250 3251 3252
f  3249 3250 3254 3253
f  3251 3250 3254 3255
f  3252 3251 3255 3256
f  3252 3249 3253 3256
f  3253 3254 3255 3256
v  5.85124E+02  1.54988E+01 -1.01964E+03
v  5.99124E+02  1.54988E+01 -1.01964E+03
v  5.99124E+02  1.54988E+01 -1.04214E+03
v  5.85124E+02  1.54988E+01 -1.04214E+03
v  5.85124E+02  1.73281E+00 -1.01964E+03
v  5.99124E+02  1.73281E+00 -1.01964E+03
v  5.99124E+02  1.73281E+00 -1.04214E+03
v  5.85124E+02  1.73281E+00 -1.04214E+03
g vc_ws_5021
s 0
f  3257 3258 3259 3260
f  3257 3258 3262 3261
f  3259 3258 3262 3263
f  3260 3259 3263 3264
f  3260 3257 3261 3264
f  3261 3262 3263 3264
v  4.11162E+02  1.03030E+01 -1.04214E+03
v  4.25662E+02  1.03030E+01 -1.04214E+03
v  4.25662E+02  1.03030E+01 -1.06689E+03
v  4.11162E+02  1.03030E+01 -1.06689E+03
v  4.11162E+02  1.57967E+00 -1.04214E+03
v  4.25662E+02  1.57967E+00 -1.04214E+03
v  4.25662E+02  1.57967E+00 -1.06689E+03
v  4.11162E+02  1.57967E+00 -1.06689E+03
g vc_ws_5023
s 0
f  3265 3266 3267 3268
f  3265 3266 3270 3269
f  3267 3266 3270 3271
f  3268 3267 3271 3272
f  3268 3265 3269 3272
f  3269 3270 3271 3272
v  6.81692E+01  3.61785E+01 -5.95702E+02
v  9.01692E+01  3.61785E+01 -5.95702E+02
v  9.01692E+01  3.61785E+01 -6.11685E+02
v  6.81692E+01  3.61785E+01 -6.11685E+02
v  6.81692E+01  2.90999E+01 -5.95702E+02
v  9.01692E+01  2.90999E+01 -5.95702E+02
v  9.01692E+01  2.90999E+01 -6.11685E+02
v  6.81692E+01  2.90999E+01 -6.11685E+02
g vc_ws_5025
s 0
f  3273 3274 3275 3276
f  3273 3274 3278 3277
f  3275 3274 3278 3279
f  3276 3275 3279 3280
f  3276 3273 3277 3280
f  3277 3278 3279 3280
v  4.11162E+02  8.05896E+00 -1.07889E+03
v  4.38662E+02  8.05896E+00 -1.07889E+03
v  4.38662E+02  8.05896E+00 -1.09239E+03
v  4.11162E+02  8.05896E+00 -1.09239E+03
v  4.11162E+02  1.59089E+00 -1.07889E+03
v  4.38662E+02  1.59089E+00 -1.07889E+03
v  4.38662E+02  1.59089E+00 -1.09239E+03
v  4.11162E+02  1.59089E+00 -1.09239E+03
g vc_ws_5027
s 0
f  3281 3282 3283 3284
f  3281 3282 3286 3285
f  3283 3282 3286 3287
f  3284 3283 3287 3288
f  3284 3281 3285 3288
f  3285 3286 3287 3288
v -4.39592E+02  1.17747E+02 -5.90758E+02
v -4.17092E+02  1.17747E+02 -5.90758E+02
v -4.17092E+02  1.17747E+02 -6.16258E+02
v -4.39592E+02  1.17747E+02 -6.16258E+02
v -4.39592E+02  1.14698E+02 -5.90758E+02
v -4.17092E+02  1.14698E+02 -5.90758E+02
v -4.17092E+02  1.14698E+02 -6.16258E+02
v -4.39592E+02  1.14698E+02 -6.16258E+02
g vc_ws_5029
s 0
f  3289 3290 3291 3292
f  3289 3290 3294 3293
f  3291 3290 3294 3295
f  3292 3291 3295 3296
f  3292 3289 3293 3296
f  3293 3294 3295 3296
v -4.39592E+02  1.14698E+02 -5.90758E+02
v -4.17092E+02  1.14698E+02 -5.90758E+02
v -4.17092E+02  1.14698E+02 -6.16258E+02
v -4.39592E+02  1.14698E+02 -6.16258E+02
v -4.39592E+02  1.11649E+02 -5.90758E+02
v -4.17092E+02  1.11649E+02 -5.90758E+02
v -4.17092E+02  1.11649E+02 -6.16258E+02
v -4.39592E+02  1.11649E+02 -6.16258E+02
g vc_ws_5030
s 0
f  3297 3298 3299 3300
f  3297 3298 3302 3301
f  3299 3298 3302 3303
f  3300 3299 3303 3304
f  3300 3297 3301 3304
f  3301 3302 3303 3304
v  4.94027E+02  4.28363E+01 -3.80345E+02
v  5.11527E+02  4.28363E+01 -3.80345E+02
v  5.11527E+02  4.28363E+01 -4.04845E+02
v  4.94027E+02  4.28363E+01 -4.04845E+02
v  4.94027E+02  3.92818E+01 -3.80345E+02
v  5.11527E+02  3.92818E+01 -3.80345E+02
v  5.11527E+02  3.92818E+01 -4.04845E+02
v  4.94027E+02  3.92818E+01 -4.04845E+02
g vc_ws_5031
s 0
f  3305 3306 3307 3308
f  3305 3306 3310 3309
f  3307 3306 3310 3311
f  3308 3307 3311 3312
f  3308 3305 3309 3312
f  3309 3310 3311 3312
v  4.94027E+02  3.92818E+01 -3.80345E+02
v  5.11527E+02  3.92818E+01 -3.80345E+02
v  5.11527E+02  3.92818E+01 -4.04845E+02
v  4.94027E+02  3.92818E+01 -4.04845E+02
v  4.94027E+02  3.57273E+01 -3.80345E+02
v  5.11527E+02  3.57273E+01 -3.80345E+02
v  5.11527E+02  3.57273E+01 -4.04845E+02
v  4.94027E+02  3.57273E+01 -4.04845E+02
g vc_ws_5032
s 0
f  3313 3314 3315 3316
f  3313 3314 3318 3317
f  3315 3314 3318 3319
f  3316 3315 3319 3320
f  3316 3313 3317 3320
f  3317 3318 3319 3320
v  5.19269E+02  8.21180E+00 -1.05339E+03
v  5.36117E+02  8.21180E+00 -1.05339E+03
v  5.36117E+02  8.21180E+00 -1.06689E+03
v  5.19269E+02  8.21180E+00 -1.06689E+03
v  5.19269E+02  6.96744E-01 -1.05339E+03
v  5.36117E+02  6.96744E-01 -1.05339E+03
v  5.36117E+02  6.96744E-01 -1.06689E+03
v  5.19269E+02  6.96744E-01 -1.06689E+03
g vc_ws_5035
s 0
f  3321 3322 3323 3324
f  3321 3322 3326 3325
f  3323 3322 3326 3327
f  3324 3323 3327 3328
f  3324 3321 3325 3328
f  3325 3326 3327 3328
v  4.65282E+02  7.71644E+00 -1.04214E+03
v  4.83782E+02  7.71644E+00 -1.04214E+03
v  4.83782E+02  7.71644E+00 -1.05339E+03
v  4.65282E+02  7.71644E+00 -1.05339E+03
v  4.65282E+02 -3.83897E-01 -1.04214E+03
v  4.83782E+02 -3.83897E-01 -1.04214E+03
v  4.83782E+02 -3.83897E-01 -1.05339E+03
v  4.65282E+02 -3.83897E-01 -1.05339E+03
g vc_ws_5041
s 0
f  3329 3330 3331 3332
f  3329 3330 3334 3333
f  3331 3330 3334 3335
f  3332 3331 3335 3336
f  3332 3329 3333 3336
f  3333 3334 3335 3336
v  4.83782E+02  7.71644E+00 -1.04214E+03
v  5.00769E+02  7.71644E+00 -1.04214E+03
v  5.00769E+02  7.71644E+00 -1.05339E+03
v  4.83782E+02  7.71644E+00 -1.05339E+03
v  4.83782E+02 -3.83897E-01 -1.04214E+03
v  5.00769E+02 -3.83897E-01 -1.04214E+03
v  5.00769E+02 -3.83897E-01 -1.05339E+03
v  4.83782E+02 -3.83897E-01 -1.05339E+03
g vc_ws_5049
s 0
f  3337 3338 3339 3340
f  3337 3338 3342 3341
f  3339 3338 3342 3343
f  3340 3339 3343 3344
f  3340 3337 3341 3344
f  3341 3342 3343 3344
v  5.52617E+02  7.80647E+00 -1.04214E+03
v  5.66617E+02  7.80647E+00 -1.04214E+03
v  5.66617E+02  7.80647E+00 -1.05425E+03
v  5.52617E+02  7.80647E+00 -1.05425E+03
v  5.52617E+02  6.98771E-01 -1.04214E+03
v  5.66617E+02  6.98771E-01 -1.04214E+03
v  5.66617E+02  6.98771E-01 -1.05425E+03
v  5.52617E+02  6.98771E-01 -1.05425E+03
g vc_ws_5053
s 0
f  3345 3346 3347 3348
f  3345 3346 3350 3349
f  3347 3346 3350 3351
f  3348 3347 3351 3352
f  3348 3345 3349 3352
f  3349 3350 3351 3352
v -6.81336E+02  1.73128E+02  1.19027E+02
v -6.38354E+02  1.73128E+02  1.19027E+02
v -6.38354E+02  1.73128E+02  7.64077E+01
v -6.81336E+02  1.73128E+02  7.64077E+01
v -6.81336E+02  1.11390E+02  1.19027E+02
v -6.38354E+02  1.11390E+02  1.19027E+02
v -6.38354E+02  1.11390E+02  7.64077E+01
v -6.81336E+02  1.11390E+02  7.64077E+01
g vc_ws_5088
s 0
f  3353 3354 3355 3356
f  3353 3354 3358 3357
f  3355 3354 3358 3359
f  3356 3355 3359 3360
f  3356 3353 3357 3360
f  3357 3358 3359 3360
v  1.32393E+01  1.77856E+02  2.02224E+02
v  6.24147E+01  1.77856E+02  2.02224E+02
v  6.24147E+01  1.77856E+02  1.72069E+02
v  1.32393E+01  1.77856E+02  1.72069E+02
v  1.32393E+01  1.18078E+02  2.02224E+02
v  6.24147E+01  1.18078E+02  2.02224E+02
v  6.24147E+01  1.18078E+02  1.72069E+02
v  1.32393E+01  1.18078E+02  1.72069E+02
g vc_ws_5102
s 0
f  3361 3362 3363 3364
f  3361 3362 3366 3365
f  3363 3362 3366 3367
f  3364 3363 3367 3368
f  3364 3361 3365 3368
f  3365 3366 3367 3368
v -6.81336E+02  1.73128E+02  7.64077E+01
v -6.38336E+02  1.73128E+02  7.64077E+01
v -6.38336E+02  1.73128E+02  4.92462E+01
v -6.81336E+02  1.73128E+02  4.92462E+01
v -6.81336E+02  1.11390E+02  7.64077E+01
v -6.38336E+02  1.11390E+02  7.64077E+01
v -6.38336E+02  1.11390E+02  4.92462E+01
v -6.81336E+02  1.11390E+02  4.92462E+01
g vc_ws_5140
s 0
f  3369 3370 3371 3372
f  3369 3370 3374 3373
f  3371 3370 3374 3375
f  3372 3371 3375 3376
f  3372 3369 3373 3376
f  3373 3374 3375 3376
v -3.71564E+01  1.82910E+02  2.02224E+02
v -1.56564E+01  1.82910E+02  2.02224E+02
v -1.56564E+01  1.82910E+02  1.40569E+02
v -3.71564E+01  1.82910E+02  1.40569E+02
v -3.71564E+01  1.25481E+02  2.02224E+02
v -1.56564E+01  1.25481E+02  2.02224E+02
v -1.56564E+01  1.25481E+02  1.40569E+02
v -3.71564E+01  1.25481E+02  1.40569E+02
g vc_ws_5144
s 0
f  3377 3378 3379 3380
f  3377 3378 3382 3381
f  3379 3378 3382 3383
f  3380 3379 3383 3384
f  3380 3377 3381 3384
f  3381 3382 3383 3384
v -3.77417E+01  1.40449E+02 -4.26943E+01
v -1.02417E+01  1.40449E+02 -4.26943E+01
v -1.02417E+01  1.40449E+02 -7.32200E+01
v -3.77417E+01  1.40449E+02 -7.32200E+01
v -3.77417E+01  6.92175E+01 -4.26943E+01
v -1.02417E+01  6.92175E+01 -4.26943E+01
v -1.02417E+01  6.92175E+01 -7.32200E+01
v -3.77417E+01  6.92175E+01 -7.32200E+01
g vc_ws_5151
s 0
f  3385 3386 3387 3388
f  3385 3386 3390 3389
f  3387 3386 3390 3391
f  3388 3387 3391 3392
f  3388 3385 3389 3392
f  3389 3390 3391 3392
v -3.82115E+02  1.92108E+02  1.19973E+02
v -3.39808E+02  1.92108E+02  1.19973E+02
v -3.39808E+02  1.92108E+02  9.67654E+01
v -3.82115E+02  1.92108E+02  9.67654E+01
v -3.82115E+02  1.14196E+02  1.19973E+02
v -3.39808E+02  1.14196E+02  1.19973E+02
v -3.39808E+02  1.14196E+02  9.67654E+01
v -3.82115E+02  1.14196E+02  9.67654E+01
g vc_ws_5182
s 0
f  3393 3394 3395 3396
f  3393 3394 3398 3397
f  3395 3394 3398 3399
f  3396 3395 3399 3400
f  3396 3393 3397 3400
f  3397 3398 3399 3400
v -1.02417E+01  1.06594E+02 -1.05720E+02
v  1.56562E+01  1.06594E+02 -1.05720E+02
v  1.56562E+01  1.06594E+02 -1.37173E+02
v -1.02417E+01  1.06594E+02 -1.37173E+02
v -1.02417E+01  5.61072E+01 -1.05720E+02
v  1.56562E+01  5.61072E+01 -1.05720E+02
v  1.56562E+01  5.61072E+01 -1.37173E+02
v -1.02417E+01  5.61072E+01 -1.37173E+02
g vc_ws_5205
s 0
f  3401 3402 3403 3404
f  3401 3402 3406 3405
f  3403 3402 3406 3407
f  3404 3403 3407 3408
f  3404 3401 3405 3408
f  3405 3406 3407 3408
v -6.42389E+02  1.72047E+02  2.14656E+02
v -6.01889E+02  1.72047E+02  2.14656E+02
v -6.01889E+02  1.72047E+02  1.88980E+02
v -6.42389E+02  1.72047E+02  1.88980E+02
v -6.42389E+02  1.38752E+02  2.14656E+02
v -6.01889E+02  1.38752E+02  2.14656E+02
v -6.01889E+02  1.38752E+02  1.88980E+02
v -6.42389E+02  1.38752E+02  1.88980E+02
g vc_ws_5228
s 0
f  3409 3410 3411 3412
f  3409 3410 3414 3413
f  3411 3410 3414 3415
f  3412 3411 3415 3416
f  3412 3409 3413 3416
f  3413 3414 3415 3416
v -8.90872E+01  1.80196E+02  1.45300E+02
v -6.25872E+01  1.80196E+02  1.45300E+02
v -6.25872E+01  1.80196E+02  1.14800E+02
v -8.90872E+01  1.80196E+02  1.14800E+02
v -8.90872E+01  1.28206E+02  1.45300E+02
v -6.25872E+01  1.28206E+02  1.45300E+02
v -6.25872E+01  1.28206E+02  1.14800E+02
v -8.90872E+01  1.28206E+02  1.14800E+02
g vc_ws_5270
s 0
f  3417 3418 3419 3420
f  3417 3418 3422 3421
f  3419 3418 3422 3423
f  3420 3419 3423 3424
f  3420 3417 3421 3424
f  3421 3422 3423 3424
v -3.77417E+01  7.67653E+01 -1.37173E+02
v -1.02417E+01  7.67653E+01 -1.37173E+02
v -1.02417E+01  7.67653E+01 -1.69673E+02
v -3.77417E+01  7.67653E+01 -1.69673E+02
v -3.77417E+01  4.82242E+01 -1.37173E+02
v -1.02417E+01  4.82242E+01 -1.37173E+02
v -1.02417E+01  4.82242E+01 -1.69673E+02
v -3.77417E+01  4.82242E+01 -1.69673E+02
g vc_ws_5279
s 0
f  3425 3426 3427 3428
f  3425 3426 3430 3429
f  3427 3426 3430 3431
f  3428 3427 3431 3432
f  3428 3425 3429 3432
f  3429 3430 3431 3432
v -6.25872E+01  1.52475E+02  1.45300E+02
v -3.71564E+01  1.52475E+02  1.45300E+02
v -3.71564E+01  1.52475E+02  1.14800E+02
v -6.25872E+01  1.52475E+02  1.14800E+02
v -6.25872E+01  1.28206E+02  1.45300E+02
v -3.71564E+01  1.28206E+02  1.45300E+02
v -3.71564E+01  1.28206E+02  1.14800E+02
v -6.25872E+01  1.28206E+02  1.14800E+02
g vc_ws_5294
s 0
f  3433 3434 3435 3436
f  3433 3434 3438 3437
f  3435 3434 3438 3439
f  3436 3435 3439 3440
f  3436 3433 3437 3440
f  3437 3438 3439 3440
v -3.32306E+02  1.20565E+02 -2.86572E+02
v -3.13024E+02  1.20565E+02 -2.86572E+02
v -3.13024E+02  1.20565E+02 -3.15855E+02
v -3.32306E+02  1.20565E+02 -3.15855E+02
v -3.32306E+02  9.72298E+01 -2.86572E+02
v -3.13024E+02  9.72298E+01 -2.86572E+02
v -3.13024E+02  9.72298E+01 -3.15855E+02
v -3.32306E+02  9.72298E+01 -3.15855E+02
g vc_ws_5308
s 0
f  3441 3442 3443 3444
f  3441 3442 3446 3445
f  3443 3442 3446 3447
f  3444 3443 3447 3448
f  3444 3441 3445 3448
f  3445 3446 3447 3448
v -7.42194E+02  1.62228E+02 -6.27734E+02
v -7.16245E+02  1.62228E+02 -6.27734E+02
v -7.16245E+02  1.62228E+02 -6.50234E+02
v -7.42194E+02  1.62228E+02 -6.50234E+02
v -7.42194E+02  1.06403E+02 -6.27734E+02
v -7.16245E+02  1.06403E+02 -6.27734E+02
v -7.16245E+02  1.06403E+02 -6.50234E+02
v -7.42194E+02  1.06403E+02 -6.50234E+02
g vc_ws_5332
s 0
f  3449 3450 3451 3452
f  3449 3450 3454 3453
f  3451 3450 3454 3455
f  3452 3451 3455 3456
f  3452 3449 3453 3456
f  3453 3454 3455 3456
v  3.80167E+02  1.48903E+02  2.64313E+02
v  4.12667E+02  1.48903E+02  2.64313E+02
v  4.12667E+02  1.48903E+02  2.48540E+02
v  3.80167E+02  1.48903E+02  2.48540E+02
v  3.80167E+02  9.17693E+01  2.64313E+02
v  4.12667E+02  9.17693E+01  2.64313E+02
v  4.12667E+02  9.17693E+01  2.48540E+02
v  3.80167E+02  9.17693E+01  2.48540E+02
g vc_ws_5338
s 0
f  3457 3458 3459 3460
f  3457 3458 3462 3461
f  3459 3458 3462 3463
f  3460 3459 3463 3464
f  3460 3457 3461 3464
f  3461 3462 3463 3464
v -6.79368E+02  1.49241E+02 -1.78278E+02
v -6.59368E+02  1.49241E+02 -1.78278E+02
v -6.59368E+02  1.49241E+02 -2.06954E+02
v -6.79368E+02  1.49241E+02 -2.06954E+02
v -6.79368E+02  1.06403E+02 -1.78278E+02
v -6.59368E+02  1.06403E+02 -1.78278E+02
v -6.59368E+02  1.06403E+02 -2.06954E+02
v -6.79368E+02  1.06403E+02 -2.06954E+02
g vc_ws_5340
s 0
f  3465 3466 3467 3468
f  3465 3466 3470 3469
f  3467 3466 3470 3471
f  3468 3467 3471 3472
f  3468 3465 3469 3472
f  3469 3470 3471 3472
v -7.68694E+02  1.79341E+02 -5.86234E+02
v -7.42194E+02  1.79341E+02 -5.86234E+02
v -7.42194E+02  1.79341E+02 -6.07734E+02
v -7.68694E+02  1.79341E+02 -6.07734E+02
v -7.68694E+02  1.06403E+02 -5.86234E+02
v -7.42194E+02  1.06403E+02 -5.86234E+02
v -7.42194E+02  1.06403E+02 -6.07734E+02
v -7.68694E+02  1.06403E+02 -6.07734E+02
g vc_ws_5346
s 0
f  3473 3474 3475 3476
f  3473 3474 3478 3477
f  3475 3474 3478 3479
f  3476 3475 3479 3480
f  3476 3473 3477 3480
f  3477 3478 3479 3480
v -3.14985E+02  1.15347E+02 -3.99970E+02
v -2.94485E+02  1.15347E+02 -3.99970E+02
v -2.94485E+02  1.15347E+02 -4.26970E+02
v -3.14985E+02  1.15347E+02 -4.26970E+02
v -3.14985E+02  1.03378E+02 -3.99970E+02
v -2.94485E+02  1.03378E+02 -3.99970E+02
v -2.94485E+02  1.03378E+02 -4.26970E+02
v -3.14985E+02  1.03378E+02 -4.26970E+02
g vc_ws_5350
s 0
f  3481 3482 3483 3484
f  3481 3482 3486 3485
f  3483 3482 3486 3487
f  3484 3483 3487 3488
f  3484 3481 3485 3488
f  3485 3486 3487 3488
v -7.47868E+02  1.79643E+02 -2.23454E+02
v -7.21868E+02  1.79643E+02 -2.23454E+02
v -7.21868E+02  1.79643E+02 -2.45307E+02
v -7.47868E+02  1.79643E+02 -2.45307E+02
v -7.47868E+02  1.06403E+02 -2.23454E+02
v -7.21868E+02  1.06403E+02 -2.23454E+02
v -7.21868E+02  1.06403E+02 -2.45307E+02
v -7.47868E+02  1.06403E+02 -2.45307E+02
g vc_ws_5352
s 0
f  3489 3490 3491 3492
f  3489 3490 3494 3493
f  3491 3490 3494 3495
f  3492 3491 3495 3496
f  3492 3489 3493 3496
f  3493 3494 3495 3496
v -6.83043E+02  1.77901E+02  2.00980E+02
v -6.42389E+02  1.77901E+02  2.00980E+02
v -6.42389E+02  1.77901E+02  1.81980E+02
v -6.83043E+02  1.77901E+02  1.81980E+02
v -6.83043E+02  1.38994E+02  2.00980E+02
v -6.42389E+02  1.38994E+02  2.00980E+02
v -6.42389E+02  1.38994E+02  1.81980E+02
v -6.83043E+02  1.38994E+02  1.81980E+02
g vc_ws_5374
s 0
f  3497 3498 3499 3500
f  3497 3498 3502 3501
f  3499 3498 3502 3503
f  3500 3499 3503 3504
f  3500 3497 3501 3504
f  3501 3502 3503 3504
v -3.93020E+02  1.47916E+02 -2.67427E+02
v -3.72520E+02  1.47916E+02 -2.67427E+02
v -3.72520E+02  1.47916E+02 -2.92927E+02
v -3.93020E+02  1.47916E+02 -2.92927E+02
v -3.93020E+02  1.04149E+02 -2.67427E+02
v -3.72520E+02  1.04149E+02 -2.67427E+02
v -3.72520E+02  1.04149E+02 -2.92927E+02
v -3.93020E+02  1.04149E+02 -2.92927E+02
g vc_ws_5402
s 0
f  3505 3506 3507 3508
f  3505 3506 3510 3509
f  3507 3506 3510 3511
f  3508 3507 3511 3512
f  3508 3505 3509 3512
f  3509 3510 3511 3512
v -3.33692E+02  1.22215E+02 -3.72470E+02
v -3.14985E+02  1.22215E+02 -3.72470E+02
v -3.14985E+02  1.22215E+02 -3.99970E+02
v -3.33692E+02  1.22215E+02 -3.99970E+02
v -3.33692E+02  1.03378E+02 -3.72470E+02
v -3.14985E+02  1.03378E+02 -3.72470E+02
v -3.14985E+02  1.03378E+02 -3.99970E+02
v -3.33692E+02  1.03378E+02 -3.99970E+02
g vc_ws_5414
s 0
f  3513 3514 3515 3516
f  3513 3514 3518 3517
f  3515 3514 3518 3519
f  3516 3515 3519 3520
f  3516 3513 3517 3520
f  3517 3518 3519 3520
v  3.22936E+02  1.52054E+02  3.03058E+02
v  3.48436E+02  1.52054E+02  3.03058E+02
v  3.48436E+02  1.52054E+02  2.83813E+02
v  3.22936E+02  1.52054E+02  2.83813E+02
v  3.22936E+02  9.83315E+01  3.03058E+02
v  3.48436E+02  9.83315E+01  3.03058E+02
v  3.48436E+02  9.83315E+01  2.83813E+02
v  3.22936E+02  9.83315E+01  2.83813E+02
g vc_ws_5424
s 0
f  3521 3522 3523 3524
f  3521 3522 3526 3525
f  3523 3522 3526 3527
f  3524 3523 3527 3528
f  3524 3521 3525 3528
f  3525 3526 3527 3528
v  3.48436E+02  1.52054E+02  3.03058E+02
v  3.72436E+02  1.52054E+02  3.03058E+02
v  3.72436E+02  1.52054E+02  2.83813E+02
v  3.48436E+02  1.52054E+02  2.83813E+02
v  3.48436E+02  9.83315E+01  3.03058E+02
v  3.72436E+02  9.83315E+01  3.03058E+02
v  3.72436E+02  9.83315E+01  2.83813E+02
v  3.48436E+02  9.83315E+01  2.83813E+02
g vc_ws_5466
s 0
f  3529 3530 3531 3532
f  3529 3530 3534 3533
f  3531 3530 3534 3535
f  3532 3531 3535 3536
f  3532 3529 3533 3536
f  3533 3534 3535 3536
v -4.45615E+02  1.35745E+02  1.19973E+02
v -4.25615E+02  1.35745E+02  1.19973E+02
v -4.25615E+02  1.35745E+02  9.67654E+01
v -4.45615E+02  1.35745E+02  9.67654E+01
v -4.45615E+02  1.00223E+02  1.19973E+02
v -4.25615E+02  1.00223E+02  1.19973E+02
v -4.25615E+02  1.00223E+02  9.67654E+01
v -4.45615E+02  1.00223E+02  9.67654E+01
g vc_ws_5480
s 0
f  3537 3538 3539 3540
f  3537 3538 3542 3541
f  3539 3538 3542 3543
f  3540 3539 3543 3544
f  3540 3537 3541 3544
f  3541 3542 3543 3544
v -1.65935E+02  3.73913E+01 -1.02754E+03
v -1.27513E+02  3.73913E+01 -1.02754E+03
v -1.27513E+02  3.73913E+01 -1.06104E+03
v -1.65935E+02  3.73913E+01 -1.06104E+03
v -1.65935E+02  2.33040E+01 -1.02754E+03
v -1.27513E+02  2.33040E+01 -1.02754E+03
v -1.27513E+02  2.33040E+01 -1.06104E+03
v -1.65935E+02  2.33040E+01 -1.06104E+03
g vc_ws_5493
s 0
f  3545 3546 3547 3548
f  3545 3546 3550 3549
f  3547 3546 3550 3551
f  3548 3547 3551 3552
f  3548 3545 3549 3552
f  3549 3550 3551 3552
v -7.16245E+02  1.50797E+02 -6.25734E+02
v -6.97745E+02  1.50797E+02 -6.25734E+02
v -6.97745E+02  1.50797E+02 -6.50234E+02
v -7.16245E+02  1.50797E+02 -6.50234E+02
v -7.16245E+02  1.06403E+02 -6.25734E+02
v -6.97745E+02  1.06403E+02 -6.25734E+02
v -6.97745E+02  1.06403E+02 -6.50234E+02
v -7.16245E+02  1.06403E+02 -6.50234E+02
g vc_ws_5514
s 0
f  3553 3554 3555 3556
f  3553 3554 3558 3557
f  3555 3554 3558 3559
f  3556 3555 3559 3560
f  3556 3553 3557 3560
f  3557 3558 3559 3560
v -3.80117E+02  1.28804E+02 -5.37685E+02
v -3.66617E+02  1.28804E+02 -5.37685E+02
v -3.66617E+02  1.28804E+02 -5.66185E+02
v -3.80117E+02  1.28804E+02 -5.66185E+02
v -3.80117E+02  7.88178E+01 -5.37685E+02
v -3.66617E+02  7.88178E+01 -5.37685E+02
v -3.66617E+02  7.88178E+01 -5.66185E+02
v -3.80117E+02  7.88178E+01 -5.66185E+02
g vc_ws_5515
s 0
f  3561 3562 3563 3564
f  3561 3562 3566 3565
f  3563 3562 3566 3567
f  3564 3563 3567 3568
f  3564 3561 3565 3568
f  3565 3566 3567 3568
v -7.01368E+02  1.77236E+02 -2.45307E+02
v -6.82868E+02  1.77236E+02 -2.45307E+02
v -6.82868E+02  1.77236E+02 -2.68807E+02
v -7.01368E+02  1.77236E+02 -2.68807E+02
v -7.01368E+02  1.06403E+02 -2.45307E+02
v -6.82868E+02  1.06403E+02 -2.45307E+02
v -6.82868E+02  1.06403E+02 -2.68807E+02
v -7.01368E+02  1.06403E+02 -2.68807E+02
g vc_ws_5544
s 0
f  3569 3570 3571 3572
f  3569 3570 3574 3573
f  3571 3570 3574 3575
f  3572 3571 3575 3576
f  3572 3569 3573 3576
f  3573 3574 3575 3576
v -7.34790E+02  1.73327E+02 -3.59800E+02
v -7.20096E+02  1.73327E+02 -3.59800E+02
v -7.20096E+02  1.73327E+02 -3.88122E+02
v -7.34790E+02  1.73327E+02 -3.88122E+02
v -7.34790E+02  1.06403E+02 -3.59800E+02
v -7.20096E+02  1.06403E+02 -3.59800E+02
v -7.20096E+02  1.06403E+02 -3.88122E+02
v -7.34790E+02  1.06403E+02 -3.88122E+02
g vc_ws_5570
s 0
f  3577 3578 3579 3580
f  3577 3578 3582 3581
f  3579 3578 3582 3583
f  3580 3579 3583 3584
f  3580 3577 3581 3584
f  3581 3582 3583 3584
v -7.01368E+02  1.77236E+02 -2.23454E+02
v -6.82868E+02  1.77236E+02 -2.23454E+02
v -6.82868E+02  1.77236E+02 -2.45307E+02
v -7.01368E+02  1.77236E+02 -2.45307E+02
v -7.01368E+02  1.06403E+02 -2.23454E+02
v -6.82868E+02  1.06403E+02 -2.23454E+02
v -6.82868E+02  1.06403E+02 -2.45307E+02
v -7.01368E+02  1.06403E+02 -2.45307E+02
g vc_ws_5588
s 0
f  3585 3586 3587 3588
f  3585 3586 3590 3589
f  3587 3586 3590 3591
f  3588 3587 3591 3592
f  3588 3585 3589 3592
f  3589 3590 3591 3592
v  4.17922E+02  1.40409E+02  1.98540E+02
v  4.34466E+02  1.40409E+02  1.98540E+02
v  4.34466E+02  1.40409E+02  1.78006E+02
v  4.17922E+02  1.40409E+02  1.78006E+02
v  4.17922E+02  8.71398E+01  1.98540E+02
v  4.34466E+02  8.71398E+01  1.98540E+02
v  4.34466E+02  8.71398E+01  1.78006E+02
v  4.17922E+02  8.71398E+01  1.78006E+02
g vc_ws_5594
s 0
f  3593 3594 3595 3596
f  3593 3594 3598 3597
f  3595 3594 3598 3599
f  3596 3595 3599 3600
f  3596 3593 3597 3600
f  3597 3598 3599 3600
v -5.34564E+02  1.44051E+02  8.61943E+01
v -5.09564E+02  1.44051E+02  8.61943E+01
v -5.09564E+02  1.44051E+02  7.26943E+01
v -5.34564E+02  1.44051E+02  7.26943E+01
v -5.34564E+02  8.92446E+01  8.61943E+01
v -5.09564E+02  8.92446E+01  8.61943E+01
v -5.09564E+02  8.92446E+01  7.26943E+01
v -5.34564E+02  8.92446E+01  7.26943E+01
g vc_ws_5604
s 0
f  3601 3602 3603 3604
f  3601 3602 3606 3605
f  3603 3602 3606 3607
f  3604 3603 3607 3608
f  3604 3601 3605 3608
f  3605 3606 3607 3608
v  6.24147E+01  1.44458E+02  1.90594E+02
v  8.09147E+01  1.44458E+02  1.90594E+02
v  8.09147E+01  1.44458E+02  1.67831E+02
v  6.24147E+01  1.44458E+02  1.67831E+02
v  6.24147E+01  1.18078E+02  1.90594E+02
v  8.09147E+01  1.18078E+02  1.90594E+02
v  8.09147E+01  1.18078E+02  1.67831E+02
v  6.24147E+01  1.18078E+02  1.67831E+02
g vc_ws_5626
s 0
f  3609 3610 3611 3612
f  3609 3610 3614 3613
f  3611 3610 3614 3615
f  3612 3611 3615 3616
f  3612 3609 3613 3616
f  3613 3614 3615 3616
v -1.46825E+02  1.47650E+02 -4.15022E+01
v -1.33325E+02  1.47650E+02 -4.15022E+01
v -1.33325E+02  1.47650E+02 -6.20228E+01
v -1.46825E+02  1.47650E+02 -6.20228E+01
v -1.46825E+02  6.96845E+01 -4.15022E+01
v -1.33325E+02  6.96845E+01 -4.15022E+01
v -1.33325E+02  6.96845E+01 -6.20228E+01
v -1.46825E+02  6.96845E+01 -6.20228E+01
g vc_ws_5646
s 0
f  3617 3618 3619 3620
f  3617 3618 3622 3621
f  3619 3618 3622 3623
f  3620 3619 3623 3624
f  3620 3617 3621 3624
f  3621 3622 3623 3624
v -3.14117E+02  8.26265E+01 -5.37685E+02
v -2.94617E+02  8.26265E+01 -5.37685E+02
v -2.94617E+02  8.26265E+01 -5.66185E+02
v -3.14117E+02  8.26265E+01 -5.66185E+02
v -3.14117E+02  4.80118E+01 -5.37685E+02
v -2.94617E+02  4.80118E+01 -5.37685E+02
v -2.94617E+02  4.80118E+01 -5.66185E+02
v -3.14117E+02  4.80118E+01 -5.66185E+02
g vc_ws_5680
s 0
f  3625 3626 3627 3628
f  3625 3626 3630 3629
f  3627 3626 3630 3631
f  3628 3627 3631 3632
f  3628 3625 3629 3632
f  3629 3630 3631 3632
v -1.65935E+02  2.85847E+01 -9.34438E+02
v -1.27650E+02  2.85847E+01 -9.34438E+02
v -1.27650E+02  2.85847E+01 -9.64290E+02
v -1.65935E+02  2.85847E+01 -9.64290E+02
v -1.65935E+02  2.07954E+01 -9.34438E+02
v -1.27650E+02  2.07954E+01 -9.34438E+02
v -1.27650E+02  2.07954E+01 -9.64290E+02
v -1.65935E+02  2.07954E+01 -9.64290E+02
g vc_ws_5689
s 0
f  3633 3634 3635 3636
f  3633 3634 3638 3637
f  3635 3634 3638 3639
f  3636 3635 3639 3640
f  3636 3633 3637 3640
f  3637 3638 3639 3640
v -6.79368E+02  1.33168E+02 -2.06954E+02
v -6.59368E+02  1.33168E+02 -2.06954E+02
v -6.59368E+02  1.33168E+02 -2.23454E+02
v -6.79368E+02  1.33168E+02 -2.23454E+02
v -6.79368E+02  1.06403E+02 -2.06954E+02
v -6.59368E+02  1.06403E+02 -2.06954E+02
v -6.59368E+02  1.06403E+02 -2.23454E+02
v -6.79368E+02  1.06403E+02 -2.23454E+02
g vc_ws_5692
s 0
f  3641 3642 3643 3644
f  3641 3642 3646 3645
f  3643 3642 3646 3647
f  3644 3643 3647 3648
f  3644 3641 3645 3648
f  3645 3646 3647 3648
v -1.33325E+02  1.33187E+02 -6.20228E+01
v -1.21325E+02  1.33187E+02 -6.20228E+01
v -1.21325E+02  1.33187E+02 -8.45228E+01
v -1.33325E+02  1.33187E+02 -8.45228E+01
v -1.33325E+02  6.76283E+01 -6.20228E+01
v -1.21325E+02  6.76283E+01 -6.20228E+01
v -1.21325E+02  6.76283E+01 -8.45228E+01
v -1.33325E+02  6.76283E+01 -8.45228E+01
g vc_ws_5693
s 0
f  3649 3650 3651 3652
f  3649 3650 3654 3653
f  3651 3650 3654 3655
f  3652 3651 3655 3656
f  3652 3649 3653 3656
f  3653 3654 3655 3656
v -7.30868E+02  1.84563E+02 -1.99954E+02
v -7.01868E+02  1.84563E+02 -1.99954E+02
v -7.01868E+02  1.84563E+02 -2.10954E+02
v -7.30868E+02  1.84563E+02 -2.10954E+02
v -7.30868E+02  1.06403E+02 -1.99954E+02
v -7.01868E+02  1.06403E+02 -1.99954E+02
v -7.01868E+02  1.06403E+02 -2.10954E+02
v -7.30868E+02  1.06403E+02 -2.10954E+02
g vc_ws_5708
s 0
f  3657 3658 3659 3660
f  3657 3658 3662 3661
f  3659 3658 3662 3663
f  3660 3659 3663 3664
f  3660 3657 3661 3664
f  3661 3662 3663 3664
v  4.28099E+01  3.15374E+01 -1.15257E+03
v  7.80876E+01  3.15374E+01 -1.15257E+03
v  7.80876E+01  3.15374E+01 -1.18107E+03
v  4.28099E+01  3.15374E+01 -1.18107E+03
v  4.28099E+01  1.65393E+01 -1.15257E+03
v  7.80876E+01  1.65393E+01 -1.15257E+03
v  7.80876E+01  1.65393E+01 -1.18107E+03
v  4.28099E+01  1.65393E+01 -1.18107E+03
g vc_ws_5711
s 0
f  3665 3666 3667 3668
f  3665 3666 3670 3669
f  3667 3666 3670 3671
f  3668 3667 3671 3672
f  3668 3665 3669 3672
f  3669 3670 3671 3672
v -3.54617E+02  1.28521E+02 -5.37685E+02
v -3.34117E+02  1.28521E+02 -5.37685E+02
v -3.34117E+02  1.28521E+02 -5.50685E+02
v -3.54617E+02  1.28521E+02 -5.50685E+02
v -3.54617E+02  5.60971E+01 -5.37685E+02
v -3.34117E+02  5.60971E+01 -5.37685E+02
v -3.34117E+02  5.60971E+01 -5.50685E+02
v -3.54617E+02  5.60971E+01 -5.50685E+02
g vc_ws_5713
s 0
f  3673 3674 3675 3676
f  3673 3674 3678 3677
f  3675 3674 3678 3679
f  3676 3675 3679 3680
f  3676 3673 3677 3680
f  3677 3678 3679 3680
v -6.44552E+02  1.27976E+02 -6.36301E+02
v -6.22052E+02  1.27976E+02 -6.36301E+02
v -6.22052E+02  1.27976E+02 -6.49801E+02
v -6.44552E+02  1.27976E+02 -6.49801E+02
v -6.44552E+02  1.04417E+02 -6.36301E+02
v -6.22052E+02  1.04417E+02 -6.36301E+02
v -6.22052E+02  1.04417E+02 -6.49801E+02
v -6.44552E+02  1.04417E+02 -6.49801E+02
g vc_ws_5716
s 0
f  3681 3682 3683 3684
f  3681 3682 3686 3685
f  3683 3682 3686 3687
f  3684 3683 3687 3688
f  3684 3681 3685 3688
f  3685 3686 3687 3688
v -5.11505E+01  1.01807E+02 -4.96195E+01
v -3.77417E+01  1.01807E+02 -4.96195E+01
v -3.77417E+01  1.01807E+02 -7.41195E+01
v -5.11505E+01  1.01807E+02 -7.41195E+01
v -5.11505E+01  6.94107E+01 -4.96195E+01
v -3.77417E+01  6.94107E+01 -4.96195E+01
v -3.77417E+01  6.94107E+01 -7.41195E+01
v -5.11505E+01  6.94107E+01 -7.41195E+01
g vc_ws_5721
s 0
f  3689 3690 3691 3692
f  3689 3690 3694 3693
f  3691 3690 3694 3695
f  3692 3691 3695 3696
f  3692 3689 3693 3696
f  3693 3694 3695 3696
v  4.36104E+02  1.24652E+02  6.67493E+01
v  4.54604E+02  1.24652E+02  6.67493E+01
v  4.54604E+02  1.24652E+02  5.22493E+01
v  4.36104E+02  1.24652E+02  5.22493E+01
v  4.36104E+02  7.52056E+01  6.67493E+01
v  4.54604E+02  7.52056E+01  6.67493E+01
v  4.54604E+02  7.52056E+01  5.22493E+01
v  4.36104E+02  7.52056E+01  5.22493E+01
g vc_ws_5735
s 0
f  3697 3698 3699 3700
f  3697 3698 3702 3701
f  3699 3698 3702 3703
f  3700 3699 3703 3704
f  3700 3697 3701 3704
f  3701 3702 3703 3704
v  4.36104E+02  1.24652E+02  3.92493E+01
v  4.54604E+02  1.24652E+02  3.92493E+01
v  4.54604E+02  1.24652E+02  2.47493E+01
v  4.36104E+02  1.24652E+02  2.47493E+01
v  4.36104E+02  6.99098E+01  3.92493E+01
v  4.54604E+02  6.99098E+01  3.92493E+01
v  4.54604E+02  6.99098E+01  2.47493E+01
v  4.36104E+02  6.99098E+01  2.47493E+01
g vc_ws_5737
s 0
f  3705 3706 3707 3708
f  3705 3706 3710 3709
f  3707 3706 3710 3711
f  3708 3707 3711 3712
f  3708 3705 3709 3712
f  3709 3710 3711 3712
v  4.36104E+02  1.34883E+02  7.97006E+01
v  4.54604E+02  1.34883E+02  7.97006E+01
v  4.54604E+02  1.34883E+02  6.67493E+01
v  4.36104E+02  1.34883E+02  6.67493E+01
v  4.36104E+02  7.51544E+01  7.97006E+01
v  4.54604E+02  7.51544E+01  7.97006E+01
v  4.54604E+02  7.51544E+01  6.67493E+01
v  4.36104E+02  7.51544E+01  6.67493E+01
g vc_ws_5755
s 0
f  3713 3714 3715 3716
f  3713 3714 3718 3717
f  3715 3714 3718 3719
f  3716 3715 3719 3720
f  3716 3713 3717 3720
f  3717 3718 3719 3720
v -5.41679E+02  1.17084E+02 -6.37017E+02
v -5.25179E+02  1.17084E+02 -6.37017E+02
v -5.25179E+02  1.17084E+02 -6.53517E+02
v -5.41679E+02  1.17084E+02 -6.53517E+02
v -5.41679E+02  8.71093E+01 -6.37017E+02
v -5.25179E+02  8.71093E+01 -6.37017E+02
v -5.25179E+02  8.71093E+01 -6.53517E+02
v -5.41679E+02  8.71093E+01 -6.53517E+02
g vc_ws_5771
s 0
f  3721 3722 3723 3724
f  3721 3722 3726 3725
f  3723 3722 3726 3727
f  3724 3723 3727 3728
f  3724 3721 3725 3728
f  3725 3726 3727 3728
v  2.32889E+02  1.33639E+02  2.81217E+02
v  2.49389E+02  1.33639E+02  2.81217E+02
v  2.49389E+02  1.33639E+02  2.63717E+02
v  2.32889E+02  1.33639E+02  2.63717E+02
v  2.32889E+02  1.06763E+02  2.81217E+02
v  2.49389E+02  1.06763E+02  2.81217E+02
v  2.49389E+02  1.06763E+02  2.63717E+02
v  2.32889E+02  1.06763E+02  2.63717E+02
g vc_ws_5778
s 0
f  3729 3730 3731 3732
f  3729 3730 3734 3733
f  3731 3730 3734 3735
f  3732 3731 3735 3736
f  3732 3729 3733 3736
f  3733 3734 3735 3736
v -1.79564E+02  2.19389E+02  9.58004E+01
v -1.68064E+02  2.19389E+02  9.58004E+01
v -1.68064E+02  2.19389E+02  8.33004E+01
v -1.79564E+02  2.19389E+02  8.33004E+01
v -1.79564E+02  1.38973E+02  9.58004E+01
v -1.68064E+02  1.38973E+02  9.58004E+01
v -1.68064E+02  1.38973E+02  8.33004E+01
v -1.79564E+02  1.38973E+02  8.33004E+01
g vc_ws_5789
s 0
f  3737 3738 3739 3740
f  3737 3738 3742 3741
f  3739 3738 3742 3743
f  3740 3739 3743 3744
f  3740 3737 3741 3744
f  3741 3742 3743 3744
v -6.22052E+02  1.23900E+02 -6.36301E+02
v -6.01430E+02  1.23900E+02 -6.36301E+02
v -6.01430E+02  1.23900E+02 -6.49801E+02
v -6.22052E+02  1.23900E+02 -6.49801E+02
v -6.22052E+02  1.04417E+02 -6.36301E+02
v -6.01430E+02  1.04417E+02 -6.36301E+02
v -6.01430E+02  1.04417E+02 -6.49801E+02
v -6.22052E+02  1.04417E+02 -6.49801E+02
g vc_ws_5794
s 0
f  3745 3746 3747 3748
f  3745 3746 3750 3749
f  3747 3746 3750 3751
f  3748 3747 3751 3752
f  3748 3745 3749 3752
f  3749 3750 3751 3752
v -1.28513E+02  3.73913E+01 -1.07987E+03
v -9.12617E+01  3.73913E+01 -1.07987E+03
v -9.12617E+01  3.73913E+01 -1.10037E+03
v -1.28513E+02  3.73913E+01 -1.10037E+03
v -1.28513E+02  2.25061E+01 -1.07987E+03
v -9.12617E+01  2.25061E+01 -1.07987E+03
v -9.12617E+01  2.25061E+01 -1.10037E+03
v -1.28513E+02  2.25061E+01 -1.10037E+03
g vc_ws_5813
s 0
f  3753 3754 3755 3756
f  3753 3754 3758 3757
f  3755 3754 3758 3759
f  3756 3755 3759 3760
f  3756 3753 3757 3760
f  3757 3758 3759 3760
v -5.10235E+02  1.17263E+02 -6.37017E+02
v -4.94735E+02  1.17263E+02 -6.37017E+02
v -4.94735E+02  1.17263E+02 -6.53517E+02
v -5.10235E+02  1.17263E+02 -6.53517E+02
v -5.10235E+02  7.31404E+01 -6.37017E+02
v -4.94735E+02  7.31404E+01 -6.37017E+02
v -4.94735E+02  7.31404E+01 -6.53517E+02
v -5.10235E+02  7.31404E+01 -6.53517E+02
g vc_ws_5823
s 0
f  3761 3762 3763 3764
f  3761 3762 3766 3765
f  3763 3762 3766 3767
f  3764 3763 3767 3768
f  3764 3761 3765 3768
f  3765 3766 3767 3768
v  2.00227E+02  1.46098E+02  2.63717E+02
v  2.17727E+02  1.46098E+02  2.63717E+02
v  2.17727E+02  1.46098E+02  2.47982E+02
v  2.00227E+02  1.46098E+02  2.47982E+02
v  2.00227E+02  1.06763E+02  2.63717E+02
v  2.17727E+02  1.06763E+02  2.63717E+02
v  2.17727E+02  1.06763E+02  2.47982E+02
v  2.00227E+02  1.06763E+02  2.47982E+02
g vc_ws_5826
s 0
f  3769 3770 3771 3772
f  3769 3770 3774 3773
f  3771 3770 3774 3775
f  3772 3771 3775 3776
f  3772 3769 3773 3776
f  3773 3774 3775 3776
v  4.36104E+02  1.24652E+02  5.22493E+01
v  4.54604E+02  1.24652E+02  5.22493E+01
v  4.54604E+02  1.24652E+02  3.92493E+01
v  4.36104E+02  1.24652E+02  3.92493E+01
v  4.36104E+02  7.52056E+01  5.22493E+01
v  4.54604E+02  7.52056E+01  5.22493E+01
v  4.54604E+02  7.52056E+01  3.92493E+01
v  4.36104E+02  7.52056E+01  3.92493E+01
g vc_ws_5827
s 0
f  3777 3778 3779 3780
f  3777 3778 3782 3781
f  3779 3778 3782 3783
f  3780 3779 3783 3784
f  3780 3777 3781 3784
f  3781 3782 3783 3784
v -3.97012E+00  6.48190E+01 -2.69754E+02
v  1.55299E+01  6.48190E+01 -2.69754E+02
v  1.55299E+01  6.48190E+01 -2.92254E+02
v -3.97012E+00  6.48190E+01 -2.92254E+02
v -3.97012E+00  3.68200E+01 -2.69754E+02
v  1.55299E+01  3.68200E+01 -2.69754E+02
v  1.55299E+01  3.68200E+01 -2.92254E+02
v -3.97012E+00  3.68200E+01 -2.92254E+02
g vc_ws_5841
s 0
f  3785 3786 3787 3788
f  3785 3786 3790 3789
f  3787 3786 3790 3791
f  3788 3787 3791 3792
f  3788 3785 3789 3792
f  3789 3790 3791 3792
v -5.25179E+02  1.17263E+02 -6.37017E+02
v -5.10235E+02  1.17263E+02 -6.37017E+02
v -5.10235E+02  1.17263E+02 -6.53517E+02
v -5.25179E+02  1.17263E+02 -6.53517E+02
v -5.25179E+02  7.31404E+01 -6.37017E+02
v -5.10235E+02  7.31404E+01 -6.37017E+02
v -5.10235E+02  7.31404E+01 -6.53517E+02
v -5.25179E+02  7.31404E+01 -6.53517E+02
g vc_ws_5851
s 0
f  3793 3794 3795 3796
f  3793 3794 3798 3797
f  3795 3794 3798 3799
f  3796 3795 3799 3800
f  3796 3793 3797 3800
f  3797 3798 3799 3800
v -7.66290E+02  1.78038E+02 -4.16622E+02
v -7.51290E+02  1.78038E+02 -4.16622E+02
v -7.51290E+02  1.78038E+02 -4.33938E+02
v -7.66290E+02  1.78038E+02 -4.33938E+02
v -7.66290E+02  1.06403E+02 -4.16622E+02
v -7.51290E+02  1.06403E+02 -4.16622E+02
v -7.51290E+02  1.06403E+02 -4.33938E+02
v -7.66290E+02  1.06403E+02 -4.33938E+02
g vc_ws_5866
s 0
f  3801 3802 3803 3804
f  3801 3802 3806 3805
f  3803 3802 3806 3807
f  3804 3803 3807 3808
f  3804 3801 3805 3808
f  3805 3806 3807 3808
v  2.17727E+02  1.48258E+02  2.30482E+02
v  2.33727E+02  1.48258E+02  2.30482E+02
v  2.33727E+02  1.48258E+02  2.14175E+02
v  2.17727E+02  1.48258E+02  2.14175E+02
v  2.17727E+02  1.08461E+02  2.30482E+02
v  2.33727E+02  1.08461E+02  2.30482E+02
v  2.33727E+02  1.08461E+02  2.14175E+02
v  2.17727E+02  1.08461E+02  2.14175E+02
g vc_ws_5870
s 0
f  3809 3810 3811 3812
f  3809 3810 3814 3813
f  3811 3810 3814 3815
f  3812 3811 3815 3816
f  3812 3809 3813 3816
f  3813 3814 3815 3816
v -7.85665E+02  1.79341E+02 -5.48685E+02
v -7.63165E+02  1.79341E+02 -5.48685E+02
v -7.63165E+02  1.79341E+02 -5.66185E+02
v -7.85665E+02  1.79341E+02 -5.66185E+02
v -7.85665E+02  1.42872E+02 -5.48685E+02
v -7.63165E+02  1.42872E+02 -5.48685E+02
v -7.63165E+02  1.42872E+02 -5.66185E+02
v -7.85665E+02  1.42872E+02 -5.66185E+02
g vc_ws_5875
s 0
f  3817 3818 3819 3820
f  3817 3818 3822 3821
f  3819 3818 3822 3823
f  3820 3819 3823 3824
f  3820 3817 3821 3824
f  3821 3822 3823 3824
v -6.81052E+02  1.27966E+02 -6.36301E+02
v -6.62552E+02  1.27966E+02 -6.36301E+02
v -6.62552E+02  1.27966E+02 -6.49801E+02
v -6.81052E+02  1.27966E+02 -6.49801E+02
v -6.81052E+02  1.06403E+02 -6.36301E+02
v -6.62552E+02  1.06403E+02 -6.36301E+02
v -6.62552E+02  1.06403E+02 -6.49801E+02
v -6.81052E+02  1.06403E+02 -6.49801E+02
g vc_ws_5898
s 0
f  3825 3826 3827 3828
f  3825 3826 3830 3829
f  3827 3826 3830 3831
f  3828 3827 3831 3832
f  3828 3825 3829 3832
f  3829 3830 3831 3832
v  2.50227E+02  1.39617E+02  2.63717E+02
v  2.65423E+02  1.39617E+02  2.63717E+02
v  2.65423E+02  1.39617E+02  2.47982E+02
v  2.50227E+02  1.39617E+02  2.47982E+02
v  2.50227E+02  1.03215E+02  2.63717E+02
v  2.65423E+02  1.03215E+02  2.63717E+02
v  2.65423E+02  1.03215E+02  2.47982E+02
v  2.50227E+02  1.03215E+02  2.47982E+02
g vc_ws_5918
s 0
f  3833 3834 3835 3836
f  3833 3834 3838 3837
f  3835 3834 3838 3839
f  3836 3835 3839 3840
f  3836 3833 3837 3840
f  3837 3838 3839 3840
v -6.62552E+02  1.27966E+02 -6.36301E+02
v -6.44552E+02  1.27966E+02 -6.36301E+02
v -6.44552E+02  1.27966E+02 -6.49801E+02
v -6.62552E+02  1.27966E+02 -6.49801E+02
v -6.62552E+02  1.06403E+02 -6.36301E+02
v -6.44552E+02  1.06403E+02 -6.36301E+02
v -6.44552E+02  1.06403E+02 -6.49801E+02
v -6.62552E+02  1.06403E+02 -6.49801E+02
g vc_ws_5920
s 0
f  3841 3842 3843 3844
f  3841 3842 3846 3845
f  3843 3842 3846 3847
f  3844 3843 3847 3848
f  3844 3841 3845 3848
f  3845 3846 3847 3848
v -3.73131E+02  1.56089E+02 -1.50066E+02
v -3.57631E+02  1.56089E+02 -1.50066E+02
v -3.57631E+02  1.56089E+02 -1.63848E+02
v -3.73131E+02  1.56089E+02 -1.63848E+02
v -3.73131E+02  9.42704E+01 -1.50066E+02
v -3.57631E+02  9.42704E+01 -1.50066E+02
v -3.57631E+02  9.42704E+01 -1.63848E+02
v -3.73131E+02  9.42704E+01 -1.63848E+02
g vc_ws_5938
s 0
f  3849 3850 3851 3852
f  3849 3850 3854 3853
f  3851 3850 3854 3855
f  3852 3851 3855 3856
f  3852 3849 3853 3856
f  3853 3854 3855 3856
v -3.43631E+02  1.49886E+02 -1.20062E+02
v -3.28131E+02  1.49886E+02 -1.20062E+02
v -3.28131E+02  1.49886E+02 -1.33566E+02
v -3.43631E+02  1.49886E+02 -1.33566E+02
v -3.43631E+02  9.42704E+01 -1.20062E+02
v -3.28131E+02  9.42704E+01 -1.20062E+02
v -3.28131E+02  9.42704E+01 -1.33566E+02
v -3.43631E+02  9.42704E+01 -1.33566E+02
g vc_ws_5946
s 0
f  3857 3858 3859 3860
f  3857 3858 3862 3861
f  3859 3858 3862 3863
f  3860 3859 3863 3864
f  3860 3857 3861 3864
f  3861 3862 3863 3864
v -5.10235E+02  1.29409E+02 -5.92879E+02
v -4.80390E+02  1.29409E+02 -5.92879E+02
v -4.80390E+02  1.29409E+02 -6.23017E+02
v -5.10235E+02  1.29409E+02 -6.23017E+02
v -5.10235E+02  1.15327E+02 -5.92879E+02
v -4.80390E+02  1.15327E+02 -5.92879E+02
v -4.80390E+02  1.15327E+02 -6.23017E+02
v -5.10235E+02  1.15327E+02 -6.23017E+02
g vc_ws_5959
s 0
f  3865 3866 3867 3868
f  3865 3866 3870 3869
f  3867 3866 3870 3871
f  3868 3867 3871 3872
f  3868 3865 3869 3872
f  3869 3870 3871 3872
v -7.61368E+02  1.76621E+02 -2.46647E+02
v -7.47868E+02  1.76621E+02 -2.46647E+02
v -7.47868E+02  1.76621E+02 -2.68807E+02
v -7.61368E+02  1.76621E+02 -2.68807E+02
v -7.61368E+02  1.35204E+02 -2.46647E+02
v -7.47868E+02  1.35204E+02 -2.46647E+02
v -7.47868E+02  1.35204E+02 -2.68807E+02
v -7.61368E+02  1.35204E+02 -2.68807E+02
g vc_ws_5962
s 0
f  3873 3874 3875 3876
f  3873 3874 3878 3877
f  3875 3874 3878 3879
f  3876 3875 3879 3880
f  3876 3873 3877 3880
f  3877 3878 3879 3880
v -8.07665E+02  1.84669E+02 -4.88766E+02
v -7.85665E+02  1.84669E+02 -4.88766E+02
v -7.85665E+02  1.84669E+02 -4.98843E+02
v -8.07665E+02  1.84669E+02 -4.98843E+02
v -8.07665E+02  1.06403E+02 -4.88766E+02
v -7.85665E+02  1.06403E+02 -4.88766E+02
v -7.85665E+02  1.06403E+02 -4.98843E+02
v -8.07665E+02  1.06403E+02 -4.98843E+02
g vc_ws_5964
s 0
f  3881 3882 3883 3884
f  3881 3882 3886 3885
f  3883 3882 3886 3887
f  3884 3883 3887 3888
f  3884 3881 3885 3888
f  3885 3886 3887 3888
v -8.07665E+02  1.83322E+02 -5.32843E+02
v -7.85665E+02  1.83322E+02 -5.32843E+02
v -7.85665E+02  1.83322E+02 -5.48685E+02
v -8.07665E+02  1.83322E+02 -5.48685E+02
v -8.07665E+02  1.47471E+02 -5.32843E+02
v -7.85665E+02  1.47471E+02 -5.32843E+02
v -7.85665E+02  1.47471E+02 -5.48685E+02
v -8.07665E+02  1.47471E+02 -5.48685E+02
g vc_ws_5967
s 0
f  3889 3890 3891 3892
f  3889 3890 3894 3893
f  3891 3890 3894 3895
f  3892 3891 3895 3896
f  3892 3889 3893 3896
f  3893 3894 3895 3896
v -3.28131E+02  1.44442E+02 -1.50066E+02
v -3.14736E+02  1.44442E+02 -1.50066E+02
v -3.14736E+02  1.44442E+02 -1.63848E+02
v -3.28131E+02  1.44442E+02 -1.63848E+02
v -3.28131E+02  8.70392E+01 -1.50066E+02
v -3.14736E+02  8.70392E+01 -1.50066E+02
v -3.14736E+02  8.70392E+01 -1.63848E+02
v -3.28131E+02  8.70392E+01 -1.63848E+02
g vc_ws_5976
s 0
f  3897 3898 3899 3900
f  3897 3898 3902 3901
f  3899 3898 3902 3903
f  3900 3899 3903 3904
f  3900 3897 3901 3904
f  3901 3902 3903 3904
v -1.57381E+02  2.19389E+02  9.93251E+01
v -1.39881E+02  2.19389E+02  9.93251E+01
v -1.39881E+02  2.19389E+02  8.28251E+01
v -1.57381E+02  2.19389E+02  8.28251E+01
v -1.57381E+02  1.77282E+02  9.93251E+01
v -1.39881E+02  1.77282E+02  9.93251E+01
v -1.39881E+02  1.77282E+02  8.28251E+01
v -1.57381E+02  1.77282E+02  8.28251E+01
g vc_ws_5977
s 0
f  3905 3906 3907 3908
f  3905 3906 3910 3909
f  3907 3906 3910 3911
f  3908 3907 3911 3912
f  3908 3905 3909 3912
f  3909 3910 3911 3912
v -3.85945E+02  1.54432E+02 -1.80348E+02
v -3.71744E+02  1.54432E+02 -1.80348E+02
v -3.71744E+02  1.54432E+02 -1.94411E+02
v -3.85945E+02  1.54432E+02 -1.94411E+02
v -3.85945E+02  9.80444E+01 -1.80348E+02
v -3.71744E+02  9.80444E+01 -1.80348E+02
v -3.71744E+02  9.80444E+01 -1.94411E+02
v -3.85945E+02  9.80444E+01 -1.94411E+02
g vc_ws_5980
s 0
f  3913 3914 3915 3916
f  3913 3914 3918 3917
f  3915 3914 3918 3919
f  3916 3915 3919 3920
f  3916 3913 3917 3920
f  3917 3918 3919 3920
v -3.28131E+02  1.49922E+02 -1.20062E+02
v -3.14736E+02  1.49922E+02 -1.20062E+02
v -3.14736E+02  1.49922E+02 -1.33566E+02
v -3.28131E+02  1.49922E+02 -1.33566E+02
v -3.28131E+02  8.70392E+01 -1.20062E+02
v -3.14736E+02  8.70392E+01 -1.20062E+02
v -3.14736E+02  8.70392E+01 -1.33566E+02
v -3.28131E+02  8.70392E+01 -1.33566E+02
g vc_ws_5984
s 0
f  3921 3922 3923 3924
f  3921 3922 3926 3925
f  3923 3922 3926 3927
f  3924 3923 3927 3928
f  3924 3921 3925 3928
f  3925 3926 3927 3928
v -4.80390E+02  1.28831E+02 -5.92879E+02
v -4.59890E+02  1.28831E+02 -5.92879E+02
v -4.59890E+02  1.28831E+02 -6.03625E+02
v -4.80390E+02  1.28831E+02 -6.03625E+02
v -4.80390E+02  1.11649E+02 -5.92879E+02
v -4.59890E+02  1.11649E+02 -5.92879E+02
v -4.59890E+02  1.11649E+02 -6.03625E+02
v -4.80390E+02  1.11649E+02 -6.03625E+02
g vc_ws_5990
s 0
f  3929 3930 3931 3932
f  3929 3930 3934 3933
f  3931 3930 3934 3935
f  3932 3931 3935 3936
f  3932 3929 3933 3936
f  3933 3934 3935 3936
v -7.47348E+02  1.79489E+02 -2.06052E+02
v -7.30868E+02  1.79489E+02 -2.06052E+02
v -7.30868E+02  1.79489E+02 -2.23454E+02
v -7.47348E+02  1.79489E+02 -2.23454E+02
v -7.47348E+02  1.37324E+02 -2.06052E+02
v -7.30868E+02  1.37324E+02 -2.06052E+02
v -7.30868E+02  1.37324E+02 -2.23454E+02
v -7.47348E+02  1.37324E+02 -2.23454E+02
g vc_ws_5994
s 0
f  3937 3938 3939 3940
f  3937 3938 3942 3941
f  3939 3938 3942 3943
f  3940 3939 3943 3944
f  3940 3937 3941 3944
f  3941 3942 3943 3944
v -6.27617E+01  3.68396E+01 -1.11930E+03
v -3.61901E+01  3.68396E+01 -1.11930E+03
v -3.61901E+01  3.68396E+01 -1.14080E+03
v -6.27617E+01  3.68396E+01 -1.14080E+03
v -6.27617E+01  2.16531E+01 -1.11930E+03
v -3.61901E+01  2.16531E+01 -1.11930E+03
v -3.61901E+01  2.16531E+01 -1.14080E+03
v -6.27617E+01  2.16531E+01 -1.14080E+03
g vc_ws_5997
s 0
f  3945 3946 3947 3948
f  3945 3946 3950 3949
f  3947 3946 3950 3951
f  3948 3947 3951 3952
f  3948 3945 3949 3952
f  3949 3950 3951 3952
v -3.56244E+02  1.08542E+02 -1.80348E+02
v -3.42244E+02  1.08542E+02 -1.80348E+02
v -3.42244E+02  1.08542E+02 -1.95121E+02
v -3.56244E+02  1.08542E+02 -1.95121E+02
v -3.56244E+02  9.48620E+01 -1.80348E+02
v -3.42244E+02  9.48620E+01 -1.80348E+02
v -3.42244E+02  9.48620E+01 -1.95121E+02
v -3.56244E+02  9.48620E+01 -1.95121E+02
g vc_ws_5999
s 0
f  3953 3954 3955 3956
f  3953 3954 3958 3957
f  3955 3954 3958 3959
f  3956 3955 3959 3960
f  3956 3953 3957 3960
f  3957 3958 3959 3960
v -7.57290E+02  1.73317E+02 -3.44300E+02
v -7.43790E+02  1.73317E+02 -3.44300E+02
v -7.43790E+02  1.73317E+02 -3.59800E+02
v -7.57290E+02  1.73317E+02 -3.59800E+02
v -7.57290E+02  1.08413E+02 -3.44300E+02
v -7.43790E+02  1.08413E+02 -3.44300E+02
v -7.43790E+02  1.08413E+02 -3.59800E+02
v -7.57290E+02  1.08413E+02 -3.59800E+02
g vc_ws_6002
s 0
f  3961 3962 3963 3964
f  3961 3962 3966 3965
f  3963 3962 3966 3967
f  3964 3963 3967 3968
f  3964 3961 3965 3968
f  3965 3966 3967 3968
v -7.82824E+00  6.03762E+01 -3.10152E+02
v  1.06718E+01  6.03762E+01 -3.10152E+02
v  1.06718E+01  6.03762E+01 -3.28652E+02
v -7.82824E+00  6.03762E+01 -3.28652E+02
v -7.82824E+00  3.68422E+01 -3.10152E+02
v  1.06718E+01  3.68422E+01 -3.10152E+02
v  1.06718E+01  3.68422E+01 -3.28652E+02
v -7.82824E+00  3.68422E+01 -3.28652E+02
g vc_ws_6003
s 0
f  3969 3970 3971 3972
f  3969 3970 3974 3973
f  3971 3970 3974 3975
f  3972 3971 3975 3976
f  3972 3969 3973 3976
f  3973 3974 3975 3976
v  4.90829E+02  1.11025E+02 -4.30057E+01
v  5.09329E+02  1.11025E+02 -4.30057E+01
v  5.09329E+02  1.11025E+02 -6.50057E+01
v  4.90829E+02  1.11025E+02 -6.50057E+01
v  4.90829E+02  8.43976E+01 -4.30057E+01
v  5.09329E+02  8.43976E+01 -4.30057E+01
v  5.09329E+02  8.43976E+01 -6.50057E+01
v  4.90829E+02  8.43976E+01 -6.50057E+01
g vc_ws_6011
s 0
f  3977 3978 3979 3980
f  3977 3978 3982 3981
f  3979 3978 3982 3983
f  3980 3979 3983 3984
f  3980 3977 3981 3984
f  3981 3982 3983 3984
v -7.82824E+00  6.03762E+01 -2.92254E+02
v  1.06718E+01  6.03762E+01 -2.92254E+02
v  1.06718E+01  6.03762E+01 -3.10152E+02
v -7.82824E+00  6.03762E+01 -3.10152E+02
v -7.82824E+00  3.68422E+01 -2.92254E+02
v  1.06718E+01  3.68422E+01 -2.92254E+02
v  1.06718E+01  3.68422E+01 -3.10152E+02
v -7.82824E+00  3.68422E+01 -3.10152E+02
g vc_ws_6013
s 0
f  3985 3986 3987 3988
f  3985 3986 3990 3989
f  3987 3986 3990 3991
f  3988 3987 3991 3992
f  3988 3985 3989 3992
f  3989 3990 3991 3992
v -7.57290E+02  1.73317E+02 -3.30210E+02
v -7.43790E+02  1.73317E+02 -3.30210E+02
v -7.43790E+02  1.73317E+02 -3.44300E+02
v -7.57290E+02  1.73317E+02 -3.44300E+02
v -7.57290E+02  1.08413E+02 -3.30210E+02
v -7.43790E+02  1.08413E+02 -3.30210E+02
v -7.43790E+02  1.08413E+02 -3.44300E+02
v -7.57290E+02  1.08413E+02 -3.44300E+02
g vc_ws_6018
s 0
f  3993 3994 3995 3996
f  3993 3994 3998 3997
f  3995 3994 3998 3999
f  3996 3995 3999 4000
f  3996 3993 3997 4000
f  3997 3998 3999 4000
v -2.57603E+02  2.19389E+02  9.92511E+01
v -2.42103E+02  2.19389E+02  9.92511E+01
v -2.42103E+02  2.19389E+02  8.27511E+01
v -2.57603E+02  2.19389E+02  8.27511E+01
v -2.57603E+02  1.78580E+02  9.92511E+01
v -2.42103E+02  1.78580E+02  9.92511E+01
v -2.42103E+02  1.78580E+02  8.27511E+01
v -2.57603E+02  1.78580E+02  8.27511E+01
g vc_ws_6021
s 0
f  4001 4002 4003 4004
f  4001 4002 4006 4005
f  4003 4002 4006 4007
f  4004 4003 4007 4008
f  4004 4001 4005 4008
f  4005 4006 4007 4008
v  4.71257E+02  8.66539E+01  5.26682E+01
v  4.88757E+02  8.66539E+01  5.26682E+01
v  4.88757E+02  8.66539E+01  3.96682E+01
v  4.71257E+02  8.66539E+01  3.96682E+01
v  4.71257E+02  7.53956E+01  5.26682E+01
v  4.88757E+02  7.53956E+01  5.26682E+01
v  4.88757E+02  7.53956E+01  3.96682E+01
v  4.71257E+02  7.53956E+01  3.96682E+01
g vc_ws_6025
s 0
f  4009 4010 4011 4012
f  4009 4010 4014 4013
f  4011 4010 4014 4015
f  4012 4011 4015 4016
f  4012 4009 4013 4016
f  4013 4014 4015 4016
v -7.63165E+02  1.61907E+02 -5.48685E+02
v -7.42189E+02  1.61907E+02 -5.48685E+02
v -7.42189E+02  1.61907E+02 -5.66185E+02
v -7.63165E+02  1.61907E+02 -5.66185E+02
v -7.63165E+02  1.34155E+02 -5.48685E+02
v -7.42189E+02  1.34155E+02 -5.48685E+02
v -7.42189E+02  1.34155E+02 -5.66185E+02
v -7.63165E+02  1.34155E+02 -5.66185E+02
g vc_ws_6027
s 0
f  4017 4018 4019 4020
f  4017 4018 4022 4021
f  4019 4018 4022 4023
f  4020 4019 4023 4024
f  4020 4017 4021 4024
f  4021 4022 4023 4024
v -2.77125E+02  2.19389E+02  9.52511E+01
v -2.57603E+02  2.19389E+02  9.52511E+01
v -2.57603E+02  2.19389E+02  8.27511E+01
v -2.77125E+02  2.19389E+02  8.27511E+01
v -2.77125E+02  1.78580E+02  9.52511E+01
v -2.57603E+02  1.78580E+02  9.52511E+01
v -2.57603E+02  1.78580E+02  8.27511E+01
v -2.77125E+02  1.78580E+02  8.27511E+01
g vc_ws_6031
s 0
f  4025 4026 4027 4028
f  4025 4026 4030 4029
f  4027 4026 4030 4031
f  4028 4027 4031 4032
f  4028 4025 4029 4032
f  4029 4030 4031 4032
v  5.32300E+02  5.75635E+01 -1.76322E+02
v  5.51368E+02  5.75635E+01 -1.76322E+02
v  5.51368E+02  5.75635E+01 -1.92822E+02
v  5.32300E+02  5.75635E+01 -1.92822E+02
v  5.32300E+02  4.51387E+01 -1.76322E+02
v  5.51368E+02  4.51387E+01 -1.76322E+02
v  5.51368E+02  4.51387E+01 -1.92822E+02
v  5.32300E+02  4.51387E+01 -1.92822E+02
g vc_ws_6039
s 0
f  4033 4034 4035 4036
f  4033 4034 4038 4037
f  4035 4034 4038 4039
f  4036 4035 4039 4040
f  4036 4033 4037 4040
f  4037 4038 4039 4040
v  4.35104E+02  1.36575E+02  1.36707E+02
v  4.52604E+02  1.36575E+02  1.36707E+02
v  4.52604E+02  1.36575E+02  1.17207E+02
v  4.35104E+02  1.36575E+02  1.17207E+02
v  4.35104E+02  1.08432E+02  1.36707E+02
v  4.52604E+02  1.08432E+02  1.36707E+02
v  4.52604E+02  1.08432E+02  1.17207E+02
v  4.35104E+02  1.08432E+02  1.17207E+02
g vc_ws_6043
s 0
f  4041 4042 4043 4044
f  4041 4042 4046 4045
f  4043 4042 4046 4047
f  4044 4043 4047 4048
f  4044 4041 4045 4048
f  4045 4046 4047 4048
v  5.32300E+02  6.28492E+01 -1.61439E+02
v  5.51368E+02  6.28492E+01 -1.61439E+02
v  5.51368E+02  6.28492E+01 -1.76322E+02
v  5.32300E+02  6.28492E+01 -1.76322E+02
v  5.32300E+02  4.51123E+01 -1.61439E+02
v  5.51368E+02  4.51123E+01 -1.61439E+02
v  5.51368E+02  4.51123E+01 -1.76322E+02
v  5.32300E+02  4.51123E+01 -1.76322E+02
g vc_ws_6047
s 0
f  4049 4050 4051 4052
f  4049 4050 4054 4053
f  4051 4050 4054 4055
f  4052 4051 4055 4056
f  4052 4049 4053 4056
f  4053 4054 4055 4056
v  5.31935E+02  5.49078E+01 -2.40814E+02
v  5.51368E+02  5.49078E+01 -2.40814E+02
v  5.51368E+02  5.49078E+01 -2.57314E+02
v  5.31935E+02  5.49078E+01 -2.57314E+02
v  5.31935E+02  4.10431E+01 -2.40814E+02
v  5.51368E+02  4.10431E+01 -2.40814E+02
v  5.51368E+02  4.10431E+01 -2.57314E+02
v  5.31935E+02  4.10431E+01 -2.57314E+02
g vc_ws_6053
s 0
f  4057 4058 4059 4060
f  4057 4058 4062 4061
f  4059 4058 4062 4063
f  4060 4059 4063 4064
f  4060 4057 4061 4064
f  4061 4062 4063 4064
v  4.52604E+02  1.34883E+02  9.92006E+01
v  4.69560E+02  1.34883E+02  9.92006E+01
v  4.69560E+02  1.34883E+02  7.97006E+01
v  4.52604E+02  1.34883E+02  7.97006E+01
v  4.52604E+02  1.06795E+02  9.92006E+01
v  4.69560E+02  1.06795E+02  9.92006E+01
v  4.69560E+02  1.06795E+02  7.97006E+01
v  4.52604E+02  1.06795E+02  7.97006E+01
g vc_ws_6055
s 0
f  4065 4066 4067 4068
f  4065 4066 4070 4069
f  4067 4066 4070 4071
f  4068 4067 4071 4072
f  4068 4065 4069 4072
f  4069 4070 4071 4072
v  5.31935E+02  5.49078E+01 -2.25322E+02
v  5.51368E+02  5.49078E+01 -2.25322E+02
v  5.51368E+02  5.49078E+01 -2.40814E+02
v  5.31935E+02  5.49078E+01 -2.40814E+02
v  5.31935E+02  4.35232E+01 -2.25322E+02
v  5.51368E+02  4.35232E+01 -2.25322E+02
v  5.51368E+02  4.35232E+01 -2.40814E+02
v  5.31935E+02  4.35232E+01 -2.40814E+02
g vc_ws_6067
s 0
f  4073 4074 4075 4076
f  4073 4074 4078 4077
f  4075 4074 4078 4079
f  4076 4075 4079 4080
f  4076 4073 4077 4080
f  4077 4078 4079 4080
v -8.21027E+02  1.83197E+02 -5.32843E+02
v -8.07665E+02  1.83197E+02 -5.32843E+02
v -8.07665E+02  1.83197E+02 -5.48685E+02
v -8.21027E+02  1.83197E+02 -5.48685E+02
v -8.21027E+02  1.36628E+02 -5.32843E+02
v -8.07665E+02  1.36628E+02 -5.32843E+02
v -8.07665E+02  1.36628E+02 -5.48685E+02
v -8.21027E+02  1.36628E+02 -5.48685E+02
g vc_ws_6070
s 0
f  4081 4082 4083 4084
f  4081 4082 4086 4085
f  4083 4082 4086 4087
f  4084 4083 4087 4088
f  4084 4081 4085 4088
f  4085 4086 4087 4088
v -2.42103E+02  2.19389E+02  9.92511E+01
v -2.29103E+02  2.19389E+02  9.92511E+01
v -2.29103E+02  2.19389E+02  8.27511E+01
v -2.42103E+02  2.19389E+02  8.27511E+01
v -2.42103E+02  1.78580E+02  9.92511E+01
v -2.29103E+02  1.78580E+02  9.92511E+01
v -2.29103E+02  1.78580E+02  8.27511E+01
v -2.42103E+02  1.78580E+02  8.27511E+01
g vc_ws_6071
s 0
f  4089 4090 4091 4092
f  4089 4090 4094 4093
f  4091 4090 4094 4095
f  4092 4091 4095 4096
f  4092 4089 4093 4096
f  4093 4094 4095 4096
v -1.35069E+02  2.85465E+01 -9.10938E+02
v -1.12569E+02  2.85465E+01 -9.10938E+02
v -1.12569E+02  2.85465E+01 -9.34438E+02
v -1.35069E+02  2.85465E+01 -9.34438E+02
v -1.35069E+02  2.17450E+01 -9.10938E+02
v -1.12569E+02  2.17450E+01 -9.10938E+02
v -1.12569E+02  2.17450E+01 -9.34438E+02
v -1.35069E+02  2.17450E+01 -9.34438E+02
g vc_ws_6075
s 0
f  4097 4098 4099 4100
f  4097 4098 4102 4101
f  4099 4098 4102 4103
f  4100 4099 4103 4104
f  4100 4097 4101 4104
f  4101 4102 4103 4104
v  4.35104E+02  1.34883E+02  1.17207E+02
v  4.52604E+02  1.34883E+02  1.17207E+02
v  4.52604E+02  1.34883E+02  9.92006E+01
v  4.35104E+02  1.34883E+02  9.92006E+01
v  4.35104E+02  1.07797E+02  1.17207E+02
v  4.52604E+02  1.07797E+02  1.17207E+02
v  4.52604E+02  1.07797E+02  9.92006E+01
v  4.35104E+02  1.07797E+02  9.92006E+01
g vc_ws_6079
s 0
f  4105 4106 4107 4108
f  4105 4106 4110 4109
f  4107 4106 4110 4111
f  4108 4107 4111 4112
f  4108 4105 4109 4112
f  4109 4110 4111 4112
v  4.35104E+02  1.36552E+02  1.55506E+02
v  4.52604E+02  1.36552E+02  1.55506E+02
v  4.52604E+02  1.36552E+02  1.36707E+02
v  4.35104E+02  1.36552E+02  1.36707E+02
v  4.35104E+02  1.10758E+02  1.55506E+02
v  4.52604E+02  1.10758E+02  1.55506E+02
v  4.52604E+02  1.10758E+02  1.36707E+02
v  4.35104E+02  1.10758E+02  1.36707E+02
g vc_ws_6081
s 0
f  4113 4114 4115 4116
f  4113 4114 4118 4117
f  4115 4114 4118 4119
f  4116 4115 4119 4120
f  4116 4113 4117 4120
f  4117 4118 4119 4120
v  1.71176E+02  1.80746E+01 -1.12920E+03
v  1.93676E+02  1.80746E+01 -1.12920E+03
v  1.93676E+02  1.80746E+01 -1.16270E+03
v  1.71176E+02  1.80746E+01 -1.16270E+03
v  1.71176E+02  9.64649E+00 -1.12920E+03
v  1.93676E+02  9.64649E+00 -1.12920E+03
v  1.93676E+02  9.64649E+00 -1.16270E+03
v  1.71176E+02  9.64649E+00 -1.16270E+03
g vc_ws_6087
s 0
f  4121 4122 4123 4124
f  4121 4122 4126 4125
f  4123 4122 4126 4127
f  4124 4123 4127 4128
f  4124 4121 4125 4128
f  4125 4126 4127 4128
v -2.58290E+02  1.42150E+02 -1.18916E+02
v -2.42790E+02  1.42150E+02 -1.18916E+02
v -2.42790E+02  1.42150E+02 -1.35416E+02
v -2.58290E+02  1.42150E+02 -1.35416E+02
v -2.58290E+02  1.09544E+02 -1.18916E+02
v -2.42790E+02  1.09544E+02 -1.18916E+02
v -2.42790E+02  1.09544E+02 -1.35416E+02
v -2.58290E+02  1.09544E+02 -1.35416E+02
g vc_ws_6089
s 0
f  4129 4130 4131 4132
f  4129 4130 4134 4133
f  4131 4130 4134 4135
f  4132 4131 4135 4136
f  4132 4129 4133 4136
f  4133 4134 4135 4136
v  4.18104E+02  1.36552E+02  1.55506E+02
v  4.35104E+02  1.36552E+02  1.55506E+02
v  4.35104E+02  1.36552E+02  1.36707E+02
v  4.18104E+02  1.36552E+02  1.36707E+02
v  4.18104E+02  1.10758E+02  1.55506E+02
v  4.35104E+02  1.10758E+02  1.55506E+02
v  4.35104E+02  1.10758E+02  1.36707E+02
v  4.18104E+02  1.10758E+02  1.36707E+02
g vc_ws_6091
s 0
f  4137 4138 4139 4140
f  4137 4138 4142 4141
f  4139 4138 4142 4143
f  4140 4139 4143 4144
f  4140 4137 4141 4144
f  4141 4142 4143 4144
v  1.93676E+02  1.80746E+01 -1.12920E+03
v  2.15900E+02  1.80746E+01 -1.12920E+03
v  2.15900E+02  1.80746E+01 -1.16270E+03
v  1.93676E+02  1.80746E+01 -1.16270E+03
v  1.93676E+02  7.01601E+00 -1.12920E+03
v  2.15900E+02  7.01601E+00 -1.12920E+03
v  2.15900E+02  7.01601E+00 -1.16270E+03
v  1.93676E+02  7.01601E+00 -1.16270E+03
g vc_ws_6093
s 0
f  4145 4146 4147 4148
f  4145 4146 4150 4149
f  4147 4146 4150 4151
f  4148 4147 4151 4152
f  4148 4145 4149 4152
f  4149 4150 4151 4152
v -9.12617E+01  2.96231E+01 -8.46185E+02
v -6.87617E+01  2.96231E+01 -8.46185E+02
v -6.87617E+01  2.96231E+01 -8.67771E+02
v -9.12617E+01  2.96231E+01 -8.67771E+02
v -9.12617E+01  2.25759E+01 -8.46185E+02
v -6.87617E+01  2.25759E+01 -8.46185E+02
v -6.87617E+01  2.25759E+01 -8.67771E+02
v -9.12617E+01  2.25759E+01 -8.67771E+02
g vc_ws_6095
s 0
f  4153 4154 4155 4156
f  4153 4154 4158 4157
f  4155 4154 4158 4159
f  4156 4155 4159 4160
f  4156 4153 4157 4160
f  4157 4158 4159 4160
v -2.86236E+02  1.29976E+02 -1.25416E+02
v -2.71736E+02  1.29976E+02 -1.25416E+02
v -2.71736E+02  1.29976E+02 -1.46416E+02
v -2.86236E+02  1.29976E+02 -1.46416E+02
v -2.86236E+02  1.03680E+02 -1.25416E+02
v -2.71736E+02  1.03680E+02 -1.25416E+02
v -2.71736E+02  1.03680E+02 -1.46416E+02
v -2.86236E+02  1.03680E+02 -1.46416E+02
g vc_ws_6097
s 0
f  4161 4162 4163 4164
f  4161 4162 4166 4165
f  4163 4162 4166 4167
f  4164 4163 4167 4168
f  4164 4161 4165 4168
f  4165 4166 4167 4168
v -3.84592E+02  1.17809E+02 -5.77258E+02
v -3.73592E+02  1.17809E+02 -5.77258E+02
v -3.73592E+02  1.17809E+02 -5.90758E+02
v -3.84592E+02  1.17809E+02 -5.90758E+02
v -3.84592E+02  1.11649E+02 -5.77258E+02
v -3.73592E+02  1.11649E+02 -5.77258E+02
v -3.73592E+02  1.11649E+02 -5.90758E+02
v -3.84592E+02  1.11649E+02 -5.90758E+02
g vc_ws_6100
s 0
f  4169 4170 4171 4172
f  4169 4170 4174 4173
f  4171 4170 4174 4175
f  4172 4171 4175 4176
f  4172 4169 4173 4176
f  4173 4174 4175 4176
v -2.42790E+02  1.42168E+02 -1.18916E+02
v -2.28790E+02  1.42168E+02 -1.18916E+02
v -2.28790E+02  1.42168E+02 -1.35416E+02
v -2.42790E+02  1.42168E+02 -1.35416E+02
v -2.42790E+02  1.07776E+02 -1.18916E+02
v -2.28790E+02  1.07776E+02 -1.18916E+02
v -2.28790E+02  1.07776E+02 -1.35416E+02
v -2.42790E+02  1.07776E+02 -1.35416E+02
g vc_ws_6105
s 0
f  4177 4178 4179 4180
f  4177 4178 4182 4181
f  4179 4178 4182 4183
f  4180 4179 4183 4184
f  4180 4177 4181 4184
f  4181 4182 4183 4184
v -6.87617E+01  2.89310E+01 -8.91271E+02
v -4.77617E+01  2.89310E+01 -8.91271E+02
v -4.77617E+01  2.89310E+01 -9.13885E+02
v -6.87617E+01  2.89310E+01 -9.13885E+02
v -6.87617E+01  2.37916E+01 -8.91271E+02
v -4.77617E+01  2.37916E+01 -8.91271E+02
v -4.77617E+01  2.37916E+01 -9.13885E+02
v -6.87617E+01  2.37916E+01 -9.13885E+02
g vc_ws_6107
s 0
f  4185 4186 4187 4188
f  4185 4186 4190 4189
f  4187 4186 4190 4191
f  4188 4187 4191 4192
f  4188 4185 4189 4192
f  4189 4190 4191 4192
v  1.48400E+02  2.06130E+01 -1.12546E+03
v  1.71176E+02  2.06130E+01 -1.12546E+03
v  1.71176E+02  2.06130E+01 -1.15323E+03
v  1.48400E+02  2.06130E+01 -1.15323E+03
v  1.48400E+02  9.63379E+00 -1.12546E+03
v  1.71176E+02  9.63379E+00 -1.12546E+03
v  1.71176E+02  9.63379E+00 -1.15323E+03
v  1.48400E+02  9.63379E+00 -1.15323E+03
g vc_ws_6111
s 0
f  4193 4194 4195 4196
f  4193 4194 4198 4197
f  4195 4194 4198 4199
f  4196 4195 4199 4200
f  4196 4193 4197 4200
f  4197 4198 4199 4200
v -3.96092E+02  1.18387E+02 -5.66185E+02
v -3.84592E+02  1.18387E+02 -5.66185E+02
v -3.84592E+02  1.18387E+02 -5.77258E+02
v -3.96092E+02  1.18387E+02 -5.77258E+02
v -3.96092E+02  7.88699E+01 -5.66185E+02
v -3.84592E+02  7.88699E+01 -5.66185E+02
v -3.84592E+02  7.88699E+01 -5.77258E+02
v -3.96092E+02  7.88699E+01 -5.77258E+02
g vc_ws_6113
s 0
f  4201 4202 4203 4204
f  4201 4202 4206 4205
f  4203 4202 4206 4207
f  4204 4203 4207 4208
f  4204 4201 4205 4208
f  4205 4206 4207 4208
v -1.79564E+02  1.60058E+02  6.88004E+01
v -1.68064E+02  1.60058E+02  6.88004E+01
v -1.68064E+02  1.60058E+02  5.23004E+01
v -1.79564E+02  1.60058E+02  5.23004E+01
v -1.79564E+02  1.39249E+02  6.88004E+01
v -1.68064E+02  1.39249E+02  6.88004E+01
v -1.68064E+02  1.39249E+02  5.23004E+01
v -1.79564E+02  1.39249E+02  5.23004E+01
g vc_ws_6118
s 0
f  4209 4210 4211 4212
f  4209 4210 4214 4213
f  4211 4210 4214 4215
f  4212 4211 4215 4216
f  4212 4209 4213 4216
f  4213 4214 4215 4216
v -2.02064E+02  1.76320E+02  6.88004E+01
v -1.90564E+02  1.76320E+02  6.88004E+01
v -1.90564E+02  1.76320E+02  5.23004E+01
v -2.02064E+02  1.76320E+02  5.23004E+01
v -2.02064E+02  1.39249E+02  6.88004E+01
v -1.90564E+02  1.39249E+02  6.88004E+01
v -1.90564E+02  1.39249E+02  5.23004E+01
v -2.02064E+02  1.39249E+02  5.23004E+01
g vc_ws_6120
s 0
f  4217 4218 4219 4220
f  4217 4218 4222 4221
f  4219 4218 4222 4223
f  4220 4219 4223 4224
f  4220 4217 4221 4224
f  4221 4222 4223 4224
v -3.73592E+02  1.01969E+02 -5.66185E+02
v -3.53630E+02  1.01969E+02 -5.66185E+02
v -3.53630E+02  1.01969E+02 -5.90758E+02
v -3.73592E+02  1.01969E+02 -5.90758E+02
v -3.73592E+02  8.66974E+01 -5.66185E+02
v -3.53630E+02  8.66974E+01 -5.66185E+02
v -3.53630E+02  8.66974E+01 -5.90758E+02
v -3.73592E+02  8.66974E+01 -5.90758E+02
g vc_ws_6122
s 0
f  4225 4226 4227 4228
f  4225 4226 4230 4229
f  4227 4226 4230 4231
f  4228 4227 4231 4232
f  4228 4225 4229 4232
f  4229 4230 4231 4232
v  1.34777E+02  1.45616E+02  1.96675E+02
v  1.57277E+02  1.45616E+02  1.96675E+02
v  1.57277E+02  1.45616E+02  1.77149E+02
v  1.34777E+02  1.45616E+02  1.77149E+02
v  1.34777E+02  1.28954E+02  1.96675E+02
v  1.57277E+02  1.28954E+02  1.96675E+02
v  1.57277E+02  1.28954E+02  1.77149E+02
v  1.34777E+02  1.28954E+02  1.77149E+02
g vc_ws_6131
s 0
f  4233 4234 4235 4236
f  4233 4234 4238 4237
f  4235 4234 4238 4239
f  4236 4235 4239 4240
f  4236 4233 4237 4240
f  4237 4238 4239 4240
v  4.48513E+01  5.11376E+01 -4.49054E+02
v  5.63513E+01  5.11376E+01 -4.49054E+02
v  5.63513E+01  5.11376E+01 -4.72055E+02
v  4.48513E+01  5.11376E+01 -4.72055E+02
v  4.48513E+01  3.05034E+01 -4.49054E+02
v  5.63513E+01  3.05034E+01 -4.49054E+02
v  5.63513E+01  3.05034E+01 -4.72055E+02
v  4.48513E+01  3.05034E+01 -4.72055E+02
g vc_ws_6133
s 0
f  4241 4242 4243 4244
f  4241 4242 4246 4245
f  4243 4242 4246 4247
f  4244 4243 4247 4248
f  4244 4241 4245 4248
f  4245 4246 4247 4248
v  1.57277E+02  1.45621E+02  1.96675E+02
v  1.79081E+02  1.45621E+02  1.96675E+02
v  1.79081E+02  1.45621E+02  1.77149E+02
v  1.57277E+02  1.45621E+02  1.77149E+02
v  1.57277E+02  1.28480E+02  1.96675E+02
v  1.79081E+02  1.28480E+02  1.96675E+02
v  1.79081E+02  1.28480E+02  1.77149E+02
v  1.57277E+02  1.28480E+02  1.77149E+02
g vc_ws_6135
s 0
f  4249 4250 4251 4252
f  4249 4250 4254 4253
f  4251 4250 4254 4255
f  4252 4251 4255 4256
f  4252 4249 4253 4256
f  4253 4254 4255 4256
v -1.90564E+02  1.60058E+02  6.88004E+01
v -1.79564E+02  1.60058E+02  6.88004E+01
v -1.79564E+02  1.60058E+02  5.23004E+01
v -1.90564E+02  1.60058E+02  5.23004E+01
v -1.90564E+02  1.39249E+02  6.88004E+01
v -1.79564E+02  1.39249E+02  6.88004E+01
v -1.79564E+02  1.39249E+02  5.23004E+01
v -1.90564E+02  1.39249E+02  5.23004E+01
g vc_ws_6138
s 0
f  4257 4258 4259 4260
f  4257 4258 4262 4261
f  4259 4258 4262 4263
f  4260 4259 4263 4264
f  4260 4257 4261 4264
f  4261 4262 4263 4264
v  1.25810E+02  2.27050E+01 -1.07896E+03
v  1.49310E+02  2.27050E+01 -1.07896E+03
v  1.49310E+02  2.27050E+01 -1.10196E+03
v  1.25810E+02  2.27050E+01 -1.10196E+03
v  1.25810E+02  1.35658E+01 -1.07896E+03
v  1.49310E+02  1.35658E+01 -1.07896E+03
v  1.49310E+02  1.35658E+01 -1.10196E+03
v  1.25810E+02  1.35658E+01 -1.10196E+03
g vc_ws_6139
s 0
f  4265 4266 4267 4268
f  4265 4266 4270 4269
f  4267 4266 4270 4271
f  4268 4267 4271 4272
f  4268 4265 4269 4272
f  4269 4270 4271 4272
v -2.29103E+02  1.76316E+02  7.22511E+01
v -2.14603E+02  1.76316E+02  7.22511E+01
v -2.14603E+02  1.76316E+02  5.97510E+01
v -2.29103E+02  1.76316E+02  5.97510E+01
v -2.29103E+02  1.40108E+02  7.22511E+01
v -2.14603E+02  1.40108E+02  7.22511E+01
v -2.14603E+02  1.40108E+02  5.97510E+01
v -2.29103E+02  1.40108E+02  5.97510E+01
g vc_ws_6142
s 0
f  4273 4274 4275 4276
f  4273 4274 4278 4277
f  4275 4274 4278 4279
f  4276 4275 4279 4280
f  4276 4273 4277 4280
f  4277 4278 4279 4280
v -7.82824E+00  5.46634E+01 -3.28652E+02
v  1.06718E+01  5.46634E+01 -3.28652E+02
v  1.06718E+01  5.46634E+01 -3.41685E+02
v -7.82824E+00  5.46634E+01 -3.41685E+02
v -7.82824E+00  3.88126E+01 -3.28652E+02
v  1.06718E+01  3.88126E+01 -3.28652E+02
v  1.06718E+01  3.88126E+01 -3.41685E+02
v -7.82824E+00  3.88126E+01 -3.41685E+02
g vc_ws_6145
s 0
f  4281 4282 4283 4284
f  4281 4282 4286 4285
f  4283 4282 4286 4287
f  4284 4283 4287 4288
f  4284 4281 4285 4288
f  4285 4286 4287 4288
v -1.68064E+02  1.60058E+02  6.88004E+01
v -1.57381E+02  1.60058E+02  6.88004E+01
v -1.57381E+02  1.60058E+02  5.23004E+01
v -1.68064E+02  1.60058E+02  5.23004E+01
v -1.68064E+02  1.39249E+02  6.88004E+01
v -1.57381E+02  1.39249E+02  6.88004E+01
v -1.57381E+02  1.39249E+02  5.23004E+01
v -1.68064E+02  1.39249E+02  5.23004E+01
g vc_ws_6148
s 0
f  4289 4290 4291 4292
f  4289 4290 4294 4293
f  4291 4290 4294 4295
f  4292 4291 4295 4296
f  4292 4289 4293 4296
f  4293 4294 4295 4296
v -6.27617E+01  2.70456E+01 -1.06530E+03
v -3.61901E+01  2.70456E+01 -1.06530E+03
v -3.61901E+01  2.70456E+01 -1.08230E+03
v -6.27617E+01  2.70456E+01 -1.08230E+03
v -6.27617E+01  2.17682E+01 -1.06530E+03
v -3.61901E+01  2.17682E+01 -1.06530E+03
v -3.61901E+01  2.17682E+01 -1.08230E+03
v -6.27617E+01  2.17682E+01 -1.08230E+03
g vc_ws_6149
s 0
f  4297 4298 4299 4300
f  4297 4298 4302 4301
f  4299 4298 4302 4303
f  4300 4299 4303 4304
f  4300 4297 4301 4304
f  4301 4302 4303 4304
v -3.14736E+02  1.29520E+02 -1.25416E+02
v -2.99236E+02  1.29520E+02 -1.25416E+02
v -2.99236E+02  1.29520E+02 -1.46416E+02
v -3.14736E+02  1.29520E+02 -1.46416E+02
v -3.14736E+02  1.08280E+02 -1.25416E+02
v -2.99236E+02  1.08280E+02 -1.25416E+02
v -2.99236E+02  1.08280E+02 -1.46416E+02
v -3.14736E+02  1.08280E+02 -1.46416E+02
g vc_ws_6155
s 0
f  4305 4306 4307 4308
f  4305 4306 4310 4309
f  4307 4306 4310 4311
f  4308 4307 4311 4312
f  4308 4305 4309 4312
f  4309 4310 4311 4312
v -2.42790E+02  1.42142E+02 -1.03416E+02
v -2.28790E+02  1.42142E+02 -1.03416E+02
v -2.28790E+02  1.42142E+02 -1.18916E+02
v -2.42790E+02  1.42142E+02 -1.18916E+02
v -2.42790E+02  1.10359E+02 -1.03416E+02
v -2.28790E+02  1.10359E+02 -1.03416E+02
v -2.28790E+02  1.10359E+02 -1.18916E+02
v -2.42790E+02  1.10359E+02 -1.18916E+02
g vc_ws_6157
s 0
f  4313 4314 4315 4316
f  4313 4314 4318 4317
f  4315 4314 4318 4319
f  4316 4315 4319 4320
f  4316 4313 4317 4320
f  4317 4318 4319 4320
v -1.79564E+02  2.19389E+02  8.33004E+01
v -1.68064E+02  2.19389E+02  8.33004E+01
v -1.68064E+02  2.19389E+02  6.88004E+01
v -1.79564E+02  2.19389E+02  6.88004E+01
v -1.79564E+02  1.79181E+02  8.33004E+01
v -1.68064E+02  1.79181E+02  8.33004E+01
v -1.68064E+02  1.79181E+02  6.88004E+01
v -1.79564E+02  1.79181E+02  6.88004E+01
g vc_ws_6161
s 0
f  4321 4322 4323 4324
f  4321 4322 4326 4325
f  4323 4322 4326 4327
f  4324 4323 4327 4328
f  4324 4321 4325 4328
f  4325 4326 4327 4328
v -2.02064E+02  2.19389E+02  8.33004E+01
v -1.90564E+02  2.19389E+02  8.33004E+01
v -1.90564E+02  2.19389E+02  6.88004E+01
v -2.02064E+02  2.19389E+02  6.88004E+01
v -2.02064E+02  1.79181E+02  8.33004E+01
v -1.90564E+02  1.79181E+02  8.33004E+01
v -1.90564E+02  1.79181E+02  6.88004E+01
v -2.02064E+02  1.79181E+02  6.88004E+01
g vc_ws_6163
s 0
f  4329 4330 4331 4332
f  4329 4330 4334 4333
f  4331 4330 4334 4335
f  4332 4331 4335 4336
f  4332 4329 4333 4336
f  4333 4334 4335 4336
v  2.94236E+02  1.52046E+02  2.81331E+02
v  3.09736E+02  1.52046E+02  2.81331E+02
v  3.09736E+02  1.52046E+02  2.64831E+02
v  2.94236E+02  1.52046E+02  2.64831E+02
v  2.94236E+02  1.26040E+02  2.81331E+02
v  3.09736E+02  1.26040E+02  2.81331E+02
v  3.09736E+02  1.26040E+02  2.64831E+02
v  2.94236E+02  1.26040E+02  2.64831E+02
g vc_ws_6165
s 0
f  4337 4338 4339 4340
f  4337 4338 4342 4341
f  4339 4338 4342 4343
f  4340 4339 4343 4344
f  4340 4337 4341 4344
f  4341 4342 4343 4344
v -2.42103E+02  1.79430E+02  7.22511E+01
v -2.29103E+02  1.79430E+02  7.22511E+01
v -2.29103E+02  1.79430E+02  5.97510E+01
v -2.42103E+02  1.79430E+02  5.97510E+01
v -2.42103E+02  1.37771E+02  7.22511E+01
v -2.29103E+02  1.37771E+02  7.22511E+01
v -2.29103E+02  1.37771E+02  5.97510E+01
v -2.42103E+02  1.37771E+02  5.97510E+01
g vc_ws_6168
s 0
f  4345 4346 4347 4348
f  4345 4346 4350 4349
f  4347 4346 4350 4351
f  4348 4347 4351 4352
f  4348 4345 4349 4352
f  4349 4350 4351 4352
v -4.28092E+02  1.28075E+02 -5.66185E+02
v -4.17092E+02  1.28075E+02 -5.66185E+02
v -4.17092E+02  1.28075E+02 -5.77258E+02
v -4.28092E+02  1.28075E+02 -5.77258E+02
v -4.28092E+02  1.11649E+02 -5.66185E+02
v -4.17092E+02  1.11649E+02 -5.66185E+02
v -4.17092E+02  1.11649E+02 -5.77258E+02
v -4.28092E+02  1.11649E+02 -5.77258E+02
g vc_ws_6170
s 0
f  4353 4354 4355 4356
f  4353 4354 4358 4357
f  4355 4354 4358 4359
f  4356 4355 4359 4360
f  4356 4353 4357 4360
f  4357 4358 4359 4360
v -4.80064E+02  1.36040E+02  8.51943E+01
v -4.68115E+02  1.36040E+02  8.51943E+01
v -4.68115E+02  1.36040E+02  7.26943E+01
v -4.80064E+02  1.36040E+02  7.26943E+01
v -4.80064E+02  1.31802E+02  8.51943E+01
v -4.68115E+02  1.31802E+02  8.51943E+01
v -4.68115E+02  1.31802E+02  7.26943E+01
v -4.80064E+02  1.31802E+02  7.26943E+01
g vc_ws_6172
s 0
f  4361 4362 4363 4364
f  4361 4362 4366 4365
f  4363 4362 4366 4367
f  4364 4363 4367 4368
f  4364 4361 4365 4368
f  4365 4366 4367 4368
v -4.17092E+02  1.28653E+02 -5.66185E+02
v -3.96092E+02  1.28653E+02 -5.66185E+02
v -3.96092E+02  1.28653E+02 -5.90758E+02
v -4.17092E+02  1.28653E+02 -5.90758E+02
v -4.17092E+02  1.16195E+02 -5.66185E+02
v -3.96092E+02  1.16195E+02 -5.66185E+02
v -3.96092E+02  1.16195E+02 -5.90758E+02
v -4.17092E+02  1.16195E+02 -5.90758E+02
g vc_ws_6175
s 0
f  4369 4370 4371 4372
f  4369 4370 4374 4373
f  4371 4370 4374 4375
f  4372 4371 4375 4376
f  4372 4369 4373 4376
f  4373 4374 4375 4376
v -1.90564E+02  2.19389E+02  8.33004E+01
v -1.79564E+02  2.19389E+02  8.33004E+01
v -1.79564E+02  2.19389E+02  6.88004E+01
v -1.90564E+02  2.19389E+02  6.88004E+01
v -1.90564E+02  1.79181E+02  8.33004E+01
v -1.79564E+02  1.79181E+02  8.33004E+01
v -1.79564E+02  1.79181E+02  6.88004E+01
v -1.90564E+02  1.79181E+02  6.88004E+01
g vc_ws_6177
s 0
f  4377 4378 4379 4380
f  4377 4378 4382 4381
f  4379 4378 4382 4383
f  4380 4379 4383 4384
f  4380 4377 4381 4384
f  4381 4382 4383 4384
v  2.94236E+02  1.52044E+02  2.97331E+02
v  3.09736E+02  1.52044E+02  2.97331E+02
v  3.09736E+02  1.52044E+02  2.81331E+02
v  2.94236E+02  1.52044E+02  2.81331E+02
v  2.94236E+02  1.26200E+02  2.97331E+02
v  3.09736E+02  1.26200E+02  2.97331E+02
v  3.09736E+02  1.26200E+02  2.81331E+02
v  2.94236E+02  1.26200E+02  2.81331E+02
g vc_ws_6179
s 0
f  4385 4386 4387 4388
f  4385 4386 4390 4389
f  4387 4386 4390 4391
f  4388 4387 4391 4392
f  4388 4385 4389 4392
f  4389 4390 4391 4392
v -7.64777E+01  2.96231E+01 -8.26685E+02
v -5.69777E+01  2.96231E+01 -8.26685E+02
v -5.69777E+01  2.96231E+01 -8.46185E+02
v -7.64777E+01  2.96231E+01 -8.46185E+02
v -7.64777E+01  2.25759E+01 -8.26685E+02
v -5.69777E+01  2.25759E+01 -8.26685E+02
v -5.69777E+01  2.25759E+01 -8.46185E+02
v -7.64777E+01  2.25759E+01 -8.46185E+02
g vc_ws_6181
s 0
f  4393 4394 4395 4396
f  4393 4394 4398 4397
f  4395 4394 4398 4399
f  4396 4395 4399 4400
f  4396 4393 4397 4400
f  4397 4398 4399 4400
v  5.08734E+01  5.06589E+01 -4.02410E+02
v  7.23734E+01  5.06589E+01 -4.02410E+02
v  7.23734E+01  5.06589E+01 -4.13054E+02
v  5.08734E+01  5.06589E+01 -4.13054E+02
v  5.08734E+01  3.51671E+01 -4.02410E+02
v  7.23734E+01  3.51671E+01 -4.02410E+02
v  7.23734E+01  3.51671E+01 -4.13054E+02
v  5.08734E+01  3.51671E+01 -4.13054E+02
g vc_ws_6185
s 0
f  4401 4402 4403 4404
f  4401 4402 4406 4405
f  4403 4402 4406 4407
f  4404 4403 4407 4408
f  4404 4401 4405 4408
f  4405 4406 4407 4408
v  1.49310E+02  2.08113E+01 -1.07896E+03
v  1.71176E+02  2.08113E+01 -1.07896E+03
v  1.71176E+02  2.08113E+01 -1.10196E+03
v  1.49310E+02  2.08113E+01 -1.10196E+03
v  1.49310E+02  9.63280E+00 -1.07896E+03
v  1.71176E+02  9.63280E+00 -1.07896E+03
v  1.71176E+02  9.63280E+00 -1.10196E+03
v  1.49310E+02  9.63280E+00 -1.10196E+03
g vc_ws_6187
s 0
f  4409 4410 4411 4412
f  4409 4410 4414 4413
f  4411 4410 4414 4415
f  4412 4411 4415 4416
f  4412 4409 4413 4416
f  4413 4414 4415 4416
v -1.68064E+02  2.19389E+02  8.33004E+01
v -1.57381E+02  2.19389E+02  8.33004E+01
v -1.57381E+02  2.19389E+02  6.88004E+01
v -1.68064E+02  2.19389E+02  6.88004E+01
v -1.68064E+02  1.79181E+02  8.33004E+01
v -1.57381E+02  1.79181E+02  8.33004E+01
v -1.57381E+02  1.79181E+02  6.88004E+01
v -1.68064E+02  1.79181E+02  6.88004E+01
g vc_ws_6189
s 0
f  4417 4418 4419 4420
f  4417 4418 4422 4421
f  4419 4418 4422 4423
f  4420 4419 4423 4424
f  4420 4417 4421 4424
f  4421 4422 4423 4424
v -2.14603E+02  1.76316E+02  7.22511E+01
v -2.02064E+02  1.76316E+02  7.22511E+01
v -2.02064E+02  1.76316E+02  5.97510E+01
v -2.14603E+02  1.76316E+02  5.97510E+01
v -2.14603E+02  1.40108E+02  7.22511E+01
v -2.02064E+02  1.40108E+02  7.22511E+01
v -2.02064E+02  1.40108E+02  5.97510E+01
v -2.14603E+02  1.40108E+02  5.97510E+01
g vc_ws_6192
s 0
f  4425 4426 4427 4428
f  4425 4426 4430 4429
f  4427 4426 4430 4431
f  4428 4427 4431 4432
f  4428 4425 4429 4432
f  4429 4430 4431 4432
v  5.48148E+02  4.08994E+01 -5.69816E+02
v  5.64594E+02  4.08994E+01 -5.69816E+02
v  5.64594E+02  4.08994E+01 -5.86316E+02
v  5.48148E+02  4.08994E+01 -5.86316E+02
v  5.48148E+02  3.51745E+01 -5.69816E+02
v  5.64594E+02  3.51745E+01 -5.69816E+02
v  5.64594E+02  3.51745E+01 -5.86316E+02
v  5.48148E+02  3.51745E+01 -5.86316E+02
g vc_ws_6195
s 0
f  4433 4434 4435 4436
f  4433 4434 4438 4437
f  4435 4434 4438 4439
f  4436 4435 4439 4440
f  4436 4433 4437 4440
f  4437 4438 4439 4440
v -2.29103E+02  2.19389E+02  8.27511E+01
v -2.14603E+02  2.19389E+02  8.27511E+01
v -2.14603E+02  2.19389E+02  7.22511E+01
v -2.29103E+02  2.19389E+02  7.22511E+01
v -2.29103E+02  1.79740E+02  8.27511E+01
v -2.14603E+02  1.79740E+02  8.27511E+01
v -2.14603E+02  1.79740E+02  7.22511E+01
v -2.29103E+02  1.79740E+02  7.22511E+01
g vc_ws_6197
s 0
f  4441 4442 4443 4444
f  4441 4442 4446 4445
f  4443 4442 4446 4447
f  4444 4443 4447 4448
f  4444 4441 4445 4448
f  4445 4446 4447 4448
v  5.63798E+02  4.24719E+01 -6.00185E+02
v  5.80298E+02  4.24719E+01 -6.00185E+02
v  5.80298E+02  4.24719E+01 -6.15685E+02
v  5.63798E+02  4.24719E+01 -6.15685E+02
v  5.63798E+02  3.43558E+01 -6.00185E+02
v  5.80298E+02  3.43558E+01 -6.00185E+02
v  5.80298E+02  3.43558E+01 -6.15685E+02
v  5.63798E+02  3.43558E+01 -6.15685E+02
g vc_ws_6199
s 0
f  4449 4450 4451 4452
f  4449 4450 4454 4453
f  4451 4450 4454 4455
f  4452 4451 4455 4456
f  4452 4449 4453 4456
f  4453 4454 4455 4456
v -2.99236E+02  1.29520E+02 -1.25416E+02
v -2.86236E+02  1.29520E+02 -1.25416E+02
v -2.86236E+02  1.29520E+02 -1.46416E+02
v -2.99236E+02  1.29520E+02 -1.46416E+02
v -2.99236E+02  1.08280E+02 -1.25416E+02
v -2.86236E+02  1.08280E+02 -1.25416E+02
v -2.86236E+02  1.08280E+02 -1.46416E+02
v -2.99236E+02  1.08280E+02 -1.46416E+02
g vc_ws_6207
s 0
f  4457 4458 4459 4460
f  4457 4458 4462 4461
f  4459 4458 4462 4463
f  4460 4459 4463 4464
f  4460 4457 4461 4464
f  4461 4462 4463 4464
v  2.30690E+01  3.03863E+01 -7.31506E+02
v  4.78131E+01  3.03863E+01 -7.31506E+02
v  4.78131E+01  3.03863E+01 -7.45006E+02
v  2.30690E+01  3.03863E+01 -7.45006E+02
v  2.30690E+01  2.14338E+01 -7.31506E+02
v  4.78131E+01  2.14338E+01 -7.31506E+02
v  4.78131E+01  2.14338E+01 -7.45006E+02
v  2.30690E+01  2.14338E+01 -7.45006E+02
g vc_ws_6209
s 0
f  4465 4466 4467 4468
f  4465 4466 4470 4469
f  4467 4466 4470 4471
f  4468 4467 4471 4472
f  4468 4465 4469 4472
f  4469 4470 4471 4472
v  2.80923E+02  1.52046E+02  2.81331E+02
v  2.94236E+02  1.52046E+02  2.81331E+02
v  2.94236E+02  1.52046E+02  2.64831E+02
v  2.80923E+02  1.52046E+02  2.64831E+02
v  2.80923E+02  1.26040E+02  2.81331E+02
v  2.94236E+02  1.26040E+02  2.81331E+02
v  2.94236E+02  1.26040E+02  2.64831E+02
v  2.80923E+02  1.26040E+02  2.64831E+02
g vc_ws_6213
s 0
f  4473 4474 4475 4476
f  4473 4474 4478 4477
f  4475 4474 4478 4479
f  4476 4475 4479 4480
f  4476 4473 4477 4480
f  4477 4478 4479 4480
v -3.43097E+00  2.88718E+01 -7.81499E+02
v  2.20690E+01  2.88718E+01 -7.81499E+02
v  2.20690E+01  2.88718E+01 -7.94999E+02
v -3.43097E+00  2.88718E+01 -7.94999E+02
v -3.43097E+00  2.31711E+01 -7.81499E+02
v  2.20690E+01  2.31711E+01 -7.81499E+02
v  2.20690E+01  2.31711E+01 -7.94999E+02
v -3.43097E+00  2.31711E+01 -7.94999E+02
g vc_ws_6215
s 0
f  4481 4482 4483 4484
f  4481 4482 4486 4485
f  4483 4482 4486 4487
f  4484 4483 4487 4488
f  4484 4481 4485 4488
f  4485 4486 4487 4488
v  2.57603E+02  1.38249E+01 -1.06287E+03
v  2.77103E+02  1.38249E+01 -1.06287E+03
v  2.77103E+02  1.38249E+01 -1.09537E+03
v  2.57603E+02  1.38249E+01 -1.09537E+03
v  2.57603E+02  5.83555E+00 -1.06287E+03
v  2.77103E+02  5.83555E+00 -1.06287E+03
v  2.77103E+02  5.83555E+00 -1.09537E+03
v  2.57603E+02  5.83555E+00 -1.09537E+03
g vc_ws_6217
s 0
f  4489 4490 4491 4492
f  4489 4490 4494 4493
f  4491 4490 4494 4495
f  4492 4491 4495 4496
f  4492 4489 4493 4496
f  4493 4494 4495 4496
v  3.09736E+02  1.52046E+02  2.81331E+02
v  3.22936E+02  1.52046E+02  2.81331E+02
v  3.22936E+02  1.52046E+02  2.64831E+02
v  3.09736E+02  1.52046E+02  2.64831E+02
v  3.09736E+02  1.26040E+02  2.81331E+02
v  3.22936E+02  1.26040E+02  2.81331E+02
v  3.22936E+02  1.26040E+02  2.64831E+02
v  3.09736E+02  1.26040E+02  2.64831E+02
g vc_ws_6221
s 0
f  4497 4498 4499 4500
f  4497 4498 4502 4501
f  4499 4498 4502 4503
f  4500 4499 4503 4504
f  4500 4497 4501 4504
f  4501 4502 4503 4504
v -2.42103E+02  2.19389E+02  8.27511E+01
v -2.29103E+02  2.19389E+02  8.27511E+01
v -2.29103E+02  2.19389E+02  7.22511E+01
v -2.42103E+02  2.19389E+02  7.22511E+01
v -2.42103E+02  1.78580E+02  8.27511E+01
v -2.29103E+02  1.78580E+02  8.27511E+01
v -2.29103E+02  1.78580E+02  7.22511E+01
v -2.42103E+02  1.78580E+02  7.22511E+01
g vc_ws_6223
s 0
f  4505 4506 4507 4508
f  4505 4506 4510 4509
f  4507 4506 4510 4511
f  4508 4507 4511 4512
f  4508 4505 4509 4512
f  4509 4510 4511 4512
v  2.30690E+01  3.63060E+01 -6.70006E+02
v  4.78131E+01  3.63060E+01 -6.70006E+02
v  4.78131E+01  3.63060E+01 -6.81006E+02
v  2.30690E+01  3.63060E+01 -6.81006E+02
v  2.30690E+01  2.11764E+01 -6.70006E+02
v  4.78131E+01  2.11764E+01 -6.70006E+02
v  4.78131E+01  2.11764E+01 -6.81006E+02
v  2.30690E+01  2.11764E+01 -6.81006E+02
g vc_ws_6229
s 0
f  4513 4514 4515 4516
f  4513 4514 4518 4517
f  4515 4514 4518 4519
f  4516 4515 4519 4520
f  4516 4513 4517 4520
f  4517 4518 4519 4520
v  5.48148E+02  3.89904E+01 -5.40316E+02
v  5.64594E+02  3.89904E+01 -5.40316E+02
v  5.64594E+02  3.89904E+01 -5.55816E+02
v  5.48148E+02  3.89904E+01 -5.55816E+02
v  5.48148E+02  3.51840E+01 -5.40316E+02
v  5.64594E+02  3.51840E+01 -5.40316E+02
v  5.64594E+02  3.51840E+01 -5.55816E+02
v  5.48148E+02  3.51840E+01 -5.55816E+02
g vc_ws_6231
s 0
f  4521 4522 4523 4524
f  4521 4522 4526 4525
f  4523 4522 4526 4527
f  4524 4523 4527 4528
f  4524 4521 4525 4528
f  4525 4526 4527 4528
v  3.09736E+02  1.52044E+02  2.97331E+02
v  3.22936E+02  1.52044E+02  2.97331E+02
v  3.22936E+02  1.52044E+02  2.81331E+02
v  3.09736E+02  1.52044E+02  2.81331E+02
v  3.09736E+02  1.26200E+02  2.97331E+02
v  3.22936E+02  1.26200E+02  2.97331E+02
v  3.22936E+02  1.26200E+02  2.81331E+02
v  3.09736E+02  1.26200E+02  2.81331E+02
g vc_ws_6233
s 0
f  4529 4530 4531 4532
f  4529 4530 4534 4533
f  4531 4530 4534 4535
f  4532 4531 4535 4536
f  4532 4529 4533 4536
f  4533 4534 4535 4536
v  5.63798E+02  4.24719E+01 -5.86316E+02
v  5.80298E+02  4.24719E+01 -5.86316E+02
v  5.80298E+02  4.24719E+01 -6.00185E+02
v  5.63798E+02  4.24719E+01 -6.00185E+02
v  5.63798E+02  3.51984E+01 -5.86316E+02
v  5.80298E+02  3.51984E+01 -5.86316E+02
v  5.80298E+02  3.51984E+01 -6.00185E+02
v  5.63798E+02  3.51984E+01 -6.00185E+02
g vc_ws_6239
s 0
f  4537 4538 4539 4540
f  4537 4538 4542 4541
f  4539 4538 4542 4543
f  4540 4539 4543 4544
f  4540 4537 4541 4544
f  4541 4542 4543 4544
v -2.02832E+01  2.78915E+01 -8.26685E+02
v -3.43097E+00  2.78915E+01 -8.26685E+02
v -3.43097E+00  2.78915E+01 -8.46185E+02
v -2.02832E+01  2.78915E+01 -8.46185E+02
v -2.02832E+01  2.34935E+01 -8.26685E+02
v -3.43097E+00  2.34935E+01 -8.26685E+02
v -3.43097E+00  2.34935E+01 -8.46185E+02
v -2.02832E+01  2.34935E+01 -8.46185E+02
g vc_ws_6243
s 0
f  4545 4546 4547 4548
f  4545 4546 4550 4549
f  4547 4546 4550 4551
f  4548 4547 4551 4552
f  4548 4545 4549 4552
f  4549 4550 4551 4552
v -2.14603E+02  2.19389E+02  8.27511E+01
v -2.02064E+02  2.19389E+02  8.27511E+01
v -2.02064E+02  2.19389E+02  7.22511E+01
v -2.14603E+02  2.19389E+02  7.22511E+01
v -2.14603E+02  1.79740E+02  8.27511E+01
v -2.02064E+02  1.79740E+02  8.27511E+01
v -2.02064E+02  1.79740E+02  7.22511E+01
v -2.14603E+02  1.79740E+02  7.22511E+01
g vc_ws_6245
s 0
f  4553 4554 4555 4556
f  4553 4554 4558 4557
f  4555 4554 4558 4559
f  4556 4555 4559 4560
f  4556 4553 4557 4560
f  4557 4558 4559 4560
v  5.48148E+02  4.31943E+01 -5.26895E+02
v  5.64594E+02  4.31943E+01 -5.26895E+02
v  5.64594E+02  4.31943E+01 -5.40316E+02
v  5.48148E+02  4.31943E+01 -5.40316E+02
v  5.48148E+02  3.48199E+01 -5.26895E+02
v  5.64594E+02  3.48199E+01 -5.26895E+02
v  5.64594E+02  3.48199E+01 -5.40316E+02
v  5.48148E+02  3.48199E+01 -5.40316E+02
g vc_ws_6247
s 0
f  4561 4562 4563 4564
f  4561 4562 4566 4565
f  4563 4562 4566 4567
f  4564 4563 4567 4568
f  4564 4561 4565 4568
f  4565 4566 4567 4568
v -3.87832E+01  2.82733E+01 -7.73494E+02
v -2.02832E+01  2.82733E+01 -7.73494E+02
v -2.02832E+01  2.82733E+01 -7.90185E+02
v -3.87832E+01  2.82733E+01 -7.90185E+02
v -3.87832E+01  2.24139E+01 -7.73494E+02
v -2.02832E+01  2.24139E+01 -7.73494E+02
v -2.02832E+01  2.24139E+01 -7.90185E+02
v -3.87832E+01  2.24139E+01 -7.90185E+02
g vc_ws_6251
s 0
f  4569 4570 4571 4572
f  4569 4570 4574 4573
f  4571 4570 4574 4575
f  4572 4571 4575 4576
f  4572 4569 4573 4576
f  4573 4574 4575 4576
v  5.48148E+02  3.89904E+01 -5.55816E+02
v  5.64594E+02  3.89904E+01 -5.55816E+02
v  5.64594E+02  3.89904E+01 -5.69816E+02
v  5.48148E+02  3.89904E+01 -5.69816E+02
v  5.48148E+02  3.51840E+01 -5.55816E+02
v  5.64594E+02  3.51840E+01 -5.55816E+02
v  5.64594E+02  3.51840E+01 -5.69816E+02
v  5.48148E+02  3.51840E+01 -5.69816E+02
g vc_ws_6253
s 0
f  4577 4578 4579 4580
f  4577 4578 4582 4581
f  4579 4578 4582 4583
f  4580 4579 4583 4584
f  4580 4577 4581 4584
f  4581 4582 4583 4584
v -2.02832E+01  2.78915E+01 -8.08685E+02
v -3.43097E+00  2.78915E+01 -8.08685E+02
v -3.43097E+00  2.78915E+01 -8.26685E+02
v -2.02832E+01  2.78915E+01 -8.26685E+02
v -2.02832E+01  2.31939E+01 -8.08685E+02
v -3.43097E+00  2.31939E+01 -8.08685E+02
v -3.43097E+00  2.31939E+01 -8.26685E+02
v -2.02832E+01  2.31939E+01 -8.26685E+02
g vc_ws_6257
s 0
f  4585 4586 4587 4588
f  4585 4586 4590 4589
f  4587 4586 4590 4591
f  4588 4587 4591 4592
f  4588 4585 4589 4592
f  4589 4590 4591 4592
v -2.28790E+02  1.24632E+02 -1.03416E+02
v -2.15290E+02  1.24632E+02 -1.03416E+02
v -2.15290E+02  1.24632E+02 -1.18916E+02
v -2.28790E+02  1.24632E+02 -1.18916E+02
v -2.28790E+02  1.01841E+02 -1.03416E+02
v -2.15290E+02  1.01841E+02 -1.03416E+02
v -2.15290E+02  1.01841E+02 -1.18916E+02
v -2.28790E+02  1.01841E+02 -1.18916E+02
g vc_ws_6259
s 0
f  4593 4594 4595 4596
f  4593 4594 4598 4597
f  4595 4594 4598 4599
f  4596 4595 4599 4600
f  4596 4593 4597 4600
f  4597 4598 4599 4600
v -2.15290E+02  1.24632E+02 -1.03416E+02
v -2.02064E+02  1.24632E+02 -1.03416E+02
v -2.02064E+02  1.24632E+02 -1.18916E+02
v -2.15290E+02  1.24632E+02 -1.18916E+02
v -2.15290E+02  1.01841E+02 -1.03416E+02
v -2.02064E+02  1.01841E+02 -1.03416E+02
v -2.02064E+02  1.01841E+02 -1.18916E+02
v -2.15290E+02  1.01841E+02 -1.18916E+02
g vc_ws_6265
s 0
f  4601 4602 4603 4604
f  4601 4602 4606 4605
f  4603 4602 4606 4607
f  4604 4603 4607 4608
f  4604 4601 4605 4608
f  4605 4606 4607 4608
v  2.65423E+02  1.39617E+02  2.81331E+02
v  2.80923E+02  1.39617E+02  2.81331E+02
v  2.80923E+02  1.39617E+02  2.64831E+02
v  2.65423E+02  1.39617E+02  2.64831E+02
v  2.65423E+02  1.21416E+02  2.81331E+02
v  2.80923E+02  1.21416E+02  2.81331E+02
v  2.80923E+02  1.21416E+02  2.64831E+02
v  2.65423E+02  1.21416E+02  2.64831E+02
g vc_ws_6267
s 0
f  4609 4610 4611 4612
f  4609 4610 4614 4613
f  4611 4610 4614 4615
f  4612 4611 4615 4616
f  4612 4609 4613 4616
f  4613 4614 4615 4616
v  4.99426E+02  4.59906E+01 -3.42685E+02
v  5.12926E+02  4.59906E+01 -3.42685E+02
v  5.12926E+02  4.59906E+01 -3.56185E+02
v  4.99426E+02  4.59906E+01 -3.56185E+02
v  4.99426E+02  3.77832E+01 -3.42685E+02
v  5.12926E+02  3.77832E+01 -3.42685E+02
v  5.12926E+02  3.77832E+01 -3.56185E+02
v  4.99426E+02  3.77832E+01 -3.56185E+02
g vc_ws_6269
s 0
f  4617 4618 4619 4620
f  4617 4618 4622 4621
f  4619 4618 4622 4623
f  4620 4619 4623 4624
f  4620 4617 4621 4624
f  4621 4622 4623 4624
v  4.99426E+02  4.59906E+01 -3.29783E+02
v  5.12926E+02  4.59906E+01 -3.29783E+02
v  5.12926E+02  4.59906E+01 -3.42685E+02
v  4.99426E+02  4.59906E+01 -3.42685E+02
v  4.99426E+02  3.77832E+01 -3.29783E+02
v  5.12926E+02  3.77832E+01 -3.29783E+02
v  5.12926E+02  3.77832E+01 -3.42685E+02
v  4.99426E+02  3.77832E+01 -3.42685E+02
g vc_ws_6277
s 0
f  4625 4626 4627 4628
f  4625 4626 4630 4629
f  4627 4626 4630 4631
f  4628 4627 4631 4632
f  4628 4625 4629 4632
f  4629 4630 4631 4632
v  5.86119E+02  3.85439E+01 -7.29862E+02
v  6.00119E+02  3.85439E+01 -7.29862E+02
v  6.00119E+02  3.85439E+01 -7.43362E+02
v  5.86119E+02  3.85439E+01 -7.43362E+02
v  5.86119E+02  2.48167E+01 -7.29862E+02
v  6.00119E+02  2.48167E+01 -7.29862E+02
v  6.00119E+02  2.48167E+01 -7.43362E+02
v  5.86119E+02  2.48167E+01 -7.43362E+02
g vc_ws_6283
s 0
f  4633 4634 4635 4636
f  4633 4634 4638 4637
f  4635 4634 4638 4639
f  4636 4635 4639 4640
f  4636 4633 4637 4640
f  4637 4638 4639 4640
v  5.86119E+02  4.07927E+01 -6.57127E+02
v  6.00119E+02  4.07927E+01 -6.57127E+02
v  6.00119E+02  4.07927E+01 -6.69627E+02
v  5.86119E+02  4.07927E+01 -6.69627E+02
v  5.86119E+02  3.23742E+01 -6.57127E+02
v  6.00119E+02  3.23742E+01 -6.57127E+02
v  6.00119E+02  3.23742E+01 -6.69627E+02
v  5.86119E+02  3.23742E+01 -6.69627E+02
g vc_ws_6291
s 0
f  4641 4642 4643 4644
f  4641 4642 4646 4645
f  4643 4642 4646 4647
f  4644 4643 4647 4648
f  4644 4641 4645 4648
f  4645 4646 4647 4648
v  4.90481E+02  7.93278E+01 -8.75057E+01
v  5.06981E+02  7.93278E+01 -8.75057E+01
v  5.06981E+02  7.93278E+01 -1.05384E+02
v  4.90481E+02  7.93278E+01 -1.05384E+02
v  4.90481E+02  6.60715E+01 -8.75057E+01
v  5.06981E+02  6.60715E+01 -8.75057E+01
v  5.06981E+02  6.60715E+01 -1.05384E+02
v  4.90481E+02  6.60715E+01 -1.05384E+02
g vc_ws_6293
s 0
f  4649 4650 4651 4652
f  4649 4650 4654 4653
f  4651 4650 4654 4655
f  4652 4651 4655 4656
f  4652 4649 4653 4656
f  4653 4654 4655 4656
v  5.06010E+02  3.94443E+01 -5.26895E+02
v  5.19510E+02  3.94443E+01 -5.26895E+02
v  5.19510E+02  3.94443E+01 -5.40063E+02
v  5.06010E+02  3.94443E+01 -5.40063E+02
v  5.06010E+02  3.48530E+01 -5.26895E+02
v  5.19510E+02  3.48530E+01 -5.26895E+02
v  5.19510E+02  3.48530E+01 -5.40063E+02
v  5.06010E+02  3.48530E+01 -5.40063E+02
g vc_ws_6297
s 0
f  4657 4658 4659 4660
f  4657 4658 4662 4661
f  4659 4658 4662 4663
f  4660 4659 4663 4664
f  4660 4657 4661 4664
f  4661 4662 4663 4664
v  5.86119E+02  3.85439E+01 -7.05362E+02
v  6.00119E+02  3.85439E+01 -7.05362E+02
v  6.00119E+02  3.85439E+01 -7.17862E+02
v  5.86119E+02  3.85439E+01 -7.17862E+02
v  5.86119E+02  2.86492E+01 -7.05362E+02
v  6.00119E+02  2.86492E+01 -7.05362E+02
v  6.00119E+02  2.86492E+01 -7.17862E+02
v  5.86119E+02  2.86492E+01 -7.17862E+02
g vc_ws_6307
s 0
f  4665 4666 4667 4668
f  4665 4666 4670 4669
f  4667 4666 4670 4671
f  4668 4667 4671 4672
f  4668 4665 4669 4672
f  4669 4670 4671 4672
v  5.85029E+02  3.72326E+01 -7.54400E+02
v  5.99029E+02  3.72326E+01 -7.54400E+02
v  5.99029E+02  3.72326E+01 -7.66900E+02
v  5.85029E+02  3.72326E+01 -7.66900E+02
v  5.85029E+02  2.48232E+01 -7.54400E+02
v  5.99029E+02  2.48232E+01 -7.54400E+02
v  5.99029E+02  2.48232E+01 -7.66900E+02
v  5.85029E+02  2.48232E+01 -7.66900E+02
g vc_ws_6313
s 0
f  4673 4674 4675 4676
f  4673 4674 4678 4677
f  4675 4674 4678 4679
f  4676 4675 4679 4680
f  4676 4673 4677 4680
f  4677 4678 4679 4680
v  7.96692E+01  3.61785E+01 -6.11685E+02
v  9.01692E+01  3.61785E+01 -6.11685E+02
v  9.01692E+01  3.61785E+01 -6.28685E+02
v  7.96692E+01  3.61785E+01 -6.28685E+02
v  7.96692E+01  2.11771E+01 -6.11685E+02
v  9.01692E+01  2.11771E+01 -6.11685E+02
v  9.01692E+01  2.11771E+01 -6.28685E+02
v  7.96692E+01  2.11771E+01 -6.28685E+02
g vc_ws_6315
s 0
f  4681 4682 4683 4684
f  4681 4682 4686 4685
f  4683 4682 4686 4687
f  4684 4683 4687 4688
f  4684 4681 4685 4688
f  4685 4686 4687 4688
v  5.86119E+02  3.85439E+01 -7.17862E+02
v  6.00119E+02  3.85439E+01 -7.17862E+02
v  6.00119E+02  3.85439E+01 -7.29862E+02
v  5.86119E+02  3.85439E+01 -7.29862E+02
v  5.86119E+02  2.86492E+01 -7.17862E+02
v  6.00119E+02  2.86492E+01 -7.17862E+02
v  6.00119E+02  2.86492E+01 -7.29862E+02
v  5.86119E+02  2.86492E+01 -7.29862E+02
g vc_ws_6317
s 0
f  4689 4690 4691 4692
f  4689 4690 4694 4693
f  4691 4690 4694 4695
f  4692 4691 4695 4696
f  4692 4689 4693 4696
f  4693 4694 4695 4696
v  5.06981E+02  7.67197E+01 -1.23884E+02
v  5.20981E+02  7.67197E+01 -1.23884E+02
v  5.20981E+02  7.67197E+01 -1.41939E+02
v  5.06981E+02  7.67197E+01 -1.41939E+02
v  5.06981E+02  6.26007E+01 -1.23884E+02
v  5.20981E+02  6.26007E+01 -1.23884E+02
v  5.20981E+02  6.26007E+01 -1.41939E+02
v  5.06981E+02  6.26007E+01 -1.41939E+02
g vc_ws_6319
s 0
f  4697 4698 4699 4700
f  4697 4698 4702 4701
f  4699 4698 4702 4703
f  4700 4699 4703 4704
f  4700 4697 4701 4704
f  4701 4702 4703 4704
v  5.85029E+02  3.72326E+01 -7.66900E+02
v  5.99029E+02  3.72326E+01 -7.66900E+02
v  5.99029E+02  3.72326E+01 -7.78900E+02
v  5.85029E+02  3.72326E+01 -7.78900E+02
v  5.85029E+02  2.07559E+01 -7.66900E+02
v  5.99029E+02  2.07559E+01 -7.66900E+02
v  5.99029E+02  2.07559E+01 -7.78900E+02
v  5.85029E+02  2.07559E+01 -7.78900E+02
g vc_ws_6325
s 0
f  4705 4706 4707 4708
f  4705 4706 4710 4709
f  4707 4706 4710 4711
f  4708 4707 4711 4712
f  4708 4705 4709 4712
f  4709 4710 4711 4712
v  5.86119E+02  4.10694E+01 -6.46185E+02
v  6.00119E+02  4.10694E+01 -6.46185E+02
v  6.00119E+02  4.10694E+01 -6.57127E+02
v  5.86119E+02  4.10694E+01 -6.57127E+02
v  5.86119E+02  3.23728E+01 -6.46185E+02
v  6.00119E+02  3.23728E+01 -6.46185E+02
v  6.00119E+02  3.23728E+01 -6.57127E+02
v  5.86119E+02  3.23728E+01 -6.57127E+02
g vc_ws_6327
s 0
f  4713 4714 4715 4716
f  4713 4714 4718 4717
f  4715 4714 4718 4719
f  4716 4715 4719 4720
f  4716 4713 4717 4720
f  4717 4718 4719 4720
v  5.85029E+02  3.22174E+01 -7.78900E+02
v  5.99029E+02  3.22174E+01 -7.78900E+02
v  5.99029E+02  3.22174E+01 -7.92400E+02
v  5.85029E+02  3.22174E+01 -7.92400E+02
v  5.85029E+02  2.07810E+01 -7.78900E+02
v  5.99029E+02  2.07810E+01 -7.78900E+02
v  5.99029E+02  2.07810E+01 -7.92400E+02
v  5.85029E+02  2.07810E+01 -7.92400E+02
g vc_ws_6329
s 0
f  4721 4722 4723 4724
f  4721 4722 4726 4725
f  4723 4722 4726 4727
f  4724 4723 4727 4728
f  4724 4721 4725 4728
f  4725 4726 4727 4728
v  5.86119E+02  3.85439E+01 -6.94127E+02
v  6.00119E+02  3.85439E+01 -6.94127E+02
v  6.00119E+02  3.85439E+01 -7.05362E+02
v  5.86119E+02  3.85439E+01 -7.05362E+02
v  5.86119E+02  2.86492E+01 -6.94127E+02
v  6.00119E+02  2.86492E+01 -6.94127E+02
v  6.00119E+02  2.86492E+01 -7.05362E+02
v  5.86119E+02  2.86492E+01 -7.05362E+02
g vc_ws_6333
s 0
f  4729 4730 4731 4732
f  4729 4730 4734 4733
f  4731 4730 4734 4735
f  4732 4731 4735 4736
f  4732 4729 4733 4736
f  4733 4734 4735 4736
v  5.85029E+02  3.72326E+01 -7.43362E+02
v  5.99029E+02  3.72326E+01 -7.43362E+02
v  5.99029E+02  3.72326E+01 -7.54400E+02
v  5.85029E+02  3.72326E+01 -7.54400E+02
v  5.85029E+02  2.48232E+01 -7.43362E+02
v  5.99029E+02  2.48232E+01 -7.43362E+02
v  5.99029E+02  2.48232E+01 -7.54400E+02
v  5.85029E+02  2.48232E+01 -7.54400E+02
g vc_ws_6337
s 0
f  4737 4738 4739 4740
f  4737 4738 4742 4741
f  4739 4738 4742 4743
f  4740 4739 4743 4744
f  4740 4737 4741 4744
f  4741 4742 4743 4744
v  5.85029E+02  3.22174E+01 -8.03530E+02
v  5.99029E+02  3.22174E+01 -8.03530E+02
v  5.99029E+02  3.22174E+01 -8.16030E+02
v  5.85029E+02  3.22174E+01 -8.16030E+02
v  5.85029E+02  1.65666E+01 -8.03530E+02
v  5.99029E+02  1.65666E+01 -8.03530E+02
v  5.99029E+02  1.65666E+01 -8.16030E+02
v  5.85029E+02  1.65666E+01 -8.16030E+02
g vc_ws_6341
s 0
f  4745 4746 4747 4748
f  4745 4746 4750 4749
f  4747 4746 4750 4751
f  4748 4747 4751 4752
f  4748 4745 4749 4752
f  4749 4750 4751 4752
v  5.06981E+02  7.67197E+01 -1.05384E+02
v  5.20981E+02  7.67197E+01 -1.05384E+02
v  5.20981E+02  7.67197E+01 -1.23884E+02
v  5.06981E+02  7.67197E+01 -1.23884E+02
v  5.06981E+02  6.47739E+01 -1.05384E+02
v  5.20981E+02  6.47739E+01 -1.05384E+02
v  5.20981E+02  6.47739E+01 -1.23884E+02
v  5.06981E+02  6.47739E+01 -1.23884E+02
g vc_ws_6349
s 0
f  4753 4754 4755 4756
f  4753 4754 4758 4757
f  4755 4754 4758 4759
f  4756 4755 4759 4760
f  4756 4753 4757 4760
f  4757 4758 4759 4760
v  4.76750E+02  8.12297E+01 -2.81756E+01
v  4.90829E+02  8.12297E+01 -2.81756E+01
v  4.90829E+02  8.12297E+01 -4.76756E+01
v  4.76750E+02  8.12297E+01 -4.76756E+01
v  4.76750E+02  7.03134E+01 -2.81756E+01
v  4.90829E+02  7.03134E+01 -2.81756E+01
v  4.90829E+02  7.03134E+01 -4.76756E+01
v  4.76750E+02  7.03134E+01 -4.76756E+01
g vc_ws_6351
s 0
f  4761 4762 4763 4764
f  4761 4762 4766 4765
f  4763 4762 4766 4767
f  4764 4763 4767 4768
f  4764 4761 4765 4768
f  4765 4766 4767 4768
v  5.06981E+02  7.67197E+01 -8.75057E+01
v  5.20981E+02  7.67197E+01 -8.75057E+01
v  5.20981E+02  7.67197E+01 -1.05384E+02
v  5.06981E+02  7.67197E+01 -1.05384E+02
v  5.06981E+02  6.47739E+01 -8.75057E+01
v  5.20981E+02  6.47739E+01 -8.75057E+01
v  5.20981E+02  6.47739E+01 -1.05384E+02
v  5.06981E+02  6.47739E+01 -1.05384E+02
g vc_ws_6353
s 0
f  4769 4770 4771 4772
f  4769 4770 4774 4773
f  4771 4770 4774 4775
f  4772 4771 4775 4776
f  4772 4769 4773 4776
f  4773 4774 4775 4776
v  4.76750E+02  8.12297E+01 -4.76756E+01
v  4.90829E+02  8.12297E+01 -4.76756E+01
v  4.90829E+02  8.12297E+01 -6.70057E+01
v  4.76750E+02  8.12297E+01 -6.70057E+01
v  4.76750E+02  7.03134E+01 -4.76756E+01
v  4.90829E+02  7.03134E+01 -4.76756E+01
v  4.90829E+02  7.03134E+01 -6.70057E+01
v  4.76750E+02  7.03134E+01 -6.70057E+01
g vc_ws_6355
s 0
f  4777 4778 4779 4780
f  4777 4778 4782 4781
f  4779 4778 4782 4783
f  4780 4779 4783 4784
f  4780 4777 4781 4784
f  4781 4782 4783 4784
v  3.08019E+01  5.11376E+01 -4.11369E+02
v  5.08734E+01  5.11376E+01 -4.11369E+02
v  5.08734E+01  5.11376E+01 -4.29554E+02
v  3.08019E+01  5.11376E+01 -4.29554E+02
v  3.08019E+01  4.31512E+01 -4.11369E+02
v  5.08734E+01  4.31512E+01 -4.11369E+02
v  5.08734E+01  4.31512E+01 -4.29554E+02
v  3.08019E+01  4.31512E+01 -4.29554E+02
g vc_ws_6359
s 0
f  4785 4786 4787 4788
f  4785 4786 4790 4789
f  4787 4786 4790 4791
f  4788 4787 4791 4792
f  4788 4785 4789 4792
f  4789 4790 4791 4792
v  5.85029E+02  2.64165E+01 -8.28030E+02
v  5.99029E+02  2.64165E+01 -8.28030E+02
v  5.99029E+02  2.64165E+01 -8.41530E+02
v  5.85029E+02  2.64165E+01 -8.41530E+02
v  5.85029E+02  1.65956E+01 -8.28030E+02
v  5.99029E+02  1.65956E+01 -8.28030E+02
v  5.99029E+02  1.65956E+01 -8.41530E+02
v  5.85029E+02  1.65956E+01 -8.41530E+02
g vc_ws_6363
s 0
f  4793 4794 4795 4796
f  4793 4794 4798 4797
f  4795 4794 4798 4799
f  4796 4795 4799 4800
f  4796 4793 4797 4800
f  4797 4798 4799 4800
v  7.96692E+01  3.65628E+01 -5.58702E+02
v  9.01692E+01  3.65628E+01 -5.58702E+02
v  9.01692E+01  3.65628E+01 -5.72202E+02
v  7.96692E+01  3.65628E+01 -5.72202E+02
v  7.96692E+01  2.20194E+01 -5.58702E+02
v  9.01692E+01  2.20194E+01 -5.58702E+02
v  9.01692E+01  2.20194E+01 -5.72202E+02
v  7.96692E+01  2.20194E+01 -5.72202E+02
g vc_ws_6365
s 0
f  4801 4802 4803 4804
f  4801 4802 4806 4805
f  4803 4802 4806 4807
f  4804 4803 4807 4808
f  4804 4801 4805 4808
f  4805 4806 4807 4808
v  5.85029E+02  3.22174E+01 -7.92400E+02
v  5.99029E+02  3.22174E+01 -7.92400E+02
v  5.99029E+02  3.22174E+01 -8.03530E+02
v  5.85029E+02  3.22174E+01 -8.03530E+02
v  5.85029E+02  2.07810E+01 -7.92400E+02
v  5.99029E+02  2.07810E+01 -7.92400E+02
v  5.99029E+02  2.07810E+01 -8.03530E+02
v  5.85029E+02  2.07810E+01 -8.03530E+02
g vc_ws_6369
s 0
f  4809 4810 4811 4812
f  4809 4810 4814 4813
f  4811 4810 4814 4815
f  4812 4811 4815 4816
f  4812 4809 4813 4816
f  4813 4814 4815 4816
v  6.81692E+01  3.49195E+01 -6.28685E+02
v  9.01692E+01  3.49195E+01 -6.28685E+02
v  9.01692E+01  3.49195E+01 -6.46185E+02
v  6.81692E+01  3.49195E+01 -6.46185E+02
v  6.81692E+01  2.80514E+01 -6.28685E+02
v  9.01692E+01  2.80514E+01 -6.28685E+02
v  9.01692E+01  2.80514E+01 -6.46185E+02
v  6.81692E+01  2.80514E+01 -6.46185E+02
g vc_ws_6377
s 0
f  4817 4818 4819 4820
f  4817 4818 4822 4821
f  4819 4818 4822 4823
f  4820 4819 4823 4824
f  4820 4817 4821 4824
f  4821 4822 4823 4824
v  5.85397E+02  2.37221E+01 -8.77539E+02
v  5.99397E+02  2.37221E+01 -8.77539E+02
v  5.99397E+02  2.37221E+01 -8.91039E+02
v  5.85397E+02  2.37221E+01 -8.91039E+02
v  5.85397E+02  1.30484E+01 -8.77539E+02
v  5.99397E+02  1.30484E+01 -8.77539E+02
v  5.99397E+02  1.30484E+01 -8.91039E+02
v  5.85397E+02  1.30484E+01 -8.91039E+02
g vc_ws_6381
s 0
f  4825 4826 4827 4828
f  4825 4826 4830 4829
f  4827 4826 4830 4831
f  4828 4827 4831 4832
f  4828 4825 4829 4832
f  4829 4830 4831 4832
v  4.71257E+02  8.12297E+01  7.61221E+00
v  4.88757E+02  8.12297E+01  7.61221E+00
v  4.88757E+02  8.12297E+01 -9.88779E+00
v  4.71257E+02  8.12297E+01 -9.88779E+00
v  4.71257E+02  7.26856E+01  7.61221E+00
v  4.88757E+02  7.26856E+01  7.61221E+00
v  4.88757E+02  7.26856E+01 -9.88779E+00
v  4.71257E+02  7.26856E+01 -9.88779E+00
g vc_ws_6383
s 0
f  4833 4834 4835 4836
f  4833 4834 4838 4837
f  4835 4834 4838 4839
f  4836 4835 4839 4840
f  4836 4833 4837 4840
f  4837 4838 4839 4840
v  5.69624E+02  1.54988E+01 -1.01964E+03
v  5.85124E+02  1.54988E+01 -1.01964E+03
v  5.85124E+02  1.54988E+01 -1.04214E+03
v  5.69624E+02  1.54988E+01 -1.04214E+03
v  5.69624E+02  8.07955E+00 -1.01964E+03
v  5.85124E+02  8.07955E+00 -1.01964E+03
v  5.85124E+02  8.07955E+00 -1.04214E+03
v  5.69624E+02  8.07955E+00 -1.04214E+03
g vc_ws_6385
s 0
f  4841 4842 4843 4844
f  4841 4842 4846 4845
f  4843 4842 4846 4847
f  4844 4843 4847 4848
f  4844 4841 4845 4848
f  4845 4846 4847 4848
v  4.60250E+02  8.12297E+01 -9.88779E+00
v  4.76750E+02  8.12297E+01 -9.88779E+00
v  4.76750E+02  8.12297E+01 -2.81756E+01
v  4.60250E+02  8.12297E+01 -2.81756E+01
v  4.60250E+02  7.26856E+01 -9.88779E+00
v  4.76750E+02  7.26856E+01 -9.88779E+00
v  4.76750E+02  7.26856E+01 -2.81756E+01
v  4.60250E+02  7.26856E+01 -2.81756E+01
g vc_ws_6387
s 0
f  4849 4850 4851 4852
f  4849 4850 4854 4853
f  4851 4850 4854 4855
f  4852 4851 4855 4856
f  4852 4849 4853 4856
f  4853 4854 4855 4856
v  7.96692E+01  3.65628E+01 -5.46639E+02
v  9.01692E+01  3.65628E+01 -5.46639E+02
v  9.01692E+01  3.65628E+01 -5.58702E+02
v  7.96692E+01  3.65628E+01 -5.58702E+02
v  7.96692E+01  2.47097E+01 -5.46639E+02
v  9.01692E+01  2.47097E+01 -5.46639E+02
v  9.01692E+01  2.47097E+01 -5.58702E+02
v  7.96692E+01  2.47097E+01 -5.58702E+02
g vc_ws_6389
s 0
f  4857 4858 4859 4860
f  4857 4858 4862 4861
f  4859 4858 4862 4863
f  4860 4859 4863 4864
f  4860 4857 4861 4864
f  4861 4862 4863 4864
v  5.85029E+02  2.64165E+01 -8.16030E+02
v  5.99029E+02  2.64165E+01 -8.16030E+02
v  5.99029E+02  2.64165E+01 -8.28030E+02
v  5.85029E+02  2.64165E+01 -8.28030E+02
v  5.85029E+02  1.65956E+01 -8.16030E+02
v  5.99029E+02  1.65956E+01 -8.16030E+02
v  5.99029E+02  1.65956E+01 -8.28030E+02
v  5.85029E+02  1.65956E+01 -8.28030E+02
g vc_ws_6395
s 0
f  4865 4866 4867 4868
f  4865 4866 4870 4869
f  4867 4866 4870 4871
f  4868 4867 4871 4872
f  4868 4865 4869 4872
f  4869 4870 4871 4872
v  5.85397E+02  2.37221E+01 -8.65539E+02
v  5.99397E+02  2.37221E+01 -8.65539E+02
v  5.99397E+02  2.37221E+01 -8.77539E+02
v  5.85397E+02  2.37221E+01 -8.77539E+02
v  5.85397E+02  1.30484E+01 -8.65539E+02
v  5.99397E+02  1.30484E+01 -8.65539E+02
v  5.99397E+02  1.30484E+01 -8.77539E+02
v  5.85397E+02  1.30484E+01 -8.77539E+02
g vc_ws_6399
s 0
f  4873 4874 4875 4876
f  4873 4874 4878 4877
f  4875 4874 4878 4879
f  4876 4875 4879 4880
f  4876 4873 4877 4880
f  4877 4878 4879 4880
v  5.85397E+02  2.37221E+01 -8.91039E+02
v  5.99397E+02  2.37221E+01 -8.91039E+02
v  5.99397E+02  2.37221E+01 -9.02742E+02
v  5.85397E+02  2.37221E+01 -9.02742E+02
v  5.85397E+02  9.10886E+00 -8.91039E+02
v  5.99397E+02  9.10886E+00 -8.91039E+02
v  5.99397E+02  9.10886E+00 -9.02742E+02
v  5.85397E+02  9.10886E+00 -9.02742E+02
g vc_ws_6405
s 0
f  4881 4882 4883 4884
f  4881 4882 4886 4885
f  4883 4882 4886 4887
f  4884 4883 4887 4888
f  4884 4881 4885 4888
f  4885 4886 4887 4888
v  5.20981E+02  6.28492E+01 -1.41939E+02
v  5.36481E+02  6.28492E+01 -1.41939E+02
v  5.36481E+02  6.28492E+01 -1.61439E+02
v  5.20981E+02  6.28492E+01 -1.61439E+02
v  5.20981E+02  5.55143E+01 -1.41939E+02
v  5.36481E+02  5.55143E+01 -1.41939E+02
v  5.36481E+02  5.55143E+01 -1.61439E+02
v  5.20981E+02  5.55143E+01 -1.61439E+02
g vc_ws_6407
s 0
f  4889 4890 4891 4892
f  4889 4890 4894 4893
f  4891 4890 4894 4895
f  4892 4891 4895 4896
f  4892 4889 4893 4896
f  4893 4894 4895 4896
v  4.76750E+02  8.12297E+01 -9.88779E+00
v  4.90829E+02  8.12297E+01 -9.88779E+00
v  4.90829E+02  8.12297E+01 -2.81756E+01
v  4.76750E+02  8.12297E+01 -2.81756E+01
v  4.76750E+02  7.26856E+01 -9.88779E+00
v  4.90829E+02  7.26856E+01 -9.88779E+00
v  4.90829E+02  7.26856E+01 -2.81756E+01
v  4.76750E+02  7.26856E+01 -2.81756E+01
g vc_ws_6409
s 0
f  4897 4898 4899 4900
f  4897 4898 4902 4901
f  4899 4898 4902 4903
f  4900 4899 4903 4904
f  4900 4897 4901 4904
f  4901 4902 4903 4904
v  5.85397E+02  1.89459E+01 -9.02742E+02
v  5.99397E+02  1.89459E+01 -9.02742E+02
v  5.99397E+02  1.89459E+01 -9.16242E+02
v  5.85397E+02  1.89459E+01 -9.16242E+02
v  5.85397E+02  9.13274E+00 -9.02742E+02
v  5.99397E+02  9.13274E+00 -9.02742E+02
v  5.99397E+02  9.13274E+00 -9.16242E+02
v  5.85397E+02  9.13274E+00 -9.16242E+02
g vc_ws_6413
s 0
f  4905 4906 4907 4908
f  4905 4906 4910 4909
f  4907 4906 4910 4911
f  4908 4907 4911 4912
f  4908 4905 4909 4912
f  4909 4910 4911 4912
v  5.85397E+02  1.89459E+01 -9.28242E+02
v  5.99397E+02  1.89459E+01 -9.28242E+02
v  5.99397E+02  1.89459E+01 -9.41742E+02
v  5.85397E+02  1.89459E+01 -9.41742E+02
v  5.85397E+02  5.10580E+00 -9.28242E+02
v  5.99397E+02  5.10580E+00 -9.28242E+02
v  5.99397E+02  5.10580E+00 -9.41742E+02
v  5.85397E+02  5.10580E+00 -9.41742E+02
g vc_ws_6415
s 0
f  4913 4914 4915 4916
f  4913 4914 4918 4917
f  4915 4914 4918 4919
f  4916 4915 4919 4920
f  4916 4913 4917 4920
f  4917 4918 4919 4920
v  5.85124E+02  1.54988E+01 -1.00514E+03
v  5.99124E+02  1.54988E+01 -1.00514E+03
v  5.99124E+02  1.54988E+01 -1.01964E+03
v  5.85124E+02  1.54988E+01 -1.01964E+03
v  5.85124E+02  1.73281E+00 -1.00514E+03
v  5.99124E+02  1.73281E+00 -1.00514E+03
v  5.99124E+02  1.73281E+00 -1.01964E+03
v  5.85124E+02  1.73281E+00 -1.01964E+03
g vc_ws_6421
s 0
f  4921 4922 4923 4924
f  4921 4922 4926 4925
f  4923 4922 4926 4927
f  4924 4923 4927 4928
f  4924 4921 4925 4928
f  4925 4926 4927 4928
v  4.99426E+02  4.74085E+01 -2.89431E+02
v  5.24426E+02  4.74085E+01 -2.89431E+02
v  5.24426E+02  4.74085E+01 -3.09283E+02
v  4.99426E+02  4.74085E+01 -3.09283E+02
v  4.99426E+02  4.34615E+01 -2.89431E+02
v  5.24426E+02  4.34615E+01 -2.89431E+02
v  5.24426E+02  4.34615E+01 -3.09283E+02
v  4.99426E+02  4.34615E+01 -3.09283E+02
g vc_ws_6423
s 0
f  4929 4930 4931 4932
f  4929 4930 4934 4933
f  4931 4930 4934 4935
f  4932 4931 4935 4936
f  4932 4929 4933 4936
f  4933 4934 4935 4936
v  4.99426E+02  4.34615E+01 -2.89431E+02
v  5.24426E+02  4.34615E+01 -2.89431E+02
v  5.24426E+02  4.34615E+01 -3.09283E+02
v  4.99426E+02  4.34615E+01 -3.09283E+02
v  4.99426E+02  3.95145E+01 -2.89431E+02
v  5.24426E+02  3.95145E+01 -2.89431E+02
v  5.24426E+02  3.95145E+01 -3.09283E+02
v  4.99426E+02  3.95145E+01 -3.09283E+02
g vc_ws_6424
s 0
f  4937 4938 4939 4940
f  4937 4938 4942 4941
f  4939 4938 4942 4943
f  4940 4939 4943 4944
f  4940 4937 4941 4944
f  4941 4942 4943 4944
v  5.85397E+02  1.89459E+01 -9.16242E+02
v  5.99397E+02  1.89459E+01 -9.16242E+02
v  5.99397E+02  1.89459E+01 -9.28242E+02
v  5.85397E+02  1.89459E+01 -9.28242E+02
v  5.85397E+02  9.13274E+00 -9.16242E+02
v  5.99397E+02  9.13274E+00 -9.16242E+02
v  5.99397E+02  9.13274E+00 -9.28242E+02
v  5.85397E+02  9.13274E+00 -9.28242E+02
g vc_ws_6425
s 0
f  4945 4946 4947 4948
f  4945 4946 4950 4949
f  4947 4946 4950 4951
f  4948 4947 4951 4952
f  4948 4945 4949 4952
f  4949 4950 4951 4952
v  5.69624E+02  1.57445E+01 -9.66345E+02
v  5.85124E+02  1.57445E+01 -9.66345E+02
v  5.85124E+02  1.57445E+01 -9.78345E+02
v  5.69624E+02  1.57445E+01 -9.78345E+02
v  5.69624E+02  9.48679E-01 -9.66345E+02
v  5.85124E+02  9.48679E-01 -9.66345E+02
v  5.85124E+02  9.48679E-01 -9.78345E+02
v  5.69624E+02  9.48679E-01 -9.78345E+02
g vc_ws_6431
s 0
f  4953 4954 4955 4956
f  4953 4954 4958 4957
f  4955 4954 4958 4959
f  4956 4955 4959 4960
f  4956 4953 4957 4960
f  4957 4958 4959 4960
v  5.85124E+02  1.54988E+01 -9.91845E+02
v  5.99124E+02  1.54988E+01 -9.91845E+02
v  5.99124E+02  1.54988E+01 -1.00514E+03
v  5.85124E+02  1.54988E+01 -1.00514E+03
v  5.85124E+02  1.83433E+00 -9.91845E+02
v  5.99124E+02  1.83433E+00 -9.91845E+02
v  5.99124E+02  1.83433E+00 -1.00514E+03
v  5.85124E+02  1.83433E+00 -1.00514E+03
g vc_ws_6433
s 0
f  4961 4962 4963 4964
f  4961 4962 4966 4965
f  4963 4962 4966 4967
f  4964 4963 4967 4968
f  4964 4961 4965 4968
f  4965 4966 4967 4968
v  5.06981E+02  5.96006E+01 -1.41939E+02
v  5.20981E+02  5.96006E+01 -1.41939E+02
v  5.20981E+02  5.96006E+01 -1.61439E+02
v  5.06981E+02  5.96006E+01 -1.61439E+02
v  5.06981E+02  5.40840E+01 -1.41939E+02
v  5.20981E+02  5.40840E+01 -1.41939E+02
v  5.20981E+02  5.40840E+01 -1.61439E+02
v  5.06981E+02  5.40840E+01 -1.61439E+02
g vc_ws_6439
s 0
f  4969 4970 4971 4972
f  4969 4970 4974 4973
f  4971 4970 4974 4975
f  4972 4971 4975 4976
f  4972 4969 4973 4976
f  4973 4974 4975 4976
v  4.71257E+02  8.04769E+01  2.41682E+01
v  4.88757E+02  8.04769E+01  2.41682E+01
v  4.88757E+02  8.04769E+01  7.61221E+00
v  4.71257E+02  8.04769E+01  7.61221E+00
v  4.71257E+02  7.53038E+01  2.41682E+01
v  4.88757E+02  7.53038E+01  2.41682E+01
v  4.88757E+02  7.53038E+01  7.61221E+00
v  4.71257E+02  7.53038E+01  7.61221E+00
g vc_ws_6441
s 0
f  4977 4978 4979 4980
f  4977 4978 4982 4981
f  4979 4978 4982 4983
f  4980 4979 4983 4984
f  4980 4977 4981 4984
f  4981 4982 4983 4984
v  5.39624E+02  1.00063E+01 -1.01664E+03
v  5.56124E+02  1.00063E+01 -1.01664E+03
v  5.56124E+02  1.00063E+01 -1.02864E+03
v  5.39624E+02  1.00063E+01 -1.02864E+03
v  5.39624E+02  6.87772E-01 -1.01664E+03
v  5.56124E+02  6.87772E-01 -1.01664E+03
v  5.56124E+02  6.87772E-01 -1.02864E+03
v  5.39624E+02  6.87772E-01 -1.02864E+03
g vc_ws_6443
s 0
f  4985 4986 4987 4988
f  4985 4986 4990 4989
f  4987 4986 4990 4991
f  4988 4987 4991 4992
f  4988 4985 4989 4992
f  4989 4990 4991 4992
v  6.81692E+01  2.90999E+01 -5.95702E+02
v  9.01692E+01  2.90999E+01 -5.95702E+02
v  9.01692E+01  2.90999E+01 -6.11685E+02
v  6.81692E+01  2.90999E+01 -6.11685E+02
v  6.81692E+01  2.55606E+01 -5.95702E+02
v  9.01692E+01  2.55606E+01 -5.95702E+02
v  9.01692E+01  2.55606E+01 -6.11685E+02
v  6.81692E+01  2.55606E+01 -6.11685E+02
g vc_ws_6447
s 0
f  4993 4994 4995 4996
f  4993 4994 4998 4997
f  4995 4994 4998 4999
f  4996 4995 4999 5000
f  4996 4993 4997 5000
f  4997 4998 4999 5000
v  6.81692E+01  2.55606E+01 -5.95702E+02
v  9.01692E+01  2.55606E+01 -5.95702E+02
v  9.01692E+01  2.55606E+01 -6.11685E+02
v  6.81692E+01  2.55606E+01 -6.11685E+02
v  6.81692E+01  2.20213E+01 -5.95702E+02
v  9.01692E+01  2.20213E+01 -5.95702E+02
v  9.01692E+01  2.20213E+01 -6.11685E+02
v  6.81692E+01  2.20213E+01 -6.11685E+02
g vc_ws_6448
s 0
f  5001 5002 5003 5004
f  5001 5002 5006 5005
f  5003 5002 5006 5007
f  5004 5003 5007 5008
f  5004 5001 5005 5008
f  5005 5006 5007 5008
v  4.94039E+02  4.28363E+01 -4.22840E+02
v  5.11539E+02  4.28363E+01 -4.22840E+02
v  5.11539E+02  4.28363E+01 -4.41340E+02
v  4.94039E+02  4.28363E+01 -4.41340E+02
v  4.94039E+02  3.90600E+01 -4.22840E+02
v  5.11539E+02  3.90600E+01 -4.22840E+02
v  5.11539E+02  3.90600E+01 -4.41340E+02
v  4.94039E+02  3.90600E+01 -4.41340E+02
g vc_ws_6449
s 0
f  5009 5010 5011 5012
f  5009 5010 5014 5013
f  5011 5010 5014 5015
f  5012 5011 5015 5016
f  5012 5009 5013 5016
f  5013 5014 5015 5016
v  4.94039E+02  3.90600E+01 -4.22840E+02
v  5.11539E+02  3.90600E+01 -4.22840E+02
v  5.11539E+02  3.90600E+01 -4.41340E+02
v  4.94039E+02  3.90600E+01 -4.41340E+02
v  4.94039E+02  3.52837E+01 -4.22840E+02
v  5.11539E+02  3.52837E+01 -4.22840E+02
v  5.11539E+02  3.52837E+01 -4.41340E+02
v  4.94039E+02  3.52837E+01 -4.41340E+02
g vc_ws_6450
s 0
f  5017 5018 5019 5020
f  5017 5018 5022 5021
f  5019 5018 5022 5023
f  5020 5019 5023 5024
f  5020 5017 5021 5024
f  5021 5022 5023 5024
v  4.94039E+02  4.28363E+01 -4.04845E+02
v  5.11539E+02  4.28363E+01 -4.04845E+02
v  5.11539E+02  4.28363E+01 -4.22840E+02
v  4.94039E+02  4.28363E+01 -4.22840E+02
v  4.94039E+02  3.90600E+01 -4.04845E+02
v  5.11539E+02  3.90600E+01 -4.04845E+02
v  5.11539E+02  3.90600E+01 -4.22840E+02
v  4.94039E+02  3.90600E+01 -4.22840E+02
g vc_ws_6451
s 0
f  5025 5026 5027 5028
f  5025 5026 5030 5029
f  5027 5026 5030 5031
f  5028 5027 5031 5032
f  5028 5025 5029 5032
f  5029 5030 5031 5032
v  4.94039E+02  3.90600E+01 -4.04845E+02
v  5.11539E+02  3.90600E+01 -4.04845E+02
v  5.11539E+02  3.90600E+01 -4.22840E+02
v  4.94039E+02  3.90600E+01 -4.22840E+02
v  4.94039E+02  3.52837E+01 -4.04845E+02
v  5.11539E+02  3.52837E+01 -4.04845E+02
v  5.11539E+02  3.52837E+01 -4.22840E+02
v  4.94039E+02  3.52837E+01 -4.22840E+02
g vc_ws_6452
s 0
f  5033 5034 5035 5036
f  5033 5034 5038 5037
f  5035 5034 5038 5039
f  5036 5035 5039 5040
f  5036 5033 5037 5040
f  5037 5038 5039 5040
v  5.11527E+02  4.59906E+01 -3.66845E+02
v  5.28527E+02  4.59906E+01 -3.66845E+02
v  5.28527E+02  4.59906E+01 -3.80345E+02
v  5.11527E+02  4.59906E+01 -3.80345E+02
v  5.11527E+02  4.08511E+01 -3.66845E+02
v  5.28527E+02  4.08511E+01 -3.66845E+02
v  5.28527E+02  4.08511E+01 -3.80345E+02
v  5.11527E+02  4.08511E+01 -3.80345E+02
g vc_ws_6453
s 0
f  5041 5042 5043 5044
f  5041 5042 5046 5045
f  5043 5042 5046 5047
f  5044 5043 5047 5048
f  5044 5041 5045 5048
f  5045 5046 5047 5048
v  4.94039E+02  4.28466E+01 -4.52718E+02
v  5.14539E+02  4.28466E+01 -4.52718E+02
v  5.14539E+02  4.28466E+01 -4.65218E+02
v  4.94039E+02  4.28466E+01 -4.65218E+02
v  4.94039E+02  3.88413E+01 -4.52718E+02
v  5.14539E+02  3.88413E+01 -4.52718E+02
v  5.14539E+02  3.88413E+01 -4.65218E+02
v  4.94039E+02  3.88413E+01 -4.65218E+02
g vc_ws_6467
s 0
f  5049 5050 5051 5052
f  5049 5050 5054 5053
f  5051 5050 5054 5055
f  5052 5051 5055 5056
f  5052 5049 5053 5056
f  5053 5054 5055 5056
v  4.65282E+02  7.71644E+00 -1.05339E+03
v  4.83782E+02  7.71644E+00 -1.05339E+03
v  4.83782E+02  7.71644E+00 -1.06689E+03
v  4.65282E+02  7.71644E+00 -1.06689E+03
v  4.65282E+02  3.70027E+00 -1.05339E+03
v  4.83782E+02  3.70027E+00 -1.05339E+03
v  4.83782E+02  3.70027E+00 -1.06689E+03
v  4.65282E+02  3.70027E+00 -1.06689E+03
g vc_ws_6469
s 0
f  5057 5058 5059 5060
f  5057 5058 5062 5061
f  5059 5058 5062 5063
f  5060 5059 5063 5064
f  5060 5057 5061 5064
f  5061 5062 5063 5064
v  4.94039E+02  4.28466E+01 -4.41340E+02
v  5.14539E+02  4.28466E+01 -4.41340E+02
v  5.14539E+02  4.28466E+01 -4.52718E+02
v  4.94039E+02  4.28466E+01 -4.52718E+02
v  4.94039E+02  3.88413E+01 -4.41340E+02
v  5.14539E+02  3.88413E+01 -4.41340E+02
v  5.14539E+02  3.88413E+01 -4.52718E+02
v  4.94039E+02  3.88413E+01 -4.52718E+02
g vc_ws_6471
s 0
f  5065 5066 5067 5068
f  5065 5066 5070 5069
f  5067 5066 5070 5071
f  5068 5067 5071 5072
f  5068 5065 5069 5072
f  5069 5070 5071 5072
v  4.83782E+02  7.71644E+00 -1.05339E+03
v  5.00769E+02  7.71644E+00 -1.05339E+03
v  5.00769E+02  7.71644E+00 -1.06689E+03
v  4.83782E+02  7.71644E+00 -1.06689E+03
v  4.83782E+02  3.70027E+00 -1.05339E+03
v  5.00769E+02  3.70027E+00 -1.05339E+03
v  5.00769E+02  3.70027E+00 -1.06689E+03
v  4.83782E+02  3.70027E+00 -1.06689E+03
g vc_ws_6473
s 0
f  5073 5074 5075 5076
f  5073 5074 5078 5077
f  5075 5074 5078 5079
f  5076 5075 5079 5080
f  5076 5073 5077 5080
f  5077 5078 5079 5080
v  4.38662E+02  7.71646E+00 -1.04214E+03
v  4.52162E+02  7.71646E+00 -1.04214E+03
v  4.52162E+02  7.71646E+00 -1.05339E+03
v  4.38662E+02  7.71646E+00 -1.05339E+03
v  4.38662E+02  2.55618E+00 -1.04214E+03
v  4.52162E+02  2.55618E+00 -1.04214E+03
v  4.52162E+02  2.55618E+00 -1.05339E+03
v  4.38662E+02  2.55618E+00 -1.05339E+03
g vc_ws_6475
s 0
f  5081 5082 5083 5084
f  5081 5082 5086 5085
f  5083 5082 5086 5087
f  5084 5083 5087 5088
f  5084 5081 5085 5088
f  5085 5086 5087 5088
v  5.00769E+02  6.77443E+00 -1.05339E+03
v  5.19269E+02  6.77443E+00 -1.05339E+03
v  5.19269E+02  6.77443E+00 -1.06689E+03
v  5.00769E+02  6.77443E+00 -1.06689E+03
v  5.00769E+02  3.23162E+00 -1.05339E+03
v  5.19269E+02  3.23162E+00 -1.05339E+03
v  5.19269E+02  3.23162E+00 -1.06689E+03
v  5.00769E+02  3.23162E+00 -1.06689E+03
g vc_ws_6477
s 0
f  5089 5090 5091 5092
f  5089 5090 5094 5093
f  5091 5090 5094 5095
f  5092 5091 5095 5096
f  5092 5089 5093 5096
f  5093 5094 5095 5096
v  5.00769E+02  3.23162E+00 -1.05339E+03
v  5.19269E+02  3.23162E+00 -1.05339E+03
v  5.19269E+02  3.23162E+00 -1.06689E+03
v  5.00769E+02  3.23162E+00 -1.06689E+03
v  5.00769E+02 -3.11186E-01 -1.05339E+03
v  5.19269E+02 -3.11186E-01 -1.05339E+03
v  5.19269E+02 -3.11186E-01 -1.06689E+03
v  5.00769E+02 -3.11186E-01 -1.06689E+03
g vc_ws_6478
s 0
f  5097 5098 5099 5100
f  5097 5098 5102 5101
f  5099 5098 5102 5103
f  5100 5099 5103 5104
f  5100 5097 5101 5104
f  5101 5102 5103 5104
v  4.52162E+02  7.71646E+00 -1.04214E+03
v  4.65282E+02  7.71646E+00 -1.04214E+03
v  4.65282E+02  7.71646E+00 -1.05339E+03
v  4.52162E+02  7.71646E+00 -1.05339E+03
v  4.52162E+02  1.80284E+00 -1.04214E+03
v  4.65282E+02  1.80284E+00 -1.04214E+03
v  4.65282E+02  1.80284E+00 -1.05339E+03
v  4.52162E+02  1.80284E+00 -1.05339E+03
g vc_ws_6481
s 0
f  5105 5106 5107 5108
f  5105 5106 5110 5109
f  5107 5106 5110 5111
f  5108 5107 5111 5112
f  5108 5105 5109 5112
f  5109 5110 5111 5112
v  4.25662E+02  7.71646E+00 -1.04214E+03
v  4.38662E+02  7.71646E+00 -1.04214E+03
v  4.38662E+02  7.71646E+00 -1.05339E+03
v  4.25662E+02  7.71646E+00 -1.05339E+03
v  4.25662E+02  2.55618E+00 -1.04214E+03
v  4.38662E+02  2.55618E+00 -1.04214E+03
v  4.38662E+02  2.55618E+00 -1.05339E+03
v  4.25662E+02  2.55618E+00 -1.05339E+03
g vc_ws_6483
s 0
f  5113 5114 5115 5116
f  5113 5114 5118 5117
f  5115 5114 5118 5119
f  5116 5115 5119 5120
f  5116 5113 5117 5120
f  5117 5118 5119 5120
v  4.96103E+02  4.28466E+01 -4.78895E+02
v  5.09103E+02  4.28466E+01 -4.78895E+02
v  5.09103E+02  4.28466E+01 -4.95395E+02
v  4.96103E+02  4.28466E+01 -4.95395E+02
v  4.96103E+02  3.88413E+01 -4.78895E+02
v  5.09103E+02  3.88413E+01 -4.78895E+02
v  5.09103E+02  3.88413E+01 -4.95395E+02
v  4.96103E+02  3.88413E+01 -4.95395E+02
g vc_ws_6485
s 0
f  5121 5122 5123 5124
f  5121 5122 5126 5125
f  5123 5122 5126 5127
f  5124 5123 5127 5128
f  5124 5121 5125 5128
f  5125 5126 5127 5128
v  5.00769E+02  6.77443E+00 -1.04214E+03
v  5.19269E+02  6.77443E+00 -1.04214E+03
v  5.19269E+02  6.77443E+00 -1.05339E+03
v  5.00769E+02  6.77443E+00 -1.05339E+03
v  5.00769E+02  3.19762E+00 -1.04214E+03
v  5.19269E+02  3.19762E+00 -1.04214E+03
v  5.19269E+02  3.19762E+00 -1.05339E+03
v  5.00769E+02  3.19762E+00 -1.05339E+03
g vc_ws_6487
s 0
f  5129 5130 5131 5132
f  5129 5130 5134 5133
f  5131 5130 5134 5135
f  5132 5131 5135 5136
f  5132 5129 5133 5136
f  5133 5134 5135 5136
v  5.00769E+02  3.19762E+00 -1.04214E+03
v  5.19269E+02  3.19762E+00 -1.04214E+03
v  5.19269E+02  3.19762E+00 -1.05339E+03
v  5.00769E+02  3.19762E+00 -1.05339E+03
v  5.00769E+02 -3.79186E-01 -1.04214E+03
v  5.19269E+02 -3.79186E-01 -1.04214E+03
v  5.19269E+02 -3.79186E-01 -1.05339E+03
v  5.00769E+02 -3.79186E-01 -1.05339E+03
g vc_ws_6488
s 0
f  5137 5138 5139 5140
f  5137 5138 5142 5141
f  5139 5138 5142 5143
f  5140 5139 5143 5144
f  5140 5137 5141 5144
f  5141 5142 5143 5144
v  5.11527E+02  4.59906E+01 -3.56185E+02
v  5.28527E+02  4.59906E+01 -3.56185E+02
v  5.28527E+02  4.59906E+01 -3.66845E+02
v  5.11527E+02  4.59906E+01 -3.66845E+02
v  5.11527E+02  4.18869E+01 -3.56185E+02
v  5.28527E+02  4.18869E+01 -3.56185E+02
v  5.28527E+02  4.18869E+01 -3.66845E+02
v  5.11527E+02  4.18869E+01 -3.66845E+02
g vc_ws_6489
s 0
f  5145 5146 5147 5148
f  5145 5146 5150 5149
f  5147 5146 5150 5151
f  5148 5147 5151 5152
f  5148 5145 5149 5152
f  5149 5150 5151 5152
v  4.96103E+02  4.28466E+01 -4.65218E+02
v  5.09103E+02  4.28466E+01 -4.65218E+02
v  5.09103E+02  4.28466E+01 -4.78895E+02
v  4.96103E+02  4.28466E+01 -4.78895E+02
v  4.96103E+02  3.88413E+01 -4.65218E+02
v  5.09103E+02  3.88413E+01 -4.65218E+02
v  5.09103E+02  3.88413E+01 -4.78895E+02
v  4.96103E+02  3.88413E+01 -4.78895E+02
g vc_ws_6491
s 0
f  5153 5154 5155 5156
f  5153 5154 5158 5157
f  5155 5154 5158 5159
f  5156 5155 5159 5160
f  5156 5153 5157 5160
f  5157 5158 5159 5160
v  5.36117E+02  7.80647E+00 -1.04214E+03
v  5.52617E+02  7.80647E+00 -1.04214E+03
v  5.52617E+02  7.80647E+00 -1.05425E+03
v  5.36117E+02  7.80647E+00 -1.05425E+03
v  5.36117E+02  4.25262E+00 -1.04214E+03
v  5.52617E+02  4.25262E+00 -1.04214E+03
v  5.52617E+02  4.25262E+00 -1.05425E+03
v  5.36117E+02  4.25262E+00 -1.05425E+03
g vc_ws_6493
s 0
f  5161 5162 5163 5164
f  5161 5162 5166 5165
f  5163 5162 5166 5167
f  5164 5163 5167 5168
f  5164 5161 5165 5168
f  5165 5166 5167 5168
v  5.36117E+02  4.25262E+00 -1.04214E+03
v  5.52617E+02  4.25262E+00 -1.04214E+03
v  5.52617E+02  4.25262E+00 -1.05425E+03
v  5.36117E+02  4.25262E+00 -1.05425E+03
v  5.36117E+02  6.98771E-01 -1.04214E+03
v  5.52617E+02  6.98771E-01 -1.04214E+03
v  5.52617E+02  6.98771E-01 -1.05425E+03
v  5.36117E+02  6.98771E-01 -1.05425E+03
g vc_ws_6494
s 0
f  5169 5170 5171 5172
f  5169 5170 5174 5173
f  5171 5170 5174 5175
f  5172 5171 5175 5176
f  5172 5169 5173 5176
f  5173 5174 5175 5176
v  5.19269E+02  7.80647E+00 -1.04214E+03
v  5.36117E+02  7.80647E+00 -1.04214E+03
v  5.36117E+02  7.80647E+00 -1.05339E+03
v  5.19269E+02  7.80647E+00 -1.05339E+03
v  5.19269E+02  4.25262E+00 -1.04214E+03
v  5.36117E+02  4.25262E+00 -1.04214E+03
v  5.36117E+02  4.25262E+00 -1.05339E+03
v  5.19269E+02  4.25262E+00 -1.05339E+03
g vc_ws_6495
s 0
f  5177 5178 5179 5180
f  5177 5178 5182 5181
f  5179 5178 5182 5183
f  5180 5179 5183 5184
f  5180 5177 5181 5184
f  5181 5182 5183 5184
v  5.19269E+02  4.25262E+00 -1.04214E+03
v  5.36117E+02  4.25262E+00 -1.04214E+03
v  5.36117E+02  4.25262E+00 -1.05339E+03
v  5.19269E+02  4.25262E+00 -1.05339E+03
v  5.19269E+02  6.98771E-01 -1.04214E+03
v  5.36117E+02  6.98771E-01 -1.04214E+03
v  5.36117E+02  6.98771E-01 -1.05339E+03
v  5.19269E+02  6.98771E-01 -1.05339E+03
g vc_ws_6496
s 0
f  5185 5186 5187 5188
f  5185 5186 5190 5189
f  5187 5186 5190 5191
f  5188 5187 5191 5192
f  5188 5185 5189 5192
f  5189 5190 5191 5192
v  5.11527E+02  4.28363E+01 -3.80345E+02
v  5.28527E+02  4.28363E+01 -3.80345E+02
v  5.28527E+02  4.28363E+01 -3.91345E+02
v  5.11527E+02  4.28363E+01 -3.91345E+02
v  5.11527E+02  3.92818E+01 -3.80345E+02
v  5.28527E+02  3.92818E+01 -3.80345E+02
v  5.28527E+02  3.92818E+01 -3.91345E+02
v  5.11527E+02  3.92818E+01 -3.91345E+02
g vc_ws_6497
s 0
f  5193 5194 5195 5196
f  5193 5194 5198 5197
f  5195 5194 5198 5199
f  5196 5195 5199 5200
f  5196 5193 5197 5200
f  5197 5198 5199 5200
v  5.11527E+02  3.92818E+01 -3.80345E+02
v  5.28527E+02  3.92818E+01 -3.80345E+02
v  5.28527E+02  3.92818E+01 -3.91345E+02
v  5.11527E+02  3.92818E+01 -3.91345E+02
v  5.11527E+02  3.57273E+01 -3.80345E+02
v  5.28527E+02  3.57273E+01 -3.80345E+02
v  5.28527E+02  3.57273E+01 -3.91345E+02
v  5.11527E+02  3.57273E+01 -3.91345E+02
g vc_ws_6498
s 0
f  5201 5202 5203 5204
f  5201 5202 5206 5205
f  5203 5202 5206 5207
f  5204 5203 5207 5208
f  5204 5201 5205 5208
f  5205 5206 5207 5208
v  3.82936E+02  8.05896E+00 -1.06689E+03
v  3.98436E+02  8.05896E+00 -1.06689E+03
v  3.98436E+02  8.05896E+00 -1.07889E+03
v  3.82936E+02  8.05896E+00 -1.07889E+03
v  3.82936E+02  5.21183E+00 -1.06689E+03
v  3.98436E+02  5.21183E+00 -1.06689E+03
v  3.98436E+02  5.21183E+00 -1.07889E+03
v  3.82936E+02  5.21183E+00 -1.07889E+03
g vc_ws_6499
s 0
f  5209 5210 5211 5212
f  5209 5210 5214 5213
f  5211 5210 5214 5215
f  5212 5211 5215 5216
f  5212 5209 5213 5216
f  5213 5214 5215 5216
v  3.82936E+02  5.21183E+00 -1.06689E+03
v  3.98436E+02  5.21183E+00 -1.06689E+03
v  3.98436E+02  5.21183E+00 -1.07889E+03
v  3.82936E+02  5.21183E+00 -1.07889E+03
v  3.82936E+02  2.36471E+00 -1.06689E+03
v  3.98436E+02  2.36471E+00 -1.06689E+03
v  3.98436E+02  2.36471E+00 -1.07889E+03
v  3.82936E+02  2.36471E+00 -1.07889E+03
g vc_ws_6500
s 0
f  5217 5218 5219 5220
f  5217 5218 5222 5221
f  5219 5218 5222 5223
f  5220 5219 5223 5224
f  5220 5217 5221 5224
f  5221 5222 5223 5224
v  5.09103E+02  3.94443E+01 -5.10395E+02
v  5.22603E+02  3.94443E+01 -5.10395E+02
v  5.22603E+02  3.94443E+01 -5.26895E+02
v  5.09103E+02  3.94443E+01 -5.26895E+02
v  5.09103E+02  3.71487E+01 -5.10395E+02
v  5.22603E+02  3.71487E+01 -5.10395E+02
v  5.22603E+02  3.71487E+01 -5.26895E+02
v  5.09103E+02  3.71487E+01 -5.26895E+02
g vc_ws_6501
s 0
f  5225 5226 5227 5228
f  5225 5226 5230 5229
f  5227 5226 5230 5231
f  5228 5227 5231 5232
f  5228 5225 5229 5232
f  5229 5230 5231 5232
v  5.09103E+02  3.71487E+01 -5.10395E+02
v  5.22603E+02  3.71487E+01 -5.10395E+02
v  5.22603E+02  3.71487E+01 -5.26895E+02
v  5.09103E+02  3.71487E+01 -5.26895E+02
v  5.09103E+02  3.48530E+01 -5.10395E+02
v  5.22603E+02  3.48530E+01 -5.10395E+02
v  5.22603E+02  3.48530E+01 -5.26895E+02
v  5.09103E+02  3.48530E+01 -5.26895E+02
g vc_ws_6502
s 0
f  5233 5234 5235 5236
f  5233 5234 5238 5237
f  5235 5234 5238 5239
f  5236 5235 5239 5240
f  5236 5233 5237 5240
f  5237 5238 5239 5240
v  4.96103E+02  3.94443E+01 -4.95395E+02
v  5.09103E+02  3.94443E+01 -4.95395E+02
v  5.09103E+02  3.94443E+01 -5.10395E+02
v  4.96103E+02  3.94443E+01 -5.10395E+02
v  4.96103E+02  3.71487E+01 -4.95395E+02
v  5.09103E+02  3.71487E+01 -4.95395E+02
v  5.09103E+02  3.71487E+01 -5.10395E+02
v  4.96103E+02  3.71487E+01 -5.10395E+02
g vc_ws_6503
s 0
f  5241 5242 5243 5244
f  5241 5242 5246 5245
f  5243 5242 5246 5247
f  5244 5243 5247 5248
f  5244 5241 5245 5248
f  5245 5246 5247 5248
v  4.96103E+02  3.71487E+01 -4.95395E+02
v  5.09103E+02  3.71487E+01 -4.95395E+02
v  5.09103E+02  3.71487E+01 -5.10395E+02
v  4.96103E+02  3.71487E+01 -5.10395E+02
v  4.96103E+02  3.48530E+01 -4.95395E+02
v  5.09103E+02  3.48530E+01 -4.95395E+02
v  5.09103E+02  3.48530E+01 -5.10395E+02
v  4.96103E+02  3.48530E+01 -5.10395E+02
g vc_ws_6504
s 0
f  5249 5250 5251 5252
f  5249 5250 5254 5253
f  5251 5250 5254 5255
f  5252 5251 5255 5256
f  5252 5249 5253 5256
f  5253 5254 5255 5256
v  3.98436E+02  8.05896E+00 -1.06689E+03
v  4.11162E+02  8.05896E+00 -1.06689E+03
v  4.11162E+02  8.05896E+00 -1.07889E+03
v  3.98436E+02  8.05896E+00 -1.07889E+03
v  3.98436E+02  5.21183E+00 -1.06689E+03
v  4.11162E+02  5.21183E+00 -1.06689E+03
v  4.11162E+02  5.21183E+00 -1.07889E+03
v  3.98436E+02  5.21183E+00 -1.07889E+03
g vc_ws_6505
s 0
f  5257 5258 5259 5260
f  5257 5258 5262 5261
f  5259 5258 5262 5263
f  5260 5259 5263 5264
f  5260 5257 5261 5264
f  5261 5262 5263 5264
v  3.98436E+02  5.21183E+00 -1.06689E+03
v  4.11162E+02  5.21183E+00 -1.06689E+03
v  4.11162E+02  5.21183E+00 -1.07889E+03
v  3.98436E+02  5.21183E+00 -1.07889E+03
v  3.98436E+02  2.36471E+00 -1.06689E+03
v  4.11162E+02  2.36471E+00 -1.06689E+03
v  4.11162E+02  2.36471E+00 -1.07889E+03
v  3.98436E+02  2.36471E+00 -1.07889E+03
g vc_ws_6506
s 0
f  5265 5266 5267 5268
f  5265 5266 5270 5269
f  5267 5266 5270 5271
f  5268 5267 5271 5272
f  5268 5265 5269 5272
f  5269 5270 5271 5272
v -6.38354E+02  1.48000E+02  1.20523E+02
v -6.15854E+02  1.48000E+02  1.20523E+02
v -6.15854E+02  1.48000E+02  7.64077E+01
v -6.38354E+02  1.48000E+02  7.64077E+01
v -6.38354E+02  1.11390E+02  1.20523E+02
v -6.15854E+02  1.11390E+02  1.20523E+02
v -6.15854E+02  1.11390E+02  7.64077E+01
v -6.38354E+02  1.11390E+02  7.64077E+01
g vc_ws_6536
s 0
f  5273 5274 5275 5276
f  5273 5274 5278 5277
f  5275 5274 5278 5279
f  5276 5275 5279 5280
f  5276 5273 5277 5280
f  5277 5278 5279 5280
v -3.71564E+01  1.53689E+02  1.09184E+02
v -1.78259E+00  1.53689E+02  1.09184E+02
v -1.78259E+00  1.53689E+02  7.66842E+01
v -3.71564E+01  1.53689E+02  7.66842E+01
v -3.71564E+01  1.27310E+02  1.09184E+02
v -1.78259E+00  1.27310E+02  1.09184E+02
v -1.78259E+00  1.27310E+02  7.66842E+01
v -3.71564E+01  1.27310E+02  7.66842E+01
g vc_ws_6540
s 0
f  5281 5282 5283 5284
f  5281 5282 5286 5285
f  5283 5282 5286 5287
f  5284 5283 5287 5288
f  5284 5281 5285 5288
f  5285 5286 5287 5288
v -1.78259E+00  1.50894E+02  1.09184E+02
v  3.19067E+01  1.50894E+02  1.09184E+02
v  3.19067E+01  1.50894E+02  7.66842E+01
v -1.78259E+00  1.50894E+02  7.66842E+01
v -1.78259E+00  1.27310E+02  1.09184E+02
v  3.19067E+01  1.27310E+02  1.09184E+02
v  3.19067E+01  1.27310E+02  7.66842E+01
v -1.78259E+00  1.27310E+02  7.66842E+01
g vc_ws_6548
s 0
f  5289 5290 5291 5292
f  5289 5290 5294 5293
f  5291 5290 5294 5295
f  5292 5291 5295 5296
f  5292 5289 5293 5296
f  5293 5294 5295 5296
v -1.56564E+01  1.82923E+02  2.02224E+02
v  1.32393E+01  1.82923E+02  2.02224E+02
v  1.32393E+01  1.82923E+02  1.72069E+02
v -1.56564E+01  1.82923E+02  1.72069E+02
v -1.56564E+01  1.22395E+02  2.02224E+02
v  1.32393E+01  1.22395E+02  2.02224E+02
v  1.32393E+01  1.22395E+02  1.72069E+02
v -1.56564E+01  1.22395E+02  1.72069E+02
g vc_ws_6568
s 0
f  5297 5298 5299 5300
f  5297 5298 5302 5301
f  5299 5298 5302 5303
f  5300 5299 5303 5304
f  5300 5297 5301 5304
f  5301 5302 5303 5304
v -6.81336E+02  1.49614E+02  1.41527E+02
v -6.38354E+02  1.49614E+02  1.41527E+02
v -6.38354E+02  1.49614E+02  1.19027E+02
v -6.81336E+02  1.49614E+02  1.19027E+02
v -6.81336E+02  1.35456E+02  1.41527E+02
v -6.38354E+02  1.35456E+02  1.41527E+02
v -6.38354E+02  1.35456E+02  1.19027E+02
v -6.81336E+02  1.35456E+02  1.19027E+02
g vc_ws_6570
s 0
f  5305 5306 5307 5308
f  5305 5306 5310 5309
f  5307 5306 5310 5311
f  5308 5307 5311 5312
f  5308 5305 5309 5312
f  5309 5310 5311 5312
v -7.25836E+02  1.86532E+02  1.61480E+02
v -6.81336E+02  1.86532E+02  1.61480E+02
v -6.81336E+02  1.86532E+02  1.41527E+02
v -7.25836E+02  1.86532E+02  1.41527E+02
v -7.25836E+02  1.35456E+02  1.61480E+02
v -6.81336E+02  1.35456E+02  1.61480E+02
v -6.81336E+02  1.35456E+02  1.41527E+02
v -7.25836E+02  1.35456E+02  1.41527E+02
g vc_ws_6580
s 0
f  5313 5314 5315 5316
f  5313 5314 5318 5317
f  5315 5314 5318 5319
f  5316 5315 5319 5320
f  5316 5313 5317 5320
f  5317 5318 5319 5320
v -1.65935E+02  3.17464E+01 -1.01104E+03
v -1.46435E+02  3.17464E+01 -1.01104E+03
v -1.46435E+02  3.17464E+01 -1.02754E+03
v -1.65935E+02  3.17464E+01 -1.02754E+03
v -1.65935E+02 -4.06287E+00 -1.01104E+03
v -1.46435E+02 -4.06287E+00 -1.01104E+03
v -1.46435E+02 -4.06287E+00 -1.02754E+03
v -1.65935E+02 -4.06287E+00 -1.02754E+03
g vc_ws_6586
s 0
f  5321 5322 5323 5324
f  5321 5322 5326 5325
f  5323 5322 5326 5327
f  5324 5323 5327 5328
f  5324 5321 5325 5328
f  5325 5326 5327 5328
v -1.65935E+02  2.95793E+01 -9.79290E+02
v -1.46435E+02  2.95793E+01 -9.79290E+02
v -1.46435E+02  2.95793E+01 -9.95790E+02
v -1.65935E+02  2.95793E+01 -9.95790E+02
v -1.65935E+02 -4.06287E+00 -9.79290E+02
v -1.46435E+02 -4.06287E+00 -9.79290E+02
v -1.46435E+02 -4.06287E+00 -9.95790E+02
v -1.65935E+02 -4.06287E+00 -9.95790E+02
g vc_ws_6588
s 0
f  5329 5330 5331 5332
f  5329 5330 5334 5333
f  5331 5330 5334 5335
f  5332 5331 5335 5336
f  5332 5329 5333 5336
f  5333 5334 5335 5336
v -1.46435E+02  2.98325E+01 -1.01104E+03
v -1.27513E+02  2.98325E+01 -1.01104E+03
v -1.27513E+02  2.98325E+01 -1.02754E+03
v -1.46435E+02  2.98325E+01 -1.02754E+03
v -1.46435E+02 -4.06287E+00 -1.01104E+03
v -1.27513E+02 -4.06287E+00 -1.01104E+03
v -1.27513E+02 -4.06287E+00 -1.02754E+03
v -1.46435E+02 -4.06287E+00 -1.02754E+03
g vc_ws_6592
s 0
f  5337 5338 5339 5340
f  5337 5338 5342 5341
f  5339 5338 5342 5343
f  5340 5339 5343 5344
f  5340 5337 5341 5344
f  5341 5342 5343 5344
v -1.09013E+02  3.21468E+01 -1.04354E+03
v -9.12617E+01  3.21468E+01 -1.04354E+03
v -9.12617E+01  3.21468E+01 -1.06104E+03
v -1.09013E+02  3.21468E+01 -1.06104E+03
v -1.09013E+02 -4.06287E+00 -1.04354E+03
v -9.12617E+01 -4.06287E+00 -1.04354E+03
v -9.12617E+01 -4.06287E+00 -1.06104E+03
v -1.09013E+02 -4.06287E+00 -1.06104E+03
g vc_ws_6594
s 0
f  5345 5346 5347 5348
f  5345 5346 5350 5349
f  5347 5346 5350 5351
f  5348 5347 5351 5352
f  5348 5345 5349 5352
f  5349 5350 5351 5352
v -1.46435E+02  2.85683E+01 -9.79290E+02
v -1.27650E+02  2.85683E+01 -9.79290E+02
v -1.27650E+02  2.85683E+01 -9.95790E+02
v -1.46435E+02  2.85683E+01 -9.95790E+02
v -1.46435E+02 -4.06287E+00 -9.79290E+02
v -1.27650E+02 -4.06287E+00 -9.79290E+02
v -1.27650E+02 -4.06287E+00 -9.95790E+02
v -1.46435E+02 -4.06287E+00 -9.95790E+02
g vc_ws_6596
s 0
f  5353 5354 5355 5356
f  5353 5354 5358 5357
f  5355 5354 5358 5359
f  5356 5355 5359 5360
f  5356 5353 5357 5360
f  5357 5358 5359 5360
v -1.27513E+02  2.98325E+01 -1.01104E+03
v -1.09013E+02  2.98325E+01 -1.01104E+03
v -1.09013E+02  2.98325E+01 -1.02754E+03
v -1.27513E+02  2.98325E+01 -1.02754E+03
v -1.27513E+02 -4.06287E+00 -1.01104E+03
v -1.09013E+02 -4.06287E+00 -1.01104E+03
v -1.09013E+02 -4.06287E+00 -1.02754E+03
v -1.27513E+02 -4.06287E+00 -1.02754E+03
g vc_ws_6600
s 0
f  5361 5362 5363 5364
f  5361 5362 5366 5365
f  5363 5362 5366 5367
f  5364 5363 5367 5368
f  5364 5361 5365 5368
f  5365 5366 5367 5368
v -1.65935E+02  2.95793E+01 -9.95790E+02
v -1.46435E+02  2.95793E+01 -9.95790E+02
v -1.46435E+02  2.95793E+01 -1.01104E+03
v -1.65935E+02  2.95793E+01 -1.01104E+03
v -1.65935E+02 -4.06287E+00 -9.95790E+02
v -1.46435E+02 -4.06287E+00 -9.95790E+02
v -1.46435E+02 -4.06287E+00 -1.01104E+03
v -1.65935E+02 -4.06287E+00 -1.01104E+03
g vc_ws_6604
s 0
f  5369 5370 5371 5372
f  5369 5370 5374 5373
f  5371 5370 5374 5375
f  5372 5371 5375 5376
f  5372 5369 5373 5376
f  5373 5374 5375 5376
v -1.27513E+02  2.98325E+01 -1.02754E+03
v -1.09013E+02  2.98325E+01 -1.02754E+03
v -1.09013E+02  2.98325E+01 -1.04354E+03
v -1.27513E+02  2.98325E+01 -1.04354E+03
v -1.27513E+02 -4.06287E+00 -1.02754E+03
v -1.09013E+02 -4.06287E+00 -1.02754E+03
v -1.09013E+02 -4.06287E+00 -1.04354E+03
v -1.27513E+02 -4.06287E+00 -1.04354E+03
g vc_ws_6608
s 0
f  5377 5378 5379 5380
f  5377 5378 5382 5381
f  5379 5378 5382 5383
f  5380 5379 5383 5384
f  5380 5377 5381 5384
f  5381 5382 5383 5384
v -1.09013E+02  2.83057E+01 -1.01104E+03
v -9.12617E+01  2.83057E+01 -1.01104E+03
v -9.12617E+01  2.83057E+01 -1.02754E+03
v -1.09013E+02  2.83057E+01 -1.02754E+03
v -1.09013E+02 -4.06287E+00 -1.01104E+03
v -9.12617E+01 -4.06287E+00 -1.01104E+03
v -9.12617E+01 -4.06287E+00 -1.02754E+03
v -1.09013E+02 -4.06287E+00 -1.02754E+03
g vc_ws_6610
s 0
f  5385 5386 5387 5388
f  5385 5386 5390 5389
f  5387 5386 5390 5391
f  5388 5387 5391 5392
f  5388 5385 5389 5392
f  5389 5390 5391 5392
v -6.58836E+02  1.80360E+02  4.92462E+01
v -6.38336E+02  1.80360E+02  4.92462E+01
v -6.38336E+02  1.80360E+02  2.07462E+01
v -6.58836E+02  1.80360E+02  2.07462E+01
v -6.58836E+02  1.07373E+02  4.92462E+01
v -6.38336E+02  1.07373E+02  4.92462E+01
v -6.38336E+02  1.07373E+02  2.07462E+01
v -6.58836E+02  1.07373E+02  2.07462E+01
g vc_ws_6612
s 0
f  5393 5394 5395 5396
f  5393 5394 5398 5397
f  5395 5394 5398 5399
f  5396 5395 5399 5400
f  5396 5393 5397 5400
f  5397 5398 5399 5400
v -1.65935E+02  2.95793E+01 -9.64290E+02
v -1.46435E+02  2.95793E+01 -9.64290E+02
v -1.46435E+02  2.95793E+01 -9.79290E+02
v -1.65935E+02  2.95793E+01 -9.79290E+02
v -1.65935E+02 -4.06287E+00 -9.64290E+02
v -1.46435E+02 -4.06287E+00 -9.64290E+02
v -1.46435E+02 -4.06287E+00 -9.79290E+02
v -1.65935E+02 -4.06287E+00 -9.79290E+02
g vc_ws_6614
s 0
f  5401 5402 5403 5404
f  5401 5402 5406 5405
f  5403 5402 5406 5407
f  5404 5403 5407 5408
f  5404 5401 5405 5408
f  5405 5406 5407 5408
v -1.46435E+02  2.85683E+01 -9.95790E+02
v -1.27513E+02  2.85683E+01 -9.95790E+02
v -1.27513E+02  2.85683E+01 -1.01104E+03
v -1.46435E+02  2.85683E+01 -1.01104E+03
v -1.46435E+02 -4.06287E+00 -9.95790E+02
v -1.27513E+02 -4.06287E+00 -9.95790E+02
v -1.27513E+02 -4.06287E+00 -1.01104E+03
v -1.46435E+02 -4.06287E+00 -1.01104E+03
g vc_ws_6620
s 0
f  5409 5410 5411 5412
f  5409 5410 5414 5413
f  5411 5410 5414 5415
f  5412 5411 5415 5416
f  5412 5409 5413 5416
f  5413 5414 5415 5416
v -1.27650E+02  2.85847E+01 -9.48790E+02
v -1.09150E+02  2.85847E+01 -9.48790E+02
v -1.09150E+02  2.85847E+01 -9.64290E+02
v -1.27650E+02  2.85847E+01 -9.64290E+02
v -1.27650E+02 -4.06287E+00 -9.48790E+02
v -1.09150E+02 -4.06287E+00 -9.48790E+02
v -1.09150E+02 -4.06287E+00 -9.64290E+02
v -1.27650E+02 -4.06287E+00 -9.64290E+02
g vc_ws_6622
s 0
f  5417 5418 5419 5420
f  5417 5418 5422 5421
f  5419 5418 5422 5423
f  5420 5419 5423 5424
f  5420 5417 5421 5424
f  5421 5422 5423 5424
v -1.09013E+02  2.79208E+01 -1.02754E+03
v -9.12617E+01  2.79208E+01 -1.02754E+03
v -9.12617E+01  2.79208E+01 -1.04354E+03
v -1.09013E+02  2.79208E+01 -1.04354E+03
v -1.09013E+02 -4.06287E+00 -1.02754E+03
v -9.12617E+01 -4.06287E+00 -1.02754E+03
v -9.12617E+01 -4.06287E+00 -1.04354E+03
v -1.09013E+02 -4.06287E+00 -1.04354E+03
g vc_ws_6626
s 0
f  5425 5426 5427 5428
f  5425 5426 5430 5429
f  5427 5426 5430 5431
f  5428 5427 5431 5432
f  5428 5425 5429 5432
f  5429 5430 5431 5432
v -1.46435E+02  2.85847E+01 -9.64290E+02
v -1.27650E+02  2.85847E+01 -9.64290E+02
v -1.27650E+02  2.85847E+01 -9.79290E+02
v -1.46435E+02  2.85847E+01 -9.79290E+02
v -1.46435E+02 -4.06287E+00 -9.64290E+02
v -1.27650E+02 -4.06287E+00 -9.64290E+02
v -1.27650E+02 -4.06287E+00 -9.79290E+02
v -1.46435E+02 -4.06287E+00 -9.79290E+02
g vc_ws_6628
s 0
f  5433 5434 5435 5436
f  5433 5434 5438 5437
f  5435 5434 5438 5439
f  5436 5435 5439 5440
f  5436 5433 5437 5440
f  5437 5438 5439 5440
v -4.25615E+02  1.38050E+02  1.19973E+02
v -4.03115E+02  1.38050E+02  1.19973E+02
v -4.03115E+02  1.38050E+02  9.67654E+01
v -4.25615E+02  1.38050E+02  9.67654E+01
v -4.25615E+02  1.00223E+02  1.19973E+02
v -4.03115E+02  1.00223E+02  1.19973E+02
v -4.03115E+02  1.00223E+02  9.67654E+01
v -4.25615E+02  1.00223E+02  9.67654E+01
g vc_ws_6636
s 0
f  5441 5442 5443 5444
f  5441 5442 5446 5445
f  5443 5442 5446 5447
f  5444 5443 5447 5448
f  5444 5441 5445 5448
f  5445 5446 5447 5448
v -1.27650E+02  2.85847E+01 -9.64290E+02
v -1.09150E+02  2.85847E+01 -9.64290E+02
v -1.09150E+02  2.85847E+01 -9.79290E+02
v -1.27650E+02  2.85847E+01 -9.79290E+02
v -1.27650E+02 -4.06287E+00 -9.64290E+02
v -1.09150E+02 -4.06287E+00 -9.64290E+02
v -1.09150E+02 -4.06287E+00 -9.79290E+02
v -1.27650E+02 -4.06287E+00 -9.79290E+02
g vc_ws_6638
s 0
f  5449 5450 5451 5452
f  5449 5450 5454 5453
f  5451 5450 5454 5455
f  5452 5451 5455 5456
f  5452 5449 5453 5456
f  5453 5454 5455 5456
v -1.09150E+02  2.83057E+01 -9.48790E+02
v -9.12617E+01  2.83057E+01 -9.48790E+02
v -9.12617E+01  2.83057E+01 -9.64290E+02
v -1.09150E+02  2.83057E+01 -9.64290E+02
v -1.09150E+02 -4.06287E+00 -9.48790E+02
v -9.12617E+01 -4.06287E+00 -9.48790E+02
v -9.12617E+01 -4.06287E+00 -9.64290E+02
v -1.09150E+02 -4.06287E+00 -9.64290E+02
g vc_ws_6640
s 0
f  5457 5458 5459 5460
f  5457 5458 5462 5461
f  5459 5458 5462 5463
f  5460 5459 5463 5464
f  5460 5457 5461 5464
f  5461 5462 5463 5464
v -1.09150E+02  2.83057E+01 -9.64290E+02
v -9.12617E+01  2.83057E+01 -9.64290E+02
v -9.12617E+01  2.83057E+01 -9.79290E+02
v -1.09150E+02  2.83057E+01 -9.79290E+02
v -1.09150E+02 -4.06287E+00 -9.64290E+02
v -9.12617E+01 -4.06287E+00 -9.64290E+02
v -9.12617E+01 -4.06287E+00 -9.79290E+02
v -1.09150E+02 -4.06287E+00 -9.79290E+02
g vc_ws_6642
s 0
f  5465 5466 5467 5468
f  5465 5466 5470 5469
f  5467 5466 5470 5471
f  5468 5467 5471 5472
f  5468 5465 5469 5472
f  5469 5470 5471 5472
v -1.27650E+02  2.85847E+01 -9.34438E+02
v -1.09150E+02  2.85847E+01 -9.34438E+02
v -1.09150E+02  2.85847E+01 -9.48790E+02
v -1.27650E+02  2.85847E+01 -9.48790E+02
v -1.27650E+02 -4.06287E+00 -9.34438E+02
v -1.09150E+02 -4.06287E+00 -9.34438E+02
v -1.09150E+02 -4.06287E+00 -9.48790E+02
v -1.27650E+02 -4.06287E+00 -9.48790E+02
g vc_ws_6644
s 0
f  5473 5474 5475 5476
f  5473 5474 5478 5477
f  5475 5474 5478 5479
f  5476 5475 5479 5480
f  5476 5473 5477 5480
f  5477 5478 5479 5480
v -4.03115E+02  1.78619E+02  1.19973E+02
v -3.82115E+02  1.78619E+02  1.19973E+02
v -3.82115E+02  1.78619E+02  9.67654E+01
v -4.03115E+02  1.78619E+02  9.67654E+01
v -4.03115E+02  1.00223E+02  1.19973E+02
v -3.82115E+02  1.00223E+02  1.19973E+02
v -3.82115E+02  1.00223E+02  9.67654E+01
v -4.03115E+02  1.00223E+02  9.67654E+01
g vc_ws_6648
s 0
f  5481 5482 5483 5484
f  5481 5482 5486 5485
f  5483 5482 5486 5487
f  5484 5483 5487 5488
f  5484 5481 5485 5488
f  5485 5486 5487 5488
v -1.09150E+02  2.85465E+01 -9.34438E+02
v -9.12617E+01  2.85465E+01 -9.34438E+02
v -9.12617E+01  2.85465E+01 -9.48790E+02
v -1.09150E+02  2.85465E+01 -9.48790E+02
v -1.09150E+02 -4.06287E+00 -9.34438E+02
v -9.12617E+01 -4.06287E+00 -9.34438E+02
v -9.12617E+01 -4.06287E+00 -9.48790E+02
v -1.09150E+02 -4.06287E+00 -9.48790E+02
g vc_ws_6650
s 0
f  5489 5490 5491 5492
f  5489 5490 5494 5493
f  5491 5490 5494 5495
f  5492 5491 5495 5496
f  5492 5489 5493 5496
f  5493 5494 5495 5496
v  4.28099E+01  3.15374E+01 -1.13907E+03
v  6.13099E+01  3.15374E+01 -1.13907E+03
v  6.13099E+01  3.15374E+01 -1.15257E+03
v  4.28099E+01  3.15374E+01 -1.15257E+03
v  4.28099E+01 -4.06287E+00 -1.13907E+03
v  6.13099E+01 -4.06287E+00 -1.13907E+03
v  6.13099E+01 -4.06287E+00 -1.15257E+03
v  4.28099E+01 -4.06287E+00 -1.15257E+03
g vc_ws_6652
s 0
f  5497 5498 5499 5500
f  5497 5498 5502 5501
f  5499 5498 5502 5503
f  5500 5499 5503 5504
f  5500 5497 5501 5504
f  5501 5502 5503 5504
v  4.28099E+01  2.48501E+01 -1.12577E+03
v  6.13099E+01  2.48501E+01 -1.12577E+03
v  6.13099E+01  2.48501E+01 -1.13907E+03
v  4.28099E+01  2.48501E+01 -1.13907E+03
v  4.28099E+01 -4.06287E+00 -1.12577E+03
v  6.13099E+01 -4.06287E+00 -1.12577E+03
v  6.13099E+01 -4.06287E+00 -1.13907E+03
v  4.28099E+01 -4.06287E+00 -1.13907E+03
g vc_ws_6660
s 0
f  5505 5506 5507 5508
f  5505 5506 5510 5509
f  5507 5506 5510 5511
f  5508 5507 5511 5512
f  5508 5505 5509 5512
f  5509 5510 5511 5512
v  2.48099E+01  3.15374E+01 -1.13907E+03
v  4.28099E+01  3.15374E+01 -1.13907E+03
v  4.28099E+01  3.15374E+01 -1.15257E+03
v  2.48099E+01  3.15374E+01 -1.15257E+03
v  2.48099E+01 -4.06287E+00 -1.13907E+03
v  4.28099E+01 -4.06287E+00 -1.13907E+03
v  4.28099E+01 -4.06287E+00 -1.15257E+03
v  2.48099E+01 -4.06287E+00 -1.15257E+03
g vc_ws_6662
s 0
f  5513 5514 5515 5516
f  5513 5514 5518 5517
f  5515 5514 5518 5519
f  5516 5515 5519 5520
f  5516 5513 5517 5520
f  5517 5518 5519 5520
v  2.48099E+01  2.48501E+01 -1.12577E+03
v  4.28099E+01  2.48501E+01 -1.12577E+03
v  4.28099E+01  2.48501E+01 -1.13907E+03
v  2.48099E+01  2.48501E+01 -1.13907E+03
v  2.48099E+01 -4.06287E+00 -1.12577E+03
v  4.28099E+01 -4.06287E+00 -1.12577E+03
v  4.28099E+01 -4.06287E+00 -1.13907E+03
v  2.48099E+01 -4.06287E+00 -1.13907E+03
g vc_ws_6664
s 0
f  5521 5522 5523 5524
f  5521 5522 5526 5525
f  5523 5522 5526 5527
f  5524 5523 5527 5528
f  5524 5521 5525 5528
f  5525 5526 5527 5528
v  6.13099E+01  2.67715E+01 -1.13907E+03
v  7.80876E+01  2.67715E+01 -1.13907E+03
v  7.80876E+01  2.67715E+01 -1.15257E+03
v  6.13099E+01  2.67715E+01 -1.15257E+03
v  6.13099E+01 -4.06287E+00 -1.13907E+03
v  7.80876E+01 -4.06287E+00 -1.13907E+03
v  7.80876E+01 -4.06287E+00 -1.15257E+03
v  6.13099E+01 -4.06287E+00 -1.15257E+03
g vc_ws_6674
s 0
f  5529 5530 5531 5532
f  5529 5530 5534 5533
f  5531 5530 5534 5535
f  5532 5531 5535 5536
f  5532 5529 5533 5536
f  5533 5534 5535 5536
v  6.13099E+01  2.33784E+01 -1.12577E+03
v  7.80876E+01  2.33784E+01 -1.12577E+03
v  7.80876E+01  2.33784E+01 -1.13907E+03
v  6.13099E+01  2.33784E+01 -1.13907E+03
v  6.13099E+01 -4.06287E+00 -1.12577E+03
v  7.80876E+01 -4.06287E+00 -1.12577E+03
v  7.80876E+01 -4.06287E+00 -1.13907E+03
v  6.13099E+01 -4.06287E+00 -1.13907E+03
g vc_ws_6676
s 0
f  5537 5538 5539 5540
f  5537 5538 5542 5541
f  5539 5538 5542 5543
f  5540 5539 5543 5544
f  5540 5537 5541 5544
f  5541 5542 5543 5544
v -6.86390E+02  1.48556E+02 -6.56015E+01
v -6.58172E+02  1.48556E+02 -6.56015E+01
v -6.58172E+02  1.48556E+02 -8.51015E+01
v -6.86390E+02  1.48556E+02 -8.51015E+01
v -6.86390E+02  1.03310E+02 -6.56015E+01
v -6.58172E+02  1.03310E+02 -6.56015E+01
v -6.58172E+02  1.03310E+02 -8.51015E+01
v -6.86390E+02  1.03310E+02 -8.51015E+01
g vc_ws_6678
s 0
f  5545 5546 5547 5548
f  5545 5546 5550 5549
f  5547 5546 5550 5551
f  5548 5547 5551 5552
f  5548 5545 5549 5552
f  5549 5550 5551 5552
v -7.25836E+02  1.89406E+02 -2.44819E+01
v -6.96336E+02  1.89406E+02 -2.44819E+01
v -6.96336E+02  1.89406E+02 -4.79819E+01
v -7.25836E+02  1.89406E+02 -4.79819E+01
v -7.25836E+02  1.48267E+02 -2.44819E+01
v -6.96336E+02  1.48267E+02 -2.44819E+01
v -6.96336E+02  1.48267E+02 -4.79819E+01
v -7.25836E+02  1.48267E+02 -4.79819E+01
g vc_ws_6684
s 0
f  5553 5554 5555 5556
f  5553 5554 5558 5557
f  5555 5554 5558 5559
f  5556 5555 5559 5560
f  5556 5553 5557 5560
f  5557 5558 5559 5560
v -7.25836E+02  1.85145E+02 -2.08489E+00
v -6.96336E+02  1.85145E+02 -2.08489E+00
v -6.96336E+02  1.85145E+02 -2.44819E+01
v -7.25836E+02  1.85145E+02 -2.44819E+01
v -7.25836E+02  1.45293E+02 -2.08489E+00
v -6.96336E+02  1.45293E+02 -2.08489E+00
v -6.96336E+02  1.45293E+02 -2.44819E+01
v -7.25836E+02  1.45293E+02 -2.44819E+01
g vc_ws_6686
s 0
f  5561 5562 5563 5564
f  5561 5562 5566 5565
f  5563 5562 5566 5567
f  5564 5563 5567 5568
f  5564 5561 5565 5568
f  5565 5566 5567 5568
v -7.25836E+02  1.85149E+02  4.92462E+01
v -7.03336E+02  1.85149E+02  4.92462E+01
v -7.03336E+02  1.85149E+02  2.07462E+01
v -7.25836E+02  1.85149E+02  2.07462E+01
v -7.25836E+02  1.44367E+02  4.92462E+01
v -7.03336E+02  1.44367E+02  4.92462E+01
v -7.03336E+02  1.44367E+02  2.07462E+01
v -7.25836E+02  1.44367E+02  2.07462E+01
g vc_ws_6694
s 0
f  5569 5570 5571 5572
f  5569 5570 5574 5573
f  5571 5570 5574 5575
f  5572 5571 5575 5576
f  5572 5569 5573 5576
f  5573 5574 5575 5576
v -2.32417E+01  1.06745E+02 -7.32200E+01
v -1.02417E+01  1.06745E+02 -7.32200E+01
v -1.02417E+01  1.06745E+02 -1.05720E+02
v -2.32417E+01  1.06745E+02 -1.05720E+02
v -2.32417E+01  6.90535E+01 -7.32200E+01
v -1.02417E+01  6.90535E+01 -7.32200E+01
v -1.02417E+01  6.90535E+01 -1.05720E+02
v -2.32417E+01  6.90535E+01 -1.05720E+02
g vc_ws_6703
s 0
f  5577 5578 5579 5580
f  5577 5578 5582 5581
f  5579 5578 5582 5583
f  5580 5579 5583 5584
f  5580 5577 5581 5584
f  5581 5582 5583 5584
v -6.69012E+00  2.90454E+01 -1.11227E+03
v  8.80988E+00  2.90454E+01 -1.11227E+03
v  8.80988E+00  2.90454E+01 -1.12577E+03
v -6.69012E+00  2.90454E+01 -1.12577E+03
v -6.69012E+00 -4.06287E+00 -1.11227E+03
v  8.80988E+00 -4.06287E+00 -1.11227E+03
v  8.80988E+00 -4.06287E+00 -1.12577E+03
v -6.69012E+00 -4.06287E+00 -1.12577E+03
g vc_ws_6706
s 0
f  5585 5586 5587 5588
f  5585 5586 5590 5589
f  5587 5586 5590 5591
f  5588 5587 5591 5592
f  5588 5585 5589 5592
f  5589 5590 5591 5592
v -3.61901E+01  3.26632E+01 -1.11227E+03
v -2.06901E+01  3.26632E+01 -1.11227E+03
v -2.06901E+01  3.26632E+01 -1.12577E+03
v -3.61901E+01  3.26632E+01 -1.12577E+03
v -3.61901E+01 -4.06287E+00 -1.11227E+03
v -2.06901E+01 -4.06287E+00 -1.11227E+03
v -2.06901E+01 -4.06287E+00 -1.12577E+03
v -3.61901E+01 -4.06287E+00 -1.12577E+03
g vc_ws_6708
s 0
f  5593 5594 5595 5596
f  5593 5594 5598 5597
f  5595 5594 5598 5599
f  5596 5595 5599 5600
f  5596 5593 5597 5600
f  5597 5598 5599 5600
v -7.25836E+02  1.85149E+02  7.64077E+01
v -7.03336E+02  1.85149E+02  7.64077E+01
v -7.03336E+02  1.85149E+02  4.92462E+01
v -7.25836E+02  1.85149E+02  4.92462E+01
v -7.25836E+02  1.44367E+02  7.64077E+01
v -7.03336E+02  1.44367E+02  7.64077E+01
v -7.03336E+02  1.44367E+02  4.92462E+01
v -7.25836E+02  1.44367E+02  4.92462E+01
g vc_ws_6710
s 0
f  5601 5602 5603 5604
f  5601 5602 5606 5605
f  5603 5602 5606 5607
f  5604 5603 5607 5608
f  5604 5601 5605 5608
f  5605 5606 5607 5608
v -7.66290E+02  1.75315E+02 -3.07710E+02
v -7.48790E+02  1.75315E+02 -3.07710E+02
v -7.48790E+02  1.75315E+02 -3.30210E+02
v -7.66290E+02  1.75315E+02 -3.30210E+02
v -7.66290E+02  1.08413E+02 -3.07710E+02
v -7.48790E+02  1.08413E+02 -3.07710E+02
v -7.48790E+02  1.08413E+02 -3.30210E+02
v -7.66290E+02  1.08413E+02 -3.30210E+02
g vc_ws_6720
s 0
f  5609 5610 5611 5612
f  5609 5610 5614 5613
f  5611 5610 5614 5615
f  5612 5611 5615 5616
f  5612 5609 5613 5616
f  5613 5614 5615 5616
v -5.83854E+02  1.63189E+02  1.61480E+02
v -5.71151E+02  1.63189E+02  1.61480E+02
v -5.71151E+02  1.63189E+02  1.20523E+02
v -5.83854E+02  1.63189E+02  1.20523E+02
v -5.83854E+02  1.36184E+02  1.61480E+02
v -5.71151E+02  1.36184E+02  1.61480E+02
v -5.71151E+02  1.36184E+02  1.20523E+02
v -5.83854E+02  1.36184E+02  1.20523E+02
g vc_ws_6726
s 0
f  5617 5618 5619 5620
f  5617 5618 5622 5621
f  5619 5618 5622 5623
f  5620 5619 5623 5624
f  5620 5617 5621 5624
f  5621 5622 5623 5624
v -6.42389E+02  1.72047E+02  1.88980E+02
v -6.01889E+02  1.72047E+02  1.88980E+02
v -6.01889E+02  1.72047E+02  1.75980E+02
v -6.42389E+02  1.72047E+02  1.75980E+02
v -6.42389E+02  1.38752E+02  1.88980E+02
v -6.01889E+02  1.38752E+02  1.88980E+02
v -6.01889E+02  1.38752E+02  1.75980E+02
v -6.42389E+02  1.38752E+02  1.75980E+02
g vc_ws_6730
s 0
f  5625 5626 5627 5628
f  5625 5626 5630 5629
f  5627 5626 5630 5631
f  5628 5627 5631 5632
f  5628 5625 5629 5632
f  5629 5630 5631 5632
v  1.71176E+02  1.80746E+01 -1.11270E+03
v  1.82676E+02  1.80746E+01 -1.11270E+03
v  1.82676E+02  1.80746E+01 -1.12920E+03
v  1.71176E+02  1.80746E+01 -1.12920E+03
v  1.71176E+02 -4.06287E+00 -1.11270E+03
v  1.82676E+02 -4.06287E+00 -1.11270E+03
v  1.82676E+02 -4.06287E+00 -1.12920E+03
v  1.71176E+02 -4.06287E+00 -1.12920E+03
g vc_ws_6732
s 0
f  5633 5634 5635 5636
f  5633 5634 5638 5637
f  5635 5634 5638 5639
f  5636 5635 5639 5640
f  5636 5633 5637 5640
f  5637 5638 5639 5640
v  1.93676E+02  1.80746E+01 -1.11270E+03
v  2.05176E+02  1.80746E+01 -1.11270E+03
v  2.05176E+02  1.80746E+01 -1.12920E+03
v  1.93676E+02  1.80746E+01 -1.12920E+03
v  1.93676E+02 -4.06287E+00 -1.11270E+03
v  2.05176E+02 -4.06287E+00 -1.11270E+03
v  2.05176E+02 -4.06287E+00 -1.12920E+03
v  1.93676E+02 -4.06287E+00 -1.12920E+03
g vc_ws_6734
s 0
f  5641 5642 5643 5644
f  5641 5642 5646 5645
f  5643 5642 5646 5647
f  5644 5643 5647 5648
f  5644 5641 5645 5648
f  5645 5646 5647 5648
v -2.06901E+01  2.90454E+01 -1.11227E+03
v -6.69012E+00  2.90454E+01 -1.11227E+03
v -6.69012E+00  2.90454E+01 -1.12577E+03
v -2.06901E+01  2.90454E+01 -1.12577E+03
v -2.06901E+01 -4.06287E+00 -1.11227E+03
v -6.69012E+00 -4.06287E+00 -1.11227E+03
v -6.69012E+00 -4.06287E+00 -1.12577E+03
v -2.06901E+01 -4.06287E+00 -1.12577E+03
g vc_ws_6736
s 0
f  5649 5650 5651 5652
f  5649 5650 5654 5653
f  5651 5650 5654 5655
f  5652 5651 5655 5656
f  5652 5649 5653 5656
f  5653 5654 5655 5656
v  2.15900E+02  1.64105E+01 -1.09661E+03
v  2.27400E+02  1.64105E+01 -1.09661E+03
v  2.27400E+02  1.64105E+01 -1.11270E+03
v  2.15900E+02  1.64105E+01 -1.11270E+03
v  2.15900E+02 -4.06287E+00 -1.09661E+03
v  2.27400E+02 -4.06287E+00 -1.09661E+03
v  2.27400E+02 -4.06287E+00 -1.11270E+03
v  2.15900E+02 -4.06287E+00 -1.11270E+03
g vc_ws_6738
s 0
f  5657 5658 5659 5660
f  5657 5658 5662 5661
f  5659 5658 5662 5663
f  5660 5659 5663 5664
f  5660 5657 5661 5664
f  5661 5662 5663 5664
v  1.93676E+02  1.80746E+01 -1.09661E+03
v  2.05176E+02  1.80746E+01 -1.09661E+03
v  2.05176E+02  1.80746E+01 -1.11270E+03
v  1.93676E+02  1.80746E+01 -1.11270E+03
v  1.93676E+02 -4.06287E+00 -1.09661E+03
v  2.05176E+02 -4.06287E+00 -1.09661E+03
v  2.05176E+02 -4.06287E+00 -1.11270E+03
v  1.93676E+02 -4.06287E+00 -1.11270E+03
g vc_ws_6740
s 0
f  5665 5666 5667 5668
f  5665 5666 5670 5669
f  5667 5666 5670 5671
f  5668 5667 5671 5672
f  5668 5665 5669 5672
f  5669 5670 5671 5672
v -7.66290E+02  1.76754E+02 -2.86710E+02
v -7.48790E+02  1.76754E+02 -2.86710E+02
v -7.48790E+02  1.76754E+02 -3.07710E+02
v -7.66290E+02  1.76754E+02 -3.07710E+02
v -7.66290E+02  1.08623E+02 -2.86710E+02
v -7.48790E+02  1.08623E+02 -2.86710E+02
v -7.48790E+02  1.08623E+02 -3.07710E+02
v -7.66290E+02  1.08623E+02 -3.07710E+02
g vc_ws_6742
s 0
f  5673 5674 5675 5676
f  5673 5674 5678 5677
f  5675 5674 5678 5679
f  5676 5675 5679 5680
f  5676 5673 5677 5680
f  5677 5678 5679 5680
v  1.82676E+02  1.80746E+01 -1.11270E+03
v  1.93676E+02  1.80746E+01 -1.11270E+03
v  1.93676E+02  1.80746E+01 -1.12920E+03
v  1.82676E+02  1.80746E+01 -1.12920E+03
v  1.82676E+02 -4.06287E+00 -1.11270E+03
v  1.93676E+02 -4.06287E+00 -1.11270E+03
v  1.93676E+02 -4.06287E+00 -1.12920E+03
v  1.82676E+02 -4.06287E+00 -1.12920E+03
g vc_ws_6744
s 0
f  5681 5682 5683 5684
f  5681 5682 5686 5685
f  5683 5682 5686 5687
f  5684 5683 5687 5688
f  5684 5681 5685 5688
f  5685 5686 5687 5688
v  2.05176E+02  1.80746E+01 -1.11270E+03
v  2.15900E+02  1.80746E+01 -1.11270E+03
v  2.15900E+02  1.80746E+01 -1.12920E+03
v  2.05176E+02  1.80746E+01 -1.12920E+03
v  2.05176E+02 -4.06287E+00 -1.11270E+03
v  2.15900E+02 -4.06287E+00 -1.11270E+03
v  2.15900E+02 -4.06287E+00 -1.12920E+03
v  2.05176E+02 -4.06287E+00 -1.12920E+03
g vc_ws_6750
s 0
f  5689 5690 5691 5692
f  5689 5690 5694 5693
f  5691 5690 5694 5695
f  5692 5691 5695 5696
f  5692 5689 5693 5696
f  5693 5694 5695 5696
v  2.05176E+02  1.80746E+01 -1.09661E+03
v  2.15900E+02  1.80746E+01 -1.09661E+03
v  2.15900E+02  1.80746E+01 -1.11270E+03
v  2.05176E+02  1.80746E+01 -1.11270E+03
v  2.05176E+02 -4.06287E+00 -1.09661E+03
v  2.15900E+02 -4.06287E+00 -1.09661E+03
v  2.15900E+02 -4.06287E+00 -1.11270E+03
v  2.05176E+02 -4.06287E+00 -1.11270E+03
g vc_ws_6754
s 0
f  5697 5698 5699 5700
f  5697 5698 5702 5701
f  5699 5698 5702 5703
f  5700 5699 5703 5704
f  5700 5697 5701 5704
f  5701 5702 5703 5704
v -3.61901E+01  3.26632E+01 -1.10127E+03
v -2.06901E+01  3.26632E+01 -1.10127E+03
v -2.06901E+01  3.26632E+01 -1.11227E+03
v -3.61901E+01  3.26632E+01 -1.11227E+03
v -3.61901E+01 -4.06287E+00 -1.10127E+03
v -2.06901E+01 -4.06287E+00 -1.10127E+03
v -2.06901E+01 -4.06287E+00 -1.11227E+03
v -3.61901E+01 -4.06287E+00 -1.11227E+03
g vc_ws_6758
s 0
f  5705 5706 5707 5708
f  5705 5706 5710 5709
f  5707 5706 5710 5711
f  5708 5707 5711 5712
f  5708 5705 5709 5712
f  5709 5710 5711 5712
v -6.69012E+00  2.90454E+01 -1.10127E+03
v  8.80988E+00  2.90454E+01 -1.10127E+03
v  8.80988E+00  2.90454E+01 -1.11227E+03
v -6.69012E+00  2.90454E+01 -1.11227E+03
v -6.69012E+00 -4.06287E+00 -1.10127E+03
v  8.80988E+00 -4.06287E+00 -1.10127E+03
v  8.80988E+00 -4.06287E+00 -1.11227E+03
v -6.69012E+00 -4.06287E+00 -1.11227E+03
g vc_ws_6760
s 0
f  5713 5714 5715 5716
f  5713 5714 5718 5717
f  5715 5714 5718 5719
f  5716 5715 5719 5720
f  5716 5713 5717 5720
f  5717 5718 5719 5720
v -6.25872E+01  1.41560E+02  9.98004E+01
v -3.71564E+01  1.41560E+02  9.98004E+01
v -3.71564E+01  1.41560E+02  8.33004E+01
v -6.25872E+01  1.41560E+02  8.33004E+01
v -6.25872E+01  1.28608E+02  9.98004E+01
v -3.71564E+01  1.28608E+02  9.98004E+01
v -3.71564E+01  1.28608E+02  8.33004E+01
v -6.25872E+01  1.28608E+02  8.33004E+01
g vc_ws_6762
s 0
f  5721 5722 5723 5724
f  5721 5722 5726 5725
f  5723 5722 5726 5727
f  5724 5723 5727 5728
f  5724 5721 5725 5728
f  5725 5726 5727 5728
v  1.24900E+02  2.24562E+01 -1.12546E+03
v  1.37400E+02  2.24562E+01 -1.12546E+03
v  1.37400E+02  2.24562E+01 -1.13873E+03
v  1.24900E+02  2.24562E+01 -1.13873E+03
v  1.24900E+02 -4.06287E+00 -1.12546E+03
v  1.37400E+02 -4.06287E+00 -1.12546E+03
v  1.37400E+02 -4.06287E+00 -1.13873E+03
v  1.24900E+02 -4.06287E+00 -1.13873E+03
g vc_ws_6766
s 0
f  5729 5730 5731 5732
f  5729 5730 5734 5733
f  5731 5730 5734 5735
f  5732 5731 5735 5736
f  5732 5729 5733 5736
f  5733 5734 5735 5736
v  1.01588E+02  2.24562E+01 -1.12546E+03
v  1.14088E+02  2.24562E+01 -1.12546E+03
v  1.14088E+02  2.24562E+01 -1.13873E+03
v  1.01588E+02  2.24562E+01 -1.13873E+03
v  1.01588E+02 -4.06287E+00 -1.12546E+03
v  1.14088E+02 -4.06287E+00 -1.12546E+03
v  1.14088E+02 -4.06287E+00 -1.13873E+03
v  1.01588E+02 -4.06287E+00 -1.13873E+03
g vc_ws_6768
s 0
f  5737 5738 5739 5740
f  5737 5738 5742 5741
f  5739 5738 5742 5743
f  5740 5739 5743 5744
f  5740 5737 5741 5744
f  5741 5742 5743 5744
v  7.80876E+01  2.33784E+01 -1.12546E+03
v  9.05876E+01  2.33784E+01 -1.12546E+03
v  9.05876E+01  2.33784E+01 -1.13873E+03
v  7.80876E+01  2.33784E+01 -1.13873E+03
v  7.80876E+01 -4.06287E+00 -1.12546E+03
v  9.05876E+01 -4.06287E+00 -1.12546E+03
v  9.05876E+01 -4.06287E+00 -1.13873E+03
v  7.80876E+01 -4.06287E+00 -1.13873E+03
g vc_ws_6770
s 0
f  5745 5746 5747 5748
f  5745 5746 5750 5749
f  5747 5746 5750 5751
f  5748 5747 5751 5752
f  5748 5745 5749 5752
f  5749 5750 5751 5752
v  3.25835E+00  8.66798E+01 -1.37173E+02
v  1.56562E+01  8.66798E+01 -1.37173E+02
v  1.56562E+01  8.66798E+01 -1.69673E+02
v  3.25835E+00  8.66798E+01 -1.69673E+02
v  3.25835E+00  4.81747E+01 -1.37173E+02
v  1.56562E+01  4.81747E+01 -1.37173E+02
v  1.56562E+01  4.81747E+01 -1.69673E+02
v  3.25835E+00  4.81747E+01 -1.69673E+02
g vc_ws_6773
s 0
f  5753 5754 5755 5756
f  5753 5754 5758 5757
f  5755 5754 5758 5759
f  5756 5755 5759 5760
f  5756 5753 5757 5760
f  5757 5758 5759 5760
v -3.52806E+02  1.20529E+02 -3.00355E+02
v -3.32306E+02  1.20529E+02 -3.00355E+02
v -3.32306E+02  1.20529E+02 -3.15855E+02
v -3.52806E+02  1.20529E+02 -3.15855E+02
v -3.52806E+02  1.04434E+02 -3.00355E+02
v -3.32306E+02  1.04434E+02 -3.00355E+02
v -3.32306E+02  1.04434E+02 -3.15855E+02
v -3.52806E+02  1.04434E+02 -3.15855E+02
g vc_ws_6776
s 0
f  5761 5762 5763 5764
f  5761 5762 5766 5765
f  5763 5762 5766 5767
f  5764 5763 5767 5768
f  5764 5761 5765 5768
f  5765 5766 5767 5768
v  2.27400E+02  1.64105E+01 -1.09661E+03
v  2.37400E+02  1.64105E+01 -1.09661E+03
v  2.37400E+02  1.64105E+01 -1.11270E+03
v  2.27400E+02  1.64105E+01 -1.11270E+03
v  2.27400E+02 -4.06287E+00 -1.09661E+03
v  2.37400E+02 -4.06287E+00 -1.09661E+03
v  2.37400E+02 -4.06287E+00 -1.11270E+03
v  2.27400E+02 -4.06287E+00 -1.11270E+03
g vc_ws_6778
s 0
f  5769 5770 5771 5772
f  5769 5770 5774 5773
f  5771 5770 5774 5775
f  5772 5771 5775 5776
f  5772 5769 5773 5776
f  5773 5774 5775 5776
v -3.32306E+02  1.20555E+02 -3.29855E+02
v -3.13024E+02  1.20555E+02 -3.29855E+02
v -3.13024E+02  1.20555E+02 -3.45355E+02
v -3.32306E+02  1.20555E+02 -3.45355E+02
v -3.32306E+02  9.91490E+01 -3.29855E+02
v -3.13024E+02  9.91490E+01 -3.29855E+02
v -3.13024E+02  9.91490E+01 -3.45355E+02
v -3.32306E+02  9.91490E+01 -3.45355E+02
g vc_ws_6780
s 0
f  5777 5778 5779 5780
f  5777 5778 5782 5781
f  5779 5778 5782 5783
f  5780 5779 5783 5784
f  5780 5777 5781 5784
f  5781 5782 5783 5784
v -3.14985E+02  1.17093E+02 -4.39970E+02
v -2.94485E+02  1.17093E+02 -4.39970E+02
v -2.94485E+02  1.17093E+02 -4.55470E+02
v -3.14985E+02  1.17093E+02 -4.55470E+02
v -3.14985E+02  1.07698E+02 -4.39970E+02
v -2.94485E+02  1.07698E+02 -4.39970E+02
v -2.94485E+02  1.07698E+02 -4.55470E+02
v -3.14985E+02  1.07698E+02 -4.55470E+02
g vc_ws_6782
s 0
f  5785 5786 5787 5788
f  5785 5786 5790 5789
f  5787 5786 5790 5791
f  5788 5787 5791 5792
f  5788 5785 5789 5792
f  5789 5790 5791 5792
v -3.52806E+02  1.20511E+02 -3.29855E+02
v -3.32306E+02  1.20511E+02 -3.29855E+02
v -3.32306E+02  1.20511E+02 -3.45355E+02
v -3.52806E+02  1.20511E+02 -3.45355E+02
v -3.52806E+02  1.07985E+02 -3.29855E+02
v -3.32306E+02  1.07985E+02 -3.29855E+02
v -3.32306E+02  1.07985E+02 -3.45355E+02
v -3.52806E+02  1.07985E+02 -3.45355E+02
g vc_ws_6784
s 0
f  5793 5794 5795 5796
f  5793 5794 5798 5797
f  5795 5794 5798 5799
f  5796 5795 5799 5800
f  5796 5793 5797 5800
f  5797 5798 5799 5800
v  1.25810E+02  2.24562E+01 -1.11296E+03
v  1.38310E+02  2.24562E+01 -1.11296E+03
v  1.38310E+02  2.24562E+01 -1.12546E+03
v  1.25810E+02  2.24562E+01 -1.12546E+03
v  1.25810E+02 -4.06287E+00 -1.11296E+03
v  1.38310E+02 -4.06287E+00 -1.11296E+03
v  1.38310E+02 -4.06287E+00 -1.12546E+03
v  1.25810E+02 -4.06287E+00 -1.12546E+03
g vc_ws_6788
s 0
f  5801 5802 5803 5804
f  5801 5802 5806 5805
f  5803 5802 5806 5807
f  5804 5803 5807 5808
f  5804 5801 5805 5808
f  5805 5806 5807 5808
v -6.98834E+02  2.19389E+02 -1.60778E+02
v -6.81334E+02  2.19389E+02 -1.60778E+02
v -6.81334E+02  2.19389E+02 -1.78278E+02
v -6.98834E+02  2.19389E+02 -1.78278E+02
v -6.98834E+02  1.92134E+02 -1.60778E+02
v -6.81334E+02  1.92134E+02 -1.60778E+02
v -6.81334E+02  1.92134E+02 -1.78278E+02
v -6.98834E+02  1.92134E+02 -1.78278E+02
g vc_ws_6793
s 0
f  5809 5810 5811 5812
f  5809 5810 5814 5813
f  5811 5810 5814 5815
f  5812 5811 5815 5816
f  5812 5809 5813 5816
f  5813 5814 5815 5816
v -2.94485E+02  1.17136E+02 -4.39970E+02
v -2.75930E+02  1.17136E+02 -4.39970E+02
v -2.75930E+02  1.17136E+02 -4.55470E+02
v -2.94485E+02  1.17136E+02 -4.55470E+02
v -2.94485E+02  9.92123E+01 -4.39970E+02
v -2.75930E+02  9.92123E+01 -4.39970E+02
v -2.75930E+02  9.92123E+01 -4.55470E+02
v -2.94485E+02  9.92123E+01 -4.55470E+02
g vc_ws_6796
s 0
f  5817 5818 5819 5820
f  5817 5818 5822 5821
f  5819 5818 5822 5823
f  5820 5819 5823 5824
f  5820 5817 5821 5824
f  5821 5822 5823 5824
v -2.06901E+01  2.90454E+01 -1.10127E+03
v -6.69012E+00  2.90454E+01 -1.10127E+03
v -6.69012E+00  2.90454E+01 -1.11227E+03
v -2.06901E+01  2.90454E+01 -1.11227E+03
v -2.06901E+01 -4.06287E+00 -1.10127E+03
v -6.69012E+00 -4.06287E+00 -1.10127E+03
v -6.69012E+00 -4.06287E+00 -1.11227E+03
v -2.06901E+01 -4.06287E+00 -1.11227E+03
g vc_ws_6798
s 0
f  5825 5826 5827 5828
f  5825 5826 5830 5829
f  5827 5826 5830 5831
f  5828 5827 5831 5832
f  5828 5825 5829 5832
f  5829 5830 5831 5832
v  3.96667E+02  1.51212E+02  2.48540E+02
v  4.12667E+02  1.51212E+02  2.48540E+02
v  4.12667E+02  1.51212E+02  2.32040E+02
v  3.96667E+02  1.51212E+02  2.32040E+02
v  3.96667E+02  9.07942E+01  2.48540E+02
v  4.12667E+02  9.07942E+01  2.48540E+02
v  4.12667E+02  9.07942E+01  2.32040E+02
v  3.96667E+02  9.07942E+01  2.32040E+02
g vc_ws_6806
s 0
f  5833 5834 5835 5836
f  5833 5834 5838 5837
f  5835 5834 5838 5839
f  5836 5835 5839 5840
f  5836 5833 5837 5840
f  5837 5838 5839 5840
v -3.32306E+02  1.20565E+02 -3.15855E+02
v -3.13024E+02  1.20565E+02 -3.15855E+02
v -3.13024E+02  1.20565E+02 -3.29855E+02
v -3.32306E+02  1.20565E+02 -3.29855E+02
v -3.32306E+02  9.72298E+01 -3.15855E+02
v -3.13024E+02  9.72298E+01 -3.15855E+02
v -3.13024E+02  9.72298E+01 -3.29855E+02
v -3.32306E+02  9.72298E+01 -3.29855E+02
g vc_ws_6814
s 0
f  5841 5842 5843 5844
f  5841 5842 5846 5845
f  5843 5842 5846 5847
f  5844 5843 5847 5848
f  5844 5841 5845 5848
f  5845 5846 5847 5848
v  3.96667E+02  1.51212E+02  2.32040E+02
v  4.12667E+02  1.51212E+02  2.32040E+02
v  4.12667E+02  1.51212E+02  2.16040E+02
v  3.96667E+02  1.51212E+02  2.16040E+02
v  3.96667E+02  9.07942E+01  2.32040E+02
v  4.12667E+02  9.07942E+01  2.32040E+02
v  4.12667E+02  9.07942E+01  2.16040E+02
v  3.96667E+02  9.07942E+01  2.16040E+02
g vc_ws_6816
s 0
f  5849 5850 5851 5852
f  5849 5850 5854 5853
f  5851 5850 5854 5855
f  5852 5851 5855 5856
f  5852 5849 5853 5856
f  5853 5854 5855 5856
v  3.51607E+02  1.51412E+02  2.48540E+02
v  3.67107E+02  1.51412E+02  2.48540E+02
v  3.67107E+02  1.51412E+02  2.32040E+02
v  3.51607E+02  1.51412E+02  2.32040E+02
v  3.51607E+02  9.17693E+01  2.48540E+02
v  3.67107E+02  9.17693E+01  2.48540E+02
v  3.67107E+02  9.17693E+01  2.32040E+02
v  3.51607E+02  9.17693E+01  2.32040E+02
g vc_ws_6820
s 0
f  5857 5858 5859 5860
f  5857 5858 5862 5861
f  5859 5858 5862 5863
f  5860 5859 5863 5864
f  5860 5857 5861 5864
f  5861 5862 5863 5864
v -6.98834E+02  2.19389E+02 -1.28278E+02
v -6.81334E+02  2.19389E+02 -1.28278E+02
v -6.81334E+02  2.19389E+02 -1.44778E+02
v -6.98834E+02  2.19389E+02 -1.44778E+02
v -6.98834E+02  1.92134E+02 -1.28278E+02
v -6.81334E+02  1.92134E+02 -1.28278E+02
v -6.81334E+02  1.92134E+02 -1.44778E+02
v -6.98834E+02  1.92134E+02 -1.44778E+02
g vc_ws_6821
s 0
f  5865 5866 5867 5868
f  5865 5866 5870 5869
f  5867 5866 5870 5871
f  5868 5867 5871 5872
f  5868 5865 5869 5872
f  5869 5870 5871 5872
v -6.98834E+02  1.92134E+02 -1.28278E+02
v -6.81334E+02  1.92134E+02 -1.28278E+02
v -6.81334E+02  1.92134E+02 -1.44778E+02
v -6.98834E+02  1.92134E+02 -1.44778E+02
v -6.98834E+02  1.06403E+02 -1.28278E+02
v -6.81334E+02  1.06403E+02 -1.28278E+02
v -6.81334E+02  1.06403E+02 -1.44778E+02
v -6.98834E+02  1.06403E+02 -1.44778E+02
g vc_ws_6822
s 0
f  5873 5874 5875 5876
f  5873 5874 5878 5877
f  5875 5874 5878 5879
f  5876 5875 5879 5880
f  5876 5873 5877 5880
f  5877 5878 5879 5880
v  9.05876E+01  2.24562E+01 -1.12546E+03
v  1.01588E+02  2.24562E+01 -1.12546E+03
v  1.01588E+02  2.24562E+01 -1.13873E+03
v  9.05876E+01  2.24562E+01 -1.13873E+03
v  9.05876E+01 -4.06287E+00 -1.12546E+03
v  1.01588E+02 -4.06287E+00 -1.12546E+03
v  1.01588E+02 -4.06287E+00 -1.13873E+03
v  9.05876E+01 -4.06287E+00 -1.13873E+03
g vc_ws_6824
s 0
f  5881 5882 5883 5884
f  5881 5882 5886 5885
f  5883 5882 5886 5887
f  5884 5883 5887 5888
f  5884 5881 5885 5888
f  5885 5886 5887 5888
v  1.37400E+02  2.06130E+01 -1.12546E+03
v  1.48400E+02  2.06130E+01 -1.12546E+03
v  1.48400E+02  2.06130E+01 -1.13873E+03
v  1.37400E+02  2.06130E+01 -1.13873E+03
v  1.37400E+02 -4.06287E+00 -1.12546E+03
v  1.48400E+02 -4.06287E+00 -1.12546E+03
v  1.48400E+02 -4.06287E+00 -1.13873E+03
v  1.37400E+02 -4.06287E+00 -1.13873E+03
g vc_ws_6826
s 0
f  5889 5890 5891 5892
f  5889 5890 5894 5893
f  5891 5890 5894 5895
f  5892 5891 5895 5896
f  5892 5889 5893 5896
f  5893 5894 5895 5896
v -3.33692E+02  1.22236E+02 -3.57970E+02
v -3.14985E+02  1.22236E+02 -3.57970E+02
v -3.14985E+02  1.22236E+02 -3.72470E+02
v -3.33692E+02  1.22236E+02 -3.72470E+02
v -3.33692E+02  9.91490E+01 -3.57970E+02
v -3.14985E+02  9.91490E+01 -3.57970E+02
v -3.14985E+02  9.91490E+01 -3.72470E+02
v -3.33692E+02  9.91490E+01 -3.72470E+02
g vc_ws_6828
s 0
f  5897 5898 5899 5900
f  5897 5898 5902 5901
f  5899 5898 5902 5903
f  5900 5899 5903 5904
f  5900 5897 5901 5904
f  5901 5902 5903 5904
v -3.52806E+02  1.20531E+02 -2.86572E+02
v -3.32306E+02  1.20531E+02 -2.86572E+02
v -3.32306E+02  1.20531E+02 -3.00355E+02
v -3.52806E+02  1.20531E+02 -3.00355E+02
v -3.52806E+02  1.04001E+02 -2.86572E+02
v -3.32306E+02  1.04001E+02 -2.86572E+02
v -3.32306E+02  1.04001E+02 -3.00355E+02
v -3.52806E+02  1.04001E+02 -3.00355E+02
g vc_ws_6830
s 0
f  5905 5906 5907 5908
f  5905 5906 5910 5909
f  5907 5906 5910 5911
f  5908 5907 5911 5912
f  5908 5905 5909 5912
f  5909 5910 5911 5912
v -6.81334E+02  2.19389E+02 -1.60778E+02
v -6.64985E+02  2.19389E+02 -1.60778E+02
v -6.64985E+02  2.19389E+02 -1.78278E+02
v -6.81334E+02  2.19389E+02 -1.78278E+02
v -6.81334E+02  1.88448E+02 -1.60778E+02
v -6.64985E+02  1.88448E+02 -1.60778E+02
v -6.64985E+02  1.88448E+02 -1.78278E+02
v -6.81334E+02  1.88448E+02 -1.78278E+02
g vc_ws_6839
s 0
f  5913 5914 5915 5916
f  5913 5914 5918 5917
f  5915 5914 5918 5919
f  5916 5915 5919 5920
f  5916 5913 5917 5920
f  5917 5918 5919 5920
v -6.81334E+02  1.88448E+02 -1.60778E+02
v -6.64985E+02  1.88448E+02 -1.60778E+02
v -6.64985E+02  1.88448E+02 -1.78278E+02
v -6.81334E+02  1.88448E+02 -1.78278E+02
v -6.81334E+02  1.06403E+02 -1.60778E+02
v -6.64985E+02  1.06403E+02 -1.60778E+02
v -6.64985E+02  1.06403E+02 -1.78278E+02
v -6.81334E+02  1.06403E+02 -1.78278E+02
g vc_ws_6840
s 0
f  5921 5922 5923 5924
f  5921 5922 5926 5925
f  5923 5922 5926 5927
f  5924 5923 5927 5928
f  5924 5921 5925 5928
f  5925 5926 5927 5928
v -6.98449E+02  2.19389E+02 -9.85025E+01
v -6.77949E+02  2.19389E+02 -9.85025E+01
v -6.77949E+02  2.19389E+02 -1.13003E+02
v -6.98449E+02  2.19389E+02 -1.13003E+02
v -6.98449E+02  1.93766E+02 -9.85025E+01
v -6.77949E+02  1.93766E+02 -9.85025E+01
v -6.77949E+02  1.93766E+02 -1.13003E+02
v -6.98449E+02  1.93766E+02 -1.13003E+02
g vc_ws_6841
s 0
f  5929 5930 5931 5932
f  5929 5930 5934 5933
f  5931 5930 5934 5935
f  5932 5931 5935 5936
f  5932 5929 5933 5936
f  5933 5934 5935 5936
v -6.98449E+02  1.93766E+02 -9.85025E+01
v -6.77949E+02  1.93766E+02 -9.85025E+01
v -6.77949E+02  1.93766E+02 -1.13003E+02
v -6.98449E+02  1.93766E+02 -1.13003E+02
v -6.98449E+02  1.10660E+02 -9.85025E+01
v -6.77949E+02  1.10660E+02 -9.85025E+01
v -6.77949E+02  1.10660E+02 -1.13003E+02
v -6.98449E+02  1.10660E+02 -1.13003E+02
g vc_ws_6842
s 0
f  5937 5938 5939 5940
f  5937 5938 5942 5941
f  5939 5938 5942 5943
f  5940 5939 5943 5944
f  5940 5937 5941 5944
f  5941 5942 5943 5944
v -7.47868E+02  2.19389E+02 -2.45307E+02
v -7.21868E+02  2.19389E+02 -2.45307E+02
v -7.21868E+02  2.19389E+02 -2.56307E+02
v -7.47868E+02  2.19389E+02 -2.56307E+02
v -7.47868E+02  1.79643E+02 -2.45307E+02
v -7.21868E+02  1.79643E+02 -2.45307E+02
v -7.21868E+02  1.79643E+02 -2.56307E+02
v -7.47868E+02  1.79643E+02 -2.56307E+02
g vc_ws_6843
s 0
f  5945 5946 5947 5948
f  5945 5946 5950 5949
f  5947 5946 5950 5951
f  5948 5947 5951 5952
f  5948 5945 5949 5952
f  5949 5950 5951 5952
v -7.47868E+02  1.79643E+02 -2.45307E+02
v -7.21868E+02  1.79643E+02 -2.45307E+02
v -7.21868E+02  1.79643E+02 -2.56307E+02
v -7.47868E+02  1.79643E+02 -2.56307E+02
v -7.47868E+02  1.06403E+02 -2.45307E+02
v -7.21868E+02  1.06403E+02 -2.45307E+02
v -7.21868E+02  1.06403E+02 -2.56307E+02
v -7.47868E+02  1.06403E+02 -2.56307E+02
g vc_ws_6844
s 0
f  5953 5954 5955 5956
f  5953 5954 5958 5957
f  5955 5954 5958 5959
f  5956 5955 5959 5960
f  5956 5953 5957 5960
f  5957 5958 5959 5960
v -2.94485E+02  1.15856E+02 -3.85470E+02
v -2.75930E+02  1.15856E+02 -3.85470E+02
v -2.75930E+02  1.15856E+02 -3.99970E+02
v -2.94485E+02  1.15856E+02 -3.99970E+02
v -2.94485E+02  9.38671E+01 -3.85470E+02
v -2.75930E+02  9.38671E+01 -3.85470E+02
v -2.75930E+02  9.38671E+01 -3.99970E+02
v -2.94485E+02  9.38671E+01 -3.99970E+02
g vc_ws_6845
s 0
f  5961 5962 5963 5964
f  5961 5962 5966 5965
f  5963 5962 5966 5967
f  5964 5963 5967 5968
f  5964 5961 5965 5968
f  5965 5966 5967 5968
v -2.94485E+02  1.15856E+02 -3.57970E+02
v -2.75930E+02  1.15856E+02 -3.57970E+02
v -2.75930E+02  1.15856E+02 -3.72470E+02
v -2.94485E+02  1.15856E+02 -3.72470E+02
v -2.94485E+02  9.38671E+01 -3.57970E+02
v -2.75930E+02  9.38671E+01 -3.57970E+02
v -2.75930E+02  9.38671E+01 -3.72470E+02
v -2.94485E+02  9.38671E+01 -3.72470E+02
g vc_ws_6847
s 0
f  5969 5970 5971 5972
f  5969 5970 5974 5973
f  5971 5970 5974 5975
f  5972 5971 5975 5976
f  5972 5969 5973 5976
f  5973 5974 5975 5976
v -9.12617E+01  2.96231E+01 -8.78771E+02
v -7.97617E+01  2.96231E+01 -8.78771E+02
v -7.97617E+01  2.96231E+01 -8.91271E+02
v -9.12617E+01  2.96231E+01 -8.91271E+02
v -9.12617E+01 -4.06287E+00 -8.78771E+02
v -7.97617E+01 -4.06287E+00 -8.78771E+02
v -7.97617E+01 -4.06287E+00 -8.91271E+02
v -9.12617E+01 -4.06287E+00 -8.91271E+02
g vc_ws_6850
s 0
f  5977 5978 5979 5980
f  5977 5978 5982 5981
f  5979 5978 5982 5983
f  5980 5979 5983 5984
f  5980 5977 5981 5984
f  5981 5982 5983 5984
v  1.49310E+02  2.06130E+01 -1.11296E+03
v  1.60810E+02  2.06130E+01 -1.11296E+03
v  1.60810E+02  2.06130E+01 -1.12546E+03
v  1.49310E+02  2.06130E+01 -1.12546E+03
v  1.49310E+02 -4.06287E+00 -1.11296E+03
v  1.60810E+02 -4.06287E+00 -1.11296E+03
v  1.60810E+02 -4.06287E+00 -1.12546E+03
v  1.49310E+02 -4.06287E+00 -1.12546E+03
g vc_ws_6852
s 0
f  5985 5986 5987 5988
f  5985 5986 5990 5989
f  5987 5986 5990 5991
f  5988 5987 5991 5992
f  5988 5985 5989 5992
f  5989 5990 5991 5992
v  1.14088E+02  2.24562E+01 -1.12546E+03
v  1.24900E+02  2.24562E+01 -1.12546E+03
v  1.24900E+02  2.24562E+01 -1.13873E+03
v  1.14088E+02  2.24562E+01 -1.13873E+03
v  1.14088E+02 -4.06287E+00 -1.12546E+03
v  1.24900E+02 -4.06287E+00 -1.12546E+03
v  1.24900E+02 -4.06287E+00 -1.13873E+03
v  1.14088E+02 -4.06287E+00 -1.13873E+03
g vc_ws_6854
s 0
f  5993 5994 5995 5996
f  5993 5994 5998 5997
f  5995 5994 5998 5999
f  5996 5995 5999 6000
f  5996 5993 5997 6000
f  5997 5998 5999 6000
v -6.96336E+02  2.19389E+02  2.07462E+01
v -6.81836E+02  2.19389E+02  2.07462E+01
v -6.81836E+02  2.19389E+02 -2.08489E+00
v -6.96336E+02  2.19389E+02 -2.08489E+00
v -6.96336E+02  1.85258E+02  2.07462E+01
v -6.81836E+02  1.85258E+02  2.07462E+01
v -6.81836E+02  1.85258E+02 -2.08489E+00
v -6.96336E+02  1.85258E+02 -2.08489E+00
g vc_ws_6855
s 0
f  6001 6002 6003 6004
f  6001 6002 6006 6005
f  6003 6002 6006 6007
f  6004 6003 6007 6008
f  6004 6001 6005 6008
f  6005 6006 6007 6008
v -6.96336E+02  1.85258E+02  2.07462E+01
v -6.81836E+02  1.85258E+02  2.07462E+01
v -6.81836E+02  1.85258E+02 -2.08489E+00
v -6.96336E+02  1.85258E+02 -2.08489E+00
v -6.96336E+02  1.22631E+02  2.07462E+01
v -6.81836E+02  1.22631E+02  2.07462E+01
v -6.81836E+02  1.22631E+02 -2.08489E+00
v -6.96336E+02  1.22631E+02 -2.08489E+00
g vc_ws_6856
s 0
f  6009 6010 6011 6012
f  6009 6010 6014 6013
f  6011 6010 6014 6015
f  6012 6011 6015 6016
f  6012 6009 6013 6016
f  6013 6014 6015 6016
v -3.93020E+02  1.47916E+02 -2.53927E+02
v -3.72520E+02  1.47916E+02 -2.53927E+02
v -3.72520E+02  1.47916E+02 -2.67427E+02
v -3.93020E+02  1.47916E+02 -2.67427E+02
v -3.93020E+02  1.04149E+02 -2.53927E+02
v -3.72520E+02  1.04149E+02 -2.53927E+02
v -3.72520E+02  1.04149E+02 -2.67427E+02
v -3.93020E+02  1.04149E+02 -2.67427E+02
g vc_ws_6860
s 0
f  6017 6018 6019 6020
f  6017 6018 6022 6021
f  6019 6018 6022 6023
f  6020 6019 6023 6024
f  6020 6017 6021 6024
f  6021 6022 6023 6024
v  1.51460E+01  7.02163E+01 -2.25581E+02
v  3.41460E+01  7.02163E+01 -2.25581E+02
v  3.41460E+01  7.02163E+01 -2.48081E+02
v  1.51460E+01  7.02163E+01 -2.48081E+02
v  1.51460E+01  4.76745E+01 -2.25581E+02
v  3.41460E+01  4.76745E+01 -2.25581E+02
v  3.41460E+01  4.76745E+01 -2.48081E+02
v  1.51460E+01  4.76745E+01 -2.48081E+02
g vc_ws_6861
s 0
f  6025 6026 6027 6028
f  6025 6026 6030 6029
f  6027 6026 6030 6031
f  6028 6027 6031 6032
f  6028 6025 6029 6032
f  6029 6030 6031 6032
v -6.86390E+02  2.19389E+02 -4.79819E+01
v -6.70890E+02  2.19389E+02 -4.79819E+01
v -6.70890E+02  2.19389E+02 -6.56015E+01
v -6.86390E+02  2.19389E+02 -6.56015E+01
v -6.86390E+02  1.89631E+02 -4.79819E+01
v -6.70890E+02  1.89631E+02 -4.79819E+01
v -6.70890E+02  1.89631E+02 -6.56015E+01
v -6.86390E+02  1.89631E+02 -6.56015E+01
g vc_ws_6863
s 0
f  6033 6034 6035 6036
f  6033 6034 6038 6037
f  6035 6034 6038 6039
f  6036 6035 6039 6040
f  6036 6033 6037 6040
f  6037 6038 6039 6040
v -6.98834E+02  2.19389E+02 -1.44778E+02
v -6.81334E+02  2.19389E+02 -1.44778E+02
v -6.81334E+02  2.19389E+02 -1.60778E+02
v -6.98834E+02  2.19389E+02 -1.60778E+02
v -6.98834E+02  1.92134E+02 -1.44778E+02
v -6.81334E+02  1.92134E+02 -1.44778E+02
v -6.81334E+02  1.92134E+02 -1.60778E+02
v -6.98834E+02  1.92134E+02 -1.60778E+02
g vc_ws_6865
s 0
f  6041 6042 6043 6044
f  6041 6042 6046 6045
f  6043 6042 6046 6047
f  6044 6043 6047 6048
f  6044 6041 6045 6048
f  6045 6046 6047 6048
v -6.77949E+02  2.19389E+02 -9.85025E+01
v -6.58172E+02  2.19389E+02 -9.85025E+01
v -6.58172E+02  2.19389E+02 -1.13003E+02
v -6.77949E+02  2.19389E+02 -1.13003E+02
v -6.77949E+02  1.89055E+02 -9.85025E+01
v -6.58172E+02  1.89055E+02 -9.85025E+01
v -6.58172E+02  1.89055E+02 -1.13003E+02
v -6.77949E+02  1.89055E+02 -1.13003E+02
g vc_ws_6873
s 0
f  6049 6050 6051 6052
f  6049 6050 6054 6053
f  6051 6050 6054 6055
f  6052 6051 6055 6056
f  6052 6049 6053 6056
f  6053 6054 6055 6056
v  1.38310E+02  2.06130E+01 -1.11296E+03
v  1.49310E+02  2.06130E+01 -1.11296E+03
v  1.49310E+02  2.06130E+01 -1.12546E+03
v  1.38310E+02  2.06130E+01 -1.12546E+03
v  1.38310E+02 -4.06287E+00 -1.11296E+03
v  1.49310E+02 -4.06287E+00 -1.11296E+03
v  1.49310E+02 -4.06287E+00 -1.12546E+03
v  1.38310E+02 -4.06287E+00 -1.12546E+03
g vc_ws_6876
s 0
f  6057 6058 6059 6060
f  6057 6058 6062 6061
f  6059 6058 6062 6063
f  6060 6059 6063 6064
f  6060 6057 6061 6064
f  6061 6062 6063 6064
v -7.97617E+01  2.96231E+01 -8.78771E+02
v -6.87617E+01  2.96231E+01 -8.78771E+02
v -6.87617E+01  2.96231E+01 -8.91271E+02
v -7.97617E+01  2.96231E+01 -8.91271E+02
v -7.97617E+01 -4.06287E+00 -8.78771E+02
v -6.87617E+01 -4.06287E+00 -8.78771E+02
v -6.87617E+01 -4.06287E+00 -8.91271E+02
v -7.97617E+01 -4.06287E+00 -8.91271E+02
g vc_ws_6878
s 0
f  6065 6066 6067 6068
f  6065 6066 6070 6069
f  6067 6066 6070 6071
f  6068 6067 6071 6072
f  6068 6065 6069 6072
f  6069 6070 6071 6072
v -7.65432E+02  1.40784E+02 -3.59800E+02
v -7.51290E+02  1.40784E+02 -3.59800E+02
v -7.51290E+02  1.40784E+02 -3.88122E+02
v -7.65432E+02  1.40784E+02 -3.88122E+02
v -7.65432E+02  1.06403E+02 -3.59800E+02
v -7.51290E+02  1.06403E+02 -3.59800E+02
v -7.51290E+02  1.06403E+02 -3.88122E+02
v -7.65432E+02  1.06403E+02 -3.88122E+02
g vc_ws_6881
s 0
f  6073 6074 6075 6076
f  6073 6074 6078 6077
f  6075 6074 6078 6079
f  6076 6075 6079 6080
f  6076 6073 6077 6080
f  6077 6078 6079 6080
v -7.82790E+02  1.75166E+02 -3.59800E+02
v -7.51290E+02  1.75166E+02 -3.59800E+02
v -7.51290E+02  1.75166E+02 -3.88122E+02
v -7.82790E+02  1.75166E+02 -3.88122E+02
v -7.82790E+02  1.57975E+02 -3.59800E+02
v -7.51290E+02  1.57975E+02 -3.59800E+02
v -7.51290E+02  1.57975E+02 -3.88122E+02
v -7.82790E+02  1.57975E+02 -3.88122E+02
g vc_ws_6883
s 0
f  6081 6082 6083 6084
f  6081 6082 6086 6085
f  6083 6082 6086 6087
f  6084 6083 6087 6088
f  6084 6081 6085 6088
f  6085 6086 6087 6088
v -7.68694E+02  2.19389E+02 -5.66185E+02
v -7.55194E+02  2.19389E+02 -5.66185E+02
v -7.55194E+02  2.19389E+02 -5.86234E+02
v -7.68694E+02  2.19389E+02 -5.86234E+02
v -7.68694E+02  1.79341E+02 -5.66185E+02
v -7.55194E+02  1.79341E+02 -5.66185E+02
v -7.55194E+02  1.79341E+02 -5.86234E+02
v -7.68694E+02  1.79341E+02 -5.86234E+02
g vc_ws_6887
s 0
f  6089 6090 6091 6092
f  6089 6090 6094 6093
f  6091 6090 6094 6095
f  6092 6091 6095 6096
f  6092 6089 6093 6096
f  6093 6094 6095 6096
v -7.42194E+02  1.62228E+02 -6.07734E+02
v -7.28694E+02  1.62228E+02 -6.07734E+02
v -7.28694E+02  1.62228E+02 -6.27734E+02
v -7.42194E+02  1.62228E+02 -6.27734E+02
v -7.42194E+02  1.06403E+02 -6.07734E+02
v -7.28694E+02  1.06403E+02 -6.07734E+02
v -7.28694E+02  1.06403E+02 -6.27734E+02
v -7.42194E+02  1.06403E+02 -6.27734E+02
g vc_ws_6890
s 0
f  6097 6098 6099 6100
f  6097 6098 6102 6101
f  6099 6098 6102 6103
f  6100 6099 6103 6104
f  6100 6097 6101 6104
f  6101 6102 6103 6104
v -6.81334E+02  2.19389E+02 -1.28278E+02
v -6.64985E+02  2.19389E+02 -1.28278E+02
v -6.64985E+02  2.19389E+02 -1.44778E+02
v -6.81334E+02  2.19389E+02 -1.44778E+02
v -6.81334E+02  1.88448E+02 -1.28278E+02
v -6.64985E+02  1.88448E+02 -1.28278E+02
v -6.64985E+02  1.88448E+02 -1.44778E+02
v -6.81334E+02  1.88448E+02 -1.44778E+02
g vc_ws_6893
s 0
f  6105 6106 6107 6108
f  6105 6106 6110 6109
f  6107 6106 6110 6111
f  6108 6107 6111 6112
f  6108 6105 6109 6112
f  6109 6110 6111 6112
v  1.51460E+01  7.53953E+01 -2.05441E+02
v  3.41460E+01  7.53953E+01 -2.05441E+02
v  3.41460E+01  7.53953E+01 -2.25581E+02
v  1.51460E+01  7.53953E+01 -2.25581E+02
v  1.51460E+01  5.59683E+01 -2.05441E+02
v  3.41460E+01  5.59683E+01 -2.05441E+02
v  3.41460E+01  5.59683E+01 -2.25581E+02
v  1.51460E+01  5.59683E+01 -2.25581E+02
g vc_ws_6895
s 0
f  6113 6114 6115 6116
f  6113 6114 6118 6117
f  6115 6114 6118 6119
f  6116 6115 6119 6120
f  6116 6113 6117 6120
f  6117 6118 6119 6120
v -6.98834E+02  2.19389E+02 -1.13003E+02
v -6.81334E+02  2.19389E+02 -1.13003E+02
v -6.81334E+02  2.19389E+02 -1.28278E+02
v -6.98834E+02  2.19389E+02 -1.28278E+02
v -6.98834E+02  1.93787E+02 -1.13003E+02
v -6.81334E+02  1.93787E+02 -1.13003E+02
v -6.81334E+02  1.93787E+02 -1.28278E+02
v -6.98834E+02  1.93787E+02 -1.28278E+02
g vc_ws_6897
s 0
f  6121 6122 6123 6124
f  6121 6122 6126 6125
f  6123 6122 6126 6127
f  6124 6123 6127 6128
f  6124 6121 6125 6128
f  6125 6126 6127 6128
v -6.98834E+02  1.93787E+02 -1.13003E+02
v -6.81334E+02  1.93787E+02 -1.13003E+02
v -6.81334E+02  1.93787E+02 -1.28278E+02
v -6.98834E+02  1.93787E+02 -1.28278E+02
v -6.98834E+02  1.06403E+02 -1.13003E+02
v -6.81334E+02  1.06403E+02 -1.13003E+02
v -6.81334E+02  1.06403E+02 -1.28278E+02
v -6.98834E+02  1.06403E+02 -1.28278E+02
g vc_ws_6898
s 0
f  6129 6130 6131 6132
f  6129 6130 6134 6133
f  6131 6130 6134 6135
f  6132 6131 6135 6136
f  6132 6129 6133 6136
f  6133 6134 6135 6136
v  3.22936E+02  1.52087E+02  2.83813E+02
v  3.48436E+02  1.52087E+02  2.83813E+02
v  3.48436E+02  1.52087E+02  2.64313E+02
v  3.22936E+02  1.52087E+02  2.64313E+02
v  3.22936E+02  1.21928E+02  2.83813E+02
v  3.48436E+02  1.21928E+02  2.83813E+02
v  3.48436E+02  1.21928E+02  2.64313E+02
v  3.22936E+02  1.21928E+02  2.64313E+02
g vc_ws_6901
s 0
f  6137 6138 6139 6140
f  6137 6138 6142 6141
f  6139 6138 6142 6143
f  6140 6139 6143 6144
f  6140 6137 6141 6144
f  6141 6142 6143 6144
v -6.98449E+02  2.19389E+02 -8.51015E+01
v -6.77949E+02  2.19389E+02 -8.51015E+01
v -6.77949E+02  2.19389E+02 -9.85025E+01
v -6.98449E+02  2.19389E+02 -9.85025E+01
v -6.98449E+02  1.93766E+02 -8.51015E+01
v -6.77949E+02  1.93766E+02 -8.51015E+01
v -6.77949E+02  1.93766E+02 -9.85025E+01
v -6.98449E+02  1.93766E+02 -9.85025E+01
g vc_ws_6903
s 0
f  6145 6146 6147 6148
f  6145 6146 6150 6149
f  6147 6146 6150 6151
f  6148 6147 6151 6152
f  6148 6145 6149 6152
f  6149 6150 6151 6152
v -6.98449E+02  1.93766E+02 -8.51015E+01
v -6.77949E+02  1.93766E+02 -8.51015E+01
v -6.77949E+02  1.93766E+02 -9.85025E+01
v -6.98449E+02  1.93766E+02 -9.85025E+01
v -6.98449E+02  1.10660E+02 -8.51015E+01
v -6.77949E+02  1.10660E+02 -8.51015E+01
v -6.77949E+02  1.10660E+02 -9.85025E+01
v -6.98449E+02  1.10660E+02 -9.85025E+01
g vc_ws_6904
s 0
f  6153 6154 6155 6156
f  6153 6154 6158 6157
f  6155 6154 6158 6159
f  6156 6155 6159 6160
f  6156 6153 6157 6160
f  6157 6158 6159 6160
v -3.14985E+02  1.15325E+02 -4.26970E+02
v -2.94485E+02  1.15325E+02 -4.26970E+02
v -2.94485E+02  1.15325E+02 -4.39970E+02
v -3.14985E+02  1.15325E+02 -4.39970E+02
v -3.14985E+02  1.07698E+02 -4.26970E+02
v -2.94485E+02  1.07698E+02 -4.26970E+02
v -2.94485E+02  1.07698E+02 -4.39970E+02
v -3.14985E+02  1.07698E+02 -4.39970E+02
g vc_ws_6906
s 0
f  6161 6162 6163 6164
f  6161 6162 6166 6165
f  6163 6162 6166 6167
f  6164 6163 6167 6168
f  6164 6161 6165 6168
f  6165 6166 6167 6168
v -6.81334E+02  2.19389E+02 -1.44778E+02
v -6.64985E+02  2.19389E+02 -1.44778E+02
v -6.64985E+02  2.19389E+02 -1.60778E+02
v -6.81334E+02  2.19389E+02 -1.60778E+02
v -6.81334E+02  1.88448E+02 -1.44778E+02
v -6.64985E+02  1.88448E+02 -1.44778E+02
v -6.64985E+02  1.88448E+02 -1.60778E+02
v -6.81334E+02  1.88448E+02 -1.60778E+02
g vc_ws_6909
s 0
f  6169 6170 6171 6172
f  6169 6170 6174 6173
f  6171 6170 6174 6175
f  6172 6171 6175 6176
f  6172 6169 6173 6176
f  6173 6174 6175 6176
v -4.68115E+02  2.19389E+02  8.47654E+01
v -4.56615E+02  2.19389E+02  8.47654E+01
v -4.56615E+02  2.19389E+02  7.32654E+01
v -4.68115E+02  2.19389E+02  7.32654E+01
v -4.68115E+02  1.31802E+02  8.47654E+01
v -4.56615E+02  1.31802E+02  8.47654E+01
v -4.56615E+02  1.31802E+02  7.32654E+01
v -4.68115E+02  1.31802E+02  7.32654E+01
g vc_ws_6911
s 0
f  6177 6178 6179 6180
f  6177 6178 6182 6181
f  6179 6178 6182 6183
f  6180 6179 6183 6184
f  6180 6177 6181 6184
f  6181 6182 6183 6184
v -9.12617E+01  2.85465E+01 -9.02385E+02
v -7.97617E+01  2.85465E+01 -9.02385E+02
v -7.97617E+01  2.85465E+01 -9.13885E+02
v -9.12617E+01  2.85465E+01 -9.13885E+02
v -9.12617E+01 -4.06287E+00 -9.02385E+02
v -7.97617E+01 -4.06287E+00 -9.02385E+02
v -7.97617E+01 -4.06287E+00 -9.13885E+02
v -9.12617E+01 -4.06287E+00 -9.13885E+02
g vc_ws_6914
s 0
f  6185 6186 6187 6188
f  6185 6186 6190 6189
f  6187 6186 6190 6191
f  6188 6187 6191 6192
f  6188 6185 6189 6192
f  6189 6190 6191 6192
v -5.09564E+02  1.36813E+02  8.61943E+01
v -4.93064E+02  1.36813E+02  8.61943E+01
v -4.93064E+02  1.36813E+02  7.26943E+01
v -5.09564E+02  1.36813E+02  7.26943E+01
v -5.09564E+02  8.92446E+01  8.61943E+01
v -4.93064E+02  8.92446E+01  8.61943E+01
v -4.93064E+02  8.92446E+01  7.26943E+01
v -5.09564E+02  8.92446E+01  7.26943E+01
g vc_ws_6922
s 0
f  6193 6194 6195 6196
f  6193 6194 6198 6197
f  6195 6194 6198 6199
f  6196 6195 6199 6200
f  6196 6193 6197 6200
f  6197 6198 6199 6200
v  1.60810E+02  2.06130E+01 -1.11296E+03
v  1.71176E+02  2.06130E+01 -1.11296E+03
v  1.71176E+02  2.06130E+01 -1.12546E+03
v  1.60810E+02  2.06130E+01 -1.12546E+03
v  1.60810E+02 -4.06287E+00 -1.11296E+03
v  1.71176E+02 -4.06287E+00 -1.11296E+03
v  1.71176E+02 -4.06287E+00 -1.12546E+03
v  1.60810E+02 -4.06287E+00 -1.12546E+03
g vc_ws_6924
s 0
f  6201 6202 6203 6204
f  6201 6202 6206 6205
f  6203 6202 6206 6207
f  6204 6203 6207 6208
f  6204 6201 6205 6208
f  6205 6206 6207 6208
v -2.94485E+02  1.15884E+02 -4.26970E+02
v -2.75930E+02  1.15884E+02 -4.26970E+02
v -2.75930E+02  1.15884E+02 -4.39970E+02
v -2.94485E+02  1.15884E+02 -4.39970E+02
v -2.94485E+02  9.97299E+01 -4.26970E+02
v -2.75930E+02  9.97299E+01 -4.26970E+02
v -2.75930E+02  9.97299E+01 -4.39970E+02
v -2.94485E+02  9.97299E+01 -4.39970E+02
g vc_ws_6925
s 0
f  6209 6210 6211 6212
f  6209 6210 6214 6213
f  6211 6210 6214 6215
f  6212 6211 6215 6216
f  6212 6209 6213 6216
f  6213 6214 6215 6216
v -2.94485E+02  1.15856E+02 -3.72470E+02
v -2.75930E+02  1.15856E+02 -3.72470E+02
v -2.75930E+02  1.15856E+02 -3.85470E+02
v -2.94485E+02  1.15856E+02 -3.85470E+02
v -2.94485E+02  9.38671E+01 -3.72470E+02
v -2.75930E+02  9.38671E+01 -3.72470E+02
v -2.75930E+02  9.38671E+01 -3.85470E+02
v -2.94485E+02  9.38671E+01 -3.85470E+02
g vc_ws_6927
s 0
f  6217 6218 6219 6220
f  6217 6218 6222 6221
f  6219 6218 6222 6223
f  6220 6219 6223 6224
f  6220 6217 6221 6224
f  6221 6222 6223 6224
v -4.68115E+02  2.19389E+02  9.60214E+01
v -4.56615E+02  2.19389E+02  9.60214E+01
v -4.56615E+02  2.19389E+02  8.47654E+01
v -4.68115E+02  2.19389E+02  8.47654E+01
v -4.68115E+02  1.31802E+02  9.60214E+01
v -4.56615E+02  1.31802E+02  9.60214E+01
v -4.56615E+02  1.31802E+02  8.47654E+01
v -4.68115E+02  1.31802E+02  8.47654E+01
g vc_ws_6929
s 0
f  6225 6226 6227 6228
f  6225 6226 6230 6229
f  6227 6226 6230 6231
f  6228 6227 6231 6232
f  6228 6225 6229 6232
f  6229 6230 6231 6232
v -7.51290E+02  1.63803E+02 -3.72622E+02
v -7.34790E+02  1.63803E+02 -3.72622E+02
v -7.34790E+02  1.63803E+02 -3.88122E+02
v -7.51290E+02  1.63803E+02 -3.88122E+02
v -7.51290E+02  1.06403E+02 -3.72622E+02
v -7.34790E+02  1.06403E+02 -3.72622E+02
v -7.34790E+02  1.06403E+02 -3.88122E+02
v -7.51290E+02  1.06403E+02 -3.88122E+02
g vc_ws_6932
s 0
f  6233 6234 6235 6236
f  6233 6234 6238 6237
f  6235 6234 6238 6239
f  6236 6235 6239 6240
f  6236 6233 6237 6240
f  6237 6238 6239 6240
v -6.77949E+02  2.19389E+02 -8.51015E+01
v -6.58172E+02  2.19389E+02 -8.51015E+01
v -6.58172E+02  2.19389E+02 -9.85025E+01
v -6.77949E+02  2.19389E+02 -9.85025E+01
v -6.77949E+02  1.89055E+02 -8.51015E+01
v -6.58172E+02  1.89055E+02 -8.51015E+01
v -6.58172E+02  1.89055E+02 -9.85025E+01
v -6.77949E+02  1.89055E+02 -9.85025E+01
g vc_ws_6933
s 0
f  6241 6242 6243 6244
f  6241 6242 6246 6245
f  6243 6242 6246 6247
f  6244 6243 6247 6248
f  6244 6241 6245 6248
f  6245 6246 6247 6248
v -4.35396E+00  7.53953E+01 -1.86941E+02
v  1.51460E+01  7.53953E+01 -1.86941E+02
v  1.51460E+01  7.53953E+01 -2.05441E+02
v -4.35396E+00  7.53953E+01 -2.05441E+02
v -4.35396E+00  4.82311E+01 -1.86941E+02
v  1.51460E+01  4.82311E+01 -1.86941E+02
v  1.51460E+01  4.82311E+01 -2.05441E+02
v -4.35396E+00  4.82311E+01 -2.05441E+02
g vc_ws_6935
s 0
f  6249 6250 6251 6252
f  6249 6250 6254 6253
f  6251 6250 6254 6255
f  6252 6251 6255 6256
f  6252 6249 6253 6256
f  6253 6254 6255 6256
v  3.99422E+02  1.40420E+02  1.67006E+02
v  4.17922E+02  1.40420E+02  1.67006E+02
v  4.17922E+02  1.40420E+02  1.55506E+02
v  3.99422E+02  1.40420E+02  1.55506E+02
v  3.99422E+02  8.49639E+01  1.67006E+02
v  4.17922E+02  8.49639E+01  1.67006E+02
v  4.17922E+02  8.49639E+01  1.55506E+02
v  3.99422E+02  8.49639E+01  1.55506E+02
g vc_ws_6938
s 0
f  6257 6258 6259 6260
f  6257 6258 6262 6261
f  6259 6258 6262 6263
f  6260 6259 6263 6264
f  6260 6257 6261 6264
f  6261 6262 6263 6264
v -9.12617E+01  2.96231E+01 -8.91271E+02
v -7.97617E+01  2.96231E+01 -8.91271E+02
v -7.97617E+01  2.96231E+01 -9.02385E+02
v -9.12617E+01  2.96231E+01 -9.02385E+02
v -9.12617E+01 -4.06287E+00 -8.91271E+02
v -7.97617E+01 -4.06287E+00 -8.91271E+02
v -7.97617E+01 -4.06287E+00 -9.02385E+02
v -9.12617E+01 -4.06287E+00 -9.02385E+02
g vc_ws_6940
s 0
f  6265 6266 6267 6268
f  6265 6266 6270 6269
f  6267 6266 6270 6271
f  6268 6267 6271 6272
f  6268 6265 6269 6272
f  6269 6270 6271 6272
v -7.13194E+02  1.85145E+02  2.07462E+01
v -6.96336E+02  1.85145E+02  2.07462E+01
v -6.96336E+02  1.85145E+02 -2.08489E+00
v -7.13194E+02  1.85145E+02 -2.08489E+00
v -7.13194E+02  1.45293E+02  2.07462E+01
v -6.96336E+02  1.45293E+02  2.07462E+01
v -6.96336E+02  1.45293E+02 -2.08489E+00
v -7.13194E+02  1.45293E+02 -2.08489E+00
g vc_ws_6942
s 0
f  6273 6274 6275 6276
f  6273 6274 6278 6277
f  6275 6274 6278 6279
f  6276 6275 6279 6280
f  6276 6273 6277 6280
f  6277 6278 6279 6280
v -3.33692E+02  1.20555E+02 -3.45355E+02
v -3.14985E+02  1.20555E+02 -3.45355E+02
v -3.14985E+02  1.20555E+02 -3.57970E+02
v -3.33692E+02  1.20555E+02 -3.57970E+02
v -3.33692E+02  9.91490E+01 -3.45355E+02
v -3.14985E+02  9.91490E+01 -3.45355E+02
v -3.14985E+02  9.91490E+01 -3.57970E+02
v -3.33692E+02  9.91490E+01 -3.57970E+02
g vc_ws_6944
s 0
f  6281 6282 6283 6284
f  6281 6282 6286 6285
f  6283 6282 6286 6287
f  6284 6283 6287 6288
f  6284 6281 6285 6288
f  6285 6286 6287 6288
v -4.56615E+02  2.19389E+02  8.47654E+01
v -4.45615E+02  2.19389E+02  8.47654E+01
v -4.45615E+02  2.19389E+02  7.32654E+01
v -4.56615E+02  2.19389E+02  7.32654E+01
v -4.56615E+02  1.31802E+02  8.47654E+01
v -4.45615E+02  1.31802E+02  8.47654E+01
v -4.45615E+02  1.31802E+02  7.32654E+01
v -4.56615E+02  1.31802E+02  7.32654E+01
g vc_ws_6945
s 0
f  6289 6290 6291 6292
f  6289 6290 6294 6293
f  6291 6290 6294 6295
f  6292 6291 6295 6296
f  6292 6289 6293 6296
f  6293 6294 6295 6296
v -7.97617E+01  2.87628E+01 -9.02385E+02
v -6.87617E+01  2.87628E+01 -9.02385E+02
v -6.87617E+01  2.87628E+01 -9.13885E+02
v -7.97617E+01  2.87628E+01 -9.13885E+02
v -7.97617E+01 -4.06287E+00 -9.02385E+02
v -6.87617E+01 -4.06287E+00 -9.02385E+02
v -6.87617E+01 -4.06287E+00 -9.13885E+02
v -7.97617E+01 -4.06287E+00 -9.13885E+02
g vc_ws_6948
s 0
f  6297 6298 6299 6300
f  6297 6298 6302 6301
f  6299 6298 6302 6303
f  6300 6299 6303 6304
f  6300 6297 6301 6304
f  6301 6302 6303 6304
v  3.48436E+02  1.52087E+02  2.83813E+02
v  3.72436E+02  1.52087E+02  2.83813E+02
v  3.72436E+02  1.52087E+02  2.64313E+02
v  3.48436E+02  1.52087E+02  2.64313E+02
v  3.48436E+02  1.21928E+02  2.83813E+02
v  3.72436E+02  1.21928E+02  2.83813E+02
v  3.72436E+02  1.21928E+02  2.64313E+02
v  3.48436E+02  1.21928E+02  2.64313E+02
g vc_ws_6949
s 0
f  6305 6306 6307 6308
f  6305 6306 6310 6309
f  6307 6306 6310 6311
f  6308 6307 6311 6312
f  6308 6305 6309 6312
f  6309 6310 6311 6312
v -6.81334E+02  2.19389E+02 -1.13003E+02
v -6.64985E+02  2.19389E+02 -1.13003E+02
v -6.64985E+02  2.19389E+02 -1.28278E+02
v -6.81334E+02  2.19389E+02 -1.28278E+02
v -6.81334E+02  1.89077E+02 -1.13003E+02
v -6.64985E+02  1.89077E+02 -1.13003E+02
v -6.64985E+02  1.89077E+02 -1.28278E+02
v -6.81334E+02  1.89077E+02 -1.28278E+02
g vc_ws_6951
s 0
f  6313 6314 6315 6316
f  6313 6314 6318 6317
f  6315 6314 6318 6319
f  6316 6315 6319 6320
f  6316 6313 6317 6320
f  6317 6318 6319 6320
v -7.28694E+02  1.62228E+02 -5.66185E+02
v -7.16245E+02  1.62228E+02 -5.66185E+02
v -7.16245E+02  1.62228E+02 -5.86234E+02
v -7.28694E+02  1.62228E+02 -5.86234E+02
v -7.28694E+02  1.06403E+02 -5.66185E+02
v -7.16245E+02  1.06403E+02 -5.66185E+02
v -7.16245E+02  1.06403E+02 -5.86234E+02
v -7.28694E+02  1.06403E+02 -5.86234E+02
g vc_ws_6954
s 0
f  6321 6322 6323 6324
f  6321 6322 6326 6325
f  6323 6322 6326 6327
f  6324 6323 6327 6328
f  6324 6321 6325 6328
f  6325 6326 6327 6328
v -7.82790E+02  2.19389E+02 -4.01122E+02
v -7.66290E+02  2.19389E+02 -4.01122E+02
v -7.66290E+02  2.19389E+02 -4.16622E+02
v -7.82790E+02  2.19389E+02 -4.16622E+02
v -7.82790E+02  1.78019E+02 -4.01122E+02
v -7.66290E+02  1.78019E+02 -4.01122E+02
v -7.66290E+02  1.78019E+02 -4.16622E+02
v -7.82790E+02  1.78019E+02 -4.16622E+02
g vc_ws_6959
s 0
f  6329 6330 6331 6332
f  6329 6330 6334 6333
f  6331 6330 6334 6335
f  6332 6331 6335 6336
f  6332 6329 6333 6336
f  6333 6334 6335 6336
v  1.51460E+01  7.53953E+01 -1.86941E+02
v  3.41460E+01  7.53953E+01 -1.86941E+02
v  3.41460E+01  7.53953E+01 -2.05441E+02
v  1.51460E+01  7.53953E+01 -2.05441E+02
v  1.51460E+01  6.06627E+01 -1.86941E+02
v  3.41460E+01  6.06627E+01 -1.86941E+02
v  3.41460E+01  6.06627E+01 -2.05441E+02
v  1.51460E+01  6.06627E+01 -2.05441E+02
g vc_ws_6963
s 0
f  6337 6338 6339 6340
f  6337 6338 6342 6341
f  6339 6338 6342 6343
f  6340 6339 6343 6344
f  6340 6337 6341 6344
f  6341 6342 6343 6344
v -2.94485E+02  1.14632E+02 -3.45355E+02
v -2.75930E+02  1.14632E+02 -3.45355E+02
v -2.75930E+02  1.14632E+02 -3.57970E+02
v -2.94485E+02  1.14632E+02 -3.57970E+02
v -2.94485E+02  9.76486E+01 -3.45355E+02
v -2.75930E+02  9.76486E+01 -3.45355E+02
v -2.75930E+02  9.76486E+01 -3.57970E+02
v -2.94485E+02  9.76486E+01 -3.57970E+02
g vc_ws_6967
s 0
f  6345 6346 6347 6348
f  6345 6346 6350 6349
f  6347 6346 6350 6351
f  6348 6347 6351 6352
f  6348 6345 6349 6352
f  6349 6350 6351 6352
v -4.56615E+02  2.19389E+02  9.60214E+01
v -4.45615E+02  2.19389E+02  9.60214E+01
v -4.45615E+02  2.19389E+02  8.47654E+01
v -4.56615E+02  2.19389E+02  8.47654E+01
v -4.56615E+02  1.31802E+02  9.60214E+01
v -4.45615E+02  1.31802E+02  9.60214E+01
v -4.45615E+02  1.31802E+02  8.47654E+01
v -4.56615E+02  1.31802E+02  8.47654E+01
g vc_ws_6969
s 0
f  6353 6354 6355 6356
f  6353 6354 6358 6357
f  6355 6354 6358 6359
f  6356 6355 6359 6360
f  6356 6353 6357 6360
f  6357 6358 6359 6360
v -7.97617E+01  2.96231E+01 -8.91271E+02
v -6.87617E+01  2.96231E+01 -8.91271E+02
v -6.87617E+01  2.96231E+01 -9.02385E+02
v -7.97617E+01  2.96231E+01 -9.02385E+02
v -7.97617E+01 -4.06287E+00 -8.91271E+02
v -6.87617E+01 -4.06287E+00 -8.91271E+02
v -6.87617E+01 -4.06287E+00 -9.02385E+02
v -7.97617E+01 -4.06287E+00 -9.02385E+02
g vc_ws_6974
s 0
f  6361 6362 6363 6364
f  6361 6362 6366 6365
f  6363 6362 6366 6367
f  6364 6363 6367 6368
f  6364 6361 6365 6368
f  6365 6366 6367 6368
v -3.72520E+02  1.47916E+02 -2.67427E+02
v -3.52806E+02  1.47916E+02 -2.67427E+02
v -3.52806E+02  1.47916E+02 -2.79427E+02
v -3.72520E+02  1.47916E+02 -2.79427E+02
v -3.72520E+02  1.04001E+02 -2.67427E+02
v -3.52806E+02  1.04001E+02 -2.67427E+02
v -3.52806E+02  1.04001E+02 -2.79427E+02
v -3.72520E+02  1.04001E+02 -2.79427E+02
g vc_ws_6976
s 0
f  6369 6370 6371 6372
f  6369 6370 6374 6373
f  6371 6370 6374 6375
f  6372 6371 6375 6376
f  6372 6369 6373 6376
f  6373 6374 6375 6376
v  3.99422E+02  1.40409E+02  1.78006E+02
v  4.17922E+02  1.40409E+02  1.78006E+02
v  4.17922E+02  1.40409E+02  1.67006E+02
v  3.99422E+02  1.40409E+02  1.67006E+02
v  3.99422E+02  8.71398E+01  1.78006E+02
v  4.17922E+02  8.71398E+01  1.78006E+02
v  4.17922E+02  8.71398E+01  1.67006E+02
v  3.99422E+02  8.71398E+01  1.67006E+02
g vc_ws_6982
s 0
f  6377 6378 6379 6380
f  6377 6378 6382 6381
f  6379 6378 6382 6383
f  6380 6379 6383 6384
f  6380 6377 6381 6384
f  6381 6382 6383 6384
v -4.35396E+00  7.53953E+01 -1.69673E+02
v  1.51460E+01  7.53953E+01 -1.69673E+02
v  1.51460E+01  7.53953E+01 -1.86941E+02
v -4.35396E+00  7.53953E+01 -1.86941E+02
v -4.35396E+00  4.82311E+01 -1.69673E+02
v  1.51460E+01  4.82311E+01 -1.69673E+02
v  1.51460E+01  4.82311E+01 -1.86941E+02
v -4.35396E+00  4.82311E+01 -1.86941E+02
g vc_ws_6983
s 0
f  6385 6386 6387 6388
f  6385 6386 6390 6389
f  6387 6386 6390 6391
f  6388 6387 6391 6392
f  6388 6385 6389 6392
f  6389 6390 6391 6392
v -7.66290E+02  2.19389E+02 -4.01122E+02
v -7.51290E+02  2.19389E+02 -4.01122E+02
v -7.51290E+02  2.19389E+02 -4.16622E+02
v -7.66290E+02  2.19389E+02 -4.16622E+02
v -7.66290E+02  1.78038E+02 -4.01122E+02
v -7.51290E+02  1.78038E+02 -4.01122E+02
v -7.51290E+02  1.78038E+02 -4.16622E+02
v -7.66290E+02  1.78038E+02 -4.16622E+02
g vc_ws_6987
s 0
f  6393 6394 6395 6396
f  6393 6394 6398 6397
f  6395 6394 6398 6399
f  6396 6395 6399 6400
f  6396 6393 6397 6400
f  6397 6398 6399 6400
v -3.72520E+02  1.54424E+02 -2.43187E+02
v -3.52806E+02  1.54424E+02 -2.43187E+02
v -3.52806E+02  1.54424E+02 -2.67427E+02
v -3.72520E+02  1.54424E+02 -2.67427E+02
v -3.72520E+02  1.27016E+02 -2.43187E+02
v -3.52806E+02  1.27016E+02 -2.43187E+02
v -3.52806E+02  1.27016E+02 -2.67427E+02
v -3.72520E+02  1.27016E+02 -2.67427E+02
g vc_ws_6989
s 0
f  6401 6402 6403 6404
f  6401 6402 6406 6405
f  6403 6402 6406 6407
f  6404 6403 6407 6408
f  6404 6401 6405 6408
f  6405 6406 6407 6408
v  1.51460E+01  7.53953E+01 -1.69673E+02
v  3.41460E+01  7.53953E+01 -1.69673E+02
v  3.41460E+01  7.53953E+01 -1.86941E+02
v  1.51460E+01  7.53953E+01 -1.86941E+02
v  1.51460E+01  6.06627E+01 -1.69673E+02
v  3.41460E+01  6.06627E+01 -1.69673E+02
v  3.41460E+01  6.06627E+01 -1.86941E+02
v  1.51460E+01  6.06627E+01 -1.86941E+02
g vc_ws_6991
s 0
f  6409 6410 6411 6412
f  6409 6410 6414 6413
f  6411 6410 6414 6415
f  6412 6411 6415 6416
f  6412 6409 6413 6416
f  6413 6414 6415 6416
v -6.70890E+02  2.19389E+02 -4.79819E+01
v -6.58172E+02  2.19389E+02 -4.79819E+01
v -6.58172E+02  2.19389E+02 -6.56015E+01
v -6.70890E+02  2.19389E+02 -6.56015E+01
v -6.70890E+02  1.89092E+02 -4.79819E+01
v -6.58172E+02  1.89092E+02 -4.79819E+01
v -6.58172E+02  1.89092E+02 -6.56015E+01
v -6.70890E+02  1.89092E+02 -6.56015E+01
g vc_ws_6993
s 0
f  6417 6418 6419 6420
f  6417 6418 6422 6421
f  6419 6418 6422 6423
f  6420 6419 6423 6424
f  6420 6417 6421 6424
f  6421 6422 6423 6424
v  3.99422E+02  1.40409E+02  1.88506E+02
v  4.17922E+02  1.40409E+02  1.88506E+02
v  4.17922E+02  1.40409E+02  1.78006E+02
v  3.99422E+02  1.40409E+02  1.78006E+02
v  3.99422E+02  8.71398E+01  1.88506E+02
v  4.17922E+02  8.71398E+01  1.88506E+02
v  4.17922E+02  8.71398E+01  1.78006E+02
v  3.99422E+02  8.71398E+01  1.78006E+02
g vc_ws_7004
s 0
f  6425 6426 6427 6428
f  6425 6426 6430 6429
f  6427 6426 6430 6431
f  6428 6427 6431 6432
f  6428 6425 6429 6432
f  6429 6430 6431 6432
v  4.17922E+02  1.40420E+02  1.67006E+02
v  4.34466E+02  1.40420E+02  1.67006E+02
v  4.34466E+02  1.40420E+02  1.55506E+02
v  4.17922E+02  1.40420E+02  1.55506E+02
v  4.17922E+02  8.49639E+01  1.67006E+02
v  4.34466E+02  8.49639E+01  1.67006E+02
v  4.34466E+02  8.49639E+01  1.55506E+02
v  4.17922E+02  8.49639E+01  1.55506E+02
g vc_ws_7006
s 0
f  6433 6434 6435 6436
f  6433 6434 6438 6437
f  6435 6434 6438 6439
f  6436 6435 6439 6440
f  6436 6433 6437 6440
f  6437 6438 6439 6440
v -6.97745E+02  1.50797E+02 -6.36734E+02
v -6.81052E+02  1.50797E+02 -6.36734E+02
v -6.81052E+02  1.50797E+02 -6.50234E+02
v -6.97745E+02  1.50797E+02 -6.50234E+02
v -6.97745E+02  1.06403E+02 -6.36734E+02
v -6.81052E+02  1.06403E+02 -6.36734E+02
v -6.81052E+02  1.06403E+02 -6.50234E+02
v -6.97745E+02  1.06403E+02 -6.50234E+02
g vc_ws_7008
s 0
f  6441 6442 6443 6444
f  6441 6442 6446 6445
f  6443 6442 6446 6447
f  6444 6443 6447 6448
f  6444 6441 6445 6448
f  6445 6446 6447 6448
v -9.71505E+01  1.09217E+02 -6.06195E+01
v -8.06505E+01  1.09217E+02 -6.06195E+01
v -8.06505E+01  1.09217E+02 -7.41195E+01
v -9.71505E+01  1.09217E+02 -7.41195E+01
v -9.71505E+01  6.93737E+01 -6.06195E+01
v -8.06505E+01  6.93737E+01 -6.06195E+01
v -8.06505E+01  6.93737E+01 -7.41195E+01
v -9.71505E+01  6.93737E+01 -7.41195E+01
g vc_ws_7009
s 0
f  6449 6450 6451 6452
f  6449 6450 6454 6453
f  6451 6450 6454 6455
f  6452 6451 6455 6456
f  6452 6449 6453 6456
f  6453 6454 6455 6456
v  6.24147E+01  1.38748E+02  1.56831E+02
v  8.09147E+01  1.38748E+02  1.56831E+02
v  8.09147E+01  1.38748E+02  1.43331E+02
v  6.24147E+01  1.38748E+02  1.43331E+02
v  6.24147E+01  1.19651E+02  1.56831E+02
v  8.09147E+01  1.19651E+02  1.56831E+02
v  8.09147E+01  1.19651E+02  1.43331E+02
v  6.24147E+01  1.19651E+02  1.43331E+02
g vc_ws_7014
s 0
f  6457 6458 6459 6460
f  6457 6458 6462 6461
f  6459 6458 6462 6463
f  6460 6459 6463 6464
f  6460 6457 6461 6464
f  6461 6462 6463 6464
v  3.99422E+02  1.40409E+02  1.98540E+02
v  4.17922E+02  1.40409E+02  1.98540E+02
v  4.17922E+02  1.40409E+02  1.88506E+02
v  3.99422E+02  1.40409E+02  1.88506E+02
v  3.99422E+02  8.71398E+01  1.98540E+02
v  4.17922E+02  8.71398E+01  1.98540E+02
v  4.17922E+02  8.71398E+01  1.88506E+02
v  3.99422E+02  8.71398E+01  1.88506E+02
g vc_ws_7020
s 0
f  6465 6466 6467 6468
f  6465 6466 6470 6469
f  6467 6466 6470 6471
f  6468 6467 6471 6472
f  6468 6465 6469 6472
f  6469 6470 6471 6472
v  1.67566E+02  1.54716E+02  2.10175E+02
v  1.84066E+02  1.54716E+02  2.10175E+02
v  1.84066E+02  1.54716E+02  1.96675E+02
v  1.67566E+02  1.54716E+02  1.96675E+02
v  1.67566E+02  1.09665E+02  2.10175E+02
v  1.84066E+02  1.09665E+02  2.10175E+02
v  1.84066E+02  1.09665E+02  1.96675E+02
v  1.67566E+02  1.09665E+02  1.96675E+02
g vc_ws_7022
s 0
f  6473 6474 6475 6476
f  6473 6474 6478 6477
f  6475 6474 6478 6479
f  6476 6475 6479 6480
f  6476 6473 6477 6480
f  6477 6478 6479 6480
v  4.17922E+02  1.40409E+02  1.78006E+02
v  4.34466E+02  1.40409E+02  1.78006E+02
v  4.34466E+02  1.40409E+02  1.67006E+02
v  4.17922E+02  1.40409E+02  1.67006E+02
v  4.17922E+02  8.71398E+01  1.78006E+02
v  4.34466E+02  8.71398E+01  1.78006E+02
v  4.34466E+02  8.71398E+01  1.67006E+02
v  4.17922E+02  8.71398E+01  1.67006E+02
g vc_ws_7026
s 0
f  6481 6482 6483 6484
f  6481 6482 6486 6485
f  6483 6482 6486 6487
f  6484 6483 6487 6488
f  6484 6481 6485 6488
f  6485 6486 6487 6488
v  1.84066E+02  1.45630E+02  2.10175E+02
v  2.00227E+02  1.45630E+02  2.10175E+02
v  2.00227E+02  1.45630E+02  1.96675E+02
v  1.84066E+02  1.45630E+02  1.96675E+02
v  1.84066E+02  1.09665E+02  2.10175E+02
v  2.00227E+02  1.09665E+02  2.10175E+02
v  2.00227E+02  1.09665E+02  1.96675E+02
v  1.84066E+02  1.09665E+02  1.96675E+02
g vc_ws_7030
s 0
f  6489 6490 6491 6492
f  6489 6490 6494 6493
f  6491 6490 6494 6495
f  6492 6491 6495 6496
f  6492 6489 6493 6496
f  6493 6494 6495 6496
v -7.51290E+02  2.19389E+02 -3.59800E+02
v -7.34790E+02  2.19389E+02 -3.59800E+02
v -7.34790E+02  2.19389E+02 -3.72622E+02
v -7.51290E+02  2.19389E+02 -3.72622E+02
v -7.51290E+02  1.73327E+02 -3.59800E+02
v -7.34790E+02  1.73327E+02 -3.59800E+02
v -7.34790E+02  1.73327E+02 -3.72622E+02
v -7.51290E+02  1.73327E+02 -3.72622E+02
g vc_ws_7031
s 0
f  6497 6498 6499 6500
f  6497 6498 6502 6501
f  6499 6498 6502 6503
f  6500 6499 6503 6504
f  6500 6497 6501 6504
f  6501 6502 6503 6504
v -7.31521E+02  2.19389E+02 -2.83210E+02
v -7.18021E+02  2.19389E+02 -2.83210E+02
v -7.18021E+02  2.19389E+02 -2.98710E+02
v -7.31521E+02  2.19389E+02 -2.98710E+02
v -7.31521E+02  1.76765E+02 -2.83210E+02
v -7.18021E+02  1.76765E+02 -2.83210E+02
v -7.18021E+02  1.76765E+02 -2.98710E+02
v -7.31521E+02  1.76765E+02 -2.98710E+02
g vc_ws_7033
s 0
f  6505 6506 6507 6508
f  6505 6506 6510 6509
f  6507 6506 6510 6511
f  6508 6507 6511 6512
f  6508 6505 6509 6512
f  6509 6510 6511 6512
v -5.09564E+02  1.36796E+02  9.71943E+01
v -4.93064E+02  1.36796E+02  9.71943E+01
v -4.93064E+02  1.36796E+02  8.61943E+01
v -5.09564E+02  1.36796E+02  8.61943E+01
v -5.09564E+02  9.26222E+01  9.71943E+01
v -4.93064E+02  9.26222E+01  9.71943E+01
v -4.93064E+02  9.26222E+01  8.61943E+01
v -5.09564E+02  9.26222E+01  8.61943E+01
g vc_ws_7038
s 0
f  6513 6514 6515 6516
f  6513 6514 6518 6517
f  6515 6514 6518 6519
f  6516 6515 6519 6520
f  6516 6513 6517 6520
f  6517 6518 6519 6520
v -3.66617E+02  1.18104E+02 -5.50685E+02
v -3.54617E+02  1.18104E+02 -5.50685E+02
v -3.54617E+02  1.18104E+02 -5.66185E+02
v -3.66617E+02  1.18104E+02 -5.66185E+02
v -3.66617E+02  5.61492E+01 -5.50685E+02
v -3.54617E+02  5.61492E+01 -5.50685E+02
v -3.54617E+02  5.61492E+01 -5.66185E+02
v -3.66617E+02  5.61492E+01 -5.66185E+02
g vc_ws_7039
s 0
f  6521 6522 6523 6524
f  6521 6522 6526 6525
f  6523 6522 6526 6527
f  6524 6523 6527 6528
f  6524 6521 6525 6528
f  6525 6526 6527 6528
v -1.73564E+02  1.41709E+02 -7.30228E+01
v -1.60064E+02  1.41709E+02 -7.30228E+01
v -1.60064E+02  1.41709E+02 -8.45228E+01
v -1.73564E+02  1.41709E+02 -8.45228E+01
v -1.73564E+02  6.91985E+01 -7.30228E+01
v -1.60064E+02  6.91985E+01 -7.30228E+01
v -1.60064E+02  6.91985E+01 -8.45228E+01
v -1.73564E+02  6.91985E+01 -8.45228E+01
g vc_ws_7041
s 0
f  6529 6530 6531 6532
f  6529 6530 6534 6533
f  6531 6530 6534 6535
f  6532 6531 6535 6536
f  6532 6529 6533 6536
f  6533 6534 6535 6536
v  5.30988E+00  3.62853E+01 -1.15257E+03
v  2.48099E+01  3.62853E+01 -1.15257E+03
v  2.48099E+01  3.62853E+01 -1.18107E+03
v  5.30988E+00  3.62853E+01 -1.18107E+03
v  5.30988E+00  1.90865E+01 -1.15257E+03
v  2.48099E+01  1.90865E+01 -1.15257E+03
v  2.48099E+01  1.90865E+01 -1.18107E+03
v  5.30988E+00  1.90865E+01 -1.18107E+03
g vc_ws_7043
s 0
f  6537 6538 6539 6540
f  6537 6538 6542 6541
f  6539 6538 6542 6543
f  6540 6539 6543 6544
f  6540 6537 6541 6544
f  6541 6542 6543 6544
v  9.86665E+01  1.39627E+02  1.79331E+02
v  1.17167E+02  1.39627E+02  1.79331E+02
v  1.17167E+02  1.39627E+02  1.67831E+02
v  9.86665E+01  1.39627E+02  1.67831E+02
v  9.86665E+01  1.14343E+02  1.79331E+02
v  1.17167E+02  1.14343E+02  1.79331E+02
v  1.17167E+02  1.14343E+02  1.67831E+02
v  9.86665E+01  1.14343E+02  1.67831E+02
g vc_ws_7046
s 0
f  6545 6546 6547 6548
f  6545 6546 6550 6549
f  6547 6546 6550 6551
f  6548 6547 6551 6552
f  6548 6545 6549 6552
f  6549 6550 6551 6552
v -4.93064E+02  1.36796E+02  8.61943E+01
v -4.80064E+02  1.36796E+02  8.61943E+01
v -4.80064E+02  1.36796E+02  7.26943E+01
v -4.93064E+02  1.36796E+02  7.26943E+01
v -4.93064E+02  9.26222E+01  8.61943E+01
v -4.80064E+02  9.26222E+01  8.61943E+01
v -4.80064E+02  9.26222E+01  7.26943E+01
v -4.93064E+02  9.26222E+01  7.26943E+01
g vc_ws_7048
s 0
f  6553 6554 6555 6556
f  6553 6554 6558 6557
f  6555 6554 6558 6559
f  6556 6555 6559 6560
f  6556 6553 6557 6560
f  6557 6558 6559 6560
v -1.60064E+02  1.41709E+02 -7.30228E+01
v -1.46825E+02  1.41709E+02 -7.30228E+01
v -1.46825E+02  1.41709E+02 -8.45228E+01
v -1.60064E+02  1.41709E+02 -8.45228E+01
v -1.60064E+02  6.75857E+01 -7.30228E+01
v -1.46825E+02  6.75857E+01 -7.30228E+01
v -1.46825E+02  6.75857E+01 -8.45228E+01
v -1.60064E+02  6.75857E+01 -8.45228E+01
g vc_ws_7049
s 0
f  6561 6562 6563 6564
f  6561 6562 6566 6565
f  6563 6562 6566 6567
f  6564 6563 6567 6568
f  6564 6561 6565 6568
f  6565 6566 6567 6568
v -6.66505E+01  1.01807E+02 -6.06195E+01
v -5.11505E+01  1.01807E+02 -6.06195E+01
v -5.11505E+01  1.01807E+02 -7.41195E+01
v -6.66505E+01  1.01807E+02 -7.41195E+01
v -6.66505E+01  6.94107E+01 -6.06195E+01
v -5.11505E+01  6.94107E+01 -6.06195E+01
v -5.11505E+01  6.94107E+01 -7.41195E+01
v -6.66505E+01  6.94107E+01 -7.41195E+01
g vc_ws_7051
s 0
f  6569 6570 6571 6572
f  6569 6570 6574 6573
f  6571 6570 6574 6575
f  6572 6571 6575 6576
f  6572 6569 6573 6576
f  6573 6574 6575 6576
v -7.66290E+02  2.19389E+02 -3.88122E+02
v -7.51290E+02  2.19389E+02 -3.88122E+02
v -7.51290E+02  2.19389E+02 -4.01122E+02
v -7.66290E+02  2.19389E+02 -4.01122E+02
v -7.66290E+02  1.75166E+02 -3.88122E+02
v -7.51290E+02  1.75166E+02 -3.88122E+02
v -7.51290E+02  1.75166E+02 -4.01122E+02
v -7.66290E+02  1.75166E+02 -4.01122E+02
g vc_ws_7053
s 0
f  6577 6578 6579 6580
f  6577 6578 6582 6581
f  6579 6578 6582 6583
f  6580 6579 6583 6584
f  6580 6577 6581 6584
f  6581 6582 6583 6584
v -7.31521E+02  2.19389E+02 -2.68807E+02
v -7.18021E+02  2.19389E+02 -2.68807E+02
v -7.18021E+02  2.19389E+02 -2.83210E+02
v -7.31521E+02  2.19389E+02 -2.83210E+02
v -7.31521E+02  1.76765E+02 -2.68807E+02
v -7.18021E+02  1.76765E+02 -2.68807E+02
v -7.18021E+02  1.76765E+02 -2.83210E+02
v -7.31521E+02  1.76765E+02 -2.83210E+02
g vc_ws_7055
s 0
f  6585 6586 6587 6588
f  6585 6586 6590 6589
f  6587 6586 6590 6591
f  6588 6587 6591 6592
f  6588 6585 6589 6592
f  6589 6590 6591 6592
v -7.30868E+02  2.19389E+02 -2.10954E+02
v -7.15368E+02  2.19389E+02 -2.10954E+02
v -7.15368E+02  2.19389E+02 -2.23454E+02
v -7.30868E+02  2.19389E+02 -2.23454E+02
v -7.30868E+02  1.79643E+02 -2.10954E+02
v -7.15368E+02  1.79643E+02 -2.10954E+02
v -7.15368E+02  1.79643E+02 -2.23454E+02
v -7.30868E+02  1.79643E+02 -2.23454E+02
g vc_ws_7057
s 0
f  6593 6594 6595 6596
f  6593 6594 6598 6597
f  6595 6594 6598 6599
f  6596 6595 6599 6600
f  6596 6593 6597 6600
f  6597 6598 6599 6600
v -7.30868E+02  1.79643E+02 -2.10954E+02
v -7.15368E+02  1.79643E+02 -2.10954E+02
v -7.15368E+02  1.79643E+02 -2.23454E+02
v -7.30868E+02  1.79643E+02 -2.23454E+02
v -7.30868E+02  1.06403E+02 -2.10954E+02
v -7.15368E+02  1.06403E+02 -2.10954E+02
v -7.15368E+02  1.06403E+02 -2.23454E+02
v -7.30868E+02  1.06403E+02 -2.23454E+02
g vc_ws_7058
s 0
f  6601 6602 6603 6604
f  6601 6602 6606 6605
f  6603 6602 6606 6607
f  6604 6603 6607 6608
f  6604 6601 6605 6608
f  6605 6606 6607 6608
v  9.86665E+01  1.39627E+02  1.90594E+02
v  1.17167E+02  1.39627E+02  1.90594E+02
v  1.17167E+02  1.39627E+02  1.79331E+02
v  9.86665E+01  1.39627E+02  1.79331E+02
v  9.86665E+01  1.14343E+02  1.90594E+02
v  1.17167E+02  1.14343E+02  1.90594E+02
v  1.17167E+02  1.14343E+02  1.79331E+02
v  9.86665E+01  1.14343E+02  1.79331E+02
g vc_ws_7060
s 0
f  6609 6610 6611 6612
f  6609 6610 6614 6613
f  6611 6610 6614 6615
f  6612 6611 6615 6616
f  6612 6609 6613 6616
f  6613 6614 6615 6616
v  1.67566E+02  1.54716E+02  2.22175E+02
v  1.84066E+02  1.54716E+02  2.22175E+02
v  1.84066E+02  1.54716E+02  2.10175E+02
v  1.67566E+02  1.54716E+02  2.10175E+02
v  1.67566E+02  1.09665E+02  2.22175E+02
v  1.84066E+02  1.09665E+02  2.22175E+02
v  1.84066E+02  1.09665E+02  2.10175E+02
v  1.67566E+02  1.09665E+02  2.10175E+02
g vc_ws_7062
s 0
f  6617 6618 6619 6620
f  6617 6618 6622 6621
f  6619 6618 6622 6623
f  6620 6619 6623 6624
f  6620 6617 6621 6624
f  6621 6622 6623 6624
v -3.34117E+02  1.17241E+02 -5.50685E+02
v -3.14117E+02  1.17241E+02 -5.50685E+02
v -3.14117E+02  1.17241E+02 -5.66185E+02
v -3.34117E+02  1.17241E+02 -5.66185E+02
v -3.34117E+02  8.26266E+01 -5.50685E+02
v -3.14117E+02  8.26266E+01 -5.50685E+02
v -3.14117E+02  8.26266E+01 -5.66185E+02
v -3.34117E+02  8.26266E+01 -5.66185E+02
g vc_ws_7063
s 0
f  6625 6626 6627 6628
f  6625 6626 6630 6629
f  6627 6626 6630 6631
f  6628 6627 6631 6632
f  6628 6625 6629 6632
f  6629 6630 6631 6632
v -3.34117E+02  8.26266E+01 -5.50685E+02
v -3.14117E+02  8.26266E+01 -5.50685E+02
v -3.14117E+02  8.26266E+01 -5.66185E+02
v -3.34117E+02  8.26266E+01 -5.66185E+02
v -3.34117E+02  4.80118E+01 -5.50685E+02
v -3.14117E+02  4.80118E+01 -5.50685E+02
v -3.14117E+02  4.80118E+01 -5.66185E+02
v -3.34117E+02  4.80118E+01 -5.66185E+02
g vc_ws_7064
s 0
f  6633 6634 6635 6636
f  6633 6634 6638 6637
f  6635 6634 6638 6639
f  6636 6635 6639 6640
f  6636 6633 6637 6640
f  6637 6638 6639 6640
v -7.01868E+02  2.19389E+02 -2.06954E+02
v -6.90368E+02  2.19389E+02 -2.06954E+02
v -6.90368E+02  2.19389E+02 -2.23454E+02
v -7.01868E+02  2.19389E+02 -2.23454E+02
v -7.01868E+02  1.77236E+02 -2.06954E+02
v -6.90368E+02  1.77236E+02 -2.06954E+02
v -6.90368E+02  1.77236E+02 -2.23454E+02
v -7.01868E+02  1.77236E+02 -2.23454E+02
g vc_ws_7065
s 0
f  6641 6642 6643 6644
f  6641 6642 6646 6645
f  6643 6642 6646 6647
f  6644 6643 6647 6648
f  6644 6641 6645 6648
f  6645 6646 6647 6648
v -8.06505E+01  1.09217E+02 -6.06195E+01
v -6.66505E+01  1.09217E+02 -6.06195E+01
v -6.66505E+01  1.09217E+02 -7.41195E+01
v -8.06505E+01  1.09217E+02 -7.41195E+01
v -8.06505E+01  6.93737E+01 -6.06195E+01
v -6.66505E+01  6.93737E+01 -6.06195E+01
v -6.66505E+01  6.93737E+01 -7.41195E+01
v -8.06505E+01  6.93737E+01 -7.41195E+01
g vc_ws_7067
s 0
f  6649 6650 6651 6652
f  6649 6650 6654 6653
f  6651 6650 6654 6655
f  6652 6651 6655 6656
f  6652 6649 6653 6656
f  6653 6654 6655 6656
v -1.46825E+02  1.33187E+02 -7.30228E+01
v -1.33325E+02  1.33187E+02 -7.30228E+01
v -1.33325E+02  1.33187E+02 -8.45228E+01
v -1.46825E+02  1.33187E+02 -8.45228E+01
v -1.46825E+02  6.76283E+01 -7.30228E+01
v -1.33325E+02  6.76283E+01 -7.30228E+01
v -1.33325E+02  6.76283E+01 -8.45228E+01
v -1.46825E+02  6.76283E+01 -8.45228E+01
g vc_ws_7069
s 0
f  6657 6658 6659 6660
f  6657 6658 6662 6661
f  6659 6658 6662 6663
f  6660 6659 6663 6664
f  6660 6657 6661 6664
f  6661 6662 6663 6664
v  1.84066E+02  1.27263E+02  2.22175E+02
v  2.00227E+02  1.27263E+02  2.22175E+02
v  2.00227E+02  1.27263E+02  2.10175E+02
v  1.84066E+02  1.27263E+02  2.10175E+02
v  1.84066E+02  1.09665E+02  2.22175E+02
v  2.00227E+02  1.09665E+02  2.22175E+02
v  2.00227E+02  1.09665E+02  2.10175E+02
v  1.84066E+02  1.09665E+02  2.10175E+02
g vc_ws_7072
s 0
f  6665 6666 6667 6668
f  6665 6666 6670 6669
f  6667 6666 6670 6671
f  6668 6667 6671 6672
f  6668 6665 6669 6672
f  6669 6670 6671 6672
v -1.60064E+02  1.41709E+02 -6.20228E+01
v -1.46825E+02  1.41709E+02 -6.20228E+01
v -1.46825E+02  1.41709E+02 -7.30228E+01
v -1.60064E+02  1.41709E+02 -7.30228E+01
v -1.60064E+02  7.00729E+01 -6.20228E+01
v -1.46825E+02  7.00729E+01 -6.20228E+01
v -1.46825E+02  7.00729E+01 -7.30228E+01
v -1.60064E+02  7.00729E+01 -7.30228E+01
g vc_ws_7073
s 0
f  6673 6674 6675 6676
f  6673 6674 6678 6677
f  6675 6674 6678 6679
f  6676 6675 6679 6680
f  6676 6673 6677 6680
f  6677 6678 6679 6680
v  5.30988E+00  3.62853E+01 -1.12577E+03
v  2.48099E+01  3.62853E+01 -1.12577E+03
v  2.48099E+01  3.62853E+01 -1.15257E+03
v  5.30988E+00  3.62853E+01 -1.15257E+03
v  5.30988E+00  1.90865E+01 -1.12577E+03
v  2.48099E+01  1.90865E+01 -1.12577E+03
v  2.48099E+01  1.90865E+01 -1.15257E+03
v  5.30988E+00  1.90865E+01 -1.15257E+03
g vc_ws_7075
s 0
f  6681 6682 6683 6684
f  6681 6682 6686 6685
f  6683 6682 6686 6687
f  6684 6683 6687 6688
f  6684 6681 6685 6688
f  6685 6686 6687 6688
v -7.18021E+02  1.46043E+02 -2.83210E+02
v -7.06021E+02  1.46043E+02 -2.83210E+02
v -7.06021E+02  1.46043E+02 -2.98710E+02
v -7.18021E+02  1.46043E+02 -2.98710E+02
v -7.18021E+02  1.06403E+02 -2.83210E+02
v -7.06021E+02  1.06403E+02 -2.83210E+02
v -7.06021E+02  1.06403E+02 -2.98710E+02
v -7.18021E+02  1.06403E+02 -2.98710E+02
g vc_ws_7078
s 0
f  6689 6690 6691 6692
f  6689 6690 6694 6693
f  6691 6690 6694 6695
f  6692 6691 6695 6696
f  6692 6689 6693 6696
f  6693 6694 6695 6696
v -6.97745E+02  1.50797E+02 -6.25734E+02
v -6.81052E+02  1.50797E+02 -6.25734E+02
v -6.81052E+02  1.50797E+02 -6.36734E+02
v -6.97745E+02  1.50797E+02 -6.36734E+02
v -6.97745E+02  1.06403E+02 -6.25734E+02
v -6.81052E+02  1.06403E+02 -6.25734E+02
v -6.81052E+02  1.06403E+02 -6.36734E+02
v -6.97745E+02  1.06403E+02 -6.36734E+02
g vc_ws_7080
s 0
f  6697 6698 6699 6700
f  6697 6698 6702 6701
f  6699 6698 6702 6703
f  6700 6699 6703 6704
f  6700 6697 6701 6704
f  6701 6702 6703 6704
v  6.24147E+01  1.44458E+02  1.67831E+02
v  8.09147E+01  1.44458E+02  1.67831E+02
v  8.09147E+01  1.44458E+02  1.56831E+02
v  6.24147E+01  1.44458E+02  1.56831E+02
v  6.24147E+01  1.18078E+02  1.67831E+02
v  8.09147E+01  1.18078E+02  1.67831E+02
v  8.09147E+01  1.18078E+02  1.56831E+02
v  6.24147E+01  1.18078E+02  1.56831E+02
g vc_ws_7082
s 0
f  6705 6706 6707 6708
f  6705 6706 6710 6709
f  6707 6706 6710 6711
f  6708 6707 6711 6712
f  6708 6705 6709 6712
f  6709 6710 6711 6712
v -9.71505E+01  1.09217E+02 -4.96195E+01
v -8.06505E+01  1.09217E+02 -4.96195E+01
v -8.06505E+01  1.09217E+02 -6.06195E+01
v -9.71505E+01  1.09217E+02 -6.06195E+01
v -9.71505E+01  6.93737E+01 -4.96195E+01
v -8.06505E+01  6.93737E+01 -4.96195E+01
v -8.06505E+01  6.93737E+01 -6.06195E+01
v -9.71505E+01  6.93737E+01 -6.06195E+01
g vc_ws_7083
s 0
f  6713 6714 6715 6716
f  6713 6714 6718 6717
f  6715 6714 6718 6719
f  6716 6715 6719 6720
f  6716 6713 6717 6720
f  6717 6718 6719 6720
v -6.90368E+02  2.19389E+02 -2.06954E+02
v -6.79368E+02  2.19389E+02 -2.06954E+02
v -6.79368E+02  2.19389E+02 -2.23454E+02
v -6.90368E+02  2.19389E+02 -2.23454E+02
v -6.90368E+02  1.77236E+02 -2.06954E+02
v -6.79368E+02  1.77236E+02 -2.06954E+02
v -6.79368E+02  1.77236E+02 -2.23454E+02
v -6.90368E+02  1.77236E+02 -2.23454E+02
g vc_ws_7085
s 0
f  6721 6722 6723 6724
f  6721 6722 6726 6725
f  6723 6722 6726 6727
f  6724 6723 6727 6728
f  6724 6721 6725 6728
f  6725 6726 6727 6728
v -6.90368E+02  1.77236E+02 -2.06954E+02
v -6.79368E+02  1.77236E+02 -2.06954E+02
v -6.79368E+02  1.77236E+02 -2.23454E+02
v -6.90368E+02  1.77236E+02 -2.23454E+02
v -6.90368E+02  1.06403E+02 -2.06954E+02
v -6.79368E+02  1.06403E+02 -2.06954E+02
v -6.79368E+02  1.06403E+02 -2.23454E+02
v -6.90368E+02  1.06403E+02 -2.23454E+02
g vc_ws_7086
s 0
f  6729 6730 6731 6732
f  6729 6730 6734 6733
f  6731 6730 6734 6735
f  6732 6731 6735 6736
f  6732 6729 6733 6736
f  6733 6734 6735 6736
v -1.46825E+02  1.33187E+02 -6.20228E+01
v -1.33325E+02  1.33187E+02 -6.20228E+01
v -1.33325E+02  1.33187E+02 -7.30228E+01
v -1.46825E+02  1.33187E+02 -7.30228E+01
v -1.46825E+02  7.01155E+01 -6.20228E+01
v -1.33325E+02  7.01155E+01 -6.20228E+01
v -1.33325E+02  7.01155E+01 -7.30228E+01
v -1.46825E+02  7.01155E+01 -7.30228E+01
g vc_ws_7087
s 0
f  6737 6738 6739 6740
f  6737 6738 6742 6741
f  6739 6738 6742 6743
f  6740 6739 6743 6744
f  6740 6737 6741 6744
f  6741 6742 6743 6744
v -1.21325E+02  2.19389E+02 -4.15022E+01
v -1.07825E+02  2.19389E+02 -4.15022E+01
v -1.07825E+02  2.19389E+02 -5.15228E+01
v -1.21325E+02  2.19389E+02 -5.15228E+01
v -1.21325E+02  1.47654E+02 -4.15022E+01
v -1.07825E+02  1.47654E+02 -4.15022E+01
v -1.07825E+02  1.47654E+02 -5.15228E+01
v -1.21325E+02  1.47654E+02 -5.15228E+01
g vc_ws_7089
s 0
f  6745 6746 6747 6748
f  6745 6746 6750 6749
f  6747 6746 6750 6751
f  6748 6747 6751 6752
f  6748 6745 6749 6752
f  6749 6750 6751 6752
v -1.21325E+02  1.47654E+02 -4.15022E+01
v -1.07825E+02  1.47654E+02 -4.15022E+01
v -1.07825E+02  1.47654E+02 -5.15228E+01
v -1.21325E+02  1.47654E+02 -5.15228E+01
v -1.21325E+02  6.88228E+01 -4.15022E+01
v -1.07825E+02  6.88228E+01 -4.15022E+01
v -1.07825E+02  6.88228E+01 -5.15228E+01
v -1.21325E+02  6.88228E+01 -5.15228E+01
g vc_ws_7090
s 0
f  6753 6754 6755 6756
f  6753 6754 6758 6757
f  6755 6754 6758 6759
f  6756 6755 6759 6760
f  6756 6753 6757 6760
f  6757 6758 6759 6760
v -6.66505E+01  1.01807E+02 -7.41195E+01
v -5.11505E+01  1.01807E+02 -7.41195E+01
v -5.11505E+01  1.01807E+02 -8.63343E+01
v -6.66505E+01  1.01807E+02 -8.63343E+01
v -6.66505E+01  6.27982E+01 -7.41195E+01
v -5.11505E+01  6.27982E+01 -7.41195E+01
v -5.11505E+01  6.27982E+01 -8.63343E+01
v -6.66505E+01  6.27982E+01 -8.63343E+01
g vc_ws_7091
s 0
f  6761 6762 6763 6764
f  6761 6762 6766 6765
f  6763 6762 6766 6767
f  6764 6763 6767 6768
f  6764 6761 6765 6768
f  6765 6766 6767 6768
v -1.73564E+02  1.41265E+02 -6.20228E+01
v -1.60064E+02  1.41265E+02 -6.20228E+01
v -1.60064E+02  1.41265E+02 -7.30228E+01
v -1.73564E+02  1.41265E+02 -7.30228E+01
v -1.73564E+02  8.48103E+01 -6.20228E+01
v -1.60064E+02  8.48103E+01 -6.20228E+01
v -1.60064E+02  8.48103E+01 -7.30228E+01
v -1.73564E+02  8.48103E+01 -7.30228E+01
g vc_ws_7094
s 0
f  6769 6770 6771 6772
f  6769 6770 6774 6773
f  6771 6770 6774 6775
f  6772 6771 6775 6776
f  6772 6769 6773 6776
f  6773 6774 6775 6776
v -3.54617E+02  1.18104E+02 -5.50685E+02
v -3.34117E+02  1.18104E+02 -5.50685E+02
v -3.34117E+02  1.18104E+02 -5.66185E+02
v -3.54617E+02  1.18104E+02 -5.66185E+02
v -3.54617E+02  8.71267E+01 -5.50685E+02
v -3.34117E+02  8.71267E+01 -5.50685E+02
v -3.34117E+02  8.71267E+01 -5.66185E+02
v -3.54617E+02  8.71267E+01 -5.66185E+02
g vc_ws_7095
s 0
f  6777 6778 6779 6780
f  6777 6778 6782 6781
f  6779 6778 6782 6783
f  6780 6779 6783 6784
f  6780 6777 6781 6784
f  6781 6782 6783 6784
v -3.54617E+02  8.71267E+01 -5.50685E+02
v -3.34117E+02  8.71267E+01 -5.50685E+02
v -3.34117E+02  8.71267E+01 -5.66185E+02
v -3.54617E+02  8.71267E+01 -5.66185E+02
v -3.54617E+02  5.61492E+01 -5.50685E+02
v -3.34117E+02  5.61492E+01 -5.50685E+02
v -3.34117E+02  5.61492E+01 -5.66185E+02
v -3.54617E+02  5.61492E+01 -5.66185E+02
g vc_ws_7096
s 0
f  6785 6786 6787 6788
f  6785 6786 6790 6789
f  6787 6786 6790 6791
f  6788 6787 6791 6792
f  6788 6785 6789 6792
f  6789 6790 6791 6792
v -1.27650E+02  2.85683E+01 -9.79290E+02
v -9.12617E+01  2.85683E+01 -9.79290E+02
v -9.12617E+01  2.85683E+01 -9.95790E+02
v -1.27650E+02  2.85683E+01 -9.95790E+02
v -1.27650E+02  2.39336E+01 -9.79290E+02
v -9.12617E+01  2.39336E+01 -9.79290E+02
v -9.12617E+01  2.39336E+01 -9.95790E+02
v -1.27650E+02  2.39336E+01 -9.95790E+02
g vc_ws_7097
s 0
f  6793 6794 6795 6796
f  6793 6794 6798 6797
f  6795 6794 6798 6799
f  6796 6795 6799 6800
f  6796 6793 6797 6800
f  6797 6798 6799 6800
v -7.18021E+02  1.46043E+02 -2.68807E+02
v -7.06021E+02  1.46043E+02 -2.68807E+02
v -7.06021E+02  1.46043E+02 -2.83210E+02
v -7.18021E+02  1.46043E+02 -2.83210E+02
v -7.18021E+02  1.06403E+02 -2.68807E+02
v -7.06021E+02  1.06403E+02 -2.68807E+02
v -7.06021E+02  1.06403E+02 -2.83210E+02
v -7.18021E+02  1.06403E+02 -2.83210E+02
g vc_ws_7100
s 0
f  6801 6802 6803 6804
f  6801 6802 6806 6805
f  6803 6802 6806 6807
f  6804 6803 6807 6808
f  6804 6801 6805 6808
f  6805 6806 6807 6808
v -1.21325E+02  1.33187E+02 -5.15228E+01
v -1.07825E+02  1.33187E+02 -5.15228E+01
v -1.07825E+02  1.33187E+02 -6.20228E+01
v -1.21325E+02  1.33187E+02 -6.20228E+01
v -1.21325E+02  6.92538E+01 -5.15228E+01
v -1.07825E+02  6.92538E+01 -5.15228E+01
v -1.07825E+02  6.92538E+01 -6.20228E+01
v -1.21325E+02  6.92538E+01 -6.20228E+01
g vc_ws_7101
s 0
f  6809 6810 6811 6812
f  6809 6810 6814 6813
f  6811 6810 6814 6815
f  6812 6811 6815 6816
f  6812 6809 6813 6816
f  6813 6814 6815 6816
v -7.82790E+02  1.78019E+02 -4.16622E+02
v -7.66290E+02  1.78019E+02 -4.16622E+02
v -7.66290E+02  1.78019E+02 -4.33938E+02
v -7.82790E+02  1.78019E+02 -4.33938E+02
v -7.82790E+02  1.44077E+02 -4.16622E+02
v -7.66290E+02  1.44077E+02 -4.16622E+02
v -7.66290E+02  1.44077E+02 -4.33938E+02
v -7.82790E+02  1.44077E+02 -4.33938E+02
g vc_ws_7103
s 0
f  6817 6818 6819 6820
f  6817 6818 6822 6821
f  6819 6818 6822 6823
f  6820 6819 6823 6824
f  6820 6817 6821 6824
f  6821 6822 6823 6824
v -7.82790E+02  1.44077E+02 -4.16622E+02
v -7.66290E+02  1.44077E+02 -4.16622E+02
v -7.66290E+02  1.44077E+02 -4.33938E+02
v -7.82790E+02  1.44077E+02 -4.33938E+02
v -7.82790E+02  1.10134E+02 -4.16622E+02
v -7.66290E+02  1.10134E+02 -4.16622E+02
v -7.66290E+02  1.10134E+02 -4.33938E+02
v -7.82790E+02  1.10134E+02 -4.33938E+02
g vc_ws_7104
s 0
f  6825 6826 6827 6828
f  6825 6826 6830 6829
f  6827 6826 6830 6831
f  6828 6827 6831 6832
f  6828 6825 6829 6832
f  6829 6830 6831 6832
v -3.14117E+02  1.17241E+02 -5.37685E+02
v -2.94617E+02  1.17241E+02 -5.37685E+02
v -2.94617E+02  1.17241E+02 -5.66185E+02
v -3.14117E+02  1.17241E+02 -5.66185E+02
v -3.14117E+02  9.99339E+01 -5.37685E+02
v -2.94617E+02  9.99339E+01 -5.37685E+02
v -2.94617E+02  9.99339E+01 -5.66185E+02
v -3.14117E+02  9.99339E+01 -5.66185E+02
g vc_ws_7105
s 0
f  6833 6834 6835 6836
f  6833 6834 6838 6837
f  6835 6834 6838 6839
f  6836 6835 6839 6840
f  6836 6833 6837 6840
f  6837 6838 6839 6840
v -3.14117E+02  9.99339E+01 -5.37685E+02
v -2.94617E+02  9.99339E+01 -5.37685E+02
v -2.94617E+02  9.99339E+01 -5.66185E+02
v -3.14117E+02  9.99339E+01 -5.66185E+02
v -3.14117E+02  8.26265E+01 -5.37685E+02
v -2.94617E+02  8.26265E+01 -5.37685E+02
v -2.94617E+02  8.26265E+01 -5.66185E+02
v -3.14117E+02  8.26265E+01 -5.66185E+02
g vc_ws_7106
s 0
f  6841 6842 6843 6844
f  6841 6842 6846 6845
f  6843 6842 6846 6847
f  6844 6843 6847 6848
f  6844 6841 6845 6848
f  6845 6846 6847 6848
v -1.22845E+02  1.96883E+02  9.93251E+01
v -1.05345E+02  1.96883E+02  9.93251E+01
v -1.05345E+02  1.96883E+02  8.28251E+01
v -1.22845E+02  1.96883E+02  8.28251E+01
v -1.22845E+02  1.63623E+02  9.93251E+01
v -1.05345E+02  1.63623E+02  9.93251E+01
v -1.05345E+02  1.63623E+02  8.28251E+01
v -1.22845E+02  1.63623E+02  8.28251E+01
g vc_ws_7107
s 0
f  6849 6850 6851 6852
f  6849 6850 6854 6853
f  6851 6850 6854 6855
f  6852 6851 6855 6856
f  6852 6849 6853 6856
f  6853 6854 6855 6856
v -1.22845E+02  1.63623E+02  9.93251E+01
v -1.05345E+02  1.63623E+02  9.93251E+01
v -1.05345E+02  1.63623E+02  8.28251E+01
v -1.22845E+02  1.63623E+02  8.28251E+01
v -1.22845E+02  1.30362E+02  9.93251E+01
v -1.05345E+02  1.30362E+02  9.93251E+01
v -1.05345E+02  1.30362E+02  8.28251E+01
v -1.22845E+02  1.30362E+02  8.28251E+01
g vc_ws_7108
s 0
f  6857 6858 6859 6860
f  6857 6858 6862 6861
f  6859 6858 6862 6863
f  6860 6859 6863 6864
f  6860 6857 6861 6864
f  6861 6862 6863 6864
v -7.15368E+02  2.19389E+02 -2.10954E+02
v -7.01868E+02  2.19389E+02 -2.10954E+02
v -7.01868E+02  2.19389E+02 -2.23454E+02
v -7.15368E+02  2.19389E+02 -2.23454E+02
v -7.15368E+02  1.77236E+02 -2.10954E+02
v -7.01868E+02  1.77236E+02 -2.10954E+02
v -7.01868E+02  1.77236E+02 -2.23454E+02
v -7.15368E+02  1.77236E+02 -2.23454E+02
g vc_ws_7109
s 0
f  6865 6866 6867 6868
f  6865 6866 6870 6869
f  6867 6866 6870 6871
f  6868 6867 6871 6872
f  6868 6865 6869 6872
f  6869 6870 6871 6872
v -3.66617E+02  1.17241E+02 -5.37685E+02
v -3.54617E+02  1.17241E+02 -5.37685E+02
v -3.54617E+02  1.17241E+02 -5.50685E+02
v -3.66617E+02  1.17241E+02 -5.50685E+02
v -3.66617E+02  5.61535E+01 -5.37685E+02
v -3.54617E+02  5.61535E+01 -5.37685E+02
v -3.54617E+02  5.61535E+01 -5.50685E+02
v -3.66617E+02  5.61535E+01 -5.50685E+02
g vc_ws_7111
s 0
f  6873 6874 6875 6876
f  6873 6874 6878 6877
f  6875 6874 6878 6879
f  6876 6875 6879 6880
f  6876 6873 6877 6880
f  6877 6878 6879 6880
v -7.16245E+02  1.50797E+02 -6.02734E+02
v -6.97745E+02  1.50797E+02 -6.02734E+02
v -6.97745E+02  1.50797E+02 -6.25734E+02
v -7.16245E+02  1.50797E+02 -6.25734E+02
v -7.16245E+02  1.28600E+02 -6.02734E+02
v -6.97745E+02  1.28600E+02 -6.02734E+02
v -6.97745E+02  1.28600E+02 -6.25734E+02
v -7.16245E+02  1.28600E+02 -6.25734E+02
g vc_ws_7113
s 0
f  6881 6882 6883 6884
f  6881 6882 6886 6885
f  6883 6882 6886 6887
f  6884 6883 6887 6888
f  6884 6881 6885 6888
f  6885 6886 6887 6888
v -7.16245E+02  1.28600E+02 -6.02734E+02
v -6.97745E+02  1.28600E+02 -6.02734E+02
v -6.97745E+02  1.28600E+02 -6.25734E+02
v -7.16245E+02  1.28600E+02 -6.25734E+02
v -7.16245E+02  1.06403E+02 -6.02734E+02
v -6.97745E+02  1.06403E+02 -6.02734E+02
v -6.97745E+02  1.06403E+02 -6.25734E+02
v -7.16245E+02  1.06403E+02 -6.25734E+02
g vc_ws_7114
s 0
f  6889 6890 6891 6892
f  6889 6890 6894 6893
f  6891 6890 6894 6895
f  6892 6891 6895 6896
f  6892 6889 6893 6896
f  6893 6894 6895 6896
v -2.02064E+02  1.24632E+02 -8.45228E+01
v -1.86564E+02  1.24632E+02 -8.45228E+01
v -1.86564E+02  1.24632E+02 -1.06523E+02
v -2.02064E+02  1.24632E+02 -1.06523E+02
v -2.02064E+02  9.69579E+01 -8.45228E+01
v -1.86564E+02  9.69579E+01 -8.45228E+01
v -1.86564E+02  9.69579E+01 -1.06523E+02
v -2.02064E+02  9.69579E+01 -1.06523E+02
g vc_ws_7115
s 0
f  6897 6898 6899 6900
f  6897 6898 6902 6901
f  6899 6898 6902 6903
f  6900 6899 6903 6904
f  6900 6897 6901 6904
f  6901 6902 6903 6904
v -2.02064E+02  9.69579E+01 -8.45228E+01
v -1.86564E+02  9.69579E+01 -8.45228E+01
v -1.86564E+02  9.69579E+01 -1.06523E+02
v -2.02064E+02  9.69579E+01 -1.06523E+02
v -2.02064E+02  6.92839E+01 -8.45228E+01
v -1.86564E+02  6.92839E+01 -8.45228E+01
v -1.86564E+02  6.92839E+01 -1.06523E+02
v -2.02064E+02  6.92839E+01 -1.06523E+02
g vc_ws_7116
s 0
f  6905 6906 6907 6908
f  6905 6906 6910 6909
f  6907 6906 6910 6911
f  6908 6907 6911 6912
f  6908 6905 6909 6912
f  6909 6910 6911 6912
v -5.34564E+02  2.19389E+02  9.71943E+01
v -5.21064E+02  2.19389E+02  9.71943E+01
v -5.21064E+02  2.19389E+02  8.61943E+01
v -5.34564E+02  2.19389E+02  8.61943E+01
v -5.34564E+02  1.44034E+02  9.71943E+01
v -5.21064E+02  1.44034E+02  9.71943E+01
v -5.21064E+02  1.44034E+02  8.61943E+01
v -5.34564E+02  1.44034E+02  8.61943E+01
g vc_ws_7117
s 0
f  6913 6914 6915 6916
f  6913 6914 6918 6917
f  6915 6914 6918 6919
f  6916 6915 6919 6920
f  6916 6913 6917 6920
f  6917 6918 6919 6920
v -5.34564E+02  1.44034E+02  9.71943E+01
v -5.21064E+02  1.44034E+02  9.71943E+01
v -5.21064E+02  1.44034E+02  8.61943E+01
v -5.34564E+02  1.44034E+02  8.61943E+01
v -5.34564E+02  9.26222E+01  9.71943E+01
v -5.21064E+02  9.26222E+01  9.71943E+01
v -5.21064E+02  9.26222E+01  8.61943E+01
v -5.34564E+02  9.26222E+01  8.61943E+01
g vc_ws_7118
s 0
f  6921 6922 6923 6924
f  6921 6922 6926 6925
f  6923 6922 6926 6927
f  6924 6923 6927 6928
f  6924 6921 6925 6928
f  6925 6926 6927 6928
v -4.45615E+02  1.39824E+02  9.67654E+01
v -4.25615E+02  1.39824E+02  9.67654E+01
v -4.25615E+02  1.39824E+02  7.32654E+01
v -4.45615E+02  1.39824E+02  7.32654E+01
v -4.45615E+02  1.20023E+02  9.67654E+01
v -4.25615E+02  1.20023E+02  9.67654E+01
v -4.25615E+02  1.20023E+02  7.32654E+01
v -4.45615E+02  1.20023E+02  7.32654E+01
g vc_ws_7119
s 0
f  6929 6930 6931 6932
f  6929 6930 6934 6933
f  6931 6930 6934 6935
f  6932 6931 6935 6936
f  6932 6929 6933 6936
f  6933 6934 6935 6936
v -4.45615E+02  1.20023E+02  9.67654E+01
v -4.25615E+02  1.20023E+02  9.67654E+01
v -4.25615E+02  1.20023E+02  7.32654E+01
v -4.45615E+02  1.20023E+02  7.32654E+01
v -4.45615E+02  1.00223E+02  9.67654E+01
v -4.25615E+02  1.00223E+02  9.67654E+01
v -4.25615E+02  1.00223E+02  7.32654E+01
v -4.45615E+02  1.00223E+02  7.32654E+01
g vc_ws_7120
s 0
f  6937 6938 6939 6940
f  6937 6938 6942 6941
f  6939 6938 6942 6943
f  6940 6939 6943 6944
f  6940 6937 6941 6944
f  6941 6942 6943 6944
v -3.14117E+02  1.17652E+02 -5.10719E+02
v -2.94617E+02  1.17652E+02 -5.10719E+02
v -2.94617E+02  1.17652E+02 -5.37685E+02
v -3.14117E+02  1.17652E+02 -5.37685E+02
v -3.14117E+02  1.00241E+02 -5.10719E+02
v -2.94617E+02  1.00241E+02 -5.10719E+02
v -2.94617E+02  1.00241E+02 -5.37685E+02
v -3.14117E+02  1.00241E+02 -5.37685E+02
g vc_ws_7121
s 0
f  6945 6946 6947 6948
f  6945 6946 6950 6949
f  6947 6946 6950 6951
f  6948 6947 6951 6952
f  6948 6945 6949 6952
f  6949 6950 6951 6952
v  2.48099E+01  3.15374E+01 -1.15257E+03
v  4.28099E+01  3.15374E+01 -1.15257E+03
v  4.28099E+01  3.15374E+01 -1.18107E+03
v  2.48099E+01  3.15374E+01 -1.18107E+03
v  2.48099E+01  1.91102E+01 -1.15257E+03
v  4.28099E+01  1.91102E+01 -1.15257E+03
v  4.28099E+01  1.91102E+01 -1.18107E+03
v  2.48099E+01  1.91102E+01 -1.18107E+03
g vc_ws_7123
s 0
f  6953 6954 6955 6956
f  6953 6954 6958 6957
f  6955 6954 6958 6959
f  6956 6955 6959 6960
f  6956 6953 6957 6960
f  6957 6958 6959 6960
v -4.93064E+02  1.36796E+02  9.71943E+01
v -4.80064E+02  1.36796E+02  9.71943E+01
v -4.80064E+02  1.36796E+02  8.61943E+01
v -4.93064E+02  1.36796E+02  8.61943E+01
v -4.93064E+02  9.26222E+01  9.71943E+01
v -4.80064E+02  9.26222E+01  9.71943E+01
v -4.80064E+02  9.26222E+01  8.61943E+01
v -4.93064E+02  9.26222E+01  8.61943E+01
g vc_ws_7126
s 0
f  6961 6962 6963 6964
f  6961 6962 6966 6965
f  6963 6962 6966 6967
f  6964 6963 6967 6968
f  6964 6961 6965 6968
f  6965 6966 6967 6968
v -6.66505E+01  8.23417E+01 -8.63343E+01
v -5.11505E+01  8.23417E+01 -8.63343E+01
v -5.11505E+01  8.23417E+01 -9.98343E+01
v -6.66505E+01  8.23417E+01 -9.98343E+01
v -6.66505E+01  6.28955E+01 -8.63343E+01
v -5.11505E+01  6.28955E+01 -8.63343E+01
v -5.11505E+01  6.28955E+01 -9.98343E+01
v -6.66505E+01  6.28955E+01 -9.98343E+01
g vc_ws_7127
s 0
f  6969 6970 6971 6972
f  6969 6970 6974 6973
f  6971 6970 6974 6975
f  6972 6971 6975 6976
f  6972 6969 6973 6976
f  6973 6974 6975 6976
v -6.66505E+01  1.01807E+02 -4.96195E+01
v -5.11505E+01  1.01807E+02 -4.96195E+01
v -5.11505E+01  1.01807E+02 -6.06195E+01
v -6.66505E+01  1.01807E+02 -6.06195E+01
v -6.66505E+01  6.94107E+01 -4.96195E+01
v -5.11505E+01  6.94107E+01 -4.96195E+01
v -5.11505E+01  6.94107E+01 -6.06195E+01
v -6.66505E+01  6.94107E+01 -6.06195E+01
g vc_ws_7129
s 0
f  6977 6978 6979 6980
f  6977 6978 6982 6981
f  6979 6978 6982 6983
f  6980 6979 6983 6984
f  6980 6977 6981 6984
f  6981 6982 6983 6984
v -1.27513E+02  2.85683E+01 -9.95790E+02
v -9.12617E+01  2.85683E+01 -9.95790E+02
v -9.12617E+01  2.85683E+01 -1.01104E+03
v -1.27513E+02  2.85683E+01 -1.01104E+03
v -1.27513E+02  2.39336E+01 -9.95790E+02
v -9.12617E+01  2.39336E+01 -9.95790E+02
v -9.12617E+01  2.39336E+01 -1.01104E+03
v -1.27513E+02  2.39336E+01 -1.01104E+03
g vc_ws_7131
s 0
f  6985 6986 6987 6988
f  6985 6986 6990 6989
f  6987 6986 6990 6991
f  6988 6987 6991 6992
f  6988 6985 6989 6992
f  6989 6990 6991 6992
v -1.33325E+02  2.19389E+02 -4.15022E+01
v -1.21325E+02  2.19389E+02 -4.15022E+01
v -1.21325E+02  2.19389E+02 -5.15228E+01
v -1.33325E+02  2.19389E+02 -5.15228E+01
v -1.33325E+02  1.47650E+02 -4.15022E+01
v -1.21325E+02  1.47650E+02 -4.15022E+01
v -1.21325E+02  1.47650E+02 -5.15228E+01
v -1.33325E+02  1.47650E+02 -5.15228E+01
g vc_ws_7133
s 0
f  6993 6994 6995 6996
f  6993 6994 6998 6997
f  6995 6994 6998 6999
f  6996 6995 6999 7000
f  6996 6993 6997 7000
f  6997 6998 6999 7000
v -1.33325E+02  1.47650E+02 -4.15022E+01
v -1.21325E+02  1.47650E+02 -4.15022E+01
v -1.21325E+02  1.47650E+02 -5.15228E+01
v -1.33325E+02  1.47650E+02 -5.15228E+01
v -1.33325E+02  6.96845E+01 -4.15022E+01
v -1.21325E+02  6.96845E+01 -4.15022E+01
v -1.21325E+02  6.96845E+01 -5.15228E+01
v -1.33325E+02  6.96845E+01 -5.15228E+01
g vc_ws_7134
s 0
f  7001 7002 7003 7004
f  7001 7002 7006 7005
f  7003 7002 7006 7007
f  7004 7003 7007 7008
f  7004 7001 7005 7008
f  7005 7006 7007 7008
v -3.34117E+02  1.17241E+02 -5.37685E+02
v -3.14117E+02  1.17241E+02 -5.37685E+02
v -3.14117E+02  1.17241E+02 -5.50685E+02
v -3.34117E+02  1.17241E+02 -5.50685E+02
v -3.34117E+02  8.26266E+01 -5.37685E+02
v -3.14117E+02  8.26266E+01 -5.37685E+02
v -3.14117E+02  8.26266E+01 -5.50685E+02
v -3.34117E+02  8.26266E+01 -5.50685E+02
g vc_ws_7135
s 0
f  7009 7010 7011 7012
f  7009 7010 7014 7013
f  7011 7010 7014 7015
f  7012 7011 7015 7016
f  7012 7009 7013 7016
f  7013 7014 7015 7016
v -2.94617E+02  1.17652E+02 -5.10719E+02
v -2.75505E+02  1.17652E+02 -5.10719E+02
v -2.75505E+02  1.17652E+02 -5.37685E+02
v -2.94617E+02  1.17652E+02 -5.37685E+02
v -2.94617E+02  1.00241E+02 -5.10719E+02
v -2.75505E+02  1.00241E+02 -5.10719E+02
v -2.75505E+02  1.00241E+02 -5.37685E+02
v -2.94617E+02  1.00241E+02 -5.37685E+02
g vc_ws_7137
s 0
f  7017 7018 7019 7020
f  7017 7018 7022 7021
f  7019 7018 7022 7023
f  7020 7019 7023 7024
f  7020 7017 7021 7024
f  7021 7022 7023 7024
v -8.06505E+01  1.09217E+02 -4.96195E+01
v -6.66505E+01  1.09217E+02 -4.96195E+01
v -6.66505E+01  1.09217E+02 -6.06195E+01
v -8.06505E+01  1.09217E+02 -6.06195E+01
v -8.06505E+01  6.93737E+01 -4.96195E+01
v -6.66505E+01  6.93737E+01 -4.96195E+01
v -6.66505E+01  6.93737E+01 -6.06195E+01
v -8.06505E+01  6.93737E+01 -6.06195E+01
g vc_ws_7139
s 0
f  7025 7026 7027 7028
f  7025 7026 7030 7029
f  7027 7026 7030 7031
f  7028 7027 7031 7032
f  7028 7025 7029 7032
f  7029 7030 7031 7032
v -5.11505E+01  1.01807E+02 -7.41195E+01
v -3.77417E+01  1.01807E+02 -7.41195E+01
v -3.77417E+01  1.01807E+02 -8.63343E+01
v -5.11505E+01  1.01807E+02 -8.63343E+01
v -5.11505E+01  6.27982E+01 -7.41195E+01
v -3.77417E+01  6.27982E+01 -7.41195E+01
v -3.77417E+01  6.27982E+01 -8.63343E+01
v -5.11505E+01  6.27982E+01 -8.63343E+01
g vc_ws_7141
s 0
f  7033 7034 7035 7036
f  7033 7034 7038 7037
f  7035 7034 7038 7039
f  7036 7035 7039 7040
f  7036 7033 7037 7040
f  7037 7038 7039 7040
v -1.39881E+02  1.96859E+02  9.93251E+01
v -1.22845E+02  1.96859E+02  9.93251E+01
v -1.22845E+02  1.96859E+02  8.28251E+01
v -1.39881E+02  1.96859E+02  8.28251E+01
v -1.39881E+02  1.66017E+02  9.93251E+01
v -1.22845E+02  1.66017E+02  9.93251E+01
v -1.22845E+02  1.66017E+02  8.28251E+01
v -1.39881E+02  1.66017E+02  8.28251E+01
g vc_ws_7143
s 0
f  7041 7042 7043 7044
f  7041 7042 7046 7045
f  7043 7042 7046 7047
f  7044 7043 7047 7048
f  7044 7041 7045 7048
f  7045 7046 7047 7048
v -1.39881E+02  1.66017E+02  9.93251E+01
v -1.22845E+02  1.66017E+02  9.93251E+01
v -1.22845E+02  1.66017E+02  8.28251E+01
v -1.39881E+02  1.66017E+02  8.28251E+01
v -1.39881E+02  1.35175E+02  9.93251E+01
v -1.22845E+02  1.35175E+02  9.93251E+01
v -1.22845E+02  1.35175E+02  8.28251E+01
v -1.39881E+02  1.35175E+02  8.28251E+01
g vc_ws_7144
s 0
f  7049 7050 7051 7052
f  7049 7050 7054 7053
f  7051 7050 7054 7055
f  7052 7051 7055 7056
f  7052 7049 7053 7056
f  7053 7054 7055 7056
v -1.33325E+02  1.33187E+02 -5.15228E+01
v -1.21325E+02  1.33187E+02 -5.15228E+01
v -1.21325E+02  1.33187E+02 -6.20228E+01
v -1.33325E+02  1.33187E+02 -6.20228E+01
v -1.33325E+02  7.01155E+01 -5.15228E+01
v -1.21325E+02  7.01155E+01 -5.15228E+01
v -1.21325E+02  7.01155E+01 -6.20228E+01
v -1.33325E+02  7.01155E+01 -6.20228E+01
g vc_ws_7145
s 0
f  7057 7058 7059 7060
f  7057 7058 7062 7061
f  7059 7058 7062 7063
f  7060 7059 7063 7064
f  7060 7057 7061 7064
f  7061 7062 7063 7064
v -6.44552E+02  1.27976E+02 -6.23301E+02
v -6.33052E+02  1.27976E+02 -6.23301E+02
v -6.33052E+02  1.27976E+02 -6.36301E+02
v -6.44552E+02  1.27976E+02 -6.36301E+02
v -6.44552E+02  1.04417E+02 -6.23301E+02
v -6.33052E+02  1.04417E+02 -6.23301E+02
v -6.33052E+02  1.04417E+02 -6.36301E+02
v -6.44552E+02  1.04417E+02 -6.36301E+02
g vc_ws_7148
s 0
f  7065 7066 7067 7068
f  7065 7066 7070 7069
f  7067 7066 7070 7071
f  7068 7067 7071 7072
f  7068 7065 7069 7072
f  7069 7070 7071 7072
v -6.97745E+02  1.50797E+02 -6.02734E+02
v -6.81052E+02  1.50797E+02 -6.02734E+02
v -6.81052E+02  1.50797E+02 -6.25734E+02
v -6.97745E+02  1.50797E+02 -6.25734E+02
v -6.97745E+02  1.28600E+02 -6.02734E+02
v -6.81052E+02  1.28600E+02 -6.02734E+02
v -6.81052E+02  1.28600E+02 -6.25734E+02
v -6.97745E+02  1.28600E+02 -6.25734E+02
g vc_ws_7149
s 0
f  7073 7074 7075 7076
f  7073 7074 7078 7077
f  7075 7074 7078 7079
f  7076 7075 7079 7080
f  7076 7073 7077 7080
f  7077 7078 7079 7080
v -6.97745E+02  1.28600E+02 -6.02734E+02
v -6.81052E+02  1.28600E+02 -6.02734E+02
v -6.81052E+02  1.28600E+02 -6.25734E+02
v -6.97745E+02  1.28600E+02 -6.25734E+02
v -6.97745E+02  1.06403E+02 -6.02734E+02
v -6.81052E+02  1.06403E+02 -6.02734E+02
v -6.81052E+02  1.06403E+02 -6.25734E+02
v -6.97745E+02  1.06403E+02 -6.25734E+02
g vc_ws_7150
s 0
f  7081 7082 7083 7084
f  7081 7082 7086 7085
f  7083 7082 7086 7087
f  7084 7083 7087 7088
f  7084 7081 7085 7088
f  7085 7086 7087 7088
v -7.82790E+02  2.19389E+02 -3.88122E+02
v -7.66290E+02  2.19389E+02 -3.88122E+02
v -7.66290E+02  2.19389E+02 -4.01122E+02
v -7.82790E+02  2.19389E+02 -4.01122E+02
v -7.82790E+02  1.74992E+02 -3.88122E+02
v -7.66290E+02  1.74992E+02 -3.88122E+02
v -7.66290E+02  1.74992E+02 -4.01122E+02
v -7.82790E+02  1.74992E+02 -4.01122E+02
g vc_ws_7151
s 0
f  7089 7090 7091 7092
f  7089 7090 7094 7093
f  7091 7090 7094 7095
f  7092 7091 7095 7096
f  7092 7089 7093 7096
f  7093 7094 7095 7096
v -7.82790E+02  1.74992E+02 -3.88122E+02
v -7.66290E+02  1.74992E+02 -3.88122E+02
v -7.66290E+02  1.74992E+02 -4.01122E+02
v -7.82790E+02  1.74992E+02 -4.01122E+02
v -7.82790E+02  1.41071E+02 -3.88122E+02
v -7.66290E+02  1.41071E+02 -3.88122E+02
v -7.66290E+02  1.41071E+02 -4.01122E+02
v -7.82790E+02  1.41071E+02 -4.01122E+02
g vc_ws_7152
s 0
f  7097 7098 7099 7100
f  7097 7098 7102 7101
f  7099 7098 7102 7103
f  7100 7099 7103 7104
f  7100 7097 7101 7104
f  7101 7102 7103 7104
v -1.86564E+02  1.06304E+02 -9.50228E+01
v -1.73564E+02  1.06304E+02 -9.50228E+01
v -1.73564E+02  1.06304E+02 -1.06523E+02
v -1.86564E+02  1.06304E+02 -1.06523E+02
v -1.86564E+02  6.93755E+01 -9.50228E+01
v -1.73564E+02  6.93755E+01 -9.50228E+01
v -1.73564E+02  6.93755E+01 -1.06523E+02
v -1.86564E+02  6.93755E+01 -1.06523E+02
g vc_ws_7153
s 0
f  7105 7106 7107 7108
f  7105 7106 7110 7109
f  7107 7106 7110 7111
f  7108 7107 7111 7112
f  7108 7105 7109 7112
f  7109 7110 7111 7112
v -6.33052E+02  1.23900E+02 -6.23301E+02
v -6.22052E+02  1.23900E+02 -6.23301E+02
v -6.22052E+02  1.23900E+02 -6.36301E+02
v -6.33052E+02  1.23900E+02 -6.36301E+02
v -6.33052E+02  1.04417E+02 -6.23301E+02
v -6.22052E+02  1.04417E+02 -6.23301E+02
v -6.22052E+02  1.04417E+02 -6.36301E+02
v -6.33052E+02  1.04417E+02 -6.36301E+02
g vc_ws_7156
s 0
f  7113 7114 7115 7116
f  7113 7114 7118 7117
f  7115 7114 7118 7119
f  7116 7115 7119 7120
f  7116 7113 7117 7120
f  7117 7118 7119 7120
v -5.21064E+02  2.19389E+02  9.71943E+01
v -5.09564E+02  2.19389E+02  9.71943E+01
v -5.09564E+02  2.19389E+02  8.61943E+01
v -5.21064E+02  2.19389E+02  8.61943E+01
v -5.21064E+02  1.36796E+02  9.71943E+01
v -5.09564E+02  1.36796E+02  9.71943E+01
v -5.09564E+02  1.36796E+02  8.61943E+01
v -5.21064E+02  1.36796E+02  8.61943E+01
g vc_ws_7157
s 0
f  7121 7122 7123 7124
f  7121 7122 7126 7125
f  7123 7122 7126 7127
f  7124 7123 7127 7128
f  7124 7121 7125 7128
f  7125 7126 7127 7128
v -5.21064E+02  1.36796E+02  9.71943E+01
v -5.09564E+02  1.36796E+02  9.71943E+01
v -5.09564E+02  1.36796E+02  8.61943E+01
v -5.21064E+02  1.36796E+02  8.61943E+01
v -5.21064E+02  9.26222E+01  9.71943E+01
v -5.09564E+02  9.26222E+01  9.71943E+01
v -5.09564E+02  9.26222E+01  8.61943E+01
v -5.21064E+02  9.26222E+01  8.61943E+01
g vc_ws_7158
s 0
f  7129 7130 7131 7132
f  7129 7130 7134 7133
f  7131 7130 7134 7135
f  7132 7131 7135 7136
f  7132 7129 7133 7136
f  7133 7134 7135 7136
v -3.73131E+02  1.56089E+02 -1.63848E+02
v -3.57631E+02  1.56089E+02 -1.63848E+02
v -3.57631E+02  1.56089E+02 -1.80348E+02
v -3.73131E+02  1.56089E+02 -1.80348E+02
v -3.73131E+02  1.25180E+02 -1.63848E+02
v -3.57631E+02  1.25180E+02 -1.63848E+02
v -3.57631E+02  1.25180E+02 -1.80348E+02
v -3.73131E+02  1.25180E+02 -1.80348E+02
g vc_ws_7159
s 0
f  7137 7138 7139 7140
f  7137 7138 7142 7141
f  7139 7138 7142 7143
f  7140 7139 7143 7144
f  7140 7137 7141 7144
f  7141 7142 7143 7144
v -3.73131E+02  1.25180E+02 -1.63848E+02
v -3.57631E+02  1.25180E+02 -1.63848E+02
v -3.57631E+02  1.25180E+02 -1.80348E+02
v -3.73131E+02  1.25180E+02 -1.80348E+02
v -3.73131E+02  9.42704E+01 -1.63848E+02
v -3.57631E+02  9.42704E+01 -1.63848E+02
v -3.57631E+02  9.42704E+01 -1.80348E+02
v -3.73131E+02  9.42704E+01 -1.80348E+02
g vc_ws_7160
s 0
f  7145 7146 7147 7148
f  7145 7146 7150 7149
f  7147 7146 7150 7151
f  7148 7147 7151 7152
f  7148 7145 7149 7152
f  7149 7150 7151 7152
v -6.22052E+02  1.23900E+02 -6.23301E+02
v -6.11552E+02  1.23900E+02 -6.23301E+02
v -6.11552E+02  1.23900E+02 -6.36301E+02
v -6.22052E+02  1.23900E+02 -6.36301E+02
v -6.22052E+02  1.04417E+02 -6.23301E+02
v -6.11552E+02  1.04417E+02 -6.23301E+02
v -6.11552E+02  1.04417E+02 -6.36301E+02
v -6.22052E+02  1.04417E+02 -6.36301E+02
g vc_ws_7162
s 0
f  7153 7154 7155 7156
f  7153 7154 7158 7157
f  7155 7154 7158 7159
f  7156 7155 7159 7160
f  7156 7153 7157 7160
f  7157 7158 7159 7160
v -5.11505E+01  8.23417E+01 -8.63343E+01
v -3.77417E+01  8.23417E+01 -8.63343E+01
v -3.77417E+01  8.23417E+01 -9.98343E+01
v -5.11505E+01  8.23417E+01 -9.98343E+01
v -5.11505E+01  6.28955E+01 -8.63343E+01
v -3.77417E+01  6.28955E+01 -8.63343E+01
v -3.77417E+01  6.28955E+01 -9.98343E+01
v -5.11505E+01  6.28955E+01 -9.98343E+01
g vc_ws_7163
s 0
f  7161 7162 7163 7164
f  7161 7162 7166 7165
f  7163 7162 7166 7167
f  7164 7163 7167 7168
f  7164 7161 7165 7168
f  7165 7166 7167 7168
v -3.97012E+00  6.48190E+01 -2.58254E+02
v  1.55299E+01  6.48190E+01 -2.58254E+02
v  1.55299E+01  6.48190E+01 -2.69754E+02
v -3.97012E+00  6.48190E+01 -2.69754E+02
v -3.97012E+00  3.68200E+01 -2.58254E+02
v  1.55299E+01  3.68200E+01 -2.58254E+02
v  1.55299E+01  3.68200E+01 -2.69754E+02
v -3.97012E+00  3.68200E+01 -2.69754E+02
g vc_ws_7165
s 0
f  7169 7170 7171 7172
f  7169 7170 7174 7173
f  7171 7170 7174 7175
f  7172 7171 7175 7176
f  7172 7169 7173 7176
f  7173 7174 7175 7176
v -1.07825E+02  1.40321E+02 -4.15022E+01
v -9.71505E+01  1.40321E+02 -4.15022E+01
v -9.71505E+01  1.40321E+02 -5.15228E+01
v -1.07825E+02  1.40321E+02 -5.15228E+01
v -1.07825E+02  6.92181E+01 -4.15022E+01
v -9.71505E+01  6.92181E+01 -4.15022E+01
v -9.71505E+01  6.92181E+01 -5.15228E+01
v -1.07825E+02  6.92181E+01 -5.15228E+01
g vc_ws_7167
s 0
f  7177 7178 7179 7180
f  7177 7178 7182 7181
f  7179 7178 7182 7183
f  7180 7179 7183 7184
f  7180 7177 7181 7184
f  7181 7182 7183 7184
v -4.80390E+02  1.28831E+02 -6.03625E+02
v -4.69890E+02  1.28831E+02 -6.03625E+02
v -4.69890E+02  1.28831E+02 -6.17125E+02
v -4.80390E+02  1.28831E+02 -6.17125E+02
v -4.80390E+02  1.11649E+02 -6.03625E+02
v -4.69890E+02  1.11649E+02 -6.03625E+02
v -4.69890E+02  1.11649E+02 -6.17125E+02
v -4.80390E+02  1.11649E+02 -6.17125E+02
g vc_ws_7170
s 0
f  7185 7186 7187 7188
f  7185 7186 7190 7189
f  7187 7186 7190 7191
f  7188 7187 7191 7192
f  7188 7185 7189 7192
f  7189 7190 7191 7192
v -1.28513E+02  3.73913E+01 -1.06104E+03
v -1.09013E+02  3.73913E+01 -1.06104E+03
v -1.09013E+02  3.73913E+01 -1.07987E+03
v -1.28513E+02  3.73913E+01 -1.07987E+03
v -1.28513E+02  2.25061E+01 -1.06104E+03
v -1.09013E+02  2.25061E+01 -1.06104E+03
v -1.09013E+02  2.25061E+01 -1.07987E+03
v -1.28513E+02  2.25061E+01 -1.07987E+03
g vc_ws_7171
s 0
f  7193 7194 7195 7196
f  7193 7194 7198 7197
f  7195 7194 7198 7199
f  7196 7195 7199 7200
f  7196 7193 7197 7200
f  7197 7198 7199 7200
v -6.11552E+02  1.23900E+02 -6.23301E+02
v -6.01430E+02  1.23900E+02 -6.23301E+02
v -6.01430E+02  1.23900E+02 -6.36301E+02
v -6.11552E+02  1.23900E+02 -6.36301E+02
v -6.11552E+02  1.04417E+02 -6.23301E+02
v -6.01430E+02  1.04417E+02 -6.23301E+02
v -6.01430E+02  1.04417E+02 -6.36301E+02
v -6.11552E+02  1.04417E+02 -6.36301E+02
g vc_ws_7174
s 0
f  7201 7202 7203 7204
f  7201 7202 7206 7205
f  7203 7202 7206 7207
f  7204 7203 7207 7208
f  7204 7201 7205 7208
f  7205 7206 7207 7208
v -1.86564E+02  1.06304E+02 -8.45228E+01
v -1.73564E+02  1.06304E+02 -8.45228E+01
v -1.73564E+02  1.06304E+02 -9.50228E+01
v -1.86564E+02  1.06304E+02 -9.50228E+01
v -1.86564E+02  6.93755E+01 -8.45228E+01
v -1.73564E+02  6.93755E+01 -8.45228E+01
v -1.73564E+02  6.93755E+01 -9.50228E+01
v -1.86564E+02  6.93755E+01 -9.50228E+01
g vc_ws_7175
s 0
f  7209 7210 7211 7212
f  7209 7210 7214 7213
f  7211 7210 7214 7215
f  7212 7211 7215 7216
f  7212 7209 7213 7216
f  7213 7214 7215 7216
v  1.55299E+01  6.48190E+01 -2.80754E+02
v  3.45299E+01  6.48190E+01 -2.80754E+02
v  3.45299E+01  6.48190E+01 -2.92254E+02
v  1.55299E+01  6.48190E+01 -2.92254E+02
v  1.55299E+01  4.42100E+01 -2.80754E+02
v  3.45299E+01  4.42100E+01 -2.80754E+02
v  3.45299E+01  4.42100E+01 -2.92254E+02
v  1.55299E+01  4.42100E+01 -2.92254E+02
g vc_ws_7177
s 0
f  7217 7218 7219 7220
f  7217 7218 7222 7221
f  7219 7218 7222 7223
f  7220 7219 7223 7224
f  7220 7217 7221 7224
f  7221 7222 7223 7224
v  1.55299E+01  6.48190E+01 -2.58254E+02
v  3.45299E+01  6.48190E+01 -2.58254E+02
v  3.45299E+01  6.48190E+01 -2.69754E+02
v  1.55299E+01  6.48190E+01 -2.69754E+02
v  1.55299E+01  4.77015E+01 -2.58254E+02
v  3.45299E+01  4.77015E+01 -2.58254E+02
v  3.45299E+01  4.77015E+01 -2.69754E+02
v  1.55299E+01  4.77015E+01 -2.69754E+02
g vc_ws_7179
s 0
f  7225 7226 7227 7228
f  7225 7226 7230 7229
f  7227 7226 7230 7231
f  7228 7227 7231 7232
f  7228 7225 7229 7232
f  7229 7230 7231 7232
v -5.80930E+02  1.20156E+02 -6.17710E+02
v -5.60993E+02  1.20156E+02 -6.17710E+02
v -5.60993E+02  1.20156E+02 -6.40210E+02
v -5.80930E+02  1.20156E+02 -6.40210E+02
v -5.80930E+02  1.03625E+02 -6.17710E+02
v -5.60993E+02  1.03625E+02 -6.17710E+02
v -5.60993E+02  1.03625E+02 -6.40210E+02
v -5.80930E+02  1.03625E+02 -6.40210E+02
g vc_ws_7181
s 0
f  7233 7234 7235 7236
f  7233 7234 7238 7237
f  7235 7234 7238 7239
f  7236 7235 7239 7240
f  7236 7233 7237 7240
f  7237 7238 7239 7240
v -4.69890E+02  1.28831E+02 -6.03625E+02
v -4.59890E+02  1.28831E+02 -6.03625E+02
v -4.59890E+02  1.28831E+02 -6.17125E+02
v -4.69890E+02  1.28831E+02 -6.17125E+02
v -4.69890E+02  1.11649E+02 -6.03625E+02
v -4.59890E+02  1.11649E+02 -6.03625E+02
v -4.59890E+02  1.11649E+02 -6.17125E+02
v -4.69890E+02  1.11649E+02 -6.17125E+02
g vc_ws_7184
s 0
f  7241 7242 7243 7244
f  7241 7242 7246 7245
f  7243 7242 7246 7247
f  7244 7243 7247 7248
f  7244 7241 7245 7248
f  7245 7246 7247 7248
v -8.07665E+02  2.19389E+02 -5.21343E+02
v -7.96165E+02  2.19389E+02 -5.21343E+02
v -7.96165E+02  2.19389E+02 -5.32843E+02
v -8.07665E+02  2.19389E+02 -5.32843E+02
v -8.07665E+02  1.84322E+02 -5.21343E+02
v -7.96165E+02  1.84322E+02 -5.21343E+02
v -7.96165E+02  1.84322E+02 -5.32843E+02
v -8.07665E+02  1.84322E+02 -5.32843E+02
g vc_ws_7185
s 0
f  7249 7250 7251 7252
f  7249 7250 7254 7253
f  7251 7250 7254 7255
f  7252 7251 7255 7256
f  7252 7249 7253 7256
f  7253 7254 7255 7256
v -8.07665E+02  1.84322E+02 -5.21343E+02
v -7.96165E+02  1.84322E+02 -5.21343E+02
v -7.96165E+02  1.84322E+02 -5.32843E+02
v -8.07665E+02  1.84322E+02 -5.32843E+02
v -8.07665E+02  1.09763E+02 -5.21343E+02
v -7.96165E+02  1.09763E+02 -5.21343E+02
v -7.96165E+02  1.09763E+02 -5.32843E+02
v -8.07665E+02  1.09763E+02 -5.32843E+02
g vc_ws_7186
s 0
f  7257 7258 7259 7260
f  7257 7258 7262 7261
f  7259 7258 7262 7263
f  7260 7259 7263 7264
f  7260 7257 7261 7264
f  7261 7262 7263 7264
v -8.07665E+02  2.19389E+02 -4.98843E+02
v -7.96165E+02  2.19389E+02 -4.98843E+02
v -7.96165E+02  2.19389E+02 -5.10343E+02
v -8.07665E+02  2.19389E+02 -5.10343E+02
v -8.07665E+02  1.84322E+02 -4.98843E+02
v -7.96165E+02  1.84322E+02 -4.98843E+02
v -7.96165E+02  1.84322E+02 -5.10343E+02
v -8.07665E+02  1.84322E+02 -5.10343E+02
g vc_ws_7187
s 0
f  7265 7266 7267 7268
f  7265 7266 7270 7269
f  7267 7266 7270 7271
f  7268 7267 7271 7272
f  7268 7265 7269 7272
f  7269 7270 7271 7272
v -8.07665E+02  1.84322E+02 -4.98843E+02
v -7.96165E+02  1.84322E+02 -4.98843E+02
v -7.96165E+02  1.84322E+02 -5.10343E+02
v -8.07665E+02  1.84322E+02 -5.10343E+02
v -8.07665E+02  1.09763E+02 -4.98843E+02
v -7.96165E+02  1.09763E+02 -4.98843E+02
v -7.96165E+02  1.09763E+02 -5.10343E+02
v -8.07665E+02  1.09763E+02 -5.10343E+02
g vc_ws_7188
s 0
f  7273 7274 7275 7276
f  7273 7274 7278 7277
f  7275 7274 7278 7279
f  7276 7275 7279 7280
f  7276 7273 7277 7280
f  7277 7278 7279 7280
v  1.55299E+01  6.48190E+01 -2.69754E+02
v  3.45299E+01  6.48190E+01 -2.69754E+02
v  3.45299E+01  6.48190E+01 -2.80754E+02
v  1.55299E+01  6.48190E+01 -2.80754E+02
v  1.55299E+01  4.77015E+01 -2.69754E+02
v  3.45299E+01  4.77015E+01 -2.69754E+02
v  3.45299E+01  4.77015E+01 -2.80754E+02
v  1.55299E+01  4.77015E+01 -2.80754E+02
g vc_ws_7189
s 0
f  7281 7282 7283 7284
f  7281 7282 7286 7285
f  7283 7282 7286 7287
f  7284 7283 7287 7288
f  7284 7281 7285 7288
f  7285 7286 7287 7288
v -7.85665E+02  1.42872E+02 -5.48685E+02
v -7.63165E+02  1.42872E+02 -5.48685E+02
v -7.63165E+02  1.42872E+02 -5.66185E+02
v -7.85665E+02  1.42872E+02 -5.66185E+02
v -7.85665E+02  1.24638E+02 -5.48685E+02
v -7.63165E+02  1.24638E+02 -5.48685E+02
v -7.63165E+02  1.24638E+02 -5.66185E+02
v -7.85665E+02  1.24638E+02 -5.66185E+02
g vc_ws_7191
s 0
f  7289 7290 7291 7292
f  7289 7290 7294 7293
f  7291 7290 7294 7295
f  7292 7291 7295 7296
f  7292 7289 7293 7296
f  7293 7294 7295 7296
v -8.07665E+02  2.19389E+02 -5.10343E+02
v -7.96165E+02  2.19389E+02 -5.10343E+02
v -7.96165E+02  2.19389E+02 -5.21343E+02
v -8.07665E+02  2.19389E+02 -5.21343E+02
v -8.07665E+02  1.84322E+02 -5.10343E+02
v -7.96165E+02  1.84322E+02 -5.10343E+02
v -7.96165E+02  1.84322E+02 -5.21343E+02
v -8.07665E+02  1.84322E+02 -5.21343E+02
g vc_ws_7193
s 0
f  7297 7298 7299 7300
f  7297 7298 7302 7301
f  7299 7298 7302 7303
f  7300 7299 7303 7304
f  7300 7297 7301 7304
f  7301 7302 7303 7304
v -8.07665E+02  1.84322E+02 -5.10343E+02
v -7.96165E+02  1.84322E+02 -5.10343E+02
v -7.96165E+02  1.84322E+02 -5.21343E+02
v -8.07665E+02  1.84322E+02 -5.21343E+02
v -8.07665E+02  1.09763E+02 -5.10343E+02
v -7.96165E+02  1.09763E+02 -5.10343E+02
v -7.96165E+02  1.09763E+02 -5.21343E+02
v -8.07665E+02  1.09763E+02 -5.21343E+02
g vc_ws_7194
s 0
f  7305 7306 7307 7308
f  7305 7306 7310 7309
f  7307 7306 7310 7311
f  7308 7307 7311 7312
f  7308 7305 7309 7312
f  7309 7310 7311 7312
v -3.71744E+02  1.54451E+02 -1.80348E+02
v -3.56244E+02  1.54451E+02 -1.80348E+02
v -3.56244E+02  1.54451E+02 -1.95121E+02
v -3.71744E+02  1.54451E+02 -1.95121E+02
v -3.71744E+02  1.24379E+02 -1.80348E+02
v -3.56244E+02  1.24379E+02 -1.80348E+02
v -3.56244E+02  1.24379E+02 -1.95121E+02
v -3.71744E+02  1.24379E+02 -1.95121E+02
g vc_ws_7195
s 0
f  7313 7314 7315 7316
f  7313 7314 7318 7317
f  7315 7314 7318 7319
f  7316 7315 7319 7320
f  7316 7313 7317 7320
f  7317 7318 7319 7320
v -3.71744E+02  1.24379E+02 -1.80348E+02
v -3.56244E+02  1.24379E+02 -1.80348E+02
v -3.56244E+02  1.24379E+02 -1.95121E+02
v -3.71744E+02  1.24379E+02 -1.95121E+02
v -3.71744E+02  9.43077E+01 -1.80348E+02
v -3.56244E+02  9.43077E+01 -1.80348E+02
v -3.56244E+02  9.43077E+01 -1.95121E+02
v -3.71744E+02  9.43077E+01 -1.95121E+02
g vc_ws_7196
s 0
f  7321 7322 7323 7324
f  7321 7322 7326 7325
f  7323 7322 7326 7327
f  7324 7323 7327 7328
f  7324 7321 7325 7328
f  7325 7326 7327 7328
v -3.97012E+00  6.48190E+01 -2.48081E+02
v  1.55299E+01  6.48190E+01 -2.48081E+02
v  1.55299E+01  6.48190E+01 -2.58254E+02
v -3.97012E+00  6.48190E+01 -2.58254E+02
v -3.97012E+00  3.68200E+01 -2.48081E+02
v  1.55299E+01  3.68200E+01 -2.48081E+02
v  1.55299E+01  3.68200E+01 -2.58254E+02
v -3.97012E+00  3.68200E+01 -2.58254E+02
g vc_ws_7197
s 0
f  7329 7330 7331 7332
f  7329 7330 7334 7333
f  7331 7330 7334 7335
f  7332 7331 7335 7336
f  7332 7329 7333 7336
f  7333 7334 7335 7336
v  1.17167E+02  1.45616E+02  1.90594E+02
v  1.34777E+02  1.45616E+02  1.90594E+02
v  1.34777E+02  1.45616E+02  1.67831E+02
v  1.17167E+02  1.45616E+02  1.67831E+02
v  1.17167E+02  1.28954E+02  1.90594E+02
v  1.34777E+02  1.28954E+02  1.90594E+02
v  1.34777E+02  1.28954E+02  1.67831E+02
v  1.17167E+02  1.28954E+02  1.67831E+02
g vc_ws_7199
s 0
f  7337 7338 7339 7340
f  7337 7338 7342 7341
f  7339 7338 7342 7343
f  7340 7339 7343 7344
f  7340 7337 7341 7344
f  7341 7342 7343 7344
v  1.17167E+02  1.28954E+02  1.90594E+02
v  1.34777E+02  1.28954E+02  1.90594E+02
v  1.34777E+02  1.28954E+02  1.67831E+02
v  1.17167E+02  1.28954E+02  1.67831E+02
v  1.17167E+02  1.12292E+02  1.90594E+02
v  1.34777E+02  1.12292E+02  1.90594E+02
v  1.34777E+02  1.12292E+02  1.67831E+02
v  1.17167E+02  1.12292E+02  1.67831E+02
g vc_ws_7200
s 0
f  7345 7346 7347 7348
f  7345 7346 7350 7349
f  7347 7346 7350 7351
f  7348 7347 7351 7352
f  7348 7345 7349 7352
f  7349 7350 7351 7352
v  1.55299E+01  6.48190E+01 -2.48081E+02
v  3.45299E+01  6.48190E+01 -2.48081E+02
v  3.45299E+01  6.48190E+01 -2.58254E+02
v  1.55299E+01  6.48190E+01 -2.58254E+02
v  1.55299E+01  4.77015E+01 -2.48081E+02
v  3.45299E+01  4.77015E+01 -2.48081E+02
v  3.45299E+01  4.77015E+01 -2.58254E+02
v  1.55299E+01  4.77015E+01 -2.58254E+02
g vc_ws_7201
s 0
f  7353 7354 7355 7356
f  7353 7354 7358 7357
f  7355 7354 7358 7359
f  7356 7355 7359 7360
f  7356 7353 7357 7360
f  7357 7358 7359 7360
v -7.96165E+02  2.19389E+02 -4.98843E+02
v -7.85665E+02  2.19389E+02 -4.98843E+02
v -7.85665E+02  2.19389E+02 -5.10343E+02
v -7.96165E+02  2.19389E+02 -5.10343E+02
v -7.96165E+02  1.45691E+02 -4.98843E+02
v -7.85665E+02  1.45691E+02 -4.98843E+02
v -7.85665E+02  1.45691E+02 -5.10343E+02
v -7.96165E+02  1.45691E+02 -5.10343E+02
g vc_ws_7203
s 0
f  7361 7362 7363 7364
f  7361 7362 7366 7365
f  7363 7362 7366 7367
f  7364 7363 7367 7368
f  7364 7361 7365 7368
f  7365 7366 7367 7368
v -7.96165E+02  1.45691E+02 -4.98843E+02
v -7.85665E+02  1.45691E+02 -4.98843E+02
v -7.85665E+02  1.45691E+02 -5.10343E+02
v -7.96165E+02  1.45691E+02 -5.10343E+02
v -7.96165E+02  1.09763E+02 -4.98843E+02
v -7.85665E+02  1.09763E+02 -4.98843E+02
v -7.85665E+02  1.09763E+02 -5.10343E+02
v -7.96165E+02  1.09763E+02 -5.10343E+02
g vc_ws_7204
s 0
f  7369 7370 7371 7372
f  7369 7370 7374 7373
f  7371 7370 7374 7375
f  7372 7371 7375 7376
f  7372 7369 7373 7376
f  7373 7374 7375 7376
v -7.96165E+02  2.19389E+02 -5.21343E+02
v -7.85665E+02  2.19389E+02 -5.21343E+02
v -7.85665E+02  2.19389E+02 -5.32843E+02
v -7.96165E+02  2.19389E+02 -5.32843E+02
v -7.96165E+02  1.79325E+02 -5.21343E+02
v -7.85665E+02  1.79325E+02 -5.21343E+02
v -7.85665E+02  1.79325E+02 -5.32843E+02
v -7.96165E+02  1.79325E+02 -5.32843E+02
g vc_ws_7205
s 0
f  7377 7378 7379 7380
f  7377 7378 7382 7381
f  7379 7378 7382 7383
f  7380 7379 7383 7384
f  7380 7377 7381 7384
f  7381 7382 7383 7384
v -7.96165E+02  1.79325E+02 -5.21343E+02
v -7.85665E+02  1.79325E+02 -5.21343E+02
v -7.85665E+02  1.79325E+02 -5.32843E+02
v -7.96165E+02  1.79325E+02 -5.32843E+02
v -7.96165E+02  1.09763E+02 -5.21343E+02
v -7.85665E+02  1.09763E+02 -5.21343E+02
v -7.85665E+02  1.09763E+02 -5.32843E+02
v -7.96165E+02  1.09763E+02 -5.32843E+02
g vc_ws_7206
s 0
f  7385 7386 7387 7388
f  7385 7386 7390 7389
f  7387 7386 7390 7391
f  7388 7387 7391 7392
f  7388 7385 7389 7392
f  7389 7390 7391 7392
v -3.85945E+02  1.54432E+02 -1.94411E+02
v -3.71744E+02  1.54432E+02 -1.94411E+02
v -3.71744E+02  1.54432E+02 -2.10911E+02
v -3.85945E+02  1.54432E+02 -2.10911E+02
v -3.85945E+02  1.26238E+02 -1.94411E+02
v -3.71744E+02  1.26238E+02 -1.94411E+02
v -3.71744E+02  1.26238E+02 -2.10911E+02
v -3.85945E+02  1.26238E+02 -2.10911E+02
g vc_ws_7207
s 0
f  7393 7394 7395 7396
f  7393 7394 7398 7397
f  7395 7394 7398 7399
f  7396 7395 7399 7400
f  7396 7393 7397 7400
f  7397 7398 7399 7400
v -3.85945E+02  1.26238E+02 -1.94411E+02
v -3.71744E+02  1.26238E+02 -1.94411E+02
v -3.71744E+02  1.26238E+02 -2.10911E+02
v -3.85945E+02  1.26238E+02 -2.10911E+02
v -3.85945E+02  9.80444E+01 -1.94411E+02
v -3.71744E+02  9.80444E+01 -1.94411E+02
v -3.71744E+02  9.80444E+01 -2.10911E+02
v -3.85945E+02  9.80444E+01 -2.10911E+02
g vc_ws_7208
s 0
f  7401 7402 7403 7404
f  7401 7402 7406 7405
f  7403 7402 7406 7407
f  7404 7403 7407 7408
f  7404 7401 7405 7408
f  7405 7406 7407 7408
v  8.09147E+01  1.44477E+02  1.67831E+02
v  9.86665E+01  1.44477E+02  1.67831E+02
v  9.86665E+01  1.44477E+02  1.43331E+02
v  8.09147E+01  1.44477E+02  1.43331E+02
v  8.09147E+01  1.29410E+02  1.67831E+02
v  9.86665E+01  1.29410E+02  1.67831E+02
v  9.86665E+01  1.29410E+02  1.43331E+02
v  8.09147E+01  1.29410E+02  1.43331E+02
g vc_ws_7209
s 0
f  7409 7410 7411 7412
f  7409 7410 7414 7413
f  7411 7410 7414 7415
f  7412 7411 7415 7416
f  7412 7409 7413 7416
f  7413 7414 7415 7416
v  8.09147E+01  1.29410E+02  1.67831E+02
v  9.86665E+01  1.29410E+02  1.67831E+02
v  9.86665E+01  1.29410E+02  1.43331E+02
v  8.09147E+01  1.29410E+02  1.43331E+02
v  8.09147E+01  1.14343E+02  1.67831E+02
v  9.86665E+01  1.14343E+02  1.67831E+02
v  9.86665E+01  1.14343E+02  1.43331E+02
v  8.09147E+01  1.14343E+02  1.43331E+02
g vc_ws_7210
s 0
f  7417 7418 7419 7420
f  7417 7418 7422 7421
f  7419 7418 7422 7423
f  7420 7419 7423 7424
f  7420 7417 7421 7424
f  7421 7422 7423 7424
v -3.43631E+02  1.44406E+02 -1.33566E+02
v -3.28131E+02  1.44406E+02 -1.33566E+02
v -3.28131E+02  1.44406E+02 -1.50066E+02
v -3.43631E+02  1.44406E+02 -1.50066E+02
v -3.43631E+02  1.19338E+02 -1.33566E+02
v -3.28131E+02  1.19338E+02 -1.33566E+02
v -3.28131E+02  1.19338E+02 -1.50066E+02
v -3.43631E+02  1.19338E+02 -1.50066E+02
g vc_ws_7211
s 0
f  7425 7426 7427 7428
f  7425 7426 7430 7429
f  7427 7426 7430 7431
f  7428 7427 7431 7432
f  7428 7425 7429 7432
f  7429 7430 7431 7432
v -3.43631E+02  1.19338E+02 -1.33566E+02
v -3.28131E+02  1.19338E+02 -1.33566E+02
v -3.28131E+02  1.19338E+02 -1.50066E+02
v -3.43631E+02  1.19338E+02 -1.50066E+02
v -3.43631E+02  9.42704E+01 -1.33566E+02
v -3.28131E+02  9.42704E+01 -1.33566E+02
v -3.28131E+02  9.42704E+01 -1.50066E+02
v -3.43631E+02  9.42704E+01 -1.50066E+02
g vc_ws_7212
s 0
f  7433 7434 7435 7436
f  7433 7434 7438 7437
f  7435 7434 7438 7439
f  7436 7435 7439 7440
f  7436 7433 7437 7440
f  7437 7438 7439 7440
v -3.85945E+02  1.54422E+02 -2.26687E+02
v -3.71744E+02  1.54422E+02 -2.26687E+02
v -3.71744E+02  1.54422E+02 -2.43187E+02
v -3.85945E+02  1.54422E+02 -2.43187E+02
v -3.85945E+02  1.27283E+02 -2.26687E+02
v -3.71744E+02  1.27283E+02 -2.26687E+02
v -3.71744E+02  1.27283E+02 -2.43187E+02
v -3.85945E+02  1.27283E+02 -2.43187E+02
g vc_ws_7213
s 0
f  7441 7442 7443 7444
f  7441 7442 7446 7445
f  7443 7442 7446 7447
f  7444 7443 7447 7448
f  7444 7441 7445 7448
f  7445 7446 7447 7448
v -3.85945E+02  1.27283E+02 -2.26687E+02
v -3.71744E+02  1.27283E+02 -2.26687E+02
v -3.71744E+02  1.27283E+02 -2.43187E+02
v -3.85945E+02  1.27283E+02 -2.43187E+02
v -3.85945E+02  1.00145E+02 -2.26687E+02
v -3.71744E+02  1.00145E+02 -2.26687E+02
v -3.71744E+02  1.00145E+02 -2.43187E+02
v -3.85945E+02  1.00145E+02 -2.43187E+02
g vc_ws_7214
s 0
f  7449 7450 7451 7452
f  7449 7450 7454 7453
f  7451 7450 7454 7455
f  7452 7451 7455 7456
f  7452 7449 7453 7456
f  7453 7454 7455 7456
v  2.00227E+02  1.48266E+02  2.47982E+02
v  2.17727E+02  1.48266E+02  2.47982E+02
v  2.17727E+02  1.48266E+02  2.30482E+02
v  2.00227E+02  1.48266E+02  2.30482E+02
v  2.00227E+02  1.27514E+02  2.47982E+02
v  2.17727E+02  1.27514E+02  2.47982E+02
v  2.17727E+02  1.27514E+02  2.30482E+02
v  2.00227E+02  1.27514E+02  2.30482E+02
g vc_ws_7215
s 0
f  7457 7458 7459 7460
f  7457 7458 7462 7461
f  7459 7458 7462 7463
f  7460 7459 7463 7464
f  7460 7457 7461 7464
f  7461 7462 7463 7464
v  2.00227E+02  1.27514E+02  2.47982E+02
v  2.17727E+02  1.27514E+02  2.47982E+02
v  2.17727E+02  1.27514E+02  2.30482E+02
v  2.00227E+02  1.27514E+02  2.30482E+02
v  2.00227E+02  1.06763E+02  2.47982E+02
v  2.17727E+02  1.06763E+02  2.47982E+02
v  2.17727E+02  1.06763E+02  2.30482E+02
v  2.00227E+02  1.06763E+02  2.30482E+02
g vc_ws_7216
s 0
f  7465 7466 7467 7468
f  7465 7466 7470 7469
f  7467 7466 7470 7471
f  7468 7467 7471 7472
f  7468 7465 7469 7472
f  7469 7470 7471 7472
v -1.07825E+02  1.09217E+02 -5.15228E+01
v -9.71505E+01  1.09217E+02 -5.15228E+01
v -9.71505E+01  1.09217E+02 -6.20228E+01
v -1.07825E+02  1.09217E+02 -6.20228E+01
v -1.07825E+02  6.93737E+01 -5.15228E+01
v -9.71505E+01  6.93737E+01 -5.15228E+01
v -9.71505E+01  6.93737E+01 -6.20228E+01
v -1.07825E+02  6.93737E+01 -6.20228E+01
g vc_ws_7217
s 0
f  7473 7474 7475 7476
f  7473 7474 7478 7477
f  7475 7474 7478 7479
f  7476 7475 7479 7480
f  7476 7473 7477 7480
f  7477 7478 7479 7480
v -3.28131E+02  1.44442E+02 -1.33566E+02
v -3.14736E+02  1.44442E+02 -1.33566E+02
v -3.14736E+02  1.44442E+02 -1.50066E+02
v -3.28131E+02  1.44442E+02 -1.50066E+02
v -3.28131E+02  1.15741E+02 -1.33566E+02
v -3.14736E+02  1.15741E+02 -1.33566E+02
v -3.14736E+02  1.15741E+02 -1.50066E+02
v -3.28131E+02  1.15741E+02 -1.50066E+02
g vc_ws_7219
s 0
f  7481 7482 7483 7484
f  7481 7482 7486 7485
f  7483 7482 7486 7487
f  7484 7483 7487 7488
f  7484 7481 7485 7488
f  7485 7486 7487 7488
v -3.28131E+02  1.15741E+02 -1.33566E+02
v -3.14736E+02  1.15741E+02 -1.33566E+02
v -3.14736E+02  1.15741E+02 -1.50066E+02
v -3.28131E+02  1.15741E+02 -1.50066E+02
v -3.28131E+02  8.70392E+01 -1.33566E+02
v -3.14736E+02  8.70392E+01 -1.33566E+02
v -3.14736E+02  8.70392E+01 -1.50066E+02
v -3.28131E+02  8.70392E+01 -1.50066E+02
g vc_ws_7220
s 0
f  7489 7490 7491 7492
f  7489 7490 7494 7493
f  7491 7490 7494 7495
f  7492 7491 7495 7496
f  7492 7489 7493 7496
f  7493 7494 7495 7496
v -5.10235E+02  1.15327E+02 -5.92879E+02
v -4.80390E+02  1.15327E+02 -5.92879E+02
v -4.80390E+02  1.15327E+02 -6.23017E+02
v -5.10235E+02  1.15327E+02 -6.23017E+02
v -5.10235E+02  1.08286E+02 -5.92879E+02
v -4.80390E+02  1.08286E+02 -5.92879E+02
v -4.80390E+02  1.08286E+02 -6.23017E+02
v -5.10235E+02  1.08286E+02 -6.23017E+02
g vc_ws_7221
s 0
f  7497 7498 7499 7500
f  7497 7498 7502 7501
f  7499 7498 7502 7503
f  7500 7499 7503 7504
f  7500 7497 7501 7504
f  7501 7502 7503 7504
v -5.10235E+02  1.08286E+02 -5.92879E+02
v -4.80390E+02  1.08286E+02 -5.92879E+02
v -4.80390E+02  1.08286E+02 -6.23017E+02
v -5.10235E+02  1.08286E+02 -6.23017E+02
v -5.10235E+02  1.01244E+02 -5.92879E+02
v -4.80390E+02  1.01244E+02 -5.92879E+02
v -4.80390E+02  1.01244E+02 -6.23017E+02
v -5.10235E+02  1.01244E+02 -6.23017E+02
g vc_ws_7222
s 0
f  7505 7506 7507 7508
f  7505 7506 7510 7509
f  7507 7506 7510 7511
f  7508 7507 7511 7512
f  7508 7505 7509 7512
f  7509 7510 7511 7512
v -7.96165E+02  2.19389E+02 -5.10343E+02
v -7.85665E+02  2.19389E+02 -5.10343E+02
v -7.85665E+02  2.19389E+02 -5.21343E+02
v -7.96165E+02  2.19389E+02 -5.21343E+02
v -7.96165E+02  1.45691E+02 -5.10343E+02
v -7.85665E+02  1.45691E+02 -5.10343E+02
v -7.85665E+02  1.45691E+02 -5.21343E+02
v -7.96165E+02  1.45691E+02 -5.21343E+02
g vc_ws_7223
s 0
f  7513 7514 7515 7516
f  7513 7514 7518 7517
f  7515 7514 7518 7519
f  7516 7515 7519 7520
f  7516 7513 7517 7520
f  7517 7518 7519 7520
v -7.96165E+02  1.45691E+02 -5.10343E+02
v -7.85665E+02  1.45691E+02 -5.10343E+02
v -7.85665E+02  1.45691E+02 -5.21343E+02
v -7.96165E+02  1.45691E+02 -5.21343E+02
v -7.96165E+02  1.09763E+02 -5.10343E+02
v -7.85665E+02  1.09763E+02 -5.10343E+02
v -7.85665E+02  1.09763E+02 -5.21343E+02
v -7.96165E+02  1.09763E+02 -5.21343E+02
g vc_ws_7224
s 0
f  7521 7522 7523 7524
f  7521 7522 7526 7525
f  7523 7522 7526 7527
f  7524 7523 7527 7528
f  7524 7521 7525 7528
f  7525 7526 7527 7528
v -3.39808E+02  2.19389E+02  9.52511E+01
v -3.28308E+02  2.19389E+02  9.52511E+01
v -3.28308E+02  2.19389E+02  8.27511E+01
v -3.39808E+02  2.19389E+02  8.27511E+01
v -3.39808E+02  1.76870E+02  9.52511E+01
v -3.28308E+02  1.76870E+02  9.52511E+01
v -3.28308E+02  1.76870E+02  8.27511E+01
v -3.39808E+02  1.76870E+02  8.27511E+01
g vc_ws_7225
s 0
f  7529 7530 7531 7532
f  7529 7530 7534 7533
f  7531 7530 7534 7535
f  7532 7531 7535 7536
f  7532 7529 7533 7536
f  7533 7534 7535 7536
v -3.39808E+02  1.76870E+02  9.52511E+01
v -3.28308E+02  1.76870E+02  9.52511E+01
v -3.28308E+02  1.76870E+02  8.27511E+01
v -3.39808E+02  1.76870E+02  8.27511E+01
v -3.39808E+02  1.31983E+02  9.52511E+01
v -3.28308E+02  1.31983E+02  9.52511E+01
v -3.28308E+02  1.31983E+02  8.27511E+01
v -3.39808E+02  1.31983E+02  8.27511E+01
g vc_ws_7226
s 0
f  7537 7538 7539 7540
f  7537 7538 7542 7541
f  7539 7538 7542 7543
f  7540 7539 7543 7544
f  7540 7537 7541 7544
f  7541 7542 7543 7544
v -8.07665E+02  1.47471E+02 -5.32843E+02
v -7.85665E+02  1.47471E+02 -5.32843E+02
v -7.85665E+02  1.47471E+02 -5.48685E+02
v -8.07665E+02  1.47471E+02 -5.48685E+02
v -8.07665E+02  1.29545E+02 -5.32843E+02
v -7.85665E+02  1.29545E+02 -5.32843E+02
v -7.85665E+02  1.29545E+02 -5.48685E+02
v -8.07665E+02  1.29545E+02 -5.48685E+02
g vc_ws_7227
s 0
f  7545 7546 7547 7548
f  7545 7546 7550 7549
f  7547 7546 7550 7551
f  7548 7547 7551 7552
f  7548 7545 7549 7552
f  7549 7550 7551 7552
v -2.98625E+02  2.19389E+02  9.52511E+01
v -2.87125E+02  2.19389E+02  9.52511E+01
v -2.87125E+02  2.19389E+02  8.27511E+01
v -2.98625E+02  2.19389E+02  8.27511E+01
v -2.98625E+02  1.76810E+02  9.52511E+01
v -2.87125E+02  1.76810E+02  9.52511E+01
v -2.87125E+02  1.76810E+02  8.27511E+01
v -2.98625E+02  1.76810E+02  8.27511E+01
g vc_ws_7229
s 0
f  7553 7554 7555 7556
f  7553 7554 7558 7557
f  7555 7554 7558 7559
f  7556 7555 7559 7560
f  7556 7553 7557 7560
f  7557 7558 7559 7560
v -2.98625E+02  1.76810E+02  9.52511E+01
v -2.87125E+02  1.76810E+02  9.52511E+01
v -2.87125E+02  1.76810E+02  8.27511E+01
v -2.98625E+02  1.76810E+02  8.27511E+01
v -2.98625E+02  1.34230E+02  9.52511E+01
v -2.87125E+02  1.34230E+02  9.52511E+01
v -2.87125E+02  1.34230E+02  8.27511E+01
v -2.98625E+02  1.34230E+02  8.27511E+01
g vc_ws_7230
s 0
f  7561 7562 7563 7564
f  7561 7562 7566 7565
f  7563 7562 7566 7567
f  7564 7563 7567 7568
f  7564 7561 7565 7568
f  7565 7566 7567 7568
v  8.09147E+01  1.44477E+02  1.90594E+02
v  9.86665E+01  1.44477E+02  1.90594E+02
v  9.86665E+01  1.44477E+02  1.67831E+02
v  8.09147E+01  1.44477E+02  1.67831E+02
v  8.09147E+01  1.29410E+02  1.90594E+02
v  9.86665E+01  1.29410E+02  1.90594E+02
v  9.86665E+01  1.29410E+02  1.67831E+02
v  8.09147E+01  1.29410E+02  1.67831E+02
g vc_ws_7231
s 0
f  7569 7570 7571 7572
f  7569 7570 7574 7573
f  7571 7570 7574 7575
f  7572 7571 7575 7576
f  7572 7569 7573 7576
f  7573 7574 7575 7576
v  8.09147E+01  1.29410E+02  1.90594E+02
v  9.86665E+01  1.29410E+02  1.90594E+02
v  9.86665E+01  1.29410E+02  1.67831E+02
v  8.09147E+01  1.29410E+02  1.67831E+02
v  8.09147E+01  1.14343E+02  1.90594E+02
v  9.86665E+01  1.14343E+02  1.90594E+02
v  9.86665E+01  1.14343E+02  1.67831E+02
v  8.09147E+01  1.14343E+02  1.67831E+02
g vc_ws_7232
s 0
f  7577 7578 7579 7580
f  7577 7578 7582 7581
f  7579 7578 7582 7583
f  7580 7579 7583 7584
f  7580 7577 7581 7584
f  7581 7582 7583 7584
v -3.85945E+02  1.54422E+02 -2.10911E+02
v -3.71744E+02  1.54422E+02 -2.10911E+02
v -3.71744E+02  1.54422E+02 -2.26687E+02
v -3.85945E+02  1.54422E+02 -2.26687E+02
v -3.85945E+02  1.27283E+02 -2.10911E+02
v -3.71744E+02  1.27283E+02 -2.10911E+02
v -3.71744E+02  1.27283E+02 -2.26687E+02
v -3.85945E+02  1.27283E+02 -2.26687E+02
g vc_ws_7233
s 0
f  7585 7586 7587 7588
f  7585 7586 7590 7589
f  7587 7586 7590 7591
f  7588 7587 7591 7592
f  7588 7585 7589 7592
f  7589 7590 7591 7592
v -3.85945E+02  1.27283E+02 -2.10911E+02
v -3.71744E+02  1.27283E+02 -2.10911E+02
v -3.71744E+02  1.27283E+02 -2.26687E+02
v -3.85945E+02  1.27283E+02 -2.26687E+02
v -3.85945E+02  1.00145E+02 -2.10911E+02
v -3.71744E+02  1.00145E+02 -2.10911E+02
v -3.71744E+02  1.00145E+02 -2.26687E+02
v -3.85945E+02  1.00145E+02 -2.26687E+02
g vc_ws_7234
s 0
f  7593 7594 7595 7596
f  7593 7594 7598 7597
f  7595 7594 7598 7599
f  7596 7595 7599 7600
f  7596 7593 7597 7600
f  7597 7598 7599 7600
v -1.57381E+02  1.77282E+02  9.93251E+01
v -1.39881E+02  1.77282E+02  9.93251E+01
v -1.39881E+02  1.77282E+02  8.28251E+01
v -1.57381E+02  1.77282E+02  8.28251E+01
v -1.57381E+02  1.56229E+02  9.93251E+01
v -1.39881E+02  1.56229E+02  9.93251E+01
v -1.39881E+02  1.56229E+02  8.28251E+01
v -1.57381E+02  1.56229E+02  8.28251E+01
g vc_ws_7235
s 0
f  7601 7602 7603 7604
f  7601 7602 7606 7605
f  7603 7602 7606 7607
f  7604 7603 7607 7608
f  7604 7601 7605 7608
f  7605 7606 7607 7608
v -1.57381E+02  1.56229E+02  9.93251E+01
v -1.39881E+02  1.56229E+02  9.93251E+01
v -1.39881E+02  1.56229E+02  8.28251E+01
v -1.57381E+02  1.56229E+02  8.28251E+01
v -1.57381E+02  1.35175E+02  9.93251E+01
v -1.39881E+02  1.35175E+02  9.93251E+01
v -1.39881E+02  1.35175E+02  8.28251E+01
v -1.57381E+02  1.35175E+02  8.28251E+01
g vc_ws_7236
s 0
f  7609 7610 7611 7612
f  7609 7610 7614 7613
f  7611 7610 7614 7615
f  7612 7611 7615 7616
f  7612 7609 7613 7616
f  7613 7614 7615 7616
v -1.09013E+02  3.21468E+01 -1.06104E+03
v -9.12617E+01  3.21468E+01 -1.06104E+03
v -9.12617E+01  3.21468E+01 -1.07987E+03
v -1.09013E+02  3.21468E+01 -1.07987E+03
v -1.09013E+02  2.25323E+01 -1.06104E+03
v -9.12617E+01  2.25323E+01 -1.06104E+03
v -9.12617E+01  2.25323E+01 -1.07987E+03
v -1.09013E+02  2.25323E+01 -1.07987E+03
g vc_ws_7237
s 0
f  7617 7618 7619 7620
f  7617 7618 7622 7621
f  7619 7618 7622 7623
f  7620 7619 7623 7624
f  7620 7617 7621 7624
f  7621 7622 7623 7624
v -8.31165E+02  2.19389E+02 -4.98843E+02
v -8.18665E+02  2.19389E+02 -4.98843E+02
v -8.18665E+02  2.19389E+02 -5.10343E+02
v -8.31165E+02  2.19389E+02 -5.10343E+02
v -8.31165E+02  1.84186E+02 -4.98843E+02
v -8.18665E+02  1.84186E+02 -4.98843E+02
v -8.18665E+02  1.84186E+02 -5.10343E+02
v -8.31165E+02  1.84186E+02 -5.10343E+02
g vc_ws_7239
s 0
f  7625 7626 7627 7628
f  7625 7626 7630 7629
f  7627 7626 7630 7631
f  7628 7627 7631 7632
f  7628 7625 7629 7632
f  7629 7630 7631 7632
v -8.31165E+02  1.84186E+02 -4.98843E+02
v -8.18665E+02  1.84186E+02 -4.98843E+02
v -8.18665E+02  1.84186E+02 -5.10343E+02
v -8.31165E+02  1.84186E+02 -5.10343E+02
v -8.31165E+02  1.36985E+02 -4.98843E+02
v -8.18665E+02  1.36985E+02 -4.98843E+02
v -8.18665E+02  1.36985E+02 -5.10343E+02
v -8.31165E+02  1.36985E+02 -5.10343E+02
g vc_ws_7240
s 0
f  7633 7634 7635 7636
f  7633 7634 7638 7637
f  7635 7634 7638 7639
f  7636 7635 7639 7640
f  7636 7633 7637 7640
f  7637 7638 7639 7640
v  2.17727E+02  1.48266E+02  2.47982E+02
v  2.33727E+02  1.48266E+02  2.47982E+02
v  2.33727E+02  1.48266E+02  2.30482E+02
v  2.17727E+02  1.48266E+02  2.30482E+02
v  2.17727E+02  1.27514E+02  2.47982E+02
v  2.33727E+02  1.27514E+02  2.47982E+02
v  2.33727E+02  1.27514E+02  2.30482E+02
v  2.17727E+02  1.27514E+02  2.30482E+02
g vc_ws_7241
s 0
f  7641 7642 7643 7644
f  7641 7642 7646 7645
f  7643 7642 7646 7647
f  7644 7643 7647 7648
f  7644 7641 7645 7648
f  7645 7646 7647 7648
v  2.17727E+02  1.27514E+02  2.47982E+02
v  2.33727E+02  1.27514E+02  2.47982E+02
v  2.33727E+02  1.27514E+02  2.30482E+02
v  2.17727E+02  1.27514E+02  2.30482E+02
v  2.17727E+02  1.06763E+02  2.47982E+02
v  2.33727E+02  1.06763E+02  2.47982E+02
v  2.33727E+02  1.06763E+02  2.30482E+02
v  2.17727E+02  1.06763E+02  2.30482E+02
g vc_ws_7242
s 0
f  7649 7650 7651 7652
f  7649 7650 7654 7653
f  7651 7650 7654 7655
f  7652 7651 7655 7656
f  7652 7649 7653 7656
f  7653 7654 7655 7656
v -3.57631E+02  1.44406E+02 -1.63848E+02
v -3.43631E+02  1.44406E+02 -1.63848E+02
v -3.43631E+02  1.44406E+02 -1.80348E+02
v -3.57631E+02  1.44406E+02 -1.80348E+02
v -3.57631E+02  1.19338E+02 -1.63848E+02
v -3.43631E+02  1.19338E+02 -1.63848E+02
v -3.43631E+02  1.19338E+02 -1.80348E+02
v -3.57631E+02  1.19338E+02 -1.80348E+02
g vc_ws_7243
s 0
f  7657 7658 7659 7660
f  7657 7658 7662 7661
f  7659 7658 7662 7663
f  7660 7659 7663 7664
f  7660 7657 7661 7664
f  7661 7662 7663 7664
v -3.57631E+02  1.19338E+02 -1.63848E+02
v -3.43631E+02  1.19338E+02 -1.63848E+02
v -3.43631E+02  1.19338E+02 -1.80348E+02
v -3.57631E+02  1.19338E+02 -1.80348E+02
v -3.57631E+02  9.42704E+01 -1.63848E+02
v -3.43631E+02  9.42704E+01 -1.63848E+02
v -3.43631E+02  9.42704E+01 -1.80348E+02
v -3.57631E+02  9.42704E+01 -1.80348E+02
g vc_ws_7244
s 0
f  7665 7666 7667 7668
f  7665 7666 7670 7669
f  7667 7666 7670 7671
f  7668 7667 7671 7672
f  7668 7665 7669 7672
f  7669 7670 7671 7672
v -7.43790E+02  1.73317E+02 -3.44300E+02
v -7.32290E+02  1.73317E+02 -3.44300E+02
v -7.32290E+02  1.73317E+02 -3.59800E+02
v -7.43790E+02  1.73317E+02 -3.59800E+02
v -7.43790E+02  1.40865E+02 -3.44300E+02
v -7.32290E+02  1.40865E+02 -3.44300E+02
v -7.32290E+02  1.40865E+02 -3.59800E+02
v -7.43790E+02  1.40865E+02 -3.59800E+02
g vc_ws_7245
s 0
f  7673 7674 7675 7676
f  7673 7674 7678 7677
f  7675 7674 7678 7679
f  7676 7675 7679 7680
f  7676 7673 7677 7680
f  7677 7678 7679 7680
v -7.43790E+02  1.40865E+02 -3.44300E+02
v -7.32290E+02  1.40865E+02 -3.44300E+02
v -7.32290E+02  1.40865E+02 -3.59800E+02
v -7.43790E+02  1.40865E+02 -3.59800E+02
v -7.43790E+02  1.08413E+02 -3.44300E+02
v -7.32290E+02  1.08413E+02 -3.44300E+02
v -7.32290E+02  1.08413E+02 -3.59800E+02
v -7.43790E+02  1.08413E+02 -3.59800E+02
g vc_ws_7246
s 0
f  7681 7682 7683 7684
f  7681 7682 7686 7685
f  7683 7682 7686 7687
f  7684 7683 7687 7688
f  7684 7681 7685 7688
f  7685 7686 7687 7688
v  2.00227E+02  1.48258E+02  2.30482E+02
v  2.17727E+02  1.48258E+02  2.30482E+02
v  2.17727E+02  1.48258E+02  2.14175E+02
v  2.00227E+02  1.48258E+02  2.14175E+02
v  2.00227E+02  1.28359E+02  2.30482E+02
v  2.17727E+02  1.28359E+02  2.30482E+02
v  2.17727E+02  1.28359E+02  2.14175E+02
v  2.00227E+02  1.28359E+02  2.14175E+02
g vc_ws_7247
s 0
f  7689 7690 7691 7692
f  7689 7690 7694 7693
f  7691 7690 7694 7695
f  7692 7691 7695 7696
f  7692 7689 7693 7696
f  7693 7694 7695 7696
v  2.00227E+02  1.28359E+02  2.30482E+02
v  2.17727E+02  1.28359E+02  2.30482E+02
v  2.17727E+02  1.28359E+02  2.14175E+02
v  2.00227E+02  1.28359E+02  2.14175E+02
v  2.00227E+02  1.08461E+02  2.30482E+02
v  2.17727E+02  1.08461E+02  2.30482E+02
v  2.17727E+02  1.08461E+02  2.14175E+02
v  2.00227E+02  1.08461E+02  2.14175E+02
g vc_ws_7248
s 0
f  7697 7698 7699 7700
f  7697 7698 7702 7701
f  7699 7698 7702 7703
f  7700 7699 7703 7704
f  7700 7697 7701 7704
f  7701 7702 7703 7704
v -2.94485E+02  1.15884E+02 -3.99970E+02
v -2.75930E+02  1.15884E+02 -3.99970E+02
v -2.75930E+02  1.15884E+02 -4.26970E+02
v -2.94485E+02  1.15884E+02 -4.26970E+02
v -2.94485E+02  1.04876E+02 -3.99970E+02
v -2.75930E+02  1.04876E+02 -3.99970E+02
v -2.75930E+02  1.04876E+02 -4.26970E+02
v -2.94485E+02  1.04876E+02 -4.26970E+02
g vc_ws_7249
s 0
f  7705 7706 7707 7708
f  7705 7706 7710 7709
f  7707 7706 7710 7711
f  7708 7707 7711 7712
f  7708 7705 7709 7712
f  7709 7710 7711 7712
v -3.28308E+02  2.19389E+02  9.52511E+01
v -3.18308E+02  2.19389E+02  9.52511E+01
v -3.18308E+02  2.19389E+02  8.27511E+01
v -3.28308E+02  2.19389E+02  8.27511E+01
v -3.28308E+02  1.75686E+02  9.52511E+01
v -3.18308E+02  1.75686E+02  9.52511E+01
v -3.18308E+02  1.75686E+02  8.27511E+01
v -3.28308E+02  1.75686E+02  8.27511E+01
g vc_ws_7251
s 0
f  7713 7714 7715 7716
f  7713 7714 7718 7717
f  7715 7714 7718 7719
f  7716 7715 7719 7720
f  7716 7713 7717 7720
f  7717 7718 7719 7720
v -3.28308E+02  1.75686E+02  9.52511E+01
v -3.18308E+02  1.75686E+02  9.52511E+01
v -3.18308E+02  1.75686E+02  8.27511E+01
v -3.28308E+02  1.75686E+02  8.27511E+01
v -3.28308E+02  1.31983E+02  9.52511E+01
v -3.18308E+02  1.31983E+02  9.52511E+01
v -3.18308E+02  1.31983E+02  8.27511E+01
v -3.28308E+02  1.31983E+02  8.27511E+01
g vc_ws_7252
s 0
f  7721 7722 7723 7724
f  7721 7722 7726 7725
f  7723 7722 7726 7727
f  7724 7723 7727 7728
f  7724 7721 7725 7728
f  7725 7726 7727 7728
v  4.90829E+02  8.43976E+01 -4.30057E+01
v  5.09329E+02  8.43976E+01 -4.30057E+01
v  5.09329E+02  8.43976E+01 -6.50057E+01
v  4.90829E+02  8.43976E+01 -6.50057E+01
v  4.90829E+02  7.10838E+01 -4.30057E+01
v  5.09329E+02  7.10838E+01 -4.30057E+01
v  5.09329E+02  7.10838E+01 -6.50057E+01
v  4.90829E+02  7.10838E+01 -6.50057E+01
g vc_ws_7253
s 0
f  7729 7730 7731 7732
f  7729 7730 7734 7733
f  7731 7730 7734 7735
f  7732 7731 7735 7736
f  7732 7729 7733 7736
f  7733 7734 7735 7736
v  4.90829E+02  7.10838E+01 -4.30057E+01
v  5.09329E+02  7.10838E+01 -4.30057E+01
v  5.09329E+02  7.10838E+01 -6.50057E+01
v  4.90829E+02  7.10838E+01 -6.50057E+01
v  4.90829E+02  5.77700E+01 -4.30057E+01
v  5.09329E+02  5.77700E+01 -4.30057E+01
v  5.09329E+02  5.77700E+01 -6.50057E+01
v  4.90829E+02  5.77700E+01 -6.50057E+01
g vc_ws_7254
s 0
f  7737 7738 7739 7740
f  7737 7738 7742 7741
f  7739 7738 7742 7743
f  7740 7739 7743 7744
f  7740 7737 7741 7744
f  7741 7742 7743 7744
v -1.68064E+02  2.19389E+02  9.58004E+01
v -1.57381E+02  2.19389E+02  9.58004E+01
v -1.57381E+02  2.19389E+02  8.33004E+01
v -1.68064E+02  2.19389E+02  8.33004E+01
v -1.68064E+02  1.79181E+02  9.58004E+01
v -1.57381E+02  1.79181E+02  9.58004E+01
v -1.57381E+02  1.79181E+02  8.33004E+01
v -1.68064E+02  1.79181E+02  8.33004E+01
g vc_ws_7255
s 0
f  7745 7746 7747 7748
f  7745 7746 7750 7749
f  7747 7746 7750 7751
f  7748 7747 7751 7752
f  7748 7745 7749 7752
f  7749 7750 7751 7752
v -1.68064E+02  1.79181E+02  9.58004E+01
v -1.57381E+02  1.79181E+02  9.58004E+01
v -1.57381E+02  1.79181E+02  8.33004E+01
v -1.68064E+02  1.79181E+02  8.33004E+01
v -1.68064E+02  1.38973E+02  9.58004E+01
v -1.57381E+02  1.38973E+02  9.58004E+01
v -1.57381E+02  1.38973E+02  8.33004E+01
v -1.68064E+02  1.38973E+02  8.33004E+01
g vc_ws_7256
s 0
f  7753 7754 7755 7756
f  7753 7754 7758 7757
f  7755 7754 7758 7759
f  7756 7755 7759 7760
f  7756 7753 7757 7760
f  7757 7758 7759 7760
v -3.43631E+02  1.44406E+02 -1.50066E+02
v -3.28131E+02  1.44406E+02 -1.50066E+02
v -3.28131E+02  1.44406E+02 -1.63848E+02
v -3.43631E+02  1.44406E+02 -1.63848E+02
v -3.43631E+02  1.19338E+02 -1.50066E+02
v -3.28131E+02  1.19338E+02 -1.50066E+02
v -3.28131E+02  1.19338E+02 -1.63848E+02
v -3.43631E+02  1.19338E+02 -1.63848E+02
g vc_ws_7257
s 0
f  7761 7762 7763 7764
f  7761 7762 7766 7765
f  7763 7762 7766 7767
f  7764 7763 7767 7768
f  7764 7761 7765 7768
f  7765 7766 7767 7768
v -3.43631E+02  1.19338E+02 -1.50066E+02
v -3.28131E+02  1.19338E+02 -1.50066E+02
v -3.28131E+02  1.19338E+02 -1.63848E+02
v -3.43631E+02  1.19338E+02 -1.63848E+02
v -3.43631E+02  9.42704E+01 -1.50066E+02
v -3.28131E+02  9.42704E+01 -1.50066E+02
v -3.28131E+02  9.42704E+01 -1.63848E+02
v -3.43631E+02  9.42704E+01 -1.63848E+02
g vc_ws_7258
s 0
f  7769 7770 7771 7772
f  7769 7770 7774 7773
f  7771 7770 7774 7775
f  7772 7771 7775 7776
f  7772 7769 7773 7776
f  7773 7774 7775 7776
v -1.05345E+02  1.70249E+02  9.93251E+01
v -8.90872E+01  1.70249E+02  9.93251E+01
v -8.90872E+01  1.70249E+02  8.28251E+01
v -1.05345E+02  1.70249E+02  8.28251E+01
v -1.05345E+02  1.50305E+02  9.93251E+01
v -8.90872E+01  1.50305E+02  9.93251E+01
v -8.90872E+01  1.50305E+02  8.28251E+01
v -1.05345E+02  1.50305E+02  8.28251E+01
g vc_ws_7259
s 0
f  7777 7778 7779 7780
f  7777 7778 7782 7781
f  7779 7778 7782 7783
f  7780 7779 7783 7784
f  7780 7777 7781 7784
f  7781 7782 7783 7784
v -1.05345E+02  1.50305E+02  9.93251E+01
v -8.90872E+01  1.50305E+02  9.93251E+01
v -8.90872E+01  1.50305E+02  8.28251E+01
v -1.05345E+02  1.50305E+02  8.28251E+01
v -1.05345E+02  1.30362E+02  9.93251E+01
v -8.90872E+01  1.30362E+02  9.93251E+01
v -8.90872E+01  1.30362E+02  8.28251E+01
v -1.05345E+02  1.30362E+02  8.28251E+01
g vc_ws_7260
s 0
f  7785 7786 7787 7788
f  7785 7786 7790 7789
f  7787 7786 7790 7791
f  7788 7787 7791 7792
f  7788 7785 7789 7792
f  7789 7790 7791 7792
v -2.87125E+02  2.19389E+02  9.52511E+01
v -2.77125E+02  2.19389E+02  9.52511E+01
v -2.77125E+02  2.19389E+02  8.27511E+01
v -2.87125E+02  2.19389E+02  8.27511E+01
v -2.87125E+02  1.76810E+02  9.52511E+01
v -2.77125E+02  1.76810E+02  9.52511E+01
v -2.77125E+02  1.76810E+02  8.27511E+01
v -2.87125E+02  1.76810E+02  8.27511E+01
g vc_ws_7261
s 0
f  7793 7794 7795 7796
f  7793 7794 7798 7797
f  7795 7794 7798 7799
f  7796 7795 7799 7800
f  7796 7793 7797 7800
f  7797 7798 7799 7800
v -2.87125E+02  1.76810E+02  9.52511E+01
v -2.77125E+02  1.76810E+02  9.52511E+01
v -2.77125E+02  1.76810E+02  8.27511E+01
v -2.87125E+02  1.76810E+02  8.27511E+01
v -2.87125E+02  1.34230E+02  9.52511E+01
v -2.77125E+02  1.34230E+02  9.52511E+01
v -2.77125E+02  1.34230E+02  8.27511E+01
v -2.87125E+02  1.34230E+02  8.27511E+01
g vc_ws_7262
s 0
f  7801 7802 7803 7804
f  7801 7802 7806 7805
f  7803 7802 7806 7807
f  7804 7803 7807 7808
f  7804 7801 7805 7808
f  7805 7806 7807 7808
v -9.12617E+01  3.50718E+01 -1.08230E+03
v -7.57617E+01  3.50718E+01 -1.08230E+03
v -7.57617E+01  3.50718E+01 -1.09980E+03
v -9.12617E+01  3.50718E+01 -1.09980E+03
v -9.12617E+01  2.25177E+01 -1.08230E+03
v -7.57617E+01  2.25177E+01 -1.08230E+03
v -7.57617E+01  2.25177E+01 -1.09980E+03
v -9.12617E+01  2.25177E+01 -1.09980E+03
g vc_ws_7263
s 0
f  7809 7810 7811 7812
f  7809 7810 7814 7813
f  7811 7810 7814 7815
f  7812 7811 7815 7816
f  7812 7809 7813 7816
f  7813 7814 7815 7816
v -7.43790E+02  1.73317E+02 -3.30210E+02
v -7.32290E+02  1.73317E+02 -3.30210E+02
v -7.32290E+02  1.73317E+02 -3.44300E+02
v -7.43790E+02  1.73317E+02 -3.44300E+02
v -7.43790E+02  1.40865E+02 -3.30210E+02
v -7.32290E+02  1.40865E+02 -3.30210E+02
v -7.32290E+02  1.40865E+02 -3.44300E+02
v -7.43790E+02  1.40865E+02 -3.44300E+02
g vc_ws_7265
s 0
f  7817 7818 7819 7820
f  7817 7818 7822 7821
f  7819 7818 7822 7823
f  7820 7819 7823 7824
f  7820 7817 7821 7824
f  7821 7822 7823 7824
v -7.43790E+02  1.40865E+02 -3.30210E+02
v -7.32290E+02  1.40865E+02 -3.30210E+02
v -7.32290E+02  1.40865E+02 -3.44300E+02
v -7.43790E+02  1.40865E+02 -3.44300E+02
v -7.43790E+02  1.08413E+02 -3.30210E+02
v -7.32290E+02  1.08413E+02 -3.30210E+02
v -7.32290E+02  1.08413E+02 -3.44300E+02
v -7.43790E+02  1.08413E+02 -3.44300E+02
g vc_ws_7266
s 0
f  7825 7826 7827 7828
f  7825 7826 7830 7829
f  7827 7826 7830 7831
f  7828 7827 7831 7832
f  7828 7825 7829 7832
f  7829 7830 7831 7832
v  7.80876E+01  2.67715E+01 -1.13873E+03
v  1.01588E+02  2.67715E+01 -1.13873E+03
v  1.01588E+02  2.67715E+01 -1.15323E+03
v  7.80876E+01  2.67715E+01 -1.15323E+03
v  7.80876E+01  1.37812E+01 -1.13873E+03
v  1.01588E+02  1.37812E+01 -1.13873E+03
v  1.01588E+02  1.37812E+01 -1.15323E+03
v  7.80876E+01  1.37812E+01 -1.15323E+03
g vc_ws_7267
s 0
f  7833 7834 7835 7836
f  7833 7834 7838 7837
f  7835 7834 7838 7839
f  7836 7835 7839 7840
f  7836 7833 7837 7840
f  7837 7838 7839 7840
v -3.18308E+02  1.76810E+02  9.52511E+01
v -2.98625E+02  1.76810E+02  9.52511E+01
v -2.98625E+02  1.76810E+02  8.27511E+01
v -3.18308E+02  1.76810E+02  8.27511E+01
v -3.18308E+02  1.55520E+02  9.52511E+01
v -2.98625E+02  1.55520E+02  9.52511E+01
v -2.98625E+02  1.55520E+02  8.27511E+01
v -3.18308E+02  1.55520E+02  8.27511E+01
g vc_ws_7269
s 0
f  7841 7842 7843 7844
f  7841 7842 7846 7845
f  7843 7842 7846 7847
f  7844 7843 7847 7848
f  7844 7841 7845 7848
f  7845 7846 7847 7848
v -3.18308E+02  1.55520E+02  9.52511E+01
v -2.98625E+02  1.55520E+02  9.52511E+01
v -2.98625E+02  1.55520E+02  8.27511E+01
v -3.18308E+02  1.55520E+02  8.27511E+01
v -3.18308E+02  1.34230E+02  9.52511E+01
v -2.98625E+02  1.34230E+02  9.52511E+01
v -2.98625E+02  1.34230E+02  8.27511E+01
v -3.18308E+02  1.34230E+02  8.27511E+01
g vc_ws_7270
s 0
f  7849 7850 7851 7852
f  7849 7850 7854 7853
f  7851 7850 7854 7855
f  7852 7851 7855 7856
f  7852 7849 7853 7856
f  7853 7854 7855 7856
v -3.18308E+02  2.19389E+02  9.52511E+01
v -2.98625E+02  2.19389E+02  9.52511E+01
v -2.98625E+02  2.19389E+02  8.27511E+01
v -3.18308E+02  2.19389E+02  8.27511E+01
v -3.18308E+02  2.07894E+02  9.52511E+01
v -2.98625E+02  2.07894E+02  9.52511E+01
v -2.98625E+02  2.07894E+02  8.27511E+01
v -3.18308E+02  2.07894E+02  8.27511E+01
g vc_ws_7271
s 0
f  7857 7858 7859 7860
f  7857 7858 7862 7861
f  7859 7858 7862 7863
f  7860 7859 7863 7864
f  7860 7857 7861 7864
f  7861 7862 7863 7864
v -3.18308E+02  2.07894E+02  9.52511E+01
v -2.98625E+02  2.07894E+02  9.52511E+01
v -2.98625E+02  2.07894E+02  8.27511E+01
v -3.18308E+02  2.07894E+02  8.27511E+01
v -3.18308E+02  1.76810E+02  9.52511E+01
v -2.98625E+02  1.76810E+02  9.52511E+01
v -2.98625E+02  1.76810E+02  8.27511E+01
v -3.18308E+02  1.76810E+02  8.27511E+01
g vc_ws_7272
s 0
f  7865 7866 7867 7868
f  7865 7866 7870 7869
f  7867 7866 7870 7871
f  7868 7867 7871 7872
f  7868 7865 7869 7872
f  7869 7870 7871 7872
v -2.57603E+02  1.78580E+02  9.92511E+01
v -2.42103E+02  1.78580E+02  9.92511E+01
v -2.42103E+02  1.78580E+02  8.27511E+01
v -2.57603E+02  1.78580E+02  8.27511E+01
v -2.57603E+02  1.58176E+02  9.92511E+01
v -2.42103E+02  1.58176E+02  9.92511E+01
v -2.42103E+02  1.58176E+02  8.27511E+01
v -2.57603E+02  1.58176E+02  8.27511E+01
g vc_ws_7273
s 0
f  7873 7874 7875 7876
f  7873 7874 7878 7877
f  7875 7874 7878 7879
f  7876 7875 7879 7880
f  7876 7873 7877 7880
f  7877 7878 7879 7880
v -2.57603E+02  1.58176E+02  9.92511E+01
v -2.42103E+02  1.58176E+02  9.92511E+01
v -2.42103E+02  1.58176E+02  8.27511E+01
v -2.57603E+02  1.58176E+02  8.27511E+01
v -2.57603E+02  1.37771E+02  9.92511E+01
v -2.42103E+02  1.37771E+02  9.92511E+01
v -2.42103E+02  1.37771E+02  8.27511E+01
v -2.57603E+02  1.37771E+02  8.27511E+01
g vc_ws_7274
s 0
f  7881 7882 7883 7884
f  7881 7882 7886 7885
f  7883 7882 7886 7887
f  7884 7883 7887 7888
f  7884 7881 7885 7888
f  7885 7886 7887 7888
v -8.18665E+02  2.19389E+02 -4.98843E+02
v -8.07665E+02  2.19389E+02 -4.98843E+02
v -8.07665E+02  2.19389E+02 -5.10343E+02
v -8.18665E+02  2.19389E+02 -5.10343E+02
v -8.18665E+02  1.84186E+02 -4.98843E+02
v -8.07665E+02  1.84186E+02 -4.98843E+02
v -8.07665E+02  1.84186E+02 -5.10343E+02
v -8.18665E+02  1.84186E+02 -5.10343E+02
g vc_ws_7275
s 0
f  7889 7890 7891 7892
f  7889 7890 7894 7893
f  7891 7890 7894 7895
f  7892 7891 7895 7896
f  7892 7889 7893 7896
f  7893 7894 7895 7896
v -8.18665E+02  1.84186E+02 -4.98843E+02
v -8.07665E+02  1.84186E+02 -4.98843E+02
v -8.07665E+02  1.84186E+02 -5.10343E+02
v -8.18665E+02  1.84186E+02 -5.10343E+02
v -8.18665E+02  1.36985E+02 -4.98843E+02
v -8.07665E+02  1.36985E+02 -4.98843E+02
v -8.07665E+02  1.36985E+02 -5.10343E+02
v -8.18665E+02  1.36985E+02 -5.10343E+02
g vc_ws_7276
s 0
f  7897 7898 7899 7900
f  7897 7898 7902 7901
f  7899 7898 7902 7903
f  7900 7899 7903 7904
f  7900 7897 7901 7904
f  7901 7902 7903 7904
v -5.52064E+02  1.44020E+02  9.71943E+01
v -5.34564E+02  1.44020E+02  9.71943E+01
v -5.34564E+02  1.44020E+02  7.26943E+01
v -5.52064E+02  1.44020E+02  7.26943E+01
v -5.52064E+02  1.31876E+02  9.71943E+01
v -5.34564E+02  1.31876E+02  9.71943E+01
v -5.34564E+02  1.31876E+02  7.26943E+01
v -5.52064E+02  1.31876E+02  7.26943E+01
g vc_ws_7277
s 0
f  7905 7906 7907 7908
f  7905 7906 7910 7909
f  7907 7906 7910 7911
f  7908 7907 7911 7912
f  7908 7905 7909 7912
f  7909 7910 7911 7912
v -8.31165E+02  2.19389E+02 -4.88766E+02
v -8.18665E+02  2.19389E+02 -4.88766E+02
v -8.18665E+02  2.19389E+02 -4.98843E+02
v -8.31165E+02  2.19389E+02 -4.98843E+02
v -8.31165E+02  1.84516E+02 -4.88766E+02
v -8.18665E+02  1.84516E+02 -4.88766E+02
v -8.18665E+02  1.84516E+02 -4.98843E+02
v -8.31165E+02  1.84516E+02 -4.98843E+02
g vc_ws_7279
s 0
f  7913 7914 7915 7916
f  7913 7914 7918 7917
f  7915 7914 7918 7919
f  7916 7915 7919 7920
f  7916 7913 7917 7920
f  7917 7918 7919 7920
v -8.31165E+02  1.84516E+02 -4.88766E+02
v -8.18665E+02  1.84516E+02 -4.88766E+02
v -8.18665E+02  1.84516E+02 -4.98843E+02
v -8.31165E+02  1.84516E+02 -4.98843E+02
v -8.31165E+02  1.36985E+02 -4.88766E+02
v -8.18665E+02  1.36985E+02 -4.88766E+02
v -8.18665E+02  1.36985E+02 -4.98843E+02
v -8.31165E+02  1.36985E+02 -4.98843E+02
g vc_ws_7280
s 0
f  7921 7922 7923 7924
f  7921 7922 7926 7925
f  7923 7922 7926 7927
f  7924 7923 7927 7928
f  7924 7921 7925 7928
f  7925 7926 7927 7928
v  2.49389E+02  1.39617E+02  2.81217E+02
v  2.65423E+02  1.39617E+02  2.81217E+02
v  2.65423E+02  1.39617E+02  2.63717E+02
v  2.49389E+02  1.39617E+02  2.63717E+02
v  2.49389E+02  1.21416E+02  2.81217E+02
v  2.65423E+02  1.21416E+02  2.81217E+02
v  2.65423E+02  1.21416E+02  2.63717E+02
v  2.49389E+02  1.21416E+02  2.63717E+02
g vc_ws_7281
s 0
f  7929 7930 7931 7932
f  7929 7930 7934 7933
f  7931 7930 7934 7935
f  7932 7931 7935 7936
f  7932 7929 7933 7936
f  7933 7934 7935 7936
v  2.49389E+02  1.21416E+02  2.81217E+02
v  2.65423E+02  1.21416E+02  2.81217E+02
v  2.65423E+02  1.21416E+02  2.63717E+02
v  2.49389E+02  1.21416E+02  2.63717E+02
v  2.49389E+02  1.03215E+02  2.81217E+02
v  2.65423E+02  1.03215E+02  2.81217E+02
v  2.65423E+02  1.03215E+02  2.63717E+02
v  2.49389E+02  1.03215E+02  2.63717E+02
g vc_ws_7282
s 0
f  7937 7938 7939 7940
f  7937 7938 7942 7941
f  7939 7938 7942 7943
f  7940 7939 7943 7944
f  7940 7937 7941 7944
f  7941 7942 7943 7944
v -7.63165E+02  1.34155E+02 -5.48685E+02
v -7.42189E+02  1.34155E+02 -5.48685E+02
v -7.42189E+02  1.34155E+02 -5.66185E+02
v -7.63165E+02  1.34155E+02 -5.66185E+02
v -7.63165E+02  1.20279E+02 -5.48685E+02
v -7.42189E+02  1.20279E+02 -5.48685E+02
v -7.42189E+02  1.20279E+02 -5.66185E+02
v -7.63165E+02  1.20279E+02 -5.66185E+02
g vc_ws_7283
s 0
f  7945 7946 7947 7948
f  7945 7946 7950 7949
f  7947 7946 7950 7951
f  7948 7947 7951 7952
f  7948 7945 7949 7952
f  7949 7950 7951 7952
v -7.63165E+02  1.20279E+02 -5.48685E+02
v -7.42189E+02  1.20279E+02 -5.48685E+02
v -7.42189E+02  1.20279E+02 -5.66185E+02
v -7.63165E+02  1.20279E+02 -5.66185E+02
v -7.63165E+02  1.06403E+02 -5.48685E+02
v -7.42189E+02  1.06403E+02 -5.48685E+02
v -7.42189E+02  1.06403E+02 -5.66185E+02
v -7.63165E+02  1.06403E+02 -5.66185E+02
g vc_ws_7284
s 0
f  7953 7954 7955 7956
f  7953 7954 7958 7957
f  7955 7954 7958 7959
f  7956 7955 7959 7960
f  7956 7953 7957 7960
f  7957 7958 7959 7960
v -2.77125E+02  1.78580E+02  9.52511E+01
v -2.57603E+02  1.78580E+02  9.52511E+01
v -2.57603E+02  1.78580E+02  8.27511E+01
v -2.77125E+02  1.78580E+02  8.27511E+01
v -2.77125E+02  1.58176E+02  9.52511E+01
v -2.57603E+02  1.58176E+02  9.52511E+01
v -2.57603E+02  1.58176E+02  8.27511E+01
v -2.77125E+02  1.58176E+02  8.27511E+01
g vc_ws_7285
s 0
f  7961 7962 7963 7964
f  7961 7962 7966 7965
f  7963 7962 7966 7967
f  7964 7963 7967 7968
f  7964 7961 7965 7968
f  7965 7966 7967 7968
v -2.77125E+02  1.58176E+02  9.52511E+01
v -2.57603E+02  1.58176E+02  9.52511E+01
v -2.57603E+02  1.58176E+02  8.27511E+01
v -2.77125E+02  1.58176E+02  8.27511E+01
v -2.77125E+02  1.37771E+02  9.52511E+01
v -2.57603E+02  1.37771E+02  9.52511E+01
v -2.57603E+02  1.37771E+02  8.27511E+01
v -2.77125E+02  1.37771E+02  8.27511E+01
g vc_ws_7286
s 0
f  7969 7970 7971 7972
f  7969 7970 7974 7973
f  7971 7970 7974 7975
f  7972 7971 7975 7976
f  7972 7969 7973 7976
f  7973 7974 7975 7976
v -3.57631E+02  1.44406E+02 -1.50066E+02
v -3.43631E+02  1.44406E+02 -1.50066E+02
v -3.43631E+02  1.44406E+02 -1.63848E+02
v -3.57631E+02  1.44406E+02 -1.63848E+02
v -3.57631E+02  1.19338E+02 -1.50066E+02
v -3.43631E+02  1.19338E+02 -1.50066E+02
v -3.43631E+02  1.19338E+02 -1.63848E+02
v -3.57631E+02  1.19338E+02 -1.63848E+02
g vc_ws_7287
s 0
f  7977 7978 7979 7980
f  7977 7978 7982 7981
f  7979 7978 7982 7983
f  7980 7979 7983 7984
f  7980 7977 7981 7984
f  7981 7982 7983 7984
v -3.57631E+02  1.19338E+02 -1.50066E+02
v -3.43631E+02  1.19338E+02 -1.50066E+02
v -3.43631E+02  1.19338E+02 -1.63848E+02
v -3.57631E+02  1.19338E+02 -1.63848E+02
v -3.57631E+02  9.42704E+01 -1.50066E+02
v -3.43631E+02  9.42704E+01 -1.50066E+02
v -3.43631E+02  9.42704E+01 -1.63848E+02
v -3.57631E+02  9.42704E+01 -1.63848E+02
g vc_ws_7288
s 0
f  7985 7986 7987 7988
f  7985 7986 7990 7989
f  7987 7986 7990 7991
f  7988 7987 7991 7992
f  7988 7985 7989 7992
f  7989 7990 7991 7992
v -5.25179E+02  1.19056E+02 -6.23017E+02
v -5.10235E+02  1.19056E+02 -6.23017E+02
v -5.10235E+02  1.19056E+02 -6.37017E+02
v -5.25179E+02  1.19056E+02 -6.37017E+02
v -5.25179E+02  9.60939E+01 -6.23017E+02
v -5.10235E+02  9.60939E+01 -6.23017E+02
v -5.10235E+02  9.60939E+01 -6.37017E+02
v -5.25179E+02  9.60939E+01 -6.37017E+02
g vc_ws_7289
s 0
f  7993 7994 7995 7996
f  7993 7994 7998 7997
f  7995 7994 7998 7999
f  7996 7995 7999 8000
f  7996 7993 7997 8000
f  7997 7998 7999 8000
v  4.35104E+02  1.08432E+02  1.36707E+02
v  4.52604E+02  1.08432E+02  1.36707E+02
v  4.52604E+02  1.08432E+02  1.17207E+02
v  4.35104E+02  1.08432E+02  1.17207E+02
v  4.35104E+02  9.43608E+01  1.36707E+02
v  4.52604E+02  9.43608E+01  1.36707E+02
v  4.52604E+02  9.43608E+01  1.17207E+02
v  4.35104E+02  9.43608E+01  1.17207E+02
g vc_ws_7291
s 0
f  8001 8002 8003 8004
f  8001 8002 8006 8005
f  8003 8002 8006 8007
f  8004 8003 8007 8008
f  8004 8001 8005 8008
f  8005 8006 8007 8008
v  4.35104E+02  9.43608E+01  1.36707E+02
v  4.52604E+02  9.43608E+01  1.36707E+02
v  4.52604E+02  9.43608E+01  1.17207E+02
v  4.35104E+02  9.43608E+01  1.17207E+02
v  4.35104E+02  8.02894E+01  1.36707E+02
v  4.52604E+02  8.02894E+01  1.36707E+02
v  4.52604E+02  8.02894E+01  1.17207E+02
v  4.35104E+02  8.02894E+01  1.17207E+02
g vc_ws_7292
s 0
f  8009 8010 8011 8012
f  8009 8010 8014 8013
f  8011 8010 8014 8015
f  8012 8011 8015 8016
f  8012 8009 8013 8016
f  8013 8014 8015 8016
v -5.10235E+02  1.17263E+02 -6.23017E+02
v -4.94735E+02  1.17263E+02 -6.23017E+02
v -4.94735E+02  1.17263E+02 -6.37017E+02
v -5.10235E+02  1.17263E+02 -6.37017E+02
v -5.10235E+02  9.52016E+01 -6.23017E+02
v -4.94735E+02  9.52016E+01 -6.23017E+02
v -4.94735E+02  9.52016E+01 -6.37017E+02
v -5.10235E+02  9.52016E+01 -6.37017E+02
g vc_ws_7293
s 0
f  8017 8018 8019 8020
f  8017 8018 8022 8021
f  8019 8018 8022 8023
f  8020 8019 8023 8024
f  8020 8017 8021 8024
f  8021 8022 8023 8024
v -5.10235E+02  9.52016E+01 -6.23017E+02
v -4.94735E+02  9.52016E+01 -6.23017E+02
v -4.94735E+02  9.52016E+01 -6.37017E+02
v -5.10235E+02  9.52016E+01 -6.37017E+02
v -5.10235E+02  7.31404E+01 -6.23017E+02
v -4.94735E+02  7.31404E+01 -6.23017E+02
v -4.94735E+02  7.31404E+01 -6.37017E+02
v -5.10235E+02  7.31404E+01 -6.37017E+02
g vc_ws_7294
s 0
f  8025 8026 8027 8028
f  8025 8026 8030 8029
f  8027 8026 8030 8031
f  8028 8027 8031 8032
f  8028 8025 8029 8032
f  8029 8030 8031 8032
v -9.12617E+01  3.21468E+01 -1.06530E+03
v -7.57617E+01  3.21468E+01 -1.06530E+03
v -7.57617E+01  3.21468E+01 -1.08230E+03
v -9.12617E+01  3.21468E+01 -1.08230E+03
v -9.12617E+01  2.25323E+01 -1.06530E+03
v -7.57617E+01  2.25323E+01 -1.06530E+03
v -7.57617E+01  2.25323E+01 -1.08230E+03
v -9.12617E+01  2.25323E+01 -1.08230E+03
g vc_ws_7295
s 0
f  8033 8034 8035 8036
f  8033 8034 8038 8037
f  8035 8034 8038 8039
f  8036 8035 8039 8040
f  8036 8033 8037 8040
f  8037 8038 8039 8040
v  8.80988E+00  2.48501E+01 -1.10127E+03
v  2.22260E+01  2.48501E+01 -1.10127E+03
v  2.22260E+01  2.48501E+01 -1.12577E+03
v  8.80988E+00  2.48501E+01 -1.12577E+03
v  8.80988E+00  1.93043E+01 -1.10127E+03
v  2.22260E+01  1.93043E+01 -1.10127E+03
v  2.22260E+01  1.93043E+01 -1.12577E+03
v  8.80988E+00  1.93043E+01 -1.12577E+03
g vc_ws_7297
s 0
f  8041 8042 8043 8044
f  8041 8042 8046 8045
f  8043 8042 8046 8047
f  8044 8043 8047 8048
f  8044 8041 8045 8048
f  8045 8046 8047 8048
v  2.33727E+02  1.39617E+02  2.63717E+02
v  2.50227E+02  1.39617E+02  2.63717E+02
v  2.50227E+02  1.39617E+02  2.47982E+02
v  2.33727E+02  1.39617E+02  2.47982E+02
v  2.33727E+02  1.21416E+02  2.63717E+02
v  2.50227E+02  1.21416E+02  2.63717E+02
v  2.50227E+02  1.21416E+02  2.47982E+02
v  2.33727E+02  1.21416E+02  2.47982E+02
g vc_ws_7299
s 0
f  8049 8050 8051 8052
f  8049 8050 8054 8053
f  8051 8050 8054 8055
f  8052 8051 8055 8056
f  8052 8049 8053 8056
f  8053 8054 8055 8056
v  2.33727E+02  1.21416E+02  2.63717E+02
v  2.50227E+02  1.21416E+02  2.63717E+02
v  2.50227E+02  1.21416E+02  2.47982E+02
v  2.33727E+02  1.21416E+02  2.47982E+02
v  2.33727E+02  1.03215E+02  2.63717E+02
v  2.50227E+02  1.03215E+02  2.63717E+02
v  2.50227E+02  1.03215E+02  2.47982E+02
v  2.33727E+02  1.03215E+02  2.47982E+02
g vc_ws_7300
s 0
f  8057 8058 8059 8060
f  8057 8058 8062 8061
f  8059 8058 8062 8063
f  8060 8059 8063 8064
f  8060 8057 8061 8064
f  8061 8062 8063 8064
v -7.94165E+02  1.78038E+02 -4.40938E+02
v -7.82790E+02  1.78038E+02 -4.40938E+02
v -7.82790E+02  1.78038E+02 -4.52438E+02
v -7.94165E+02  1.78038E+02 -4.52438E+02
v -7.94165E+02  1.42221E+02 -4.40938E+02
v -7.82790E+02  1.42221E+02 -4.40938E+02
v -7.82790E+02  1.42221E+02 -4.52438E+02
v -7.94165E+02  1.42221E+02 -4.52438E+02
g vc_ws_7301
s 0
f  8065 8066 8067 8068
f  8065 8066 8070 8069
f  8067 8066 8070 8071
f  8068 8067 8071 8072
f  8068 8065 8069 8072
f  8069 8070 8071 8072
v  4.52604E+02  1.06795E+02  9.92006E+01
v  4.69560E+02  1.06795E+02  9.92006E+01
v  4.69560E+02  1.06795E+02  7.97006E+01
v  4.52604E+02  1.06795E+02  7.97006E+01
v  4.52604E+02  9.27514E+01  9.92006E+01
v  4.69560E+02  9.27514E+01  9.92006E+01
v  4.69560E+02  9.27514E+01  7.97006E+01
v  4.52604E+02  9.27514E+01  7.97006E+01
g vc_ws_7303
s 0
f  8073 8074 8075 8076
f  8073 8074 8078 8077
f  8075 8074 8078 8079
f  8076 8075 8079 8080
f  8076 8073 8077 8080
f  8077 8078 8079 8080
v  4.52604E+02  9.27514E+01  9.92006E+01
v  4.69560E+02  9.27514E+01  9.92006E+01
v  4.69560E+02  9.27514E+01  7.97006E+01
v  4.52604E+02  9.27514E+01  7.97006E+01
v  4.52604E+02  7.87075E+01  9.92006E+01
v  4.69560E+02  7.87075E+01  9.92006E+01
v  4.69560E+02  7.87075E+01  7.97006E+01
v  4.52604E+02  7.87075E+01  7.97006E+01
g vc_ws_7304
s 0
f  8081 8082 8083 8084
f  8081 8082 8086 8085
f  8083 8082 8086 8087
f  8084 8083 8087 8088
f  8084 8081 8085 8088
f  8085 8086 8087 8088
v -8.18665E+02  2.19389E+02 -4.88766E+02
v -8.07665E+02  2.19389E+02 -4.88766E+02
v -8.07665E+02  2.19389E+02 -4.98843E+02
v -8.18665E+02  2.19389E+02 -4.98843E+02
v -8.18665E+02  1.84516E+02 -4.88766E+02
v -8.07665E+02  1.84516E+02 -4.88766E+02
v -8.07665E+02  1.84516E+02 -4.98843E+02
v -8.18665E+02  1.84516E+02 -4.98843E+02
g vc_ws_7305
s 0
f  8089 8090 8091 8092
f  8089 8090 8094 8093
f  8091 8090 8094 8095
f  8092 8091 8095 8096
f  8092 8089 8093 8096
f  8093 8094 8095 8096
v -8.18665E+02  1.84516E+02 -4.88766E+02
v -8.07665E+02  1.84516E+02 -4.88766E+02
v -8.07665E+02  1.84516E+02 -4.98843E+02
v -8.18665E+02  1.84516E+02 -4.98843E+02
v -8.18665E+02  1.36985E+02 -4.88766E+02
v -8.07665E+02  1.36985E+02 -4.88766E+02
v -8.07665E+02  1.36985E+02 -4.98843E+02
v -8.18665E+02  1.36985E+02 -4.98843E+02
g vc_ws_7306
s 0
f  8097 8098 8099 8100
f  8097 8098 8102 8101
f  8099 8098 8102 8103
f  8100 8099 8103 8104
f  8100 8097 8101 8104
f  8101 8102 8103 8104
v  1.24900E+02  2.24562E+01 -1.13873E+03
v  1.48400E+02  2.24562E+01 -1.13873E+03
v  1.48400E+02  2.24562E+01 -1.15323E+03
v  1.24900E+02  2.24562E+01 -1.15323E+03
v  1.24900E+02  1.35670E+01 -1.13873E+03
v  1.48400E+02  1.35670E+01 -1.13873E+03
v  1.48400E+02  1.35670E+01 -1.15323E+03
v  1.24900E+02  1.35670E+01 -1.15323E+03
g vc_ws_7307
s 0
f  8105 8106 8107 8108
f  8105 8106 8110 8109
f  8107 8106 8110 8111
f  8108 8107 8111 8112
f  8108 8105 8109 8112
f  8109 8110 8111 8112
v  1.01588E+02  2.24562E+01 -1.13873E+03
v  1.24900E+02  2.24562E+01 -1.13873E+03
v  1.24900E+02  2.24562E+01 -1.15323E+03
v  1.01588E+02  2.24562E+01 -1.15323E+03
v  1.01588E+02  1.38028E+01 -1.13873E+03
v  1.24900E+02  1.38028E+01 -1.13873E+03
v  1.24900E+02  1.38028E+01 -1.15323E+03
v  1.01588E+02  1.38028E+01 -1.15323E+03
g vc_ws_7309
s 0
f  8113 8114 8115 8116
f  8113 8114 8118 8117
f  8115 8114 8118 8119
f  8116 8115 8119 8120
f  8116 8113 8117 8120
f  8117 8118 8119 8120
v -7.57617E+01  3.50718E+01 -1.08230E+03
v -6.27617E+01  3.50718E+01 -1.08230E+03
v -6.27617E+01  3.50718E+01 -1.09980E+03
v -7.57617E+01  3.50718E+01 -1.09980E+03
v -7.57617E+01  2.16619E+01 -1.08230E+03
v -6.27617E+01  2.16619E+01 -1.08230E+03
v -6.27617E+01  2.16619E+01 -1.09980E+03
v -7.57617E+01  2.16619E+01 -1.09980E+03
g vc_ws_7311
s 0
f  8121 8122 8123 8124
f  8121 8122 8126 8125
f  8123 8122 8126 8127
f  8124 8123 8127 8128
f  8124 8121 8125 8128
f  8125 8126 8127 8128
v -2.42103E+02  1.78580E+02  9.92511E+01
v -2.29103E+02  1.78580E+02  9.92511E+01
v -2.29103E+02  1.78580E+02  8.27511E+01
v -2.42103E+02  1.78580E+02  8.27511E+01
v -2.42103E+02  1.58176E+02  9.92511E+01
v -2.29103E+02  1.58176E+02  9.92511E+01
v -2.29103E+02  1.58176E+02  8.27511E+01
v -2.42103E+02  1.58176E+02  8.27511E+01
g vc_ws_7313
s 0
f  8129 8130 8131 8132
f  8129 8130 8134 8133
f  8131 8130 8134 8135
f  8132 8131 8135 8136
f  8132 8129 8133 8136
f  8133 8134 8135 8136
v -2.42103E+02  1.58176E+02  9.92511E+01
v -2.29103E+02  1.58176E+02  9.92511E+01
v -2.29103E+02  1.58176E+02  8.27511E+01
v -2.42103E+02  1.58176E+02  8.27511E+01
v -2.42103E+02  1.37771E+02  9.92511E+01
v -2.29103E+02  1.37771E+02  9.92511E+01
v -2.29103E+02  1.37771E+02  8.27511E+01
v -2.42103E+02  1.37771E+02  8.27511E+01
g vc_ws_7314
s 0
f  8137 8138 8139 8140
f  8137 8138 8142 8141
f  8139 8138 8142 8143
f  8140 8139 8143 8144
f  8140 8137 8141 8144
f  8141 8142 8143 8144
v -1.12569E+02  2.85465E+01 -9.21938E+02
v -9.12617E+01  2.85465E+01 -9.21938E+02
v -9.12617E+01  2.85465E+01 -9.34438E+02
v -1.12569E+02  2.85465E+01 -9.34438E+02
v -1.12569E+02  2.41921E+01 -9.21938E+02
v -9.12617E+01  2.41921E+01 -9.21938E+02
v -9.12617E+01  2.41921E+01 -9.34438E+02
v -1.12569E+02  2.41921E+01 -9.34438E+02
g vc_ws_7315
s 0
f  8145 8146 8147 8148
f  8145 8146 8150 8149
f  8147 8146 8150 8151
f  8148 8147 8151 8152
f  8148 8145 8149 8152
f  8149 8150 8151 8152
v -6.27617E+01  3.26632E+01 -1.08230E+03
v -4.92617E+01  3.26632E+01 -1.08230E+03
v -4.92617E+01  3.26632E+01 -1.09980E+03
v -6.27617E+01  3.26632E+01 -1.09980E+03
v -6.27617E+01  2.16739E+01 -1.08230E+03
v -4.92617E+01  2.16739E+01 -1.08230E+03
v -4.92617E+01  2.16739E+01 -1.09980E+03
v -6.27617E+01  2.16739E+01 -1.09980E+03
g vc_ws_7317
s 0
f  8153 8154 8155 8156
f  8153 8154 8158 8157
f  8155 8154 8158 8159
f  8156 8155 8159 8160
f  8156 8153 8157 8160
f  8157 8158 8159 8160
v -6.87617E+01  2.89310E+01 -8.78771E+02
v -4.77617E+01  2.89310E+01 -8.78771E+02
v -4.77617E+01  2.89310E+01 -8.91271E+02
v -6.87617E+01  2.89310E+01 -8.91271E+02
v -6.87617E+01  2.42536E+01 -8.78771E+02
v -4.77617E+01  2.42536E+01 -8.78771E+02
v -4.77617E+01  2.42536E+01 -8.91271E+02
v -6.87617E+01  2.42536E+01 -8.91271E+02
g vc_ws_7319
s 0
f  8161 8162 8163 8164
f  8161 8162 8166 8165
f  8163 8162 8166 8167
f  8164 8163 8167 8168
f  8164 8161 8165 8168
f  8165 8166 8167 8168
v  4.35104E+02  1.07797E+02  1.17207E+02
v  4.52604E+02  1.07797E+02  1.17207E+02
v  4.52604E+02  1.07797E+02  9.92006E+01
v  4.35104E+02  1.07797E+02  9.92006E+01
v  4.35104E+02  9.42547E+01  1.17207E+02
v  4.52604E+02  9.42547E+01  1.17207E+02
v  4.52604E+02  9.42547E+01  9.92006E+01
v  4.35104E+02  9.42547E+01  9.92006E+01
g vc_ws_7321
s 0
f  8169 8170 8171 8172
f  8169 8170 8174 8173
f  8171 8170 8174 8175
f  8172 8171 8175 8176
f  8172 8169 8173 8176
f  8173 8174 8175 8176
v  4.35104E+02  9.42547E+01  1.17207E+02
v  4.52604E+02  9.42547E+01  1.17207E+02
v  4.52604E+02  9.42547E+01  9.92006E+01
v  4.35104E+02  9.42547E+01  9.92006E+01
v  4.35104E+02  8.07119E+01  1.17207E+02
v  4.52604E+02  8.07119E+01  1.17207E+02
v  4.52604E+02  8.07119E+01  9.92006E+01
v  4.35104E+02  8.07119E+01  9.92006E+01
g vc_ws_7322
s 0
f  8177 8178 8179 8180
f  8177 8178 8182 8181
f  8179 8178 8182 8183
f  8180 8179 8183 8184
f  8180 8177 8181 8184
f  8181 8182 8183 8184
v -7.94165E+02  1.78019E+02 -4.29938E+02
v -7.82790E+02  1.78019E+02 -4.29938E+02
v -7.82790E+02  1.78019E+02 -4.40938E+02
v -7.94165E+02  1.78019E+02 -4.40938E+02
v -7.94165E+02  1.44077E+02 -4.29938E+02
v -7.82790E+02  1.44077E+02 -4.29938E+02
v -7.82790E+02  1.44077E+02 -4.40938E+02
v -7.94165E+02  1.44077E+02 -4.40938E+02
g vc_ws_7323
s 0
f  8185 8186 8187 8188
f  8185 8186 8190 8189
f  8187 8186 8190 8191
f  8188 8187 8191 8192
f  8188 8185 8189 8192
f  8189 8190 8191 8192
v -7.94165E+02  1.44077E+02 -4.29938E+02
v -7.82790E+02  1.44077E+02 -4.29938E+02
v -7.82790E+02  1.44077E+02 -4.40938E+02
v -7.94165E+02  1.44077E+02 -4.40938E+02
v -7.94165E+02  1.10134E+02 -4.29938E+02
v -7.82790E+02  1.10134E+02 -4.29938E+02
v -7.82790E+02  1.10134E+02 -4.40938E+02
v -7.94165E+02  1.10134E+02 -4.40938E+02
g vc_ws_7324
s 0
f  8193 8194 8195 8196
f  8193 8194 8198 8197
f  8195 8194 8198 8199
f  8196 8195 8199 8200
f  8196 8193 8197 8200
f  8197 8198 8199 8200
v  4.35104E+02  1.10758E+02  1.55506E+02
v  4.52604E+02  1.10758E+02  1.55506E+02
v  4.52604E+02  1.10758E+02  1.36707E+02
v  4.35104E+02  1.10758E+02  1.36707E+02
v  4.35104E+02  9.78609E+01  1.55506E+02
v  4.52604E+02  9.78609E+01  1.55506E+02
v  4.52604E+02  9.78609E+01  1.36707E+02
v  4.35104E+02  9.78609E+01  1.36707E+02
g vc_ws_7325
s 0
f  8201 8202 8203 8204
f  8201 8202 8206 8205
f  8203 8202 8206 8207
f  8204 8203 8207 8208
f  8204 8201 8205 8208
f  8205 8206 8207 8208
v  4.35104E+02  9.78609E+01  1.55506E+02
v  4.52604E+02  9.78609E+01  1.55506E+02
v  4.52604E+02  9.78609E+01  1.36707E+02
v  4.35104E+02  9.78609E+01  1.36707E+02
v  4.35104E+02  8.49639E+01  1.55506E+02
v  4.52604E+02  8.49639E+01  1.55506E+02
v  4.52604E+02  8.49639E+01  1.36707E+02
v  4.35104E+02  8.49639E+01  1.36707E+02
g vc_ws_7326
s 0
f  8209 8210 8211 8212
f  8209 8210 8214 8213
f  8211 8210 8214 8215
f  8212 8211 8215 8216
f  8212 8209 8213 8216
f  8213 8214 8215 8216
v -4.92617E+01  3.26632E+01 -1.08230E+03
v -3.61901E+01  3.26632E+01 -1.08230E+03
v -3.61901E+01  3.26632E+01 -1.09980E+03
v -4.92617E+01  3.26632E+01 -1.09980E+03
v -4.92617E+01  2.16739E+01 -1.08230E+03
v -3.61901E+01  2.16739E+01 -1.08230E+03
v -3.61901E+01  2.16739E+01 -1.09980E+03
v -4.92617E+01  2.16739E+01 -1.09980E+03
g vc_ws_7327
s 0
f  8217 8218 8219 8220
f  8217 8218 8222 8221
f  8219 8218 8222 8223
f  8220 8219 8223 8224
f  8220 8217 8221 8224
f  8221 8222 8223 8224
v -2.58290E+02  1.09544E+02 -1.18916E+02
v -2.42790E+02  1.09544E+02 -1.18916E+02
v -2.42790E+02  1.09544E+02 -1.35416E+02
v -2.58290E+02  1.09544E+02 -1.35416E+02
v -2.58290E+02  9.32402E+01 -1.18916E+02
v -2.42790E+02  9.32402E+01 -1.18916E+02
v -2.42790E+02  9.32402E+01 -1.35416E+02
v -2.58290E+02  9.32402E+01 -1.35416E+02
g vc_ws_7329
s 0
f  8225 8226 8227 8228
f  8225 8226 8230 8229
f  8227 8226 8230 8231
f  8228 8227 8231 8232
f  8228 8225 8229 8232
f  8229 8230 8231 8232
v -2.58290E+02  9.32402E+01 -1.18916E+02
v -2.42790E+02  9.32402E+01 -1.18916E+02
v -2.42790E+02  9.32402E+01 -1.35416E+02
v -2.58290E+02  9.32402E+01 -1.35416E+02
v -2.58290E+02  7.69369E+01 -1.18916E+02
v -2.42790E+02  7.69369E+01 -1.18916E+02
v -2.42790E+02  7.69369E+01 -1.35416E+02
v -2.58290E+02  7.69369E+01 -1.35416E+02
g vc_ws_7330
s 0
f  8233 8234 8235 8236
f  8233 8234 8238 8237
f  8235 8234 8238 8239
f  8236 8235 8239 8240
f  8236 8233 8237 8240
f  8237 8238 8239 8240
v -9.12617E+01  2.96231E+01 -8.67771E+02
v -6.87617E+01  2.96231E+01 -8.67771E+02
v -6.87617E+01  2.96231E+01 -8.78771E+02
v -9.12617E+01  2.96231E+01 -8.78771E+02
v -9.12617E+01  2.38737E+01 -8.67771E+02
v -6.87617E+01  2.38737E+01 -8.67771E+02
v -6.87617E+01  2.38737E+01 -8.78771E+02
v -9.12617E+01  2.38737E+01 -8.78771E+02
g vc_ws_7331
s 0
f  8241 8242 8243 8244
f  8241 8242 8246 8245
f  8243 8242 8246 8247
f  8244 8243 8247 8248
f  8244 8241 8245 8248
f  8245 8246 8247 8248
v  4.18104E+02  1.10758E+02  1.55506E+02
v  4.35104E+02  1.10758E+02  1.55506E+02
v  4.35104E+02  1.10758E+02  1.36707E+02
v  4.18104E+02  1.10758E+02  1.36707E+02
v  4.18104E+02  9.78609E+01  1.55506E+02
v  4.35104E+02  9.78609E+01  1.55506E+02
v  4.35104E+02  9.78609E+01  1.36707E+02
v  4.18104E+02  9.78609E+01  1.36707E+02
g vc_ws_7333
s 0
f  8249 8250 8251 8252
f  8249 8250 8254 8253
f  8251 8250 8254 8255
f  8252 8251 8255 8256
f  8252 8249 8253 8256
f  8253 8254 8255 8256
v  4.18104E+02  9.78609E+01  1.55506E+02
v  4.35104E+02  9.78609E+01  1.55506E+02
v  4.35104E+02  9.78609E+01  1.36707E+02
v  4.18104E+02  9.78609E+01  1.36707E+02
v  4.18104E+02  8.49639E+01  1.55506E+02
v  4.35104E+02  8.49639E+01  1.55506E+02
v  4.35104E+02  8.49639E+01  1.36707E+02
v  4.18104E+02  8.49639E+01  1.36707E+02
g vc_ws_7334
s 0
f  8257 8258 8259 8260
f  8257 8258 8262 8261
f  8259 8258 8262 8263
f  8260 8259 8263 8264
f  8260 8257 8261 8264
f  8261 8262 8263 8264
v -6.87617E+01  2.92163E+01 -8.56271E+02
v -4.77617E+01  2.92163E+01 -8.56271E+02
v -4.77617E+01  2.92163E+01 -8.67771E+02
v -6.87617E+01  2.92163E+01 -8.67771E+02
v -6.87617E+01  2.42522E+01 -8.56271E+02
v -4.77617E+01  2.42522E+01 -8.56271E+02
v -4.77617E+01  2.42522E+01 -8.67771E+02
v -6.87617E+01  2.42522E+01 -8.67771E+02
g vc_ws_7335
s 0
f  8265 8266 8267 8268
f  8265 8266 8270 8269
f  8267 8266 8270 8271
f  8268 8267 8271 8272
f  8268 8265 8269 8272
f  8269 8270 8271 8272
v  1.71176E+02  1.80746E+01 -1.09661E+03
v  1.93676E+02  1.80746E+01 -1.09661E+03
v  1.93676E+02  1.80746E+01 -1.11270E+03
v  1.71176E+02  1.80746E+01 -1.11270E+03
v  1.71176E+02  9.64649E+00 -1.09661E+03
v  1.93676E+02  9.64649E+00 -1.09661E+03
v  1.93676E+02  9.64649E+00 -1.11270E+03
v  1.71176E+02  9.64649E+00 -1.11270E+03
g vc_ws_7337
s 0
f  8273 8274 8275 8276
f  8273 8274 8278 8277
f  8275 8274 8278 8279
f  8276 8275 8279 8280
f  8276 8273 8277 8280
f  8277 8278 8279 8280
v -2.86236E+02  1.03680E+02 -1.25416E+02
v -2.71736E+02  1.03680E+02 -1.25416E+02
v -2.71736E+02  1.03680E+02 -1.46416E+02
v -2.86236E+02  1.03680E+02 -1.46416E+02
v -2.86236E+02  9.05318E+01 -1.25416E+02
v -2.71736E+02  9.05318E+01 -1.25416E+02
v -2.71736E+02  9.05318E+01 -1.46416E+02
v -2.86236E+02  9.05318E+01 -1.46416E+02
g vc_ws_7339
s 0
f  8281 8282 8283 8284
f  8281 8282 8286 8285
f  8283 8282 8286 8287
f  8284 8283 8287 8288
f  8284 8281 8285 8288
f  8285 8286 8287 8288
v -7.57617E+01  3.21468E+01 -1.06530E+03
v -6.27617E+01  3.21468E+01 -1.06530E+03
v -6.27617E+01  3.21468E+01 -1.08230E+03
v -7.57617E+01  3.21468E+01 -1.08230E+03
v -7.57617E+01  2.17427E+01 -1.06530E+03
v -6.27617E+01  2.17427E+01 -1.06530E+03
v -6.27617E+01  2.17427E+01 -1.08230E+03
v -7.57617E+01  2.17427E+01 -1.08230E+03
g vc_ws_7341
s 0
f  8289 8290 8291 8292
f  8289 8290 8294 8293
f  8291 8290 8294 8295
f  8292 8291 8295 8296
f  8292 8289 8293 8296
f  8293 8294 8295 8296
v -8.07665E+02  1.45536E+02 -4.70266E+02
v -7.85665E+02  1.45536E+02 -4.70266E+02
v -7.85665E+02  1.45536E+02 -4.88766E+02
v -8.07665E+02  1.45536E+02 -4.88766E+02
v -8.07665E+02  1.35753E+02 -4.70266E+02
v -7.85665E+02  1.35753E+02 -4.70266E+02
v -7.85665E+02  1.35753E+02 -4.88766E+02
v -8.07665E+02  1.35753E+02 -4.88766E+02
g vc_ws_7343
s 0
f  8297 8298 8299 8300
f  8297 8298 8302 8301
f  8299 8298 8302 8303
f  8300 8299 8303 8304
f  8300 8297 8301 8304
f  8301 8302 8303 8304
v -8.07665E+02  1.35753E+02 -4.70266E+02
v -7.85665E+02  1.35753E+02 -4.70266E+02
v -7.85665E+02  1.35753E+02 -4.88766E+02
v -8.07665E+02  1.35753E+02 -4.88766E+02
v -8.07665E+02  1.25969E+02 -4.70266E+02
v -7.85665E+02  1.25969E+02 -4.70266E+02
v -7.85665E+02  1.25969E+02 -4.88766E+02
v -8.07665E+02  1.25969E+02 -4.88766E+02
g vc_ws_7344
s 0
f  8305 8306 8307 8308
f  8305 8306 8310 8309
f  8307 8306 8310 8311
f  8308 8307 8311 8312
f  8308 8305 8309 8312
f  8309 8310 8311 8312
v -2.42790E+02  1.07776E+02 -1.18916E+02
v -2.28790E+02  1.07776E+02 -1.18916E+02
v -2.28790E+02  1.07776E+02 -1.35416E+02
v -2.42790E+02  1.07776E+02 -1.35416E+02
v -2.42790E+02  9.05804E+01 -1.18916E+02
v -2.28790E+02  9.05804E+01 -1.18916E+02
v -2.28790E+02  9.05804E+01 -1.35416E+02
v -2.42790E+02  9.05804E+01 -1.35416E+02
g vc_ws_7345
s 0
f  8313 8314 8315 8316
f  8313 8314 8318 8317
f  8315 8314 8318 8319
f  8316 8315 8319 8320
f  8316 8313 8317 8320
f  8317 8318 8319 8320
v -2.42790E+02  9.05804E+01 -1.18916E+02
v -2.28790E+02  9.05804E+01 -1.18916E+02
v -2.28790E+02  9.05804E+01 -1.35416E+02
v -2.42790E+02  9.05804E+01 -1.35416E+02
v -2.42790E+02  7.33845E+01 -1.18916E+02
v -2.28790E+02  7.33845E+01 -1.18916E+02
v -2.28790E+02  7.33845E+01 -1.35416E+02
v -2.42790E+02  7.33845E+01 -1.35416E+02
g vc_ws_7346
s 0
f  8321 8322 8323 8324
f  8321 8322 8326 8325
f  8323 8322 8326 8327
f  8324 8323 8327 8328
f  8324 8321 8325 8328
f  8325 8326 8327 8328
v  4.48513E+01  4.65461E+01 -4.83055E+02
v  5.63513E+01  4.65461E+01 -4.83055E+02
v  5.63513E+01  4.65461E+01 -4.96555E+02
v  4.48513E+01  4.65461E+01 -4.96555E+02
v  4.48513E+01  2.78565E+01 -4.83055E+02
v  5.63513E+01  2.78565E+01 -4.83055E+02
v  5.63513E+01  2.78565E+01 -4.96555E+02
v  4.48513E+01  2.78565E+01 -4.96555E+02
g vc_ws_7347
s 0
f  8329 8330 8331 8332
f  8329 8330 8334 8333
f  8331 8330 8334 8335
f  8332 8331 8335 8336
f  8332 8329 8333 8336
f  8333 8334 8335 8336
v -8.07665E+02  1.45536E+02 -4.52438E+02
v -7.85665E+02  1.45536E+02 -4.52438E+02
v -7.85665E+02  1.45536E+02 -4.70266E+02
v -8.07665E+02  1.45536E+02 -4.70266E+02
v -8.07665E+02  1.35753E+02 -4.52438E+02
v -7.85665E+02  1.35753E+02 -4.52438E+02
v -7.85665E+02  1.35753E+02 -4.70266E+02
v -8.07665E+02  1.35753E+02 -4.70266E+02
g vc_ws_7349
s 0
f  8337 8338 8339 8340
f  8337 8338 8342 8341
f  8339 8338 8342 8343
f  8340 8339 8343 8344
f  8340 8337 8341 8344
f  8341 8342 8343 8344
v -1.12569E+02  2.85465E+01 -9.10938E+02
v -9.12617E+01  2.85465E+01 -9.10938E+02
v -9.12617E+01  2.85465E+01 -9.21938E+02
v -1.12569E+02  2.85465E+01 -9.21938E+02
v -1.12569E+02  2.41921E+01 -9.10938E+02
v -9.12617E+01  2.41921E+01 -9.10938E+02
v -9.12617E+01  2.41921E+01 -9.21938E+02
v -1.12569E+02  2.41921E+01 -9.21938E+02
g vc_ws_7351
s 0
f  8345 8346 8347 8348
f  8345 8346 8350 8349
f  8347 8346 8350 8351
f  8348 8347 8351 8352
f  8348 8345 8349 8352
f  8349 8350 8351 8352
v -6.87617E+01  2.89310E+01 -8.67771E+02
v -4.77617E+01  2.89310E+01 -8.67771E+02
v -4.77617E+01  2.89310E+01 -8.78771E+02
v -6.87617E+01  2.89310E+01 -8.78771E+02
v -6.87617E+01  2.42536E+01 -8.67771E+02
v -4.77617E+01  2.42536E+01 -8.67771E+02
v -4.77617E+01  2.42536E+01 -8.78771E+02
v -6.87617E+01  2.42536E+01 -8.78771E+02
g vc_ws_7353
s 0
f  8353 8354 8355 8356
f  8353 8354 8358 8357
f  8355 8354 8358 8359
f  8356 8355 8359 8360
f  8356 8353 8357 8360
f  8357 8358 8359 8360
v -3.73592E+02  1.17241E+02 -5.66185E+02
v -3.53630E+02  1.17241E+02 -5.66185E+02
v -3.53630E+02  1.17241E+02 -5.90758E+02
v -3.73592E+02  1.17241E+02 -5.90758E+02
v -3.73592E+02  1.09605E+02 -5.66185E+02
v -3.53630E+02  1.09605E+02 -5.66185E+02
v -3.53630E+02  1.09605E+02 -5.90758E+02
v -3.73592E+02  1.09605E+02 -5.90758E+02
g vc_ws_7355
s 0
f  8361 8362 8363 8364
f  8361 8362 8366 8365
f  8363 8362 8366 8367
f  8364 8363 8367 8368
f  8364 8361 8365 8368
f  8365 8366 8367 8368
v -3.73592E+02  1.09605E+02 -5.66185E+02
v -3.53630E+02  1.09605E+02 -5.66185E+02
v -3.53630E+02  1.09605E+02 -5.90758E+02
v -3.73592E+02  1.09605E+02 -5.90758E+02
v -3.73592E+02  1.01969E+02 -5.66185E+02
v -3.53630E+02  1.01969E+02 -5.66185E+02
v -3.53630E+02  1.01969E+02 -5.90758E+02
v -3.73592E+02  1.01969E+02 -5.90758E+02
g vc_ws_7356
s 0
f  8369 8370 8371 8372
f  8369 8370 8374 8373
f  8371 8370 8374 8375
f  8372 8371 8375 8376
f  8372 8369 8373 8376
f  8373 8374 8375 8376
v -5.41679E+02  1.19056E+02 -6.23017E+02
v -5.25179E+02  1.19056E+02 -6.23017E+02
v -5.25179E+02  1.19056E+02 -6.37017E+02
v -5.41679E+02  1.19056E+02 -6.37017E+02
v -5.41679E+02  1.03078E+02 -6.23017E+02
v -5.25179E+02  1.03078E+02 -6.23017E+02
v -5.25179E+02  1.03078E+02 -6.37017E+02
v -5.41679E+02  1.03078E+02 -6.37017E+02
g vc_ws_7357
s 0
f  8377 8378 8379 8380
f  8377 8378 8382 8381
f  8379 8378 8382 8383
f  8380 8379 8383 8384
f  8380 8377 8381 8384
f  8381 8382 8383 8384
v  2.30690E+01  3.63060E+01 -6.81006E+02
v  3.65690E+01  3.63060E+01 -6.81006E+02
v  3.65690E+01  3.63060E+01 -6.94506E+02
v  2.30690E+01  3.63060E+01 -6.94506E+02
v  2.30690E+01  2.11775E+01 -6.81006E+02
v  3.65690E+01  2.11775E+01 -6.81006E+02
v  3.65690E+01  2.11775E+01 -6.94506E+02
v  2.30690E+01  2.11775E+01 -6.94506E+02
g vc_ws_7359
s 0
f  8385 8386 8387 8388
f  8385 8386 8390 8389
f  8387 8386 8390 8391
f  8388 8387 8391 8392
f  8388 8385 8389 8392
f  8389 8390 8391 8392
v  1.34777E+02  1.28954E+02  1.96675E+02
v  1.57277E+02  1.28954E+02  1.96675E+02
v  1.57277E+02  1.28954E+02  1.77149E+02
v  1.34777E+02  1.28954E+02  1.77149E+02
v  1.34777E+02  1.20623E+02  1.96675E+02
v  1.57277E+02  1.20623E+02  1.96675E+02
v  1.57277E+02  1.20623E+02  1.77149E+02
v  1.34777E+02  1.20623E+02  1.77149E+02
g vc_ws_7361
s 0
f  8393 8394 8395 8396
f  8393 8394 8398 8397
f  8395 8394 8398 8399
f  8396 8395 8399 8400
f  8396 8393 8397 8400
f  8397 8398 8399 8400
v  1.34777E+02  1.20623E+02  1.96675E+02
v  1.57277E+02  1.20623E+02  1.96675E+02
v  1.57277E+02  1.20623E+02  1.77149E+02
v  1.34777E+02  1.20623E+02  1.77149E+02
v  1.34777E+02  1.12292E+02  1.96675E+02
v  1.57277E+02  1.12292E+02  1.96675E+02
v  1.57277E+02  1.12292E+02  1.77149E+02
v  1.34777E+02  1.12292E+02  1.77149E+02
g vc_ws_7362
s 0
f  8401 8402 8403 8404
f  8401 8402 8406 8405
f  8403 8402 8406 8407
f  8404 8403 8407 8408
f  8404 8401 8405 8408
f  8405 8406 8407 8408
v  1.57277E+02  1.28480E+02  1.96675E+02
v  1.79081E+02  1.28480E+02  1.96675E+02
v  1.79081E+02  1.28480E+02  1.77149E+02
v  1.57277E+02  1.28480E+02  1.77149E+02
v  1.57277E+02  1.19909E+02  1.96675E+02
v  1.79081E+02  1.19909E+02  1.96675E+02
v  1.79081E+02  1.19909E+02  1.77149E+02
v  1.57277E+02  1.19909E+02  1.77149E+02
g vc_ws_7363
s 0
f  8409 8410 8411 8412
f  8409 8410 8414 8413
f  8411 8410 8414 8415
f  8412 8411 8415 8416
f  8412 8409 8413 8416
f  8413 8414 8415 8416
v  1.57277E+02  1.19909E+02  1.96675E+02
v  1.79081E+02  1.19909E+02  1.96675E+02
v  1.79081E+02  1.19909E+02  1.77149E+02
v  1.57277E+02  1.19909E+02  1.77149E+02
v  1.57277E+02  1.11339E+02  1.96675E+02
v  1.79081E+02  1.11339E+02  1.96675E+02
v  1.79081E+02  1.11339E+02  1.77149E+02
v  1.57277E+02  1.11339E+02  1.77149E+02
g vc_ws_7364
s 0
f  8417 8418 8419 8420
f  8417 8418 8422 8421
f  8419 8418 8422 8423
f  8420 8419 8423 8424
f  8420 8417 8421 8424
f  8421 8422 8423 8424
v  4.99426E+02  4.74085E+01 -3.19283E+02
v  5.12926E+02  4.74085E+01 -3.19283E+02
v  5.12926E+02  4.74085E+01 -3.29783E+02
v  4.99426E+02  4.74085E+01 -3.29783E+02
v  4.99426E+02  3.77761E+01 -3.19283E+02
v  5.12926E+02  3.77761E+01 -3.19283E+02
v  5.12926E+02  3.77761E+01 -3.29783E+02
v  4.99426E+02  3.77761E+01 -3.29783E+02
g vc_ws_7365
s 0
f  8425 8426 8427 8428
f  8425 8426 8430 8429
f  8427 8426 8430 8431
f  8428 8427 8431 8432
f  8428 8425 8429 8432
f  8429 8430 8431 8432
v -6.87617E+01  2.89310E+01 -8.46185E+02
v -4.77617E+01  2.89310E+01 -8.46185E+02
v -4.77617E+01  2.89310E+01 -8.56271E+02
v -6.87617E+01  2.89310E+01 -8.56271E+02
v -6.87617E+01  2.33333E+01 -8.46185E+02
v -4.77617E+01  2.33333E+01 -8.46185E+02
v -4.77617E+01  2.33333E+01 -8.56271E+02
v -6.87617E+01  2.33333E+01 -8.56271E+02
g vc_ws_7367
s 0
f  8433 8434 8435 8436
f  8433 8434 8438 8437
f  8435 8434 8438 8439
f  8436 8435 8439 8440
f  8436 8433 8437 8440
f  8437 8438 8439 8440
v  2.15900E+02  1.55906E+01 -1.11270E+03
v  2.37400E+02  1.55906E+01 -1.11270E+03
v  2.37400E+02  1.55906E+01 -1.12920E+03
v  2.15900E+02  1.55906E+01 -1.12920E+03
v  2.15900E+02  7.02843E+00 -1.11270E+03
v  2.37400E+02  7.02843E+00 -1.11270E+03
v  2.37400E+02  7.02843E+00 -1.12920E+03
v  2.15900E+02  7.02843E+00 -1.12920E+03
g vc_ws_7369
s 0
f  8441 8442 8443 8444
f  8441 8442 8446 8445
f  8443 8442 8446 8447
f  8444 8443 8447 8448
f  8444 8441 8445 8448
f  8445 8446 8447 8448
v  4.99426E+02  4.74085E+01 -3.09283E+02
v  5.12926E+02  4.74085E+01 -3.09283E+02
v  5.12926E+02  4.74085E+01 -3.19283E+02
v  4.99426E+02  4.74085E+01 -3.19283E+02
v  4.99426E+02  3.95145E+01 -3.09283E+02
v  5.12926E+02  3.95145E+01 -3.09283E+02
v  5.12926E+02  3.95145E+01 -3.19283E+02
v  4.99426E+02  3.95145E+01 -3.19283E+02
g vc_ws_7371
s 0
f  8449 8450 8451 8452
f  8449 8450 8454 8453
f  8451 8450 8454 8455
f  8452 8451 8455 8456
f  8452 8449 8453 8456
f  8453 8454 8455 8456
v  5.08734E+01  4.42743E+01 -4.13054E+02
v  6.23734E+01  4.42743E+01 -4.13054E+02
v  6.23734E+01  4.42743E+01 -4.25554E+02
v  5.08734E+01  4.42743E+01 -4.25554E+02
v  5.08734E+01  3.51990E+01 -4.13054E+02
v  6.23734E+01  3.51990E+01 -4.13054E+02
v  6.23734E+01  3.51990E+01 -4.25554E+02
v  5.08734E+01  3.51990E+01 -4.25554E+02
g vc_ws_7373
s 0
f  8457 8458 8459 8460
f  8457 8458 8462 8461
f  8459 8458 8462 8463
f  8460 8459 8463 8464
f  8460 8457 8461 8464
f  8461 8462 8463 8464
v  5.08734E+01  4.42743E+01 -4.36554E+02
v  6.23734E+01  4.42743E+01 -4.36554E+02
v  6.23734E+01  4.42743E+01 -4.49054E+02
v  5.08734E+01  4.42743E+01 -4.49054E+02
v  5.08734E+01  3.51990E+01 -4.36554E+02
v  6.23734E+01  3.51990E+01 -4.36554E+02
v  6.23734E+01  3.51990E+01 -4.49054E+02
v  5.08734E+01  3.51990E+01 -4.49054E+02
g vc_ws_7375
s 0
f  8465 8466 8467 8468
f  8465 8466 8470 8469
f  8467 8466 8470 8471
f  8468 8467 8471 8472
f  8468 8465 8469 8472
f  8469 8470 8471 8472
v -3.14736E+02  1.08280E+02 -1.25416E+02
v -2.99236E+02  1.08280E+02 -1.25416E+02
v -2.99236E+02  1.08280E+02 -1.46416E+02
v -3.14736E+02  1.08280E+02 -1.46416E+02
v -3.14736E+02  9.76594E+01 -1.25416E+02
v -2.99236E+02  9.76594E+01 -1.25416E+02
v -2.99236E+02  9.76594E+01 -1.46416E+02
v -3.14736E+02  9.76594E+01 -1.46416E+02
g vc_ws_7377
s 0
f  8473 8474 8475 8476
f  8473 8474 8478 8477
f  8475 8474 8478 8479
f  8476 8475 8479 8480
f  8476 8473 8477 8480
f  8477 8478 8479 8480
v -3.14736E+02  9.76594E+01 -1.25416E+02
v -2.99236E+02  9.76594E+01 -1.25416E+02
v -2.99236E+02  9.76594E+01 -1.46416E+02
v -3.14736E+02  9.76594E+01 -1.46416E+02
v -3.14736E+02  8.70392E+01 -1.25416E+02
v -2.99236E+02  8.70392E+01 -1.25416E+02
v -2.99236E+02  8.70392E+01 -1.46416E+02
v -3.14736E+02  8.70392E+01 -1.46416E+02
g vc_ws_7378
s 0
f  8481 8482 8483 8484
f  8481 8482 8486 8485
f  8483 8482 8486 8487
f  8484 8483 8487 8488
f  8484 8481 8485 8488
f  8485 8486 8487 8488
v -2.42790E+02  1.10359E+02 -1.03416E+02
v -2.28790E+02  1.10359E+02 -1.03416E+02
v -2.28790E+02  1.10359E+02 -1.18916E+02
v -2.42790E+02  1.10359E+02 -1.18916E+02
v -2.42790E+02  9.44679E+01 -1.03416E+02
v -2.28790E+02  9.44679E+01 -1.03416E+02
v -2.28790E+02  9.44679E+01 -1.18916E+02
v -2.42790E+02  9.44679E+01 -1.18916E+02
g vc_ws_7379
s 0
f  8489 8490 8491 8492
f  8489 8490 8494 8493
f  8491 8490 8494 8495
f  8492 8491 8495 8496
f  8492 8489 8493 8496
f  8493 8494 8495 8496
v -2.42790E+02  9.44679E+01 -1.03416E+02
v -2.28790E+02  9.44679E+01 -1.03416E+02
v -2.28790E+02  9.44679E+01 -1.18916E+02
v -2.42790E+02  9.44679E+01 -1.18916E+02
v -2.42790E+02  7.85765E+01 -1.03416E+02
v -2.28790E+02  7.85765E+01 -1.03416E+02
v -2.28790E+02  7.85765E+01 -1.18916E+02
v -2.42790E+02  7.85765E+01 -1.18916E+02
g vc_ws_7380
s 0
f  8497 8498 8499 8500
f  8497 8498 8502 8501
f  8499 8498 8502 8503
f  8500 8499 8503 8504
f  8500 8497 8501 8504
f  8501 8502 8503 8504
v  1.25810E+02  2.24562E+01 -1.10196E+03
v  1.49310E+02  2.24562E+01 -1.10196E+03
v  1.49310E+02  2.24562E+01 -1.11296E+03
v  1.25810E+02  2.24562E+01 -1.11296E+03
v  1.25810E+02  1.35670E+01 -1.10196E+03
v  1.49310E+02  1.35670E+01 -1.10196E+03
v  1.49310E+02  1.35670E+01 -1.11296E+03
v  1.25810E+02  1.35670E+01 -1.11296E+03
g vc_ws_7381
s 0
f  8505 8506 8507 8508
f  8505 8506 8510 8509
f  8507 8506 8510 8511
f  8508 8507 8511 8512
f  8508 8505 8509 8512
f  8509 8510 8511 8512
v  5.63513E+01  4.17568E+01 -4.83055E+02
v  6.73513E+01  4.17568E+01 -4.83055E+02
v  6.73513E+01  4.17568E+01 -4.96555E+02
v  5.63513E+01  4.17568E+01 -4.96555E+02
v  5.63513E+01  2.78804E+01 -4.83055E+02
v  6.73513E+01  2.78804E+01 -4.83055E+02
v  6.73513E+01  2.78804E+01 -4.96555E+02
v  5.63513E+01  2.78804E+01 -4.96555E+02
g vc_ws_7383
s 0
f  8513 8514 8515 8516
f  8513 8514 8518 8517
f  8515 8514 8518 8519
f  8516 8515 8519 8520
f  8516 8513 8517 8520
f  8517 8518 8519 8520
v  2.17727E+02  1.33639E+02  2.63717E+02
v  2.33727E+02  1.33639E+02  2.63717E+02
v  2.33727E+02  1.33639E+02  2.47982E+02
v  2.17727E+02  1.33639E+02  2.47982E+02
v  2.17727E+02  1.20201E+02  2.63717E+02
v  2.33727E+02  1.20201E+02  2.63717E+02
v  2.33727E+02  1.20201E+02  2.47982E+02
v  2.17727E+02  1.20201E+02  2.47982E+02
g vc_ws_7385
s 0
f  8521 8522 8523 8524
f  8521 8522 8526 8525
f  8523 8522 8526 8527
f  8524 8523 8527 8528
f  8524 8521 8525 8528
f  8525 8526 8527 8528
v  2.17727E+02  1.20201E+02  2.63717E+02
v  2.33727E+02  1.20201E+02  2.63717E+02
v  2.33727E+02  1.20201E+02  2.47982E+02
v  2.17727E+02  1.20201E+02  2.47982E+02
v  2.17727E+02  1.06763E+02  2.63717E+02
v  2.33727E+02  1.06763E+02  2.63717E+02
v  2.33727E+02  1.06763E+02  2.47982E+02
v  2.17727E+02  1.06763E+02  2.47982E+02
g vc_ws_7386
s 0
f  8529 8530 8531 8532
f  8529 8530 8534 8533
f  8531 8530 8534 8535
f  8532 8531 8535 8536
f  8532 8529 8533 8536
f  8533 8534 8535 8536
v -1.79564E+02  1.79181E+02  8.33004E+01
v -1.68064E+02  1.79181E+02  8.33004E+01
v -1.68064E+02  1.79181E+02  6.88004E+01
v -1.79564E+02  1.79181E+02  6.88004E+01
v -1.79564E+02  1.59077E+02  8.33004E+01
v -1.68064E+02  1.59077E+02  8.33004E+01
v -1.68064E+02  1.59077E+02  6.88004E+01
v -1.79564E+02  1.59077E+02  6.88004E+01
g vc_ws_7387
s 0
f  8537 8538 8539 8540
f  8537 8538 8542 8541
f  8539 8538 8542 8543
f  8540 8539 8543 8544
f  8540 8537 8541 8544
f  8541 8542 8543 8544
v -1.79564E+02  1.59077E+02  8.33004E+01
v -1.68064E+02  1.59077E+02  8.33004E+01
v -1.68064E+02  1.59077E+02  6.88004E+01
v -1.79564E+02  1.59077E+02  6.88004E+01
v -1.79564E+02  1.38973E+02  8.33004E+01
v -1.68064E+02  1.38973E+02  8.33004E+01
v -1.68064E+02  1.38973E+02  6.88004E+01
v -1.79564E+02  1.38973E+02  6.88004E+01
g vc_ws_7388
s 0
f  8545 8546 8547 8548
f  8545 8546 8550 8549
f  8547 8546 8550 8551
f  8548 8547 8551 8552
f  8548 8545 8549 8552
f  8549 8550 8551 8552
v -2.02064E+02  1.79181E+02  8.33004E+01
v -1.90564E+02  1.79181E+02  8.33004E+01
v -1.90564E+02  1.79181E+02  6.88004E+01
v -2.02064E+02  1.79181E+02  6.88004E+01
v -2.02064E+02  1.59077E+02  8.33004E+01
v -1.90564E+02  1.59077E+02  8.33004E+01
v -1.90564E+02  1.59077E+02  6.88004E+01
v -2.02064E+02  1.59077E+02  6.88004E+01
g vc_ws_7389
s 0
f  8553 8554 8555 8556
f  8553 8554 8558 8557
f  8555 8554 8558 8559
f  8556 8555 8559 8560
f  8556 8553 8557 8560
f  8557 8558 8559 8560
v -2.02064E+02  1.59077E+02  8.33004E+01
v -1.90564E+02  1.59077E+02  8.33004E+01
v -1.90564E+02  1.59077E+02  6.88004E+01
v -2.02064E+02  1.59077E+02  6.88004E+01
v -2.02064E+02  1.38973E+02  8.33004E+01
v -1.90564E+02  1.38973E+02  8.33004E+01
v -1.90564E+02  1.38973E+02  6.88004E+01
v -2.02064E+02  1.38973E+02  6.88004E+01
g vc_ws_7390
s 0
f  8561 8562 8563 8564
f  8561 8562 8566 8565
f  8563 8562 8566 8567
f  8564 8563 8567 8568
f  8564 8561 8565 8568
f  8565 8566 8567 8568
v  2.37400E+02  1.64105E+01 -1.09661E+03
v  2.57603E+02  1.64105E+01 -1.09661E+03
v  2.57603E+02  1.64105E+01 -1.11270E+03
v  2.37400E+02  1.64105E+01 -1.11270E+03
v  2.37400E+02  5.82262E+00 -1.09661E+03
v  2.57603E+02  5.82262E+00 -1.09661E+03
v  2.57603E+02  5.82262E+00 -1.11270E+03
v  2.37400E+02  5.82262E+00 -1.11270E+03
g vc_ws_7391
s 0
f  8569 8570 8571 8572
f  8569 8570 8574 8573
f  8571 8570 8574 8575
f  8572 8571 8575 8576
f  8572 8569 8573 8576
f  8573 8574 8575 8576
v  2.94236E+02  1.26040E+02  2.81331E+02
v  3.09736E+02  1.26040E+02  2.81331E+02
v  3.09736E+02  1.26040E+02  2.64831E+02
v  2.94236E+02  1.26040E+02  2.64831E+02
v  2.94236E+02  1.13037E+02  2.81331E+02
v  3.09736E+02  1.13037E+02  2.81331E+02
v  3.09736E+02  1.13037E+02  2.64831E+02
v  2.94236E+02  1.13037E+02  2.64831E+02
g vc_ws_7393
s 0
f  8577 8578 8579 8580
f  8577 8578 8582 8581
f  8579 8578 8582 8583
f  8580 8579 8583 8584
f  8580 8577 8581 8584
f  8581 8582 8583 8584
v  2.94236E+02  1.13037E+02  2.81331E+02
v  3.09736E+02  1.13037E+02  2.81331E+02
v  3.09736E+02  1.13037E+02  2.64831E+02
v  2.94236E+02  1.13037E+02  2.64831E+02
v  2.94236E+02  1.00035E+02  2.81331E+02
v  3.09736E+02  1.00035E+02  2.81331E+02
v  3.09736E+02  1.00035E+02  2.64831E+02
v  2.94236E+02  1.00035E+02  2.64831E+02
g vc_ws_7394
s 0
f  8585 8586 8587 8588
f  8585 8586 8590 8589
f  8587 8586 8590 8591
f  8588 8587 8591 8592
f  8588 8585 8589 8592
f  8589 8590 8591 8592
v  2.37400E+02  1.55906E+01 -1.11270E+03
v  2.57603E+02  1.55906E+01 -1.11270E+03
v  2.57603E+02  1.55906E+01 -1.12920E+03
v  2.37400E+02  1.55906E+01 -1.12920E+03
v  2.37400E+02  5.86009E+00 -1.11270E+03
v  2.57603E+02  5.86009E+00 -1.11270E+03
v  2.57603E+02  5.86009E+00 -1.12920E+03
v  2.37400E+02  5.86009E+00 -1.12920E+03
g vc_ws_7395
s 0
f  8593 8594 8595 8596
f  8593 8594 8598 8597
f  8595 8594 8598 8599
f  8596 8595 8599 8600
f  8596 8593 8597 8600
f  8597 8598 8599 8600
v -5.60993E+02  1.17084E+02 -6.17710E+02
v -5.41679E+02  1.17084E+02 -6.17710E+02
v -5.41679E+02  1.17084E+02 -6.40210E+02
v -5.60993E+02  1.17084E+02 -6.40210E+02
v -5.60993E+02  1.09590E+02 -6.17710E+02
v -5.41679E+02  1.09590E+02 -6.17710E+02
v -5.41679E+02  1.09590E+02 -6.40210E+02
v -5.60993E+02  1.09590E+02 -6.40210E+02
g vc_ws_7397
s 0
f  8601 8602 8603 8604
f  8601 8602 8606 8605
f  8603 8602 8606 8607
f  8604 8603 8607 8608
f  8604 8601 8605 8608
f  8605 8606 8607 8608
v  6.73513E+01  3.78394E+01 -5.07639E+02
v  7.88513E+01  3.78394E+01 -5.07639E+02
v  7.88513E+01  3.78394E+01 -5.21139E+02
v  6.73513E+01  3.78394E+01 -5.21139E+02
v  6.73513E+01  2.79000E+01 -5.07639E+02
v  7.88513E+01  2.79000E+01 -5.07639E+02
v  7.88513E+01  2.79000E+01 -5.21139E+02
v  6.73513E+01  2.79000E+01 -5.21139E+02
g vc_ws_7399
s 0
f  8609 8610 8611 8612
f  8609 8610 8614 8613
f  8611 8610 8614 8615
f  8612 8611 8615 8616
f  8612 8609 8613 8616
f  8613 8614 8615 8616
v -4.17092E+02  1.16195E+02 -5.66185E+02
v -3.96092E+02  1.16195E+02 -5.66185E+02
v -3.96092E+02  1.16195E+02 -5.90758E+02
v -4.17092E+02  1.16195E+02 -5.90758E+02
v -4.17092E+02  1.09965E+02 -5.66185E+02
v -3.96092E+02  1.09965E+02 -5.66185E+02
v -3.96092E+02  1.09965E+02 -5.90758E+02
v -4.17092E+02  1.09965E+02 -5.90758E+02
g vc_ws_7401
s 0
f  8617 8618 8619 8620
f  8617 8618 8622 8621
f  8619 8618 8622 8623
f  8620 8619 8623 8624
f  8620 8617 8621 8624
f  8621 8622 8623 8624
v -4.17092E+02  1.09965E+02 -5.66185E+02
v -3.96092E+02  1.09965E+02 -5.66185E+02
v -3.96092E+02  1.09965E+02 -5.90758E+02
v -4.17092E+02  1.09965E+02 -5.90758E+02
v -4.17092E+02  1.03736E+02 -5.66185E+02
v -3.96092E+02  1.03736E+02 -5.66185E+02
v -3.96092E+02  1.03736E+02 -5.90758E+02
v -4.17092E+02  1.03736E+02 -5.90758E+02
g vc_ws_7402
s 0
f  8625 8626 8627 8628
f  8625 8626 8630 8629
f  8627 8626 8630 8631
f  8628 8627 8631 8632
f  8628 8625 8629 8632
f  8629 8630 8631 8632
v -1.90564E+02  1.79181E+02  8.33004E+01
v -1.79564E+02  1.79181E+02  8.33004E+01
v -1.79564E+02  1.79181E+02  6.88004E+01
v -1.90564E+02  1.79181E+02  6.88004E+01
v -1.90564E+02  1.59077E+02  8.33004E+01
v -1.79564E+02  1.59077E+02  8.33004E+01
v -1.79564E+02  1.59077E+02  6.88004E+01
v -1.90564E+02  1.59077E+02  6.88004E+01
g vc_ws_7403
s 0
f  8633 8634 8635 8636
f  8633 8634 8638 8637
f  8635 8634 8638 8639
f  8636 8635 8639 8640
f  8636 8633 8637 8640
f  8637 8638 8639 8640
v -1.90564E+02  1.59077E+02  8.33004E+01
v -1.79564E+02  1.59077E+02  8.33004E+01
v -1.79564E+02  1.59077E+02  6.88004E+01
v -1.90564E+02  1.59077E+02  6.88004E+01
v -1.90564E+02  1.38973E+02  8.33004E+01
v -1.79564E+02  1.38973E+02  8.33004E+01
v -1.79564E+02  1.38973E+02  6.88004E+01
v -1.90564E+02  1.38973E+02  6.88004E+01
g vc_ws_7404
s 0
f  8641 8642 8643 8644
f  8641 8642 8646 8645
f  8643 8642 8646 8647
f  8644 8643 8647 8648
f  8644 8641 8645 8648
f  8645 8646 8647 8648
v  2.94236E+02  1.26200E+02  2.97331E+02
v  3.09736E+02  1.26200E+02  2.97331E+02
v  3.09736E+02  1.26200E+02  2.81331E+02
v  2.94236E+02  1.26200E+02  2.81331E+02
v  2.94236E+02  1.13278E+02  2.97331E+02
v  3.09736E+02  1.13278E+02  2.97331E+02
v  3.09736E+02  1.13278E+02  2.81331E+02
v  2.94236E+02  1.13278E+02  2.81331E+02
g vc_ws_7405
s 0
f  8649 8650 8651 8652
f  8649 8650 8654 8653
f  8651 8650 8654 8655
f  8652 8651 8655 8656
f  8652 8649 8653 8656
f  8653 8654 8655 8656
v  2.94236E+02  1.13278E+02  2.97331E+02
v  3.09736E+02  1.13278E+02  2.97331E+02
v  3.09736E+02  1.13278E+02  2.81331E+02
v  2.94236E+02  1.13278E+02  2.81331E+02
v  2.94236E+02  1.00356E+02  2.97331E+02
v  3.09736E+02  1.00356E+02  2.97331E+02
v  3.09736E+02  1.00356E+02  2.81331E+02
v  2.94236E+02  1.00356E+02  2.81331E+02
g vc_ws_7406
s 0
f  8657 8658 8659 8660
f  8657 8658 8662 8661
f  8659 8658 8662 8663
f  8660 8659 8663 8664
f  8660 8657 8661 8664
f  8661 8662 8663 8664
v  4.48513E+01  4.65461E+01 -4.72055E+02
v  5.63513E+01  4.65461E+01 -4.72055E+02
v  5.63513E+01  4.65461E+01 -4.83055E+02
v  4.48513E+01  4.65461E+01 -4.83055E+02
v  4.48513E+01  3.05264E+01 -4.72055E+02
v  5.63513E+01  3.05264E+01 -4.72055E+02
v  5.63513E+01  3.05264E+01 -4.83055E+02
v  4.48513E+01  3.05264E+01 -4.83055E+02
g vc_ws_7407
s 0
f  8665 8666 8667 8668
f  8665 8666 8670 8669
f  8667 8666 8670 8671
f  8668 8667 8671 8672
f  8668 8665 8669 8672
f  8669 8670 8671 8672
v  6.73513E+01  3.65628E+01 -5.33139E+02
v  7.88513E+01  3.65628E+01 -5.33139E+02
v  7.88513E+01  3.65628E+01 -5.46639E+02
v  6.73513E+01  3.65628E+01 -5.46639E+02
v  6.73513E+01  2.47097E+01 -5.33139E+02
v  7.88513E+01  2.47097E+01 -5.33139E+02
v  7.88513E+01  2.47097E+01 -5.46639E+02
v  6.73513E+01  2.47097E+01 -5.46639E+02
g vc_ws_7409
s 0
f  8673 8674 8675 8676
f  8673 8674 8678 8677
f  8675 8674 8678 8679
f  8676 8675 8679 8680
f  8676 8673 8677 8680
f  8677 8678 8679 8680
v  5.63513E+01  4.17568E+01 -4.59555E+02
v  6.73513E+01  4.17568E+01 -4.59555E+02
v  6.73513E+01  4.17568E+01 -4.72055E+02
v  5.63513E+01  4.17568E+01 -4.72055E+02
v  5.63513E+01  3.05503E+01 -4.59555E+02
v  6.73513E+01  3.05503E+01 -4.59555E+02
v  6.73513E+01  3.05503E+01 -4.72055E+02
v  5.63513E+01  3.05503E+01 -4.72055E+02
g vc_ws_7411
s 0
f  8681 8682 8683 8684
f  8681 8682 8686 8685
f  8683 8682 8686 8687
f  8684 8683 8687 8688
f  8684 8681 8685 8688
f  8685 8686 8687 8688
v  1.06718E+01  6.03762E+01 -3.10152E+02
v  2.89762E+01  6.03762E+01 -3.10152E+02
v  2.89762E+01  6.03762E+01 -3.28652E+02
v  1.06718E+01  6.03762E+01 -3.28652E+02
v  1.06718E+01  5.10957E+01 -3.10152E+02
v  2.89762E+01  5.10957E+01 -3.10152E+02
v  2.89762E+01  5.10957E+01 -3.28652E+02
v  1.06718E+01  5.10957E+01 -3.28652E+02
g vc_ws_7413
s 0
f  8689 8690 8691 8692
f  8689 8690 8694 8693
f  8691 8690 8694 8695
f  8692 8691 8695 8696
f  8692 8689 8693 8696
f  8693 8694 8695 8696
v  1.06718E+01  5.10957E+01 -3.10152E+02
v  2.89762E+01  5.10957E+01 -3.10152E+02
v  2.89762E+01  5.10957E+01 -3.28652E+02
v  1.06718E+01  5.10957E+01 -3.28652E+02
v  1.06718E+01  4.18152E+01 -3.10152E+02
v  2.89762E+01  4.18152E+01 -3.10152E+02
v  2.89762E+01  4.18152E+01 -3.28652E+02
v  1.06718E+01  4.18152E+01 -3.28652E+02
g vc_ws_7414
s 0
f  8697 8698 8699 8700
f  8697 8698 8702 8701
f  8699 8698 8702 8703
f  8700 8699 8703 8704
f  8700 8697 8701 8704
f  8701 8702 8703 8704
v  4.78131E+01  3.03863E+01 -6.81006E+02
v  6.13131E+01  3.03863E+01 -6.81006E+02
v  6.13131E+01  3.03863E+01 -6.94506E+02
v  4.78131E+01  3.03863E+01 -6.94506E+02
v  4.78131E+01  2.12060E+01 -6.81006E+02
v  6.13131E+01  2.12060E+01 -6.81006E+02
v  6.13131E+01  2.12060E+01 -6.94506E+02
v  4.78131E+01  2.12060E+01 -6.94506E+02
g vc_ws_7415
s 0
f  8705 8706 8707 8708
f  8705 8706 8710 8709
f  8707 8706 8710 8711
f  8708 8707 8711 8712
f  8708 8705 8709 8712
f  8709 8710 8711 8712
v -1.68064E+02  1.79181E+02  8.33004E+01
v -1.57381E+02  1.79181E+02  8.33004E+01
v -1.57381E+02  1.79181E+02  6.88004E+01
v -1.68064E+02  1.79181E+02  6.88004E+01
v -1.68064E+02  1.59077E+02  8.33004E+01
v -1.57381E+02  1.59077E+02  8.33004E+01
v -1.57381E+02  1.59077E+02  6.88004E+01
v -1.68064E+02  1.59077E+02  6.88004E+01
g vc_ws_7417
s 0
f  8713 8714 8715 8716
f  8713 8714 8718 8717
f  8715 8714 8718 8719
f  8716 8715 8719 8720
f  8716 8713 8717 8720
f  8717 8718 8719 8720
v -1.68064E+02  1.59077E+02  8.33004E+01
v -1.57381E+02  1.59077E+02  8.33004E+01
v -1.57381E+02  1.59077E+02  6.88004E+01
v -1.68064E+02  1.59077E+02  6.88004E+01
v -1.68064E+02  1.38973E+02  8.33004E+01
v -1.57381E+02  1.38973E+02  8.33004E+01
v -1.57381E+02  1.38973E+02  6.88004E+01
v -1.68064E+02  1.38973E+02  6.88004E+01
g vc_ws_7418
s 0
f  8721 8722 8723 8724
f  8721 8722 8726 8725
f  8723 8722 8726 8727
f  8724 8723 8727 8728
f  8724 8721 8725 8728
f  8725 8726 8727 8728
v  5.12926E+02  4.74085E+01 -3.19283E+02
v  5.24426E+02  4.74085E+01 -3.19283E+02
v  5.24426E+02  4.74085E+01 -3.29783E+02
v  5.12926E+02  4.74085E+01 -3.29783E+02
v  5.12926E+02  3.77761E+01 -3.19283E+02
v  5.24426E+02  3.77761E+01 -3.19283E+02
v  5.24426E+02  3.77761E+01 -3.29783E+02
v  5.12926E+02  3.77761E+01 -3.29783E+02
g vc_ws_7419
s 0
f  8729 8730 8731 8732
f  8729 8730 8734 8733
f  8731 8730 8734 8735
f  8732 8731 8735 8736
f  8732 8729 8733 8736
f  8733 8734 8735 8736
v  4.90829E+02  8.18243E+01 -7.60057E+01
v  5.09329E+02  8.18243E+01 -7.60057E+01
v  5.09329E+02  8.18243E+01 -8.75057E+01
v  4.90829E+02  8.18243E+01 -8.75057E+01
v  4.90829E+02  6.73135E+01 -7.60057E+01
v  5.09329E+02  6.73135E+01 -7.60057E+01
v  5.09329E+02  6.73135E+01 -8.75057E+01
v  4.90829E+02  6.73135E+01 -8.75057E+01
g vc_ws_7421
s 0
f  8737 8738 8739 8740
f  8737 8738 8742 8741
f  8739 8738 8742 8743
f  8740 8739 8743 8744
f  8740 8737 8741 8744
f  8741 8742 8743 8744
v  4.90829E+02  6.73135E+01 -7.60057E+01
v  5.09329E+02  6.73135E+01 -7.60057E+01
v  5.09329E+02  6.73135E+01 -8.75057E+01
v  4.90829E+02  6.73135E+01 -8.75057E+01
v  4.90829E+02  5.28026E+01 -7.60057E+01
v  5.09329E+02  5.28026E+01 -7.60057E+01
v  5.09329E+02  5.28026E+01 -8.75057E+01
v  4.90829E+02  5.28026E+01 -8.75057E+01
g vc_ws_7422
s 0
f  8745 8746 8747 8748
f  8745 8746 8750 8749
f  8747 8746 8750 8751
f  8748 8747 8751 8752
f  8748 8745 8749 8752
f  8749 8750 8751 8752
v  3.65690E+01  3.63060E+01 -6.81006E+02
v  4.78131E+01  3.63060E+01 -6.81006E+02
v  4.78131E+01  3.63060E+01 -6.94506E+02
v  3.65690E+01  3.63060E+01 -6.94506E+02
v  3.65690E+01  2.11764E+01 -6.81006E+02
v  4.78131E+01  2.11764E+01 -6.81006E+02
v  4.78131E+01  2.11764E+01 -6.94506E+02
v  3.65690E+01  2.11764E+01 -6.94506E+02
g vc_ws_7423
s 0
f  8753 8754 8755 8756
f  8753 8754 8758 8757
f  8755 8754 8758 8759
f  8756 8755 8759 8760
f  8756 8753 8757 8760
f  8757 8758 8759 8760
v  5.08734E+01  4.42743E+01 -4.25554E+02
v  6.23734E+01  4.42743E+01 -4.25554E+02
v  6.23734E+01  4.42743E+01 -4.36554E+02
v  5.08734E+01  4.42743E+01 -4.36554E+02
v  5.08734E+01  3.51990E+01 -4.25554E+02
v  6.23734E+01  3.51990E+01 -4.25554E+02
v  6.23734E+01  3.51990E+01 -4.36554E+02
v  5.08734E+01  3.51990E+01 -4.36554E+02
g vc_ws_7425
s 0
f  8761 8762 8763 8764
f  8761 8762 8766 8765
f  8763 8762 8766 8767
f  8764 8763 8767 8768
f  8764 8761 8765 8768
f  8765 8766 8767 8768
v  6.23734E+01  4.42743E+01 -4.13054E+02
v  7.23734E+01  4.42743E+01 -4.13054E+02
v  7.23734E+01  4.42743E+01 -4.25554E+02
v  6.23734E+01  4.42743E+01 -4.25554E+02
v  6.23734E+01  3.51990E+01 -4.13054E+02
v  7.23734E+01  3.51990E+01 -4.13054E+02
v  7.23734E+01  3.51990E+01 -4.25554E+02
v  6.23734E+01  3.51990E+01 -4.25554E+02
g vc_ws_7427
s 0
f  8769 8770 8771 8772
f  8769 8770 8774 8773
f  8771 8770 8774 8775
f  8772 8771 8775 8776
f  8772 8769 8773 8776
f  8773 8774 8775 8776
v  6.23734E+01  4.42743E+01 -4.36554E+02
v  7.23734E+01  4.42743E+01 -4.36554E+02
v  7.23734E+01  4.42743E+01 -4.49054E+02
v  6.23734E+01  4.42743E+01 -4.49054E+02
v  6.23734E+01  3.51990E+01 -4.36554E+02
v  7.23734E+01  3.51990E+01 -4.36554E+02
v  7.23734E+01  3.51990E+01 -4.49054E+02
v  6.23734E+01  3.51990E+01 -4.49054E+02
g vc_ws_7429
s 0
f  8777 8778 8779 8780
f  8777 8778 8782 8781
f  8779 8778 8782 8783
f  8780 8779 8783 8784
f  8780 8777 8781 8784
f  8781 8782 8783 8784
v -2.29103E+02  1.79740E+02  8.27511E+01
v -2.14603E+02  1.79740E+02  8.27511E+01
v -2.14603E+02  1.79740E+02  7.22511E+01
v -2.29103E+02  1.79740E+02  7.22511E+01
v -2.29103E+02  1.59916E+02  8.27511E+01
v -2.14603E+02  1.59916E+02  8.27511E+01
v -2.14603E+02  1.59916E+02  7.22511E+01
v -2.29103E+02  1.59916E+02  7.22511E+01
g vc_ws_7431
s 0
f  8785 8786 8787 8788
f  8785 8786 8790 8789
f  8787 8786 8790 8791
f  8788 8787 8791 8792
f  8788 8785 8789 8792
f  8789 8790 8791 8792
v -2.29103E+02  1.59916E+02  8.27511E+01
v -2.14603E+02  1.59916E+02  8.27511E+01
v -2.14603E+02  1.59916E+02  7.22511E+01
v -2.29103E+02  1.59916E+02  7.22511E+01
v -2.29103E+02  1.40091E+02  8.27511E+01
v -2.14603E+02  1.40091E+02  8.27511E+01
v -2.14603E+02  1.40091E+02  7.22511E+01
v -2.29103E+02  1.40091E+02  7.22511E+01
g vc_ws_7432
s 0
f  8793 8794 8795 8796
f  8793 8794 8798 8797
f  8795 8794 8798 8799
f  8796 8795 8799 8800
f  8796 8793 8797 8800
f  8797 8798 8799 8800
v  4.78131E+01  3.49195E+01 -6.46185E+02
v  6.13131E+01  3.49195E+01 -6.46185E+02
v  6.13131E+01  3.49195E+01 -6.57506E+02
v  4.78131E+01  3.49195E+01 -6.57506E+02
v  4.78131E+01  2.11834E+01 -6.46185E+02
v  6.13131E+01  2.11834E+01 -6.46185E+02
v  6.13131E+01  2.11834E+01 -6.57506E+02
v  4.78131E+01  2.11834E+01 -6.57506E+02
g vc_ws_7433
s 0
f  8801 8802 8803 8804
f  8801 8802 8806 8805
f  8803 8802 8806 8807
f  8804 8803 8807 8808
f  8804 8801 8805 8808
f  8805 8806 8807 8808
v  7.88513E+01  3.78394E+01 -5.07639E+02
v  8.93513E+01  3.78394E+01 -5.07639E+02
v  8.93513E+01  3.78394E+01 -5.21139E+02
v  7.88513E+01  3.78394E+01 -5.21139E+02
v  7.88513E+01  2.75774E+01 -5.07639E+02
v  8.93513E+01  2.75774E+01 -5.07639E+02
v  8.93513E+01  2.75774E+01 -5.21139E+02
v  7.88513E+01  2.75774E+01 -5.21139E+02
g vc_ws_7435
s 0
f  8809 8810 8811 8812
f  8809 8810 8814 8813
f  8811 8810 8814 8815
f  8812 8811 8815 8816
f  8812 8809 8813 8816
f  8813 8814 8815 8816
v  1.49310E+02  2.06130E+01 -1.10196E+03
v  1.71176E+02  2.06130E+01 -1.10196E+03
v  1.71176E+02  2.06130E+01 -1.11296E+03
v  1.49310E+02  2.06130E+01 -1.11296E+03
v  1.49310E+02  9.63379E+00 -1.10196E+03
v  1.71176E+02  9.63379E+00 -1.10196E+03
v  1.71176E+02  9.63379E+00 -1.11296E+03
v  1.49310E+02  9.63379E+00 -1.11296E+03
g vc_ws_7437
s 0
f  8817 8818 8819 8820
f  8817 8818 8822 8821
f  8819 8818 8822 8823
f  8820 8819 8823 8824
f  8820 8817 8821 8824
f  8821 8822 8823 8824
v  5.12926E+02  4.74085E+01 -3.09283E+02
v  5.24426E+02  4.74085E+01 -3.09283E+02
v  5.24426E+02  4.74085E+01 -3.19283E+02
v  5.12926E+02  4.74085E+01 -3.19283E+02
v  5.12926E+02  3.95145E+01 -3.09283E+02
v  5.24426E+02  3.95145E+01 -3.09283E+02
v  5.24426E+02  3.95145E+01 -3.19283E+02
v  5.12926E+02  3.95145E+01 -3.19283E+02
g vc_ws_7439
s 0
f  8825 8826 8827 8828
f  8825 8826 8830 8829
f  8827 8826 8830 8831
f  8828 8827 8831 8832
f  8828 8825 8829 8832
f  8829 8830 8831 8832
v -3.43097E+00  2.79512E+01 -7.31506E+02
v  1.00690E+01  2.79512E+01 -7.31506E+02
v  1.00690E+01  2.79512E+01 -7.45006E+02
v -3.43097E+00  2.79512E+01 -7.45006E+02
v -3.43097E+00  2.07427E+01 -7.31506E+02
v  1.00690E+01  2.07427E+01 -7.31506E+02
v  1.00690E+01  2.07427E+01 -7.45006E+02
v -3.43097E+00  2.07427E+01 -7.45006E+02
g vc_ws_7441
s 0
f  8833 8834 8835 8836
f  8833 8834 8838 8837
f  8835 8834 8838 8839
f  8836 8835 8839 8840
f  8836 8833 8837 8840
f  8837 8838 8839 8840
v -3.43097E+00  2.79512E+01 -7.55999E+02
v  1.00690E+01  2.79512E+01 -7.55999E+02
v  1.00690E+01  2.79512E+01 -7.69499E+02
v -3.43097E+00  2.79512E+01 -7.69499E+02
v -3.43097E+00  2.22305E+01 -7.55999E+02
v  1.00690E+01  2.22305E+01 -7.55999E+02
v  1.00690E+01  2.22305E+01 -7.69499E+02
v -3.43097E+00  2.22305E+01 -7.69499E+02
g vc_ws_7443
s 0
f  8841 8842 8843 8844
f  8841 8842 8846 8845
f  8843 8842 8846 8847
f  8844 8843 8847 8848
f  8844 8841 8845 8848
f  8845 8846 8847 8848
v -2.99236E+02  1.08280E+02 -1.25416E+02
v -2.86236E+02  1.08280E+02 -1.25416E+02
v -2.86236E+02  1.08280E+02 -1.46416E+02
v -2.99236E+02  1.08280E+02 -1.46416E+02
v -2.99236E+02  9.76594E+01 -1.25416E+02
v -2.86236E+02  9.76594E+01 -1.25416E+02
v -2.86236E+02  9.76594E+01 -1.46416E+02
v -2.99236E+02  9.76594E+01 -1.46416E+02
g vc_ws_7445
s 0
f  8849 8850 8851 8852
f  8849 8850 8854 8853
f  8851 8850 8854 8855
f  8852 8851 8855 8856
f  8852 8849 8853 8856
f  8853 8854 8855 8856
v -2.99236E+02  9.76594E+01 -1.25416E+02
v -2.86236E+02  9.76594E+01 -1.25416E+02
v -2.86236E+02  9.76594E+01 -1.46416E+02
v -2.99236E+02  9.76594E+01 -1.46416E+02
v -2.99236E+02  8.70392E+01 -1.25416E+02
v -2.86236E+02  8.70392E+01 -1.25416E+02
v -2.86236E+02  8.70392E+01 -1.46416E+02
v -2.99236E+02  8.70392E+01 -1.46416E+02
g vc_ws_7446
s 0
f  8857 8858 8859 8860
f  8857 8858 8862 8861
f  8859 8858 8862 8863
f  8860 8859 8863 8864
f  8860 8857 8861 8864
f  8861 8862 8863 8864
v  6.73513E+01  3.78394E+01 -5.21139E+02
v  7.88513E+01  3.78394E+01 -5.21139E+02
v  7.88513E+01  3.78394E+01 -5.33139E+02
v  6.73513E+01  3.78394E+01 -5.33139E+02
v  6.73513E+01  2.47033E+01 -5.21139E+02
v  7.88513E+01  2.47033E+01 -5.21139E+02
v  7.88513E+01  2.47033E+01 -5.33139E+02
v  6.73513E+01  2.47033E+01 -5.33139E+02
g vc_ws_7447
s 0
f  8865 8866 8867 8868
f  8865 8866 8870 8869
f  8867 8866 8870 8871
f  8868 8867 8871 8872
f  8868 8865 8869 8872
f  8869 8870 8871 8872
v  7.88513E+01  3.65628E+01 -5.33139E+02
v  8.93513E+01  3.65628E+01 -5.33139E+02
v  8.93513E+01  3.65628E+01 -5.46639E+02
v  7.88513E+01  3.65628E+01 -5.46639E+02
v  7.88513E+01  2.47097E+01 -5.33139E+02
v  8.93513E+01  2.47097E+01 -5.33139E+02
v  8.93513E+01  2.47097E+01 -5.46639E+02
v  7.88513E+01  2.47097E+01 -5.46639E+02
g vc_ws_7449
s 0
f  8873 8874 8875 8876
f  8873 8874 8878 8877
f  8875 8874 8878 8879
f  8876 8875 8879 8880
f  8876 8873 8877 8880
f  8877 8878 8879 8880
v  2.30690E+01  2.73978E+01 -7.06006E+02
v  3.65690E+01  2.73978E+01 -7.06006E+02
v  3.65690E+01  2.73978E+01 -7.19506E+02
v  2.30690E+01  2.73978E+01 -7.19506E+02
v  2.30690E+01  2.14487E+01 -7.06006E+02
v  3.65690E+01  2.14487E+01 -7.06006E+02
v  3.65690E+01  2.14487E+01 -7.19506E+02
v  2.30690E+01  2.14487E+01 -7.19506E+02
g vc_ws_7451
s 0
f  8881 8882 8883 8884
f  8881 8882 8886 8885
f  8883 8882 8886 8887
f  8884 8883 8887 8888
f  8884 8881 8885 8888
f  8885 8886 8887 8888
v  2.80923E+02  1.26040E+02  2.81331E+02
v  2.94236E+02  1.26040E+02  2.81331E+02
v  2.94236E+02  1.26040E+02  2.64831E+02
v  2.80923E+02  1.26040E+02  2.64831E+02
v  2.80923E+02  1.13037E+02  2.81331E+02
v  2.94236E+02  1.13037E+02  2.81331E+02
v  2.94236E+02  1.13037E+02  2.64831E+02
v  2.80923E+02  1.13037E+02  2.64831E+02
g vc_ws_7453
s 0
f  8889 8890 8891 8892
f  8889 8890 8894 8893
f  8891 8890 8894 8895
f  8892 8891 8895 8896
f  8892 8889 8893 8896
f  8893 8894 8895 8896
v  2.80923E+02  1.13037E+02  2.81331E+02
v  2.94236E+02  1.13037E+02  2.81331E+02
v  2.94236E+02  1.13037E+02  2.64831E+02
v  2.80923E+02  1.13037E+02  2.64831E+02
v  2.80923E+02  1.00035E+02  2.81331E+02
v  2.94236E+02  1.00035E+02  2.81331E+02
v  2.94236E+02  1.00035E+02  2.64831E+02
v  2.80923E+02  1.00035E+02  2.64831E+02
g vc_ws_7454
s 0
f  8897 8898 8899 8900
f  8897 8898 8902 8901
f  8899 8898 8902 8903
f  8900 8899 8903 8904
f  8900 8897 8901 8904
f  8901 8902 8903 8904
v -6.27617E+01  3.26632E+01 -1.09980E+03
v -3.61901E+01  3.26632E+01 -1.09980E+03
v -3.61901E+01  3.26632E+01 -1.11930E+03
v -6.27617E+01  3.26632E+01 -1.11930E+03
v -6.27617E+01  2.71686E+01 -1.09980E+03
v -3.61901E+01  2.71686E+01 -1.09980E+03
v -3.61901E+01  2.71686E+01 -1.11930E+03
v -6.27617E+01  2.71686E+01 -1.11930E+03
g vc_ws_7455
s 0
f  8905 8906 8907 8908
f  8905 8906 8910 8909
f  8907 8906 8910 8911
f  8908 8907 8911 8912
f  8908 8905 8909 8912
f  8909 8910 8911 8912
v -6.27617E+01  2.71686E+01 -1.09980E+03
v -3.61901E+01  2.71686E+01 -1.09980E+03
v -3.61901E+01  2.71686E+01 -1.11930E+03
v -6.27617E+01  2.71686E+01 -1.11930E+03
v -6.27617E+01  2.16739E+01 -1.09980E+03
v -3.61901E+01  2.16739E+01 -1.09980E+03
v -3.61901E+01  2.16739E+01 -1.11930E+03
v -6.27617E+01  2.16739E+01 -1.11930E+03
g vc_ws_7456
s 0
f  8913 8914 8915 8916
f  8913 8914 8918 8917
f  8915 8914 8918 8919
f  8916 8915 8919 8920
f  8916 8913 8917 8920
f  8917 8918 8919 8920
v  3.09736E+02  1.26040E+02  2.81331E+02
v  3.22936E+02  1.26040E+02  2.81331E+02
v  3.22936E+02  1.26040E+02  2.64831E+02
v  3.09736E+02  1.26040E+02  2.64831E+02
v  3.09736E+02  1.13037E+02  2.81331E+02
v  3.22936E+02  1.13037E+02  2.81331E+02
v  3.22936E+02  1.13037E+02  2.64831E+02
v  3.09736E+02  1.13037E+02  2.64831E+02
g vc_ws_7457
s 0
f  8921 8922 8923 8924
f  8921 8922 8926 8925
f  8923 8922 8926 8927
f  8924 8923 8927 8928
f  8924 8921 8925 8928
f  8925 8926 8927 8928
v  3.09736E+02  1.13037E+02  2.81331E+02
v  3.22936E+02  1.13037E+02  2.81331E+02
v  3.22936E+02  1.13037E+02  2.64831E+02
v  3.09736E+02  1.13037E+02  2.64831E+02
v  3.09736E+02  1.00035E+02  2.81331E+02
v  3.22936E+02  1.00035E+02  2.81331E+02
v  3.22936E+02  1.00035E+02  2.64831E+02
v  3.09736E+02  1.00035E+02  2.64831E+02
g vc_ws_7458
s 0
f  8929 8930 8931 8932
f  8929 8930 8934 8933
f  8931 8930 8934 8935
f  8932 8931 8935 8936
f  8932 8929 8933 8936
f  8933 8934 8935 8936
v  2.57603E+02  1.38249E+01 -1.09537E+03
v  2.77103E+02  1.38249E+01 -1.09537E+03
v  2.77103E+02  1.38249E+01 -1.11150E+03
v  2.57603E+02  1.38249E+01 -1.11150E+03
v  2.57603E+02  5.83555E+00 -1.09537E+03
v  2.77103E+02  5.83555E+00 -1.09537E+03
v  2.77103E+02  5.83555E+00 -1.11150E+03
v  2.57603E+02  5.83555E+00 -1.11150E+03
g vc_ws_7459
s 0
f  8937 8938 8939 8940
f  8937 8938 8942 8941
f  8939 8938 8942 8943
f  8940 8939 8943 8944
f  8940 8937 8941 8944
f  8941 8942 8943 8944
v  1.00690E+01  2.79512E+01 -7.31506E+02
v  2.30690E+01  2.79512E+01 -7.31506E+02
v  2.30690E+01  2.79512E+01 -7.45006E+02
v  1.00690E+01  2.79512E+01 -7.45006E+02
v  1.00690E+01  2.14460E+01 -7.31506E+02
v  2.30690E+01  2.14460E+01 -7.31506E+02
v  2.30690E+01  2.14460E+01 -7.45006E+02
v  1.00690E+01  2.14460E+01 -7.45006E+02
g vc_ws_7461
s 0
f  8945 8946 8947 8948
f  8945 8946 8950 8949
f  8947 8946 8950 8951
f  8948 8947 8951 8952
f  8948 8945 8949 8952
f  8949 8950 8951 8952
v  2.77103E+02  1.38249E+01 -1.09537E+03
v  2.96548E+02  1.38249E+01 -1.09537E+03
v  2.96548E+02  1.38249E+01 -1.11150E+03
v  2.77103E+02  1.38249E+01 -1.11150E+03
v  2.77103E+02  2.90031E+00 -1.09537E+03
v  2.96548E+02  2.90031E+00 -1.09537E+03
v  2.96548E+02  2.90031E+00 -1.11150E+03
v  2.77103E+02  2.90031E+00 -1.11150E+03
g vc_ws_7463
s 0
f  8953 8954 8955 8956
f  8953 8954 8958 8957
f  8955 8954 8958 8959
f  8956 8955 8959 8960
f  8956 8953 8957 8960
f  8957 8958 8959 8960
v  5.63513E+01  4.42743E+01 -4.49054E+02
v  6.73513E+01  4.42743E+01 -4.49054E+02
v  6.73513E+01  4.42743E+01 -4.59555E+02
v  5.63513E+01  4.42743E+01 -4.59555E+02
v  5.63513E+01  3.05377E+01 -4.49054E+02
v  6.73513E+01  3.05377E+01 -4.49054E+02
v  6.73513E+01  3.05377E+01 -4.59555E+02
v  5.63513E+01  3.05377E+01 -4.59555E+02
g vc_ws_7465
s 0
f  8961 8962 8963 8964
f  8961 8962 8966 8965
f  8963 8962 8966 8967
f  8964 8963 8967 8968
f  8964 8961 8965 8968
f  8965 8966 8967 8968
v -2.42103E+02  1.78580E+02  8.27511E+01
v -2.29103E+02  1.78580E+02  8.27511E+01
v -2.29103E+02  1.78580E+02  7.22511E+01
v -2.42103E+02  1.78580E+02  7.22511E+01
v -2.42103E+02  1.58176E+02  8.27511E+01
v -2.29103E+02  1.58176E+02  8.27511E+01
v -2.29103E+02  1.58176E+02  7.22511E+01
v -2.42103E+02  1.58176E+02  7.22511E+01
g vc_ws_7467
s 0
f  8969 8970 8971 8972
f  8969 8970 8974 8973
f  8971 8970 8974 8975
f  8972 8971 8975 8976
f  8972 8969 8973 8976
f  8973 8974 8975 8976
v -2.42103E+02  1.58176E+02  8.27511E+01
v -2.29103E+02  1.58176E+02  8.27511E+01
v -2.29103E+02  1.58176E+02  7.22511E+01
v -2.42103E+02  1.58176E+02  7.22511E+01
v -2.42103E+02  1.37771E+02  8.27511E+01
v -2.29103E+02  1.37771E+02  8.27511E+01
v -2.29103E+02  1.37771E+02  7.22511E+01
v -2.42103E+02  1.37771E+02  7.22511E+01
g vc_ws_7468
s 0
f  8977 8978 8979 8980
f  8977 8978 8982 8981
f  8979 8978 8982 8983
f  8980 8979 8983 8984
f  8980 8977 8981 8984
f  8981 8982 8983 8984
v  5.63513E+01  4.17568E+01 -4.72055E+02
v  6.73513E+01  4.17568E+01 -4.72055E+02
v  6.73513E+01  4.17568E+01 -4.83055E+02
v  5.63513E+01  4.17568E+01 -4.83055E+02
v  5.63513E+01  3.05503E+01 -4.72055E+02
v  6.73513E+01  3.05503E+01 -4.72055E+02
v  6.73513E+01  3.05503E+01 -4.83055E+02
v  5.63513E+01  3.05503E+01 -4.83055E+02
g vc_ws_7469
s 0
f  8985 8986 8987 8988
f  8985 8986 8990 8989
f  8987 8986 8990 8991
f  8988 8987 8991 8992
f  8988 8985 8989 8992
f  8989 8990 8991 8992
v  2.77103E+02  1.38249E+01 -1.07887E+03
v  2.95735E+02  1.38249E+01 -1.07887E+03
v  2.95735E+02  1.38249E+01 -1.09537E+03
v  2.77103E+02  1.38249E+01 -1.09537E+03
v  2.77103E+02  4.31931E+00 -1.07887E+03
v  2.95735E+02  4.31931E+00 -1.07887E+03
v  2.95735E+02  4.31931E+00 -1.09537E+03
v  2.77103E+02  4.31931E+00 -1.09537E+03
g vc_ws_7471
s 0
f  8993 8994 8995 8996
f  8993 8994 8998 8997
f  8995 8994 8998 8999
f  8996 8995 8999 9000
f  8996 8993 8997 9000
f  8997 8998 8999 9000
v  3.09736E+02  1.26200E+02  2.97331E+02
v  3.22936E+02  1.26200E+02  2.97331E+02
v  3.22936E+02  1.26200E+02  2.81331E+02
v  3.09736E+02  1.26200E+02  2.81331E+02
v  3.09736E+02  1.13278E+02  2.97331E+02
v  3.22936E+02  1.13278E+02  2.97331E+02
v  3.22936E+02  1.13278E+02  2.81331E+02
v  3.09736E+02  1.13278E+02  2.81331E+02
g vc_ws_7473
s 0
f  9001 9002 9003 9004
f  9001 9002 9006 9005
f  9003 9002 9006 9007
f  9004 9003 9007 9008
f  9004 9001 9005 9008
f  9005 9006 9007 9008
v  3.09736E+02  1.13278E+02  2.97331E+02
v  3.22936E+02  1.13278E+02  2.97331E+02
v  3.22936E+02  1.13278E+02  2.81331E+02
v  3.09736E+02  1.13278E+02  2.81331E+02
v  3.09736E+02  1.00356E+02  2.97331E+02
v  3.22936E+02  1.00356E+02  2.97331E+02
v  3.22936E+02  1.00356E+02  2.81331E+02
v  3.09736E+02  1.00356E+02  2.81331E+02
g vc_ws_7474
s 0
f  9009 9010 9011 9012
f  9009 9010 9014 9013
f  9011 9010 9014 9015
f  9012 9011 9015 9016
f  9012 9009 9013 9016
f  9013 9014 9015 9016
v  6.73513E+01  3.78394E+01 -4.96555E+02
v  7.88513E+01  3.78394E+01 -4.96555E+02
v  7.88513E+01  3.78394E+01 -5.07639E+02
v  6.73513E+01  3.78394E+01 -5.07639E+02
v  6.73513E+01  2.79000E+01 -4.96555E+02
v  7.88513E+01  2.79000E+01 -4.96555E+02
v  7.88513E+01  2.79000E+01 -5.07639E+02
v  6.73513E+01  2.79000E+01 -5.07639E+02
g vc_ws_7475
s 0
f  9017 9018 9019 9020
f  9017 9018 9022 9021
f  9019 9018 9022 9023
f  9020 9019 9023 9024
f  9020 9017 9021 9024
f  9021 9022 9023 9024
v -3.43097E+00  2.88718E+01 -7.69499E+02
v  1.00690E+01  2.88718E+01 -7.69499E+02
v  1.00690E+01  2.88718E+01 -7.81499E+02
v -3.43097E+00  2.88718E+01 -7.81499E+02
v -3.43097E+00  2.22259E+01 -7.69499E+02
v  1.00690E+01  2.22259E+01 -7.69499E+02
v  1.00690E+01  2.22259E+01 -7.81499E+02
v -3.43097E+00  2.22259E+01 -7.81499E+02
g vc_ws_7477
s 0
f  9025 9026 9027 9028
f  9025 9026 9030 9029
f  9027 9026 9030 9031
f  9028 9027 9031 9032
f  9028 9025 9029 9032
f  9029 9030 9031 9032
v  2.57603E+02  1.25165E+01 -1.11150E+03
v  2.77103E+02  1.25165E+01 -1.11150E+03
v  2.77103E+02  1.25165E+01 -1.12800E+03
v  2.57603E+02  1.25165E+01 -1.12800E+03
v  2.57603E+02  5.87546E+00 -1.11150E+03
v  2.77103E+02  5.87546E+00 -1.11150E+03
v  2.77103E+02  5.87546E+00 -1.12800E+03
v  2.57603E+02  5.87546E+00 -1.12800E+03
g vc_ws_7479
s 0
f  9033 9034 9035 9036
f  9033 9034 9038 9037
f  9035 9034 9038 9039
f  9036 9035 9039 9040
f  9036 9033 9037 9040
f  9037 9038 9039 9040
v  2.77103E+02  1.38249E+01 -1.06287E+03
v  2.95735E+02  1.38249E+01 -1.06287E+03
v  2.95735E+02  1.38249E+01 -1.07887E+03
v  2.77103E+02  1.38249E+01 -1.07887E+03
v  2.77103E+02  4.31931E+00 -1.06287E+03
v  2.95735E+02  4.31931E+00 -1.06287E+03
v  2.95735E+02  4.31931E+00 -1.07887E+03
v  2.77103E+02  4.31931E+00 -1.07887E+03
g vc_ws_7481
s 0
f  9041 9042 9043 9044
f  9041 9042 9046 9045
f  9043 9042 9046 9047
f  9044 9043 9047 9048
f  9044 9041 9045 9048
f  9045 9046 9047 9048
v  2.77103E+02  1.25165E+01 -1.11150E+03
v  2.96548E+02  1.25165E+01 -1.11150E+03
v  2.96548E+02  1.25165E+01 -1.12800E+03
v  2.77103E+02  1.25165E+01 -1.12800E+03
v  2.77103E+02  2.90686E+00 -1.11150E+03
v  2.96548E+02  2.90686E+00 -1.11150E+03
v  2.96548E+02  2.90686E+00 -1.12800E+03
v  2.77103E+02  2.90686E+00 -1.12800E+03
g vc_ws_7483
s 0
f  9049 9050 9051 9052
f  9049 9050 9054 9053
f  9051 9050 9054 9055
f  9052 9051 9055 9056
f  9052 9049 9053 9056
f  9053 9054 9055 9056
v  6.23734E+01  4.42743E+01 -4.25554E+02
v  7.23734E+01  4.42743E+01 -4.25554E+02
v  7.23734E+01  4.42743E+01 -4.36554E+02
v  6.23734E+01  4.42743E+01 -4.36554E+02
v  6.23734E+01  3.51990E+01 -4.25554E+02
v  7.23734E+01  3.51990E+01 -4.25554E+02
v  7.23734E+01  3.51990E+01 -4.36554E+02
v  6.23734E+01  3.51990E+01 -4.36554E+02
g vc_ws_7485
s 0
f  9057 9058 9059 9060
f  9057 9058 9062 9061
f  9059 9058 9062 9063
f  9060 9059 9063 9064
f  9060 9057 9061 9064
f  9061 9062 9063 9064
v  1.06718E+01  6.03762E+01 -2.92254E+02
v  2.89762E+01  6.03762E+01 -2.92254E+02
v  2.89762E+01  6.03762E+01 -3.10152E+02
v  1.06718E+01  6.03762E+01 -3.10152E+02
v  1.06718E+01  5.23042E+01 -2.92254E+02
v  2.89762E+01  5.23042E+01 -2.92254E+02
v  2.89762E+01  5.23042E+01 -3.10152E+02
v  1.06718E+01  5.23042E+01 -3.10152E+02
g vc_ws_7487
s 0
f  9065 9066 9067 9068
f  9065 9066 9070 9069
f  9067 9066 9070 9071
f  9068 9067 9071 9072
f  9068 9065 9069 9072
f  9069 9070 9071 9072
v  1.06718E+01  5.23042E+01 -2.92254E+02
v  2.89762E+01  5.23042E+01 -2.92254E+02
v  2.89762E+01  5.23042E+01 -3.10152E+02
v  1.06718E+01  5.23042E+01 -3.10152E+02
v  1.06718E+01  4.42322E+01 -2.92254E+02
v  2.89762E+01  4.42322E+01 -2.92254E+02
v  2.89762E+01  4.42322E+01 -3.10152E+02
v  1.06718E+01  4.42322E+01 -3.10152E+02
g vc_ws_7488
s 0
f  9073 9074 9075 9076
f  9073 9074 9078 9077
f  9075 9074 9078 9079
f  9076 9075 9079 9080
f  9076 9073 9077 9080
f  9077 9078 9079 9080
v  7.88513E+01  3.78394E+01 -5.21139E+02
v  8.93513E+01  3.78394E+01 -5.21139E+02
v  8.93513E+01  3.78394E+01 -5.33139E+02
v  7.88513E+01  3.78394E+01 -5.33139E+02
v  7.88513E+01  2.47033E+01 -5.21139E+02
v  8.93513E+01  2.47033E+01 -5.21139E+02
v  8.93513E+01  2.47033E+01 -5.33139E+02
v  7.88513E+01  2.47033E+01 -5.33139E+02
g vc_ws_7489
s 0
f  9081 9082 9083 9084
f  9081 9082 9086 9085
f  9083 9082 9086 9087
f  9084 9083 9087 9088
f  9084 9081 9085 9088
f  9085 9086 9087 9088
v  3.65690E+01  3.03863E+01 -7.06006E+02
v  4.78131E+01  3.03863E+01 -7.06006E+02
v  4.78131E+01  3.03863E+01 -7.19506E+02
v  3.65690E+01  3.03863E+01 -7.19506E+02
v  3.65690E+01  2.14338E+01 -7.06006E+02
v  4.78131E+01  2.14338E+01 -7.06006E+02
v  4.78131E+01  2.14338E+01 -7.19506E+02
v  3.65690E+01  2.14338E+01 -7.19506E+02
g vc_ws_7491
s 0
f  9089 9090 9091 9092
f  9089 9090 9094 9093
f  9091 9090 9094 9095
f  9092 9091 9095 9096
f  9092 9089 9093 9096
f  9093 9094 9095 9096
v -2.14603E+02  1.79740E+02  8.27511E+01
v -2.02064E+02  1.79740E+02  8.27511E+01
v -2.02064E+02  1.79740E+02  7.22511E+01
v -2.14603E+02  1.79740E+02  7.22511E+01
v -2.14603E+02  1.59916E+02  8.27511E+01
v -2.02064E+02  1.59916E+02  8.27511E+01
v -2.02064E+02  1.59916E+02  7.22511E+01
v -2.14603E+02  1.59916E+02  7.22511E+01
g vc_ws_7493
s 0
f  9097 9098 9099 9100
f  9097 9098 9102 9101
f  9099 9098 9102 9103
f  9100 9099 9103 9104
f  9100 9097 9101 9104
f  9101 9102 9103 9104
v -2.14603E+02  1.59916E+02  8.27511E+01
v -2.02064E+02  1.59916E+02  8.27511E+01
v -2.02064E+02  1.59916E+02  7.22511E+01
v -2.14603E+02  1.59916E+02  7.22511E+01
v -2.14603E+02  1.40091E+02  8.27511E+01
v -2.02064E+02  1.40091E+02  8.27511E+01
v -2.02064E+02  1.40091E+02  7.22511E+01
v -2.14603E+02  1.40091E+02  7.22511E+01
g vc_ws_7494
s 0
f  9105 9106 9107 9108
f  9105 9106 9110 9109
f  9107 9106 9110 9111
f  9108 9107 9111 9112
f  9108 9105 9109 9112
f  9109 9110 9111 9112
v  4.78131E+01  2.67189E+01 -6.57506E+02
v  6.13131E+01  2.67189E+01 -6.57506E+02
v  6.13131E+01  2.67189E+01 -6.70006E+02
v  4.78131E+01  2.67189E+01 -6.70006E+02
v  4.78131E+01  2.12244E+01 -6.57506E+02
v  6.13131E+01  2.12244E+01 -6.57506E+02
v  6.13131E+01  2.12244E+01 -6.70006E+02
v  4.78131E+01  2.12244E+01 -6.70006E+02
g vc_ws_7495
s 0
f  9113 9114 9115 9116
f  9113 9114 9118 9117
f  9115 9114 9118 9119
f  9116 9115 9119 9120
f  9116 9113 9117 9120
f  9117 9118 9119 9120
v  1.00690E+01  2.79512E+01 -7.55999E+02
v  2.20690E+01  2.79512E+01 -7.55999E+02
v  2.20690E+01  2.79512E+01 -7.69499E+02
v  1.00690E+01  2.79512E+01 -7.69499E+02
v  1.00690E+01  2.22305E+01 -7.55999E+02
v  2.20690E+01  2.22305E+01 -7.55999E+02
v  2.20690E+01  2.22305E+01 -7.69499E+02
v  1.00690E+01  2.22305E+01 -7.69499E+02
g vc_ws_7497
s 0
f  9121 9122 9123 9124
f  9121 9122 9126 9125
f  9123 9122 9126 9127
f  9124 9123 9127 9128
f  9124 9121 9125 9128
f  9125 9126 9127 9128
v -6.81052E+02  1.27966E+02 -6.23301E+02
v -6.62552E+02  1.27966E+02 -6.23301E+02
v -6.62552E+02  1.27966E+02 -6.36301E+02
v -6.81052E+02  1.27966E+02 -6.36301E+02
v -6.81052E+02  1.17184E+02 -6.23301E+02
v -6.62552E+02  1.17184E+02 -6.23301E+02
v -6.62552E+02  1.17184E+02 -6.36301E+02
v -6.81052E+02  1.17184E+02 -6.36301E+02
g vc_ws_7499
s 0
f  9129 9130 9131 9132
f  9129 9130 9134 9133
f  9131 9130 9134 9135
f  9132 9131 9135 9136
f  9132 9129 9133 9136
f  9133 9134 9135 9136
v -3.43097E+00  2.77988E+01 -7.19506E+02
v  1.00690E+01  2.77988E+01 -7.19506E+02
v  1.00690E+01  2.77988E+01 -7.31506E+02
v -3.43097E+00  2.77988E+01 -7.31506E+02
v -3.43097E+00  2.07434E+01 -7.19506E+02
v  1.00690E+01  2.07434E+01 -7.19506E+02
v  1.00690E+01  2.07434E+01 -7.31506E+02
v -3.43097E+00  2.07434E+01 -7.31506E+02
g vc_ws_7501
s 0
f  9137 9138 9139 9140
f  9137 9138 9142 9141
f  9139 9138 9142 9143
f  9140 9139 9143 9144
f  9140 9137 9141 9144
f  9141 9142 9143 9144
v  6.13131E+01  3.03863E+01 -6.81006E+02
v  7.23131E+01  3.03863E+01 -6.81006E+02
v  7.23131E+01  3.03863E+01 -6.94506E+02
v  6.13131E+01  3.03863E+01 -6.94506E+02
v  6.13131E+01  2.12060E+01 -6.81006E+02
v  7.23131E+01  2.12060E+01 -6.81006E+02
v  7.23131E+01  2.12060E+01 -6.94506E+02
v  6.13131E+01  2.12060E+01 -6.94506E+02
g vc_ws_7503
s 0
f  9145 9146 9147 9148
f  9145 9146 9150 9149
f  9147 9146 9150 9151
f  9148 9147 9151 9152
f  9148 9145 9149 9152
f  9149 9150 9151 9152
v  2.30690E+01  2.73978E+01 -7.19506E+02
v  3.65690E+01  2.73978E+01 -7.19506E+02
v  3.65690E+01  2.73978E+01 -7.31506E+02
v  2.30690E+01  2.73978E+01 -7.31506E+02
v  2.30690E+01  2.14487E+01 -7.19506E+02
v  3.65690E+01  2.14487E+01 -7.19506E+02
v  3.65690E+01  2.14487E+01 -7.31506E+02
v  2.30690E+01  2.14487E+01 -7.31506E+02
g vc_ws_7505
s 0
f  9153 9154 9155 9156
f  9153 9154 9158 9157
f  9155 9154 9158 9159
f  9156 9155 9159 9160
f  9156 9153 9157 9160
f  9157 9158 9159 9160
v -6.62552E+02  1.27966E+02 -6.23301E+02
v -6.44552E+02  1.27966E+02 -6.23301E+02
v -6.44552E+02  1.27966E+02 -6.36301E+02
v -6.62552E+02  1.27966E+02 -6.36301E+02
v -6.62552E+02  1.17184E+02 -6.23301E+02
v -6.44552E+02  1.17184E+02 -6.23301E+02
v -6.44552E+02  1.17184E+02 -6.36301E+02
v -6.62552E+02  1.17184E+02 -6.36301E+02
g vc_ws_7507
s 0
f  9161 9162 9163 9164
f  9161 9162 9166 9165
f  9163 9162 9166 9167
f  9164 9163 9167 9168
f  9164 9161 9165 9168
f  9165 9166 9167 9168
v  2.95735E+02  1.14596E+01 -1.07887E+03
v  3.15235E+02  1.14596E+01 -1.07887E+03
v  3.15235E+02  1.14596E+01 -1.09537E+03
v  2.95735E+02  1.14596E+01 -1.09537E+03
v  2.95735E+02  4.33114E+00 -1.07887E+03
v  3.15235E+02  4.33114E+00 -1.07887E+03
v  3.15235E+02  4.33114E+00 -1.09537E+03
v  2.95735E+02  4.33114E+00 -1.09537E+03
g vc_ws_7509
s 0
f  9169 9170 9171 9172
f  9169 9170 9174 9173
f  9171 9170 9174 9175
f  9172 9171 9175 9176
f  9172 9169 9173 9176
f  9173 9174 9175 9176
v  3.08019E+01  5.11376E+01 -3.95869E+02
v  5.08734E+01  5.11376E+01 -3.95869E+02
v  5.08734E+01  5.11376E+01 -4.11369E+02
v  3.08019E+01  5.11376E+01 -4.11369E+02
v  3.08019E+01  4.31512E+01 -3.95869E+02
v  5.08734E+01  4.31512E+01 -3.95869E+02
v  5.08734E+01  4.31512E+01 -4.11369E+02
v  3.08019E+01  4.31512E+01 -4.11369E+02
g vc_ws_7511
s 0
f  9177 9178 9179 9180
f  9177 9178 9182 9181
f  9179 9178 9182 9183
f  9180 9179 9183 9184
f  9180 9177 9181 9184
f  9181 9182 9183 9184
v  3.08019E+01  4.31512E+01 -3.95869E+02
v  5.08734E+01  4.31512E+01 -3.95869E+02
v  5.08734E+01  4.31512E+01 -4.11369E+02
v  3.08019E+01  4.31512E+01 -4.11369E+02
v  3.08019E+01  3.51647E+01 -3.95869E+02
v  5.08734E+01  3.51647E+01 -3.95869E+02
v  5.08734E+01  3.51647E+01 -4.11369E+02
v  3.08019E+01  3.51647E+01 -4.11369E+02
g vc_ws_7512
s 0
f  9185 9186 9187 9188
f  9185 9186 9190 9189
f  9187 9186 9190 9191
f  9188 9187 9191 9192
f  9188 9185 9189 9192
f  9189 9190 9191 9192
v  1.00690E+01  2.73978E+01 -7.19506E+02
v  2.30690E+01  2.73978E+01 -7.19506E+02
v  2.30690E+01  2.73978E+01 -7.31506E+02
v  1.00690E+01  2.73978E+01 -7.31506E+02
v  1.00690E+01  2.14487E+01 -7.19506E+02
v  2.30690E+01  2.14487E+01 -7.19506E+02
v  2.30690E+01  2.14487E+01 -7.31506E+02
v  1.00690E+01  2.14487E+01 -7.31506E+02
g vc_ws_7513
s 0
f  9193 9194 9195 9196
f  9193 9194 9198 9197
f  9195 9194 9198 9199
f  9196 9195 9199 9200
f  9196 9193 9197 9200
f  9197 9198 9199 9200
v  2.30690E+01  2.73978E+01 -6.94506E+02
v  3.65690E+01  2.73978E+01 -6.94506E+02
v  3.65690E+01  2.73978E+01 -7.06006E+02
v  2.30690E+01  2.73978E+01 -7.06006E+02
v  2.30690E+01  2.14487E+01 -6.94506E+02
v  3.65690E+01  2.14487E+01 -6.94506E+02
v  3.65690E+01  2.14487E+01 -7.06006E+02
v  2.30690E+01  2.14487E+01 -7.06006E+02
g vc_ws_7515
s 0
f  9201 9202 9203 9204
f  9201 9202 9206 9205
f  9203 9202 9206 9207
f  9204 9203 9207 9208
f  9204 9201 9205 9208
f  9205 9206 9207 9208
v  7.88513E+01  3.78394E+01 -4.96555E+02
v  8.93513E+01  3.78394E+01 -4.96555E+02
v  8.93513E+01  3.78394E+01 -5.07639E+02
v  7.88513E+01  3.78394E+01 -5.07639E+02
v  7.88513E+01  2.75774E+01 -4.96555E+02
v  8.93513E+01  2.75774E+01 -4.96555E+02
v  8.93513E+01  2.75774E+01 -5.07639E+02
v  7.88513E+01  2.75774E+01 -5.07639E+02
g vc_ws_7517
s 0
f  9209 9210 9211 9212
f  9209 9210 9214 9213
f  9211 9210 9214 9215
f  9212 9211 9215 9216
f  9212 9209 9213 9216
f  9213 9214 9215 9216
v  4.90829E+02  8.18243E+01 -6.50057E+01
v  5.09329E+02  8.18243E+01 -6.50057E+01
v  5.09329E+02  8.18243E+01 -7.60057E+01
v  4.90829E+02  8.18243E+01 -7.60057E+01
v  4.90829E+02  6.98702E+01 -6.50057E+01
v  5.09329E+02  6.98702E+01 -6.50057E+01
v  5.09329E+02  6.98702E+01 -7.60057E+01
v  4.90829E+02  6.98702E+01 -7.60057E+01
g vc_ws_7519
s 0
f  9217 9218 9219 9220
f  9217 9218 9222 9221
f  9219 9218 9222 9223
f  9220 9219 9223 9224
f  9220 9217 9221 9224
f  9221 9222 9223 9224
v  4.90829E+02  6.98702E+01 -6.50057E+01
v  5.09329E+02  6.98702E+01 -6.50057E+01
v  5.09329E+02  6.98702E+01 -7.60057E+01
v  4.90829E+02  6.98702E+01 -7.60057E+01
v  4.90829E+02  5.79160E+01 -6.50057E+01
v  5.09329E+02  5.79160E+01 -6.50057E+01
v  5.09329E+02  5.79160E+01 -7.60057E+01
v  4.90829E+02  5.79160E+01 -7.60057E+01
g vc_ws_7520
s 0
f  9225 9226 9227 9228
f  9225 9226 9230 9229
f  9227 9226 9230 9231
f  9228 9227 9231 9232
f  9228 9225 9229 9232
f  9229 9230 9231 9232
v  6.13131E+01  3.49195E+01 -6.46185E+02
v  7.23131E+01  3.49195E+01 -6.46185E+02
v  7.23131E+01  3.49195E+01 -6.57506E+02
v  6.13131E+01  3.49195E+01 -6.57506E+02
v  6.13131E+01  2.11834E+01 -6.46185E+02
v  7.23131E+01  2.11834E+01 -6.46185E+02
v  7.23131E+01  2.11834E+01 -6.57506E+02
v  6.13131E+01  2.11834E+01 -6.57506E+02
g vc_ws_7521
s 0
f  9233 9234 9235 9236
f  9233 9234 9238 9237
f  9235 9234 9238 9239
f  9236 9235 9239 9240
f  9236 9233 9237 9240
f  9237 9238 9239 9240
v  2.95735E+02  1.14596E+01 -1.06287E+03
v  3.15235E+02  1.14596E+01 -1.06287E+03
v  3.15235E+02  1.14596E+01 -1.07887E+03
v  2.95735E+02  1.14596E+01 -1.07887E+03
v  2.95735E+02  4.33114E+00 -1.06287E+03
v  3.15235E+02  4.33114E+00 -1.06287E+03
v  3.15235E+02  4.33114E+00 -1.07887E+03
v  2.95735E+02  4.33114E+00 -1.07887E+03
g vc_ws_7523
s 0
f  9241 9242 9243 9244
f  9241 9242 9246 9245
f  9243 9242 9246 9247
f  9244 9243 9247 9248
f  9244 9241 9245 9248
f  9245 9246 9247 9248
v -3.84592E+02  1.18387E+02 -5.66185E+02
v -3.73592E+02  1.18387E+02 -5.66185E+02
v -3.73592E+02  1.18387E+02 -5.77258E+02
v -3.84592E+02  1.18387E+02 -5.77258E+02
v -3.84592E+02  9.86286E+01 -5.66185E+02
v -3.73592E+02  9.86286E+01 -5.66185E+02
v -3.73592E+02  9.86286E+01 -5.77258E+02
v -3.84592E+02  9.86286E+01 -5.77258E+02
g vc_ws_7525
s 0
f  9249 9250 9251 9252
f  9249 9250 9254 9253
f  9251 9250 9254 9255
f  9252 9251 9255 9256
f  9252 9249 9253 9256
f  9253 9254 9255 9256
v -2.28790E+02  1.01841E+02 -1.03416E+02
v -2.15290E+02  1.01841E+02 -1.03416E+02
v -2.15290E+02  1.01841E+02 -1.18916E+02
v -2.28790E+02  1.01841E+02 -1.18916E+02
v -2.28790E+02  9.04457E+01 -1.03416E+02
v -2.15290E+02  9.04457E+01 -1.03416E+02
v -2.15290E+02  9.04457E+01 -1.18916E+02
v -2.28790E+02  9.04457E+01 -1.18916E+02
g vc_ws_7527
s 0
f  9257 9258 9259 9260
f  9257 9258 9262 9261
f  9259 9258 9262 9263
f  9260 9259 9263 9264
f  9260 9257 9261 9264
f  9261 9262 9263 9264
v -2.28790E+02  9.04457E+01 -1.03416E+02
v -2.15290E+02  9.04457E+01 -1.03416E+02
v -2.15290E+02  9.04457E+01 -1.18916E+02
v -2.28790E+02  9.04457E+01 -1.18916E+02
v -2.28790E+02  7.90503E+01 -1.03416E+02
v -2.15290E+02  7.90503E+01 -1.03416E+02
v -2.15290E+02  7.90503E+01 -1.18916E+02
v -2.28790E+02  7.90503E+01 -1.18916E+02
g vc_ws_7528
s 0
f  9265 9266 9267 9268
f  9265 9266 9270 9269
f  9267 9266 9270 9271
f  9268 9267 9271 9272
f  9268 9265 9269 9272
f  9269 9270 9271 9272
v -3.43097E+00  2.79512E+01 -7.45006E+02
v  1.00690E+01  2.79512E+01 -7.45006E+02
v  1.00690E+01  2.79512E+01 -7.55999E+02
v -3.43097E+00  2.79512E+01 -7.55999E+02
v -3.43097E+00  2.22305E+01 -7.45006E+02
v  1.00690E+01  2.22305E+01 -7.45006E+02
v  1.00690E+01  2.22305E+01 -7.55999E+02
v -3.43097E+00  2.22305E+01 -7.55999E+02
g vc_ws_7529
s 0
f  9273 9274 9275 9276
f  9273 9274 9278 9277
f  9275 9274 9278 9279
f  9276 9275 9279 9280
f  9276 9273 9277 9280
f  9277 9278 9279 9280
v  1.00690E+01  2.88718E+01 -7.69499E+02
v  2.20690E+01  2.88718E+01 -7.69499E+02
v  2.20690E+01  2.88718E+01 -7.81499E+02
v  1.00690E+01  2.88718E+01 -7.81499E+02
v  1.00690E+01  2.22259E+01 -7.69499E+02
v  2.20690E+01  2.22259E+01 -7.69499E+02
v  2.20690E+01  2.22259E+01 -7.81499E+02
v  1.00690E+01  2.22259E+01 -7.81499E+02
g vc_ws_7531
s 0
f  9281 9282 9283 9284
f  9281 9282 9286 9285
f  9283 9282 9286 9287
f  9284 9283 9287 9288
f  9284 9281 9285 9288
f  9285 9286 9287 9288
v -2.94617E+02  1.17133E+02 -4.82219E+02
v -2.75505E+02  1.17133E+02 -4.82219E+02
v -2.75505E+02  1.17133E+02 -5.10719E+02
v -2.94617E+02  1.17133E+02 -5.10719E+02
v -2.94617E+02  1.12784E+02 -4.82219E+02
v -2.75505E+02  1.12784E+02 -4.82219E+02
v -2.75505E+02  1.12784E+02 -5.10719E+02
v -2.94617E+02  1.12784E+02 -5.10719E+02
g vc_ws_7533
s 0
f  9289 9290 9291 9292
f  9289 9290 9294 9293
f  9291 9290 9294 9295
f  9292 9291 9295 9296
f  9292 9289 9293 9296
f  9293 9294 9295 9296
v -2.94617E+02  1.12784E+02 -4.82219E+02
v -2.75505E+02  1.12784E+02 -4.82219E+02
v -2.75505E+02  1.12784E+02 -5.10719E+02
v -2.94617E+02  1.12784E+02 -5.10719E+02
v -2.94617E+02  1.08435E+02 -4.82219E+02
v -2.75505E+02  1.08435E+02 -4.82219E+02
v -2.75505E+02  1.08435E+02 -5.10719E+02
v -2.94617E+02  1.08435E+02 -5.10719E+02
g vc_ws_7534
s 0
f  9297 9298 9299 9300
f  9297 9298 9302 9301
f  9299 9298 9302 9303
f  9300 9299 9303 9304
f  9300 9297 9301 9304
f  9301 9302 9303 9304
v  3.15235E+02  1.14596E+01 -1.07887E+03
v  3.33611E+02  1.14596E+01 -1.07887E+03
v  3.33611E+02  1.14596E+01 -1.09537E+03
v  3.15235E+02  1.14596E+01 -1.09537E+03
v  3.15235E+02  2.34771E+00 -1.07887E+03
v  3.33611E+02  2.34771E+00 -1.07887E+03
v  3.33611E+02  2.34771E+00 -1.09537E+03
v  3.15235E+02  2.34771E+00 -1.09537E+03
g vc_ws_7535
s 0
f  9305 9306 9307 9308
f  9305 9306 9310 9309
f  9307 9306 9310 9311
f  9308 9307 9311 9312
f  9308 9305 9309 9312
f  9309 9310 9311 9312
v -2.15290E+02  1.01841E+02 -1.03416E+02
v -2.02064E+02  1.01841E+02 -1.03416E+02
v -2.02064E+02  1.01841E+02 -1.18916E+02
v -2.15290E+02  1.01841E+02 -1.18916E+02
v -2.15290E+02  9.04457E+01 -1.03416E+02
v -2.02064E+02  9.04457E+01 -1.03416E+02
v -2.02064E+02  9.04457E+01 -1.18916E+02
v -2.15290E+02  9.04457E+01 -1.18916E+02
g vc_ws_7537
s 0
f  9313 9314 9315 9316
f  9313 9314 9318 9317
f  9315 9314 9318 9319
f  9316 9315 9319 9320
f  9316 9313 9317 9320
f  9317 9318 9319 9320
v -2.15290E+02  9.04457E+01 -1.03416E+02
v -2.02064E+02  9.04457E+01 -1.03416E+02
v -2.02064E+02  9.04457E+01 -1.18916E+02
v -2.15290E+02  9.04457E+01 -1.18916E+02
v -2.15290E+02  7.90503E+01 -1.03416E+02
v -2.02064E+02  7.90503E+01 -1.03416E+02
v -2.02064E+02  7.90503E+01 -1.18916E+02
v -2.15290E+02  7.90503E+01 -1.18916E+02
g vc_ws_7538
s 0
f  9321 9322 9323 9324
f  9321 9322 9326 9325
f  9323 9322 9326 9327
f  9324 9323 9327 9328
f  9324 9321 9325 9328
f  9325 9326 9327 9328
v  2.65423E+02  1.21416E+02  2.81331E+02
v  2.80923E+02  1.21416E+02  2.81331E+02
v  2.80923E+02  1.21416E+02  2.64831E+02
v  2.65423E+02  1.21416E+02  2.64831E+02
v  2.65423E+02  1.12316E+02  2.81331E+02
v  2.80923E+02  1.12316E+02  2.81331E+02
v  2.80923E+02  1.12316E+02  2.64831E+02
v  2.65423E+02  1.12316E+02  2.64831E+02
g vc_ws_7539
s 0
f  9329 9330 9331 9332
f  9329 9330 9334 9333
f  9331 9330 9334 9335
f  9332 9331 9335 9336
f  9332 9329 9333 9336
f  9333 9334 9335 9336
v  2.65423E+02  1.12316E+02  2.81331E+02
v  2.80923E+02  1.12316E+02  2.81331E+02
v  2.80923E+02  1.12316E+02  2.64831E+02
v  2.65423E+02  1.12316E+02  2.64831E+02
v  2.65423E+02  1.03215E+02  2.81331E+02
v  2.80923E+02  1.03215E+02  2.81331E+02
v  2.80923E+02  1.03215E+02  2.64831E+02
v  2.65423E+02  1.03215E+02  2.64831E+02
g vc_ws_7540
s 0
f  9337 9338 9339 9340
f  9337 9338 9342 9341
f  9339 9338 9342 9343
f  9340 9339 9343 9344
f  9340 9337 9341 9344
f  9341 9342 9343 9344
v  3.65690E+01  3.03863E+01 -7.19506E+02
v  4.78131E+01  3.03863E+01 -7.19506E+02
v  4.78131E+01  3.03863E+01 -7.31506E+02
v  3.65690E+01  3.03863E+01 -7.31506E+02
v  3.65690E+01  2.14338E+01 -7.19506E+02
v  4.78131E+01  2.14338E+01 -7.19506E+02
v  4.78131E+01  2.14338E+01 -7.31506E+02
v  3.65690E+01  2.14338E+01 -7.31506E+02
g vc_ws_7541
s 0
f  9345 9346 9347 9348
f  9345 9346 9350 9349
f  9347 9346 9350 9351
f  9348 9347 9351 9352
f  9348 9345 9349 9352
f  9349 9350 9351 9352
v  4.78131E+01  2.67189E+01 -6.70006E+02
v  6.13131E+01  2.67189E+01 -6.70006E+02
v  6.13131E+01  2.67189E+01 -6.81006E+02
v  4.78131E+01  2.67189E+01 -6.81006E+02
v  4.78131E+01  2.12244E+01 -6.70006E+02
v  6.13131E+01  2.12244E+01 -6.70006E+02
v  6.13131E+01  2.12244E+01 -6.81006E+02
v  4.78131E+01  2.12244E+01 -6.81006E+02
g vc_ws_7543
s 0
f  9353 9354 9355 9356
f  9353 9354 9358 9357
f  9355 9354 9358 9359
f  9356 9355 9359 9360
f  9356 9353 9357 9360
f  9357 9358 9359 9360
v  3.15235E+02  1.14596E+01 -1.06287E+03
v  3.33611E+02  1.14596E+01 -1.06287E+03
v  3.33611E+02  1.14596E+01 -1.07887E+03
v  3.15235E+02  1.14596E+01 -1.07887E+03
v  3.15235E+02  2.34771E+00 -1.06287E+03
v  3.33611E+02  2.34771E+00 -1.06287E+03
v  3.33611E+02  2.34771E+00 -1.07887E+03
v  3.15235E+02  2.34771E+00 -1.07887E+03
g vc_ws_7545
s 0
f  9361 9362 9363 9364
f  9361 9362 9366 9365
f  9363 9362 9366 9367
f  9364 9363 9367 9368
f  9364 9361 9365 9368
f  9365 9366 9367 9368
v  4.71257E+02  8.66539E+01  3.96682E+01
v  4.88757E+02  8.66539E+01  3.96682E+01
v  4.88757E+02  8.66539E+01  2.41682E+01
v  4.71257E+02  8.66539E+01  2.41682E+01
v  4.71257E+02  7.83768E+01  3.96682E+01
v  4.88757E+02  7.83768E+01  3.96682E+01
v  4.88757E+02  7.83768E+01  2.41682E+01
v  4.71257E+02  7.83768E+01  2.41682E+01
g vc_ws_7547
s 0
f  9369 9370 9371 9372
f  9369 9370 9374 9373
f  9371 9370 9374 9375
f  9372 9371 9375 9376
f  9372 9369 9373 9376
f  9373 9374 9375 9376
v  4.71257E+02  7.83768E+01  3.96682E+01
v  4.88757E+02  7.83768E+01  3.96682E+01
v  4.88757E+02  7.83768E+01  2.41682E+01
v  4.71257E+02  7.83768E+01  2.41682E+01
v  4.71257E+02  7.00997E+01  3.96682E+01
v  4.88757E+02  7.00997E+01  3.96682E+01
v  4.88757E+02  7.00997E+01  2.41682E+01
v  4.71257E+02  7.00997E+01  2.41682E+01
g vc_ws_7548
s 0
f  9377 9378 9379 9380
f  9377 9378 9382 9381
f  9379 9378 9382 9383
f  9380 9379 9383 9384
f  9380 9377 9381 9384
f  9381 9382 9383 9384
v  3.65690E+01  3.03863E+01 -6.94506E+02
v  4.78131E+01  3.03863E+01 -6.94506E+02
v  4.78131E+01  3.03863E+01 -7.06006E+02
v  3.65690E+01  3.03863E+01 -7.06006E+02
v  3.65690E+01  2.14338E+01 -6.94506E+02
v  4.78131E+01  2.14338E+01 -6.94506E+02
v  4.78131E+01  2.14338E+01 -7.06006E+02
v  3.65690E+01  2.14338E+01 -7.06006E+02
g vc_ws_7549
s 0
f  9385 9386 9387 9388
f  9385 9386 9390 9389
f  9387 9386 9390 9391
f  9388 9387 9391 9392
f  9388 9385 9389 9392
f  9389 9390 9391 9392
v -2.94617E+02  1.17133E+02 -4.55470E+02
v -2.75505E+02  1.17133E+02 -4.55470E+02
v -2.75505E+02  1.17133E+02 -4.82219E+02
v -2.94617E+02  1.17133E+02 -4.82219E+02
v -2.94617E+02  1.12784E+02 -4.55470E+02
v -2.75505E+02  1.12784E+02 -4.55470E+02
v -2.75505E+02  1.12784E+02 -4.82219E+02
v -2.94617E+02  1.12784E+02 -4.82219E+02
g vc_ws_7551
s 0
f  9393 9394 9395 9396
f  9393 9394 9398 9397
f  9395 9394 9398 9399
f  9396 9395 9399 9400
f  9396 9393 9397 9400
f  9397 9398 9399 9400
v -2.94617E+02  1.12784E+02 -4.55470E+02
v -2.75505E+02  1.12784E+02 -4.55470E+02
v -2.75505E+02  1.12784E+02 -4.82219E+02
v -2.94617E+02  1.12784E+02 -4.82219E+02
v -2.94617E+02  1.08435E+02 -4.55470E+02
v -2.75505E+02  1.08435E+02 -4.55470E+02
v -2.75505E+02  1.08435E+02 -4.82219E+02
v -2.94617E+02  1.08435E+02 -4.82219E+02
g vc_ws_7552
s 0
f  9401 9402 9403 9404
f  9401 9402 9406 9405
f  9403 9402 9406 9407
f  9404 9403 9407 9408
f  9404 9401 9405 9408
f  9405 9406 9407 9408
v  3.08019E+01  5.51220E+01 -3.56185E+02
v  5.08734E+01  5.51220E+01 -3.56185E+02
v  5.08734E+01  5.51220E+01 -3.69369E+02
v  3.08019E+01  5.51220E+01 -3.69369E+02
v  3.08019E+01  4.67314E+01 -3.56185E+02
v  5.08734E+01  4.67314E+01 -3.56185E+02
v  5.08734E+01  4.67314E+01 -3.69369E+02
v  3.08019E+01  4.67314E+01 -3.69369E+02
g vc_ws_7553
s 0
f  9409 9410 9411 9412
f  9409 9410 9414 9413
f  9411 9410 9414 9415
f  9412 9411 9415 9416
f  9412 9409 9413 9416
f  9413 9414 9415 9416
v  3.08019E+01  4.67314E+01 -3.56185E+02
v  5.08734E+01  4.67314E+01 -3.56185E+02
v  5.08734E+01  4.67314E+01 -3.69369E+02
v  3.08019E+01  4.67314E+01 -3.69369E+02
v  3.08019E+01  3.83408E+01 -3.56185E+02
v  5.08734E+01  3.83408E+01 -3.56185E+02
v  5.08734E+01  3.83408E+01 -3.69369E+02
v  3.08019E+01  3.83408E+01 -3.69369E+02
g vc_ws_7554
s 0
f  9417 9418 9419 9420
f  9417 9418 9422 9421
f  9419 9418 9422 9423
f  9420 9419 9423 9424
f  9420 9417 9421 9424
f  9421 9422 9423 9424
v  5.12435E+02  5.49078E+01 -2.40814E+02
v  5.31935E+02  5.49078E+01 -2.40814E+02
v  5.31935E+02  5.49078E+01 -2.57314E+02
v  5.12435E+02  5.49078E+01 -2.57314E+02
v  5.12435E+02  4.80369E+01 -2.40814E+02
v  5.31935E+02  4.80369E+01 -2.40814E+02
v  5.31935E+02  4.80369E+01 -2.57314E+02
v  5.12435E+02  4.80369E+01 -2.57314E+02
g vc_ws_7555
s 0
f  9425 9426 9427 9428
f  9425 9426 9430 9429
f  9427 9426 9430 9431
f  9428 9427 9431 9432
f  9428 9425 9429 9432
f  9429 9430 9431 9432
v  5.12435E+02  4.80369E+01 -2.40814E+02
v  5.31935E+02  4.80369E+01 -2.40814E+02
v  5.31935E+02  4.80369E+01 -2.57314E+02
v  5.12435E+02  4.80369E+01 -2.57314E+02
v  5.12435E+02  4.11659E+01 -2.40814E+02
v  5.31935E+02  4.11659E+01 -2.40814E+02
v  5.31935E+02  4.11659E+01 -2.57314E+02
v  5.12435E+02  4.11659E+01 -2.57314E+02
g vc_ws_7556
s 0
f  9433 9434 9435 9436
f  9433 9434 9438 9437
f  9435 9434 9438 9439
f  9436 9435 9439 9440
f  9436 9433 9437 9440
f  9437 9438 9439 9440
v  5.12800E+02  5.75635E+01 -1.92822E+02
v  5.32300E+02  5.75635E+01 -1.92822E+02
v  5.32300E+02  5.75635E+01 -2.08822E+02
v  5.12800E+02  5.75635E+01 -2.08822E+02
v  5.12800E+02  5.05367E+01 -1.92822E+02
v  5.32300E+02  5.05367E+01 -1.92822E+02
v  5.32300E+02  5.05367E+01 -2.08822E+02
v  5.12800E+02  5.05367E+01 -2.08822E+02
g vc_ws_7557
s 0
f  9441 9442 9443 9444
f  9441 9442 9446 9445
f  9443 9442 9446 9447
f  9444 9443 9447 9448
f  9444 9441 9445 9448
f  9445 9446 9447 9448
v  5.12800E+02  5.05367E+01 -1.92822E+02
v  5.32300E+02  5.05367E+01 -1.92822E+02
v  5.32300E+02  5.05367E+01 -2.08822E+02
v  5.12800E+02  5.05367E+01 -2.08822E+02
v  5.12800E+02  4.35099E+01 -1.92822E+02
v  5.32300E+02  4.35099E+01 -1.92822E+02
v  5.32300E+02  4.35099E+01 -2.08822E+02
v  5.12800E+02  4.35099E+01 -2.08822E+02
g vc_ws_7558
s 0
f  9449 9450 9451 9452
f  9449 9450 9454 9453
f  9451 9450 9454 9455
f  9452 9451 9455 9456
f  9452 9449 9453 9456
f  9453 9454 9455 9456
v  2.89762E+01  6.03762E+01 -3.23685E+02
v  4.34762E+01  6.03762E+01 -3.23685E+02
v  4.34762E+01  6.03762E+01 -3.39685E+02
v  2.89762E+01  6.03762E+01 -3.39685E+02
v  2.89762E+01  5.10957E+01 -3.23685E+02
v  4.34762E+01  5.10957E+01 -3.23685E+02
v  4.34762E+01  5.10957E+01 -3.39685E+02
v  2.89762E+01  5.10957E+01 -3.39685E+02
g vc_ws_7559
s 0
f  9457 9458 9459 9460
f  9457 9458 9462 9461
f  9459 9458 9462 9463
f  9460 9459 9463 9464
f  9460 9457 9461 9464
f  9461 9462 9463 9464
v  2.89762E+01  5.10957E+01 -3.23685E+02
v  4.34762E+01  5.10957E+01 -3.23685E+02
v  4.34762E+01  5.10957E+01 -3.39685E+02
v  2.89762E+01  5.10957E+01 -3.39685E+02
v  2.89762E+01  4.18152E+01 -3.23685E+02
v  4.34762E+01  4.18152E+01 -3.23685E+02
v  4.34762E+01  4.18152E+01 -3.39685E+02
v  2.89762E+01  4.18152E+01 -3.39685E+02
g vc_ws_7560
s 0
f  9465 9466 9467 9468
f  9465 9466 9470 9469
f  9467 9466 9470 9471
f  9468 9467 9471 9472
f  9468 9465 9469 9472
f  9469 9470 9471 9472
v  6.13131E+01  2.67189E+01 -6.57506E+02
v  7.23131E+01  2.67189E+01 -6.57506E+02
v  7.23131E+01  2.67189E+01 -6.70006E+02
v  6.13131E+01  2.67189E+01 -6.70006E+02
v  6.13131E+01  2.12244E+01 -6.57506E+02
v  7.23131E+01  2.12244E+01 -6.57506E+02
v  7.23131E+01  2.12244E+01 -6.70006E+02
v  6.13131E+01  2.12244E+01 -6.70006E+02
g vc_ws_7561
s 0
f  9473 9474 9475 9476
f  9473 9474 9478 9477
f  9475 9474 9478 9479
f  9476 9475 9479 9480
f  9476 9473 9477 9480
f  9477 9478 9479 9480
v  1.00690E+01  2.79512E+01 -7.45006E+02
v  2.20690E+01  2.79512E+01 -7.45006E+02
v  2.20690E+01  2.79512E+01 -7.55999E+02
v  1.00690E+01  2.79512E+01 -7.55999E+02
v  1.00690E+01  2.22305E+01 -7.45006E+02
v  2.20690E+01  2.22305E+01 -7.45006E+02
v  2.20690E+01  2.22305E+01 -7.55999E+02
v  1.00690E+01  2.22305E+01 -7.55999E+02
g vc_ws_7563
s 0
f  9481 9482 9483 9484
f  9481 9482 9486 9485
f  9483 9482 9486 9487
f  9484 9483 9487 9488
f  9484 9481 9485 9488
f  9485 9486 9487 9488
v  5.12800E+02  5.96006E+01 -1.61439E+02
v  5.32300E+02  5.96006E+01 -1.61439E+02
v  5.32300E+02  5.96006E+01 -1.76322E+02
v  5.12800E+02  5.96006E+01 -1.76322E+02
v  5.12800E+02  5.26174E+01 -1.61439E+02
v  5.32300E+02  5.26174E+01 -1.61439E+02
v  5.32300E+02  5.26174E+01 -1.76322E+02
v  5.12800E+02  5.26174E+01 -1.76322E+02
g vc_ws_7565
s 0
f  9489 9490 9491 9492
f  9489 9490 9494 9493
f  9491 9490 9494 9495
f  9492 9491 9495 9496
f  9492 9489 9493 9496
f  9493 9494 9495 9496
v  5.12800E+02  5.26174E+01 -1.61439E+02
v  5.32300E+02  5.26174E+01 -1.61439E+02
v  5.32300E+02  5.26174E+01 -1.76322E+02
v  5.12800E+02  5.26174E+01 -1.76322E+02
v  5.12800E+02  4.56341E+01 -1.61439E+02
v  5.32300E+02  4.56341E+01 -1.61439E+02
v  5.32300E+02  4.56341E+01 -1.76322E+02
v  5.12800E+02  4.56341E+01 -1.76322E+02
g vc_ws_7566
s 0
f  9497 9498 9499 9500
f  9497 9498 9502 9501
f  9499 9498 9502 9503
f  9500 9499 9503 9504
f  9500 9497 9501 9504
f  9501 9502 9503 9504
v  4.54604E+02  8.66539E+01  3.92493E+01
v  4.71257E+02  8.66539E+01  3.92493E+01
v  4.71257E+02  8.66539E+01  2.47493E+01
v  4.54604E+02  8.66539E+01  2.47493E+01
v  4.54604E+02  7.83768E+01  3.92493E+01
v  4.71257E+02  7.83768E+01  3.92493E+01
v  4.71257E+02  7.83768E+01  2.47493E+01
v  4.54604E+02  7.83768E+01  2.47493E+01
g vc_ws_7567
s 0
f  9505 9506 9507 9508
f  9505 9506 9510 9509
f  9507 9506 9510 9511
f  9508 9507 9511 9512
f  9508 9505 9509 9512
f  9509 9510 9511 9512
v  4.54604E+02  7.83768E+01  3.92493E+01
v  4.71257E+02  7.83768E+01  3.92493E+01
v  4.71257E+02  7.83768E+01  2.47493E+01
v  4.54604E+02  7.83768E+01  2.47493E+01
v  4.54604E+02  7.00997E+01  3.92493E+01
v  4.71257E+02  7.00997E+01  3.92493E+01
v  4.71257E+02  7.00997E+01  2.47493E+01
v  4.54604E+02  7.00997E+01  2.47493E+01
g vc_ws_7568
s 0
f  9513 9514 9515 9516
f  9513 9514 9518 9517
f  9515 9514 9518 9519
f  9516 9515 9519 9520
f  9516 9513 9517 9520
f  9517 9518 9519 9520
v  4.90481E+02  6.60715E+01 -8.75057E+01
v  5.06981E+02  6.60715E+01 -8.75057E+01
v  5.06981E+02  6.60715E+01 -1.05384E+02
v  4.90481E+02  6.60715E+01 -1.05384E+02
v  4.90481E+02  5.94433E+01 -8.75057E+01
v  5.06981E+02  5.94433E+01 -8.75057E+01
v  5.06981E+02  5.94433E+01 -1.05384E+02
v  4.90481E+02  5.94433E+01 -1.05384E+02
g vc_ws_7569
s 0
f  9521 9522 9523 9524
f  9521 9522 9526 9525
f  9523 9522 9526 9527
f  9524 9523 9527 9528
f  9524 9521 9525 9528
f  9525 9526 9527 9528
v  4.90481E+02  5.94433E+01 -8.75057E+01
v  5.06981E+02  5.94433E+01 -8.75057E+01
v  5.06981E+02  5.94433E+01 -1.05384E+02
v  4.90481E+02  5.94433E+01 -1.05384E+02
v  4.90481E+02  5.28151E+01 -8.75057E+01
v  5.06981E+02  5.28151E+01 -8.75057E+01
v  5.06981E+02  5.28151E+01 -1.05384E+02
v  4.90481E+02  5.28151E+01 -1.05384E+02
g vc_ws_7570
s 0
f  9529 9530 9531 9532
f  9529 9530 9534 9533
f  9531 9530 9534 9535
f  9532 9531 9535 9536
f  9532 9529 9533 9536
f  9533 9534 9535 9536
v  5.12800E+02  5.75635E+01 -1.76322E+02
v  5.32300E+02  5.75635E+01 -1.76322E+02
v  5.32300E+02  5.75635E+01 -1.92822E+02
v  5.12800E+02  5.75635E+01 -1.92822E+02
v  5.12800E+02  5.16039E+01 -1.76322E+02
v  5.32300E+02  5.16039E+01 -1.76322E+02
v  5.32300E+02  5.16039E+01 -1.92822E+02
v  5.12800E+02  5.16039E+01 -1.92822E+02
g vc_ws_7571
s 0
f  9537 9538 9539 9540
f  9537 9538 9542 9541
f  9539 9538 9542 9543
f  9540 9539 9543 9544
f  9540 9537 9541 9544
f  9541 9542 9543 9544
v  5.12800E+02  5.16039E+01 -1.76322E+02
v  5.32300E+02  5.16039E+01 -1.76322E+02
v  5.32300E+02  5.16039E+01 -1.92822E+02
v  5.12800E+02  5.16039E+01 -1.92822E+02
v  5.12800E+02  4.56443E+01 -1.76322E+02
v  5.32300E+02  4.56443E+01 -1.76322E+02
v  5.32300E+02  4.56443E+01 -1.92822E+02
v  5.12800E+02  4.56443E+01 -1.92822E+02
g vc_ws_7572
s 0
f  9545 9546 9547 9548
f  9545 9546 9550 9549
f  9547 9546 9550 9551
f  9548 9547 9551 9552
f  9548 9545 9549 9552
f  9549 9550 9551 9552
v  5.12435E+02  5.12911E+01 -2.72931E+02
v  5.31935E+02  5.12911E+01 -2.72931E+02
v  5.31935E+02  5.12911E+01 -2.89431E+02
v  5.12435E+02  5.12911E+01 -2.89431E+02
v  5.12435E+02  4.53931E+01 -2.72931E+02
v  5.31935E+02  4.53931E+01 -2.72931E+02
v  5.31935E+02  4.53931E+01 -2.89431E+02
v  5.12435E+02  4.53931E+01 -2.89431E+02
g vc_ws_7573
s 0
f  9553 9554 9555 9556
f  9553 9554 9558 9557
f  9555 9554 9558 9559
f  9556 9555 9559 9560
f  9556 9553 9557 9560
f  9557 9558 9559 9560
v  5.12435E+02  4.53931E+01 -2.72931E+02
v  5.31935E+02  4.53931E+01 -2.72931E+02
v  5.31935E+02  4.53931E+01 -2.89431E+02
v  5.12435E+02  4.53931E+01 -2.89431E+02
v  5.12435E+02  3.94950E+01 -2.72931E+02
v  5.31935E+02  3.94950E+01 -2.72931E+02
v  5.31935E+02  3.94950E+01 -2.89431E+02
v  5.12435E+02  3.94950E+01 -2.89431E+02
g vc_ws_7574
s 0
f  9561 9562 9563 9564
f  9561 9562 9566 9565
f  9563 9562 9566 9567
f  9564 9563 9567 9568
f  9564 9561 9565 9568
f  9565 9566 9567 9568
v  6.13131E+01  2.67189E+01 -6.70006E+02
v  7.23131E+01  2.67189E+01 -6.70006E+02
v  7.23131E+01  2.67189E+01 -6.81006E+02
v  6.13131E+01  2.67189E+01 -6.81006E+02
v  6.13131E+01  2.12244E+01 -6.70006E+02
v  7.23131E+01  2.12244E+01 -6.70006E+02
v  7.23131E+01  2.12244E+01 -6.81006E+02
v  6.13131E+01  2.12244E+01 -6.81006E+02
g vc_ws_7575
s 0
f  9569 9570 9571 9572
f  9569 9570 9574 9573
f  9571 9570 9574 9575
f  9572 9571 9575 9576
f  9572 9569 9573 9576
f  9573 9574 9575 9576
v  5.12800E+02  5.49078E+01 -2.08822E+02
v  5.32300E+02  5.49078E+01 -2.08822E+02
v  5.32300E+02  5.49078E+01 -2.25322E+02
v  5.12800E+02  5.49078E+01 -2.25322E+02
v  5.12800E+02  4.92155E+01 -2.08822E+02
v  5.32300E+02  4.92155E+01 -2.08822E+02
v  5.32300E+02  4.92155E+01 -2.25322E+02
v  5.12800E+02  4.92155E+01 -2.25322E+02
g vc_ws_7577
s 0
f  9577 9578 9579 9580
f  9577 9578 9582 9581
f  9579 9578 9582 9583
f  9580 9579 9583 9584
f  9580 9577 9581 9584
f  9581 9582 9583 9584
v  5.12800E+02  4.92155E+01 -2.08822E+02
v  5.32300E+02  4.92155E+01 -2.08822E+02
v  5.32300E+02  4.92155E+01 -2.25322E+02
v  5.12800E+02  4.92155E+01 -2.25322E+02
v  5.12800E+02  4.35232E+01 -2.08822E+02
v  5.32300E+02  4.35232E+01 -2.08822E+02
v  5.32300E+02  4.35232E+01 -2.25322E+02
v  5.12800E+02  4.35232E+01 -2.25322E+02
g vc_ws_7578
s 0
f  9585 9586 9587 9588
f  9585 9586 9590 9589
f  9587 9586 9590 9591
f  9588 9587 9591 9592
f  9588 9585 9589 9592
f  9589 9590 9591 9592
v  5.06981E+02  6.26007E+01 -1.23884E+02
v  5.20981E+02  6.26007E+01 -1.23884E+02
v  5.20981E+02  6.26007E+01 -1.41939E+02
v  5.06981E+02  6.26007E+01 -1.41939E+02
v  5.06981E+02  5.55412E+01 -1.23884E+02
v  5.20981E+02  5.55412E+01 -1.23884E+02
v  5.20981E+02  5.55412E+01 -1.41939E+02
v  5.06981E+02  5.55412E+01 -1.41939E+02
g vc_ws_7579
s 0
f  9593 9594 9595 9596
f  9593 9594 9598 9597
f  9595 9594 9598 9599
f  9596 9595 9599 9600
f  9596 9593 9597 9600
f  9597 9598 9599 9600
v  5.06981E+02  5.55412E+01 -1.23884E+02
v  5.20981E+02  5.55412E+01 -1.23884E+02
v  5.20981E+02  5.55412E+01 -1.41939E+02
v  5.06981E+02  5.55412E+01 -1.41939E+02
v  5.06981E+02  4.84817E+01 -1.23884E+02
v  5.20981E+02  4.84817E+01 -1.23884E+02
v  5.20981E+02  4.84817E+01 -1.41939E+02
v  5.06981E+02  4.84817E+01 -1.41939E+02
g vc_ws_7580
s 0
f  9601 9602 9603 9604
f  9601 9602 9606 9605
f  9603 9602 9606 9607
f  9604 9603 9607 9608
f  9604 9601 9605 9608
f  9605 9606 9607 9608
v  5.12435E+02  5.49078E+01 -2.25322E+02
v  5.31935E+02  5.49078E+01 -2.25322E+02
v  5.31935E+02  5.49078E+01 -2.40814E+02
v  5.12435E+02  5.49078E+01 -2.40814E+02
v  5.12435E+02  4.92155E+01 -2.25322E+02
v  5.31935E+02  4.92155E+01 -2.25322E+02
v  5.31935E+02  4.92155E+01 -2.40814E+02
v  5.12435E+02  4.92155E+01 -2.40814E+02
g vc_ws_7581
s 0
f  9609 9610 9611 9612
f  9609 9610 9614 9613
f  9611 9610 9614 9615
f  9612 9611 9615 9616
f  9612 9609 9613 9616
f  9613 9614 9615 9616
v  5.12435E+02  4.92155E+01 -2.25322E+02
v  5.31935E+02  4.92155E+01 -2.25322E+02
v  5.31935E+02  4.92155E+01 -2.40814E+02
v  5.12435E+02  4.92155E+01 -2.40814E+02
v  5.12435E+02  4.35232E+01 -2.25322E+02
v  5.31935E+02  4.35232E+01 -2.25322E+02
v  5.31935E+02  4.35232E+01 -2.40814E+02
v  5.12435E+02  4.35232E+01 -2.40814E+02
g vc_ws_7582
s 0
f  9617 9618 9619 9620
f  9617 9618 9622 9621
f  9619 9618 9622 9623
f  9620 9619 9623 9624
f  9620 9617 9621 9624
f  9621 9622 9623 9624
v  5.68897E+02  2.67634E+01 -8.41530E+02
v  5.85397E+02  2.67634E+01 -8.41530E+02
v  5.85397E+02  2.67634E+01 -8.65539E+02
v  5.68897E+02  2.67634E+01 -8.65539E+02
v  5.68897E+02  2.24438E+01 -8.41530E+02
v  5.85397E+02  2.24438E+01 -8.41530E+02
v  5.85397E+02  2.24438E+01 -8.65539E+02
v  5.68897E+02  2.24438E+01 -8.65539E+02
g vc_ws_7583
s 0
f  9625 9626 9627 9628
f  9625 9626 9630 9629
f  9627 9626 9630 9631
f  9628 9627 9631 9632
f  9628 9625 9629 9632
f  9629 9630 9631 9632
v  5.68897E+02  2.24438E+01 -8.41530E+02
v  5.85397E+02  2.24438E+01 -8.41530E+02
v  5.85397E+02  2.24438E+01 -8.65539E+02
v  5.68897E+02  2.24438E+01 -8.65539E+02
v  5.68897E+02  1.81243E+01 -8.41530E+02
v  5.85397E+02  1.81243E+01 -8.41530E+02
v  5.85397E+02  1.81243E+01 -8.65539E+02
v  5.68897E+02  1.81243E+01 -8.65539E+02
g vc_ws_7584
s 0
f  9633 9634 9635 9636
f  9633 9634 9638 9637
f  9635 9634 9638 9639
f  9636 9635 9639 9640
f  9636 9633 9637 9640
f  9637 9638 9639 9640
v  5.68897E+02  1.81243E+01 -8.41530E+02
v  5.85397E+02  1.81243E+01 -8.41530E+02
v  5.85397E+02  1.81243E+01 -8.65539E+02
v  5.68897E+02  1.81243E+01 -8.65539E+02
v  5.68897E+02  1.38048E+01 -8.41530E+02
v  5.85397E+02  1.38048E+01 -8.41530E+02
v  5.85397E+02  1.38048E+01 -8.65539E+02
v  5.68897E+02  1.38048E+01 -8.65539E+02
g vc_ws_7585
s 0
f  9641 9642 9643 9644
f  9641 9642 9646 9645
f  9643 9642 9646 9647
f  9644 9643 9647 9648
f  9644 9641 9645 9648
f  9645 9646 9647 9648
v  5.69624E+02  1.54988E+01 -1.00514E+03
v  5.85124E+02  1.54988E+01 -1.00514E+03
v  5.85124E+02  1.54988E+01 -1.01964E+03
v  5.69624E+02  1.54988E+01 -1.01964E+03
v  5.69624E+02  8.07955E+00 -1.00514E+03
v  5.85124E+02  8.07955E+00 -1.00514E+03
v  5.85124E+02  8.07955E+00 -1.01964E+03
v  5.69624E+02  8.07955E+00 -1.01964E+03
g vc_ws_7587
s 0
f  9649 9650 9651 9652
f  9649 9650 9654 9653
f  9651 9650 9654 9655
f  9652 9651 9655 9656
f  9652 9649 9653 9656
f  9653 9654 9655 9656
v  5.69624E+02  8.07955E+00 -1.00514E+03
v  5.85124E+02  8.07955E+00 -1.00514E+03
v  5.85124E+02  8.07955E+00 -1.01964E+03
v  5.69624E+02  8.07955E+00 -1.01964E+03
v  5.69624E+02  6.60309E-01 -1.00514E+03
v  5.85124E+02  6.60309E-01 -1.00514E+03
v  5.85124E+02  6.60309E-01 -1.01964E+03
v  5.69624E+02  6.60309E-01 -1.01964E+03
g vc_ws_7588
s 0
f  9657 9658 9659 9660
f  9657 9658 9662 9661
f  9659 9658 9662 9663
f  9660 9659 9663 9664
f  9660 9657 9661 9664
f  9661 9662 9663 9664
v  3.08019E+01  5.06589E+01 -3.69369E+02
v  5.08734E+01  5.06589E+01 -3.69369E+02
v  5.08734E+01  5.06589E+01 -3.82869E+02
v  3.08019E+01  5.06589E+01 -3.82869E+02
v  3.08019E+01  4.45110E+01 -3.69369E+02
v  5.08734E+01  4.45110E+01 -3.69369E+02
v  5.08734E+01  4.45110E+01 -3.82869E+02
v  3.08019E+01  4.45110E+01 -3.82869E+02
g vc_ws_7589
s 0
f  9665 9666 9667 9668
f  9665 9666 9670 9669
f  9667 9666 9670 9671
f  9668 9667 9671 9672
f  9668 9665 9669 9672
f  9669 9670 9671 9672
v  3.08019E+01  4.45110E+01 -3.69369E+02
v  5.08734E+01  4.45110E+01 -3.69369E+02
v  5.08734E+01  4.45110E+01 -3.82869E+02
v  3.08019E+01  4.45110E+01 -3.82869E+02
v  3.08019E+01  3.83631E+01 -3.69369E+02
v  5.08734E+01  3.83631E+01 -3.69369E+02
v  5.08734E+01  3.83631E+01 -3.82869E+02
v  3.08019E+01  3.83631E+01 -3.82869E+02
g vc_ws_7590
s 0
f  9673 9674 9675 9676
f  9673 9674 9678 9677
f  9675 9674 9678 9679
f  9676 9675 9679 9680
f  9676 9673 9677 9680
f  9677 9678 9679 9680
v  5.69529E+02  3.26923E+01 -8.03530E+02
v  5.85029E+02  3.26923E+01 -8.03530E+02
v  5.85029E+02  3.26923E+01 -8.16030E+02
v  5.69529E+02  3.26923E+01 -8.16030E+02
v  5.69529E+02  2.42607E+01 -8.03530E+02
v  5.85029E+02  2.42607E+01 -8.03530E+02
v  5.85029E+02  2.42607E+01 -8.16030E+02
v  5.69529E+02  2.42607E+01 -8.16030E+02
g vc_ws_7591
s 0
f  9681 9682 9683 9684
f  9681 9682 9686 9685
f  9683 9682 9686 9687
f  9684 9683 9687 9688
f  9684 9681 9685 9688
f  9685 9686 9687 9688
v  5.69529E+02  2.42607E+01 -8.03530E+02
v  5.85029E+02  2.42607E+01 -8.03530E+02
v  5.85029E+02  2.42607E+01 -8.16030E+02
v  5.69529E+02  2.42607E+01 -8.16030E+02
v  5.69529E+02  1.58291E+01 -8.03530E+02
v  5.85029E+02  1.58291E+01 -8.03530E+02
v  5.85029E+02  1.58291E+01 -8.16030E+02
v  5.69529E+02  1.58291E+01 -8.16030E+02
g vc_ws_7592
s 0
f  9689 9690 9691 9692
f  9689 9690 9694 9693
f  9691 9690 9694 9695
f  9692 9691 9695 9696
f  9692 9689 9693 9696
f  9693 9694 9695 9696
v  3.08019E+01  5.06589E+01 -3.82869E+02
v  5.08734E+01  5.06589E+01 -3.82869E+02
v  5.08734E+01  5.06589E+01 -3.95869E+02
v  3.08019E+01  5.06589E+01 -3.95869E+02
v  3.08019E+01  4.45110E+01 -3.82869E+02
v  5.08734E+01  4.45110E+01 -3.82869E+02
v  5.08734E+01  4.45110E+01 -3.95869E+02
v  3.08019E+01  4.45110E+01 -3.95869E+02
g vc_ws_7593
s 0
f  9697 9698 9699 9700
f  9697 9698 9702 9701
f  9699 9698 9702 9703
f  9700 9699 9703 9704
f  9700 9697 9701 9704
f  9701 9702 9703 9704
v  3.08019E+01  4.45110E+01 -3.82869E+02
v  5.08734E+01  4.45110E+01 -3.82869E+02
v  5.08734E+01  4.45110E+01 -3.95869E+02
v  3.08019E+01  4.45110E+01 -3.95869E+02
v  3.08019E+01  3.83631E+01 -3.82869E+02
v  5.08734E+01  3.83631E+01 -3.82869E+02
v  5.08734E+01  3.83631E+01 -3.95869E+02
v  3.08019E+01  3.83631E+01 -3.95869E+02
g vc_ws_7594
s 0
f  9705 9706 9707 9708
f  9705 9706 9710 9709
f  9707 9706 9710 9711
f  9708 9707 9711 9712
f  9708 9705 9709 9712
f  9709 9710 9711 9712
v  5.68897E+02  2.37221E+01 -8.77539E+02
v  5.85397E+02  2.37221E+01 -8.77539E+02
v  5.85397E+02  2.37221E+01 -8.91039E+02
v  5.68897E+02  2.37221E+01 -8.91039E+02
v  5.68897E+02  1.66113E+01 -8.77539E+02
v  5.85397E+02  1.66113E+01 -8.77539E+02
v  5.85397E+02  1.66113E+01 -8.91039E+02
v  5.68897E+02  1.66113E+01 -8.91039E+02
g vc_ws_7595
s 0
f  9713 9714 9715 9716
f  9713 9714 9718 9717
f  9715 9714 9718 9719
f  9716 9715 9719 9720
f  9716 9713 9717 9720
f  9717 9718 9719 9720
v  5.68897E+02  1.66113E+01 -8.77539E+02
v  5.85397E+02  1.66113E+01 -8.77539E+02
v  5.85397E+02  1.66113E+01 -8.91039E+02
v  5.68897E+02  1.66113E+01 -8.91039E+02
v  5.68897E+02  9.50045E+00 -8.77539E+02
v  5.85397E+02  9.50045E+00 -8.77539E+02
v  5.85397E+02  9.50045E+00 -8.91039E+02
v  5.68897E+02  9.50045E+00 -8.91039E+02
g vc_ws_7596
s 0
f  9721 9722 9723 9724
f  9721 9722 9726 9725
f  9723 9722 9726 9727
f  9724 9723 9727 9728
f  9724 9721 9725 9728
f  9725 9726 9727 9728
v  5.68897E+02  2.37221E+01 -8.91039E+02
v  5.85397E+02  2.37221E+01 -8.91039E+02
v  5.85397E+02  2.37221E+01 -9.02742E+02
v  5.68897E+02  2.37221E+01 -9.02742E+02
v  5.68897E+02  1.55579E+01 -8.91039E+02
v  5.85397E+02  1.55579E+01 -8.91039E+02
v  5.85397E+02  1.55579E+01 -9.02742E+02
v  5.68897E+02  1.55579E+01 -9.02742E+02
g vc_ws_7597
s 0
f  9729 9730 9731 9732
f  9729 9730 9734 9733
f  9731 9730 9734 9735
f  9732 9731 9735 9736
f  9732 9729 9733 9736
f  9733 9734 9735 9736
v  5.68897E+02  1.55579E+01 -8.91039E+02
v  5.85397E+02  1.55579E+01 -8.91039E+02
v  5.85397E+02  1.55579E+01 -9.02742E+02
v  5.68897E+02  1.55579E+01 -9.02742E+02
v  5.68897E+02  7.39374E+00 -8.91039E+02
v  5.85397E+02  7.39374E+00 -8.91039E+02
v  5.85397E+02  7.39374E+00 -9.02742E+02
v  5.68897E+02  7.39374E+00 -9.02742E+02
g vc_ws_7598
s 0
f  9737 9738 9739 9740
f  9737 9738 9742 9741
f  9739 9738 9742 9743
f  9740 9739 9743 9744
f  9740 9737 9741 9744
f  9741 9742 9743 9744
v  4.54604E+02  8.97938E+01  7.97006E+01
v  4.71257E+02  8.97938E+01  7.97006E+01
v  4.71257E+02  8.97938E+01  6.67493E+01
v  4.54604E+02  8.97938E+01  6.67493E+01
v  4.54604E+02  8.25868E+01  7.97006E+01
v  4.71257E+02  8.25868E+01  7.97006E+01
v  4.71257E+02  8.25868E+01  6.67493E+01
v  4.54604E+02  8.25868E+01  6.67493E+01
g vc_ws_7599
s 0
f  9745 9746 9747 9748
f  9745 9746 9750 9749
f  9747 9746 9750 9751
f  9748 9747 9751 9752
f  9748 9745 9749 9752
f  9749 9750 9751 9752
v  4.54604E+02  8.25868E+01  7.97006E+01
v  4.71257E+02  8.25868E+01  7.97006E+01
v  4.71257E+02  8.25868E+01  6.67493E+01
v  4.54604E+02  8.25868E+01  6.67493E+01
v  4.54604E+02  7.53799E+01  7.97006E+01
v  4.71257E+02  7.53799E+01  7.97006E+01
v  4.71257E+02  7.53799E+01  6.67493E+01
v  4.54604E+02  7.53799E+01  6.67493E+01
g vc_ws_7600
s 0
f  9753 9754 9755 9756
f  9753 9754 9758 9757
f  9755 9754 9758 9759
f  9756 9755 9759 9760
f  9756 9753 9757 9760
f  9757 9758 9759 9760
v  5.06981E+02  6.47739E+01 -1.05384E+02
v  5.20981E+02  6.47739E+01 -1.05384E+02
v  5.20981E+02  6.47739E+01 -1.23884E+02
v  5.06981E+02  6.47739E+01 -1.23884E+02
v  5.06981E+02  5.88010E+01 -1.05384E+02
v  5.20981E+02  5.88010E+01 -1.05384E+02
v  5.20981E+02  5.88010E+01 -1.23884E+02
v  5.06981E+02  5.88010E+01 -1.23884E+02
g vc_ws_7601
s 0
f  9761 9762 9763 9764
f  9761 9762 9766 9765
f  9763 9762 9766 9767
f  9764 9763 9767 9768
f  9764 9761 9765 9768
f  9765 9766 9767 9768
v  5.06981E+02  5.88010E+01 -1.05384E+02
v  5.20981E+02  5.88010E+01 -1.05384E+02
v  5.20981E+02  5.88010E+01 -1.23884E+02
v  5.06981E+02  5.88010E+01 -1.23884E+02
v  5.06981E+02  5.28281E+01 -1.05384E+02
v  5.20981E+02  5.28281E+01 -1.05384E+02
v  5.20981E+02  5.28281E+01 -1.23884E+02
v  5.06981E+02  5.28281E+01 -1.23884E+02
g vc_ws_7602
s 0
f  9769 9770 9771 9772
f  9769 9770 9774 9773
f  9771 9770 9774 9775
f  9772 9771 9775 9776
f  9772 9769 9773 9776
f  9773 9774 9775 9776
v  5.68897E+02  1.89459E+01 -9.28242E+02
v  5.85397E+02  1.89459E+01 -9.28242E+02
v  5.85397E+02  1.89459E+01 -9.41742E+02
v  5.68897E+02  1.89459E+01 -9.41742E+02
v  5.68897E+02  1.20258E+01 -9.28242E+02
v  5.85397E+02  1.20258E+01 -9.28242E+02
v  5.85397E+02  1.20258E+01 -9.41742E+02
v  5.68897E+02  1.20258E+01 -9.41742E+02
g vc_ws_7603
s 0
f  9777 9778 9779 9780
f  9777 9778 9782 9781
f  9779 9778 9782 9783
f  9780 9779 9783 9784
f  9780 9777 9781 9784
f  9781 9782 9783 9784
v  5.68897E+02  1.20258E+01 -9.28242E+02
v  5.85397E+02  1.20258E+01 -9.28242E+02
v  5.85397E+02  1.20258E+01 -9.41742E+02
v  5.68897E+02  1.20258E+01 -9.41742E+02
v  5.68897E+02  5.10580E+00 -9.28242E+02
v  5.85397E+02  5.10580E+00 -9.28242E+02
v  5.85397E+02  5.10580E+00 -9.41742E+02
v  5.68897E+02  5.10580E+00 -9.41742E+02
g vc_ws_7604
s 0
f  9785 9786 9787 9788
f  9785 9786 9790 9789
f  9787 9786 9790 9791
f  9788 9787 9791 9792
f  9788 9785 9789 9792
f  9789 9790 9791 9792
v  5.12435E+02  5.12911E+01 -2.57314E+02
v  5.31935E+02  5.12911E+01 -2.57314E+02
v  5.31935E+02  5.12911E+01 -2.72931E+02
v  5.12435E+02  5.12911E+01 -2.72931E+02
v  5.12435E+02  4.62375E+01 -2.57314E+02
v  5.31935E+02  4.62375E+01 -2.57314E+02
v  5.31935E+02  4.62375E+01 -2.72931E+02
v  5.12435E+02  4.62375E+01 -2.72931E+02
g vc_ws_7605
s 0
f  9793 9794 9795 9796
f  9793 9794 9798 9797
f  9795 9794 9798 9799
f  9796 9795 9799 9800
f  9796 9793 9797 9800
f  9797 9798 9799 9800
v  5.12435E+02  4.62375E+01 -2.57314E+02
v  5.31935E+02  4.62375E+01 -2.57314E+02
v  5.31935E+02  4.62375E+01 -2.72931E+02
v  5.12435E+02  4.62375E+01 -2.72931E+02
v  5.12435E+02  4.11840E+01 -2.57314E+02
v  5.31935E+02  4.11840E+01 -2.57314E+02
v  5.31935E+02  4.11840E+01 -2.72931E+02
v  5.12435E+02  4.11840E+01 -2.72931E+02
g vc_ws_7606
s 0
f  9801 9802 9803 9804
f  9801 9802 9806 9805
f  9803 9802 9806 9807
f  9804 9803 9807 9808
f  9804 9801 9805 9808
f  9805 9806 9807 9808
v  2.89762E+01  5.46634E+01 -3.39685E+02
v  4.34762E+01  5.46634E+01 -3.39685E+02
v  4.34762E+01  5.46634E+01 -3.56185E+02
v  2.89762E+01  5.46634E+01 -3.56185E+02
v  2.89762E+01  4.82536E+01 -3.39685E+02
v  4.34762E+01  4.82536E+01 -3.39685E+02
v  4.34762E+01  4.82536E+01 -3.56185E+02
v  2.89762E+01  4.82536E+01 -3.56185E+02
g vc_ws_7607
s 0
f  9809 9810 9811 9812
f  9809 9810 9814 9813
f  9811 9810 9814 9815
f  9812 9811 9815 9816
f  9812 9809 9813 9816
f  9813 9814 9815 9816
v  2.89762E+01  4.82536E+01 -3.39685E+02
v  4.34762E+01  4.82536E+01 -3.39685E+02
v  4.34762E+01  4.82536E+01 -3.56185E+02
v  2.89762E+01  4.82536E+01 -3.56185E+02
v  2.89762E+01  4.18437E+01 -3.39685E+02
v  4.34762E+01  4.18437E+01 -3.39685E+02
v  4.34762E+01  4.18437E+01 -3.56185E+02
v  2.89762E+01  4.18437E+01 -3.56185E+02
g vc_ws_7608
s 0
f  9817 9818 9819 9820
f  9817 9818 9822 9821
f  9819 9818 9822 9823
f  9820 9819 9823 9824
f  9820 9817 9821 9824
f  9821 9822 9823 9824
v  5.69529E+02  3.72326E+01 -7.66900E+02
v  5.85029E+02  3.72326E+01 -7.66900E+02
v  5.85029E+02  3.72326E+01 -7.78900E+02
v  5.69529E+02  3.72326E+01 -7.78900E+02
v  5.69529E+02  2.89943E+01 -7.66900E+02
v  5.85029E+02  2.89943E+01 -7.66900E+02
v  5.85029E+02  2.89943E+01 -7.78900E+02
v  5.69529E+02  2.89943E+01 -7.78900E+02
g vc_ws_7609
s 0
f  9825 9826 9827 9828
f  9825 9826 9830 9829
f  9827 9826 9830 9831
f  9828 9827 9831 9832
f  9828 9825 9829 9832
f  9829 9830 9831 9832
v  5.69529E+02  2.89943E+01 -7.66900E+02
v  5.85029E+02  2.89943E+01 -7.66900E+02
v  5.85029E+02  2.89943E+01 -7.78900E+02
v  5.69529E+02  2.89943E+01 -7.78900E+02
v  5.69529E+02  2.07559E+01 -7.66900E+02
v  5.85029E+02  2.07559E+01 -7.66900E+02
v  5.85029E+02  2.07559E+01 -7.78900E+02
v  5.69529E+02  2.07559E+01 -7.78900E+02
g vc_ws_7610
s 0
f  9833 9834 9835 9836
f  9833 9834 9838 9837
f  9835 9834 9838 9839
f  9836 9835 9839 9840
f  9836 9833 9837 9840
f  9837 9838 9839 9840
v  1.06718E+01  5.46634E+01 -3.28652E+02
v  2.89762E+01  5.46634E+01 -3.28652E+02
v  2.89762E+01  5.46634E+01 -3.41685E+02
v  1.06718E+01  5.46634E+01 -3.41685E+02
v  1.06718E+01  4.82536E+01 -3.28652E+02
v  2.89762E+01  4.82536E+01 -3.28652E+02
v  2.89762E+01  4.82536E+01 -3.41685E+02
v  1.06718E+01  4.82536E+01 -3.41685E+02
g vc_ws_7611
s 0
f  9841 9842 9843 9844
f  9841 9842 9846 9845
f  9843 9842 9846 9847
f  9844 9843 9847 9848
f  9844 9841 9845 9848
f  9845 9846 9847 9848
v  1.06718E+01  4.82536E+01 -3.28652E+02
v  2.89762E+01  4.82536E+01 -3.28652E+02
v  2.89762E+01  4.82536E+01 -3.41685E+02
v  1.06718E+01  4.82536E+01 -3.41685E+02
v  1.06718E+01  4.18437E+01 -3.28652E+02
v  2.89762E+01  4.18437E+01 -3.28652E+02
v  2.89762E+01  4.18437E+01 -3.41685E+02
v  1.06718E+01  4.18437E+01 -3.41685E+02
g vc_ws_7612
s 0
f  9849 9850 9851 9852
f  9849 9850 9854 9853
f  9851 9850 9854 9855
f  9852 9851 9855 9856
f  9852 9849 9853 9856
f  9853 9854 9855 9856
v  5.69624E+02  1.54988E+01 -9.78345E+02
v  5.85124E+02  1.54988E+01 -9.78345E+02
v  5.85124E+02  1.54988E+01 -9.91845E+02
v  5.69624E+02  1.54988E+01 -9.91845E+02
v  5.69624E+02  8.22435E+00 -9.78345E+02
v  5.85124E+02  8.22435E+00 -9.78345E+02
v  5.85124E+02  8.22435E+00 -9.91845E+02
v  5.69624E+02  8.22435E+00 -9.91845E+02
g vc_ws_7613
s 0
f  9857 9858 9859 9860
f  9857 9858 9862 9861
f  9859 9858 9862 9863
f  9860 9859 9863 9864
f  9860 9857 9861 9864
f  9861 9862 9863 9864
v  5.69624E+02  8.22435E+00 -9.78345E+02
v  5.85124E+02  8.22435E+00 -9.78345E+02
v  5.85124E+02  8.22435E+00 -9.91845E+02
v  5.69624E+02  8.22435E+00 -9.91845E+02
v  5.69624E+02  9.49908E-01 -9.78345E+02
v  5.85124E+02  9.49908E-01 -9.78345E+02
v  5.85124E+02  9.49908E-01 -9.91845E+02
v  5.69624E+02  9.49908E-01 -9.91845E+02
g vc_ws_7614
s 0
f  9865 9866 9867 9868
f  9865 9866 9870 9869
f  9867 9866 9870 9871
f  9868 9867 9871 9872
f  9868 9865 9869 9872
f  9869 9870 9871 9872
v  5.69624E+02  1.54988E+01 -9.91845E+02
v  5.85124E+02  1.54988E+01 -9.91845E+02
v  5.85124E+02  1.54988E+01 -1.00514E+03
v  5.69624E+02  1.54988E+01 -1.00514E+03
v  5.69624E+02  8.22435E+00 -9.91845E+02
v  5.85124E+02  8.22435E+00 -9.91845E+02
v  5.85124E+02  8.22435E+00 -1.00514E+03
v  5.69624E+02  8.22435E+00 -1.00514E+03
g vc_ws_7615
s 0
f  9873 9874 9875 9876
f  9873 9874 9878 9877
f  9875 9874 9878 9879
f  9876 9875 9879 9880
f  9876 9873 9877 9880
f  9877 9878 9879 9880
v  5.69624E+02  8.22435E+00 -9.91845E+02
v  5.85124E+02  8.22435E+00 -9.91845E+02
v  5.85124E+02  8.22435E+00 -1.00514E+03
v  5.69624E+02  8.22435E+00 -1.00514E+03
v  5.69624E+02  9.49908E-01 -9.91845E+02
v  5.85124E+02  9.49908E-01 -9.91845E+02
v  5.85124E+02  9.49908E-01 -1.00514E+03
v  5.69624E+02  9.49908E-01 -1.00514E+03
g vc_ws_7616
s 0
f  9881 9882 9883 9884
f  9881 9882 9886 9885
f  9883 9882 9886 9887
f  9884 9883 9887 9888
f  9884 9881 9885 9888
f  9885 9886 9887 9888
v  4.76750E+02  7.03134E+01 -2.81756E+01
v  4.90829E+02  7.03134E+01 -2.81756E+01
v  4.90829E+02  7.03134E+01 -4.76756E+01
v  4.76750E+02  7.03134E+01 -4.76756E+01
v  4.76750E+02  6.48552E+01 -2.81756E+01
v  4.90829E+02  6.48552E+01 -2.81756E+01
v  4.90829E+02  6.48552E+01 -4.76756E+01
v  4.76750E+02  6.48552E+01 -4.76756E+01
g vc_ws_7617
s 0
f  9889 9890 9891 9892
f  9889 9890 9894 9893
f  9891 9890 9894 9895
f  9892 9891 9895 9896
f  9892 9889 9893 9896
f  9893 9894 9895 9896
v  4.76750E+02  6.48552E+01 -2.81756E+01
v  4.90829E+02  6.48552E+01 -2.81756E+01
v  4.90829E+02  6.48552E+01 -4.76756E+01
v  4.76750E+02  6.48552E+01 -4.76756E+01
v  4.76750E+02  5.93971E+01 -2.81756E+01
v  4.90829E+02  5.93971E+01 -2.81756E+01
v  4.90829E+02  5.93971E+01 -4.76756E+01
v  4.76750E+02  5.93971E+01 -4.76756E+01
g vc_ws_7618
s 0
f  9897 9898 9899 9900
f  9897 9898 9902 9901
f  9899 9898 9902 9903
f  9900 9899 9903 9904
f  9900 9897 9901 9904
f  9901 9902 9903 9904
v  5.06981E+02  6.47739E+01 -8.75057E+01
v  5.20981E+02  6.47739E+01 -8.75057E+01
v  5.20981E+02  6.47739E+01 -1.05384E+02
v  5.06981E+02  6.47739E+01 -1.05384E+02
v  5.06981E+02  5.88010E+01 -8.75057E+01
v  5.20981E+02  5.88010E+01 -8.75057E+01
v  5.20981E+02  5.88010E+01 -1.05384E+02
v  5.06981E+02  5.88010E+01 -1.05384E+02
g vc_ws_7619
s 0
f  9905 9906 9907 9908
f  9905 9906 9910 9909
f  9907 9906 9910 9911
f  9908 9907 9911 9912
f  9908 9905 9909 9912
f  9909 9910 9911 9912
v  5.06981E+02  5.88010E+01 -8.75057E+01
v  5.20981E+02  5.88010E+01 -8.75057E+01
v  5.20981E+02  5.88010E+01 -1.05384E+02
v  5.06981E+02  5.88010E+01 -1.05384E+02
v  5.06981E+02  5.28281E+01 -8.75057E+01
v  5.20981E+02  5.28281E+01 -8.75057E+01
v  5.20981E+02  5.28281E+01 -1.05384E+02
v  5.06981E+02  5.28281E+01 -1.05384E+02
g vc_ws_7620
s 0
f  9913 9914 9915 9916
f  9913 9914 9918 9917
f  9915 9914 9918 9919
f  9916 9915 9919 9920
f  9916 9913 9917 9920
f  9917 9918 9919 9920
v  4.76750E+02  7.03134E+01 -4.76756E+01
v  4.90829E+02  7.03134E+01 -4.76756E+01
v  4.90829E+02  7.03134E+01 -6.70057E+01
v  4.76750E+02  7.03134E+01 -6.70057E+01
v  4.76750E+02  6.48552E+01 -4.76756E+01
v  4.90829E+02  6.48552E+01 -4.76756E+01
v  4.90829E+02  6.48552E+01 -6.70057E+01
v  4.76750E+02  6.48552E+01 -6.70057E+01
g vc_ws_7621
s 0
f  9921 9922 9923 9924
f  9921 9922 9926 9925
f  9923 9922 9926 9927
f  9924 9923 9927 9928
f  9924 9921 9925 9928
f  9925 9926 9927 9928
v  4.76750E+02  6.48552E+01 -4.76756E+01
v  4.90829E+02  6.48552E+01 -4.76756E+01
v  4.90829E+02  6.48552E+01 -6.70057E+01
v  4.76750E+02  6.48552E+01 -6.70057E+01
v  4.76750E+02  5.93971E+01 -4.76756E+01
v  4.90829E+02  5.93971E+01 -4.76756E+01
v  4.90829E+02  5.93971E+01 -6.70057E+01
v  4.76750E+02  5.93971E+01 -6.70057E+01
g vc_ws_7622
s 0
f  9929 9930 9931 9932
f  9929 9930 9934 9933
f  9931 9930 9934 9935
f  9932 9931 9935 9936
f  9932 9929 9933 9936
f  9933 9934 9935 9936
v  3.33611E+02  9.27239E+00 -1.07850E+03
v  3.47111E+02  9.27239E+00 -1.07850E+03
v  3.47111E+02  9.27239E+00 -1.09500E+03
v  3.33611E+02  9.27239E+00 -1.09500E+03
v  3.33611E+02  2.35864E+00 -1.07850E+03
v  3.47111E+02  2.35864E+00 -1.07850E+03
v  3.47111E+02  2.35864E+00 -1.09500E+03
v  3.33611E+02  2.35864E+00 -1.09500E+03
g vc_ws_7623
s 0
f  9937 9938 9939 9940
f  9937 9938 9942 9941
f  9939 9938 9942 9943
f  9940 9939 9943 9944
f  9940 9937 9941 9944
f  9941 9942 9943 9944
v -2.71736E+02  9.85681E+01 -1.25416E+02
v -2.58290E+02  9.85681E+01 -1.25416E+02
v -2.58290E+02  9.85681E+01 -1.46416E+02
v -2.71736E+02  9.85681E+01 -1.46416E+02
v -2.71736E+02  9.33113E+01 -1.25416E+02
v -2.58290E+02  9.33113E+01 -1.25416E+02
v -2.58290E+02  9.33113E+01 -1.46416E+02
v -2.71736E+02  9.33113E+01 -1.46416E+02
g vc_ws_7625
s 0
f  9945 9946 9947 9948
f  9945 9946 9950 9949
f  9947 9946 9950 9951
f  9948 9947 9951 9952
f  9948 9945 9949 9952
f  9949 9950 9951 9952
v -2.71736E+02  9.33113E+01 -1.25416E+02
v -2.58290E+02  9.33113E+01 -1.25416E+02
v -2.58290E+02  9.33113E+01 -1.46416E+02
v -2.71736E+02  9.33113E+01 -1.46416E+02
v -2.71736E+02  8.80545E+01 -1.25416E+02
v -2.58290E+02  8.80545E+01 -1.25416E+02
v -2.58290E+02  8.80545E+01 -1.46416E+02
v -2.71736E+02  8.80545E+01 -1.46416E+02
g vc_ws_7626
s 0
f  9953 9954 9955 9956
f  9953 9954 9958 9957
f  9955 9954 9958 9959
f  9956 9955 9959 9960
f  9956 9953 9957 9960
f  9957 9958 9959 9960
v  6.81692E+01  3.61785E+01 -6.11685E+02
v  7.96692E+01  3.61785E+01 -6.11685E+02
v  7.96692E+01  3.61785E+01 -6.28685E+02
v  6.81692E+01  3.61785E+01 -6.28685E+02
v  6.81692E+01  2.86778E+01 -6.11685E+02
v  7.96692E+01  2.86778E+01 -6.11685E+02
v  7.96692E+01  2.86778E+01 -6.28685E+02
v  6.81692E+01  2.86778E+01 -6.28685E+02
g vc_ws_7627
s 0
f  9961 9962 9963 9964
f  9961 9962 9966 9965
f  9963 9962 9966 9967
f  9964 9963 9967 9968
f  9964 9961 9965 9968
f  9965 9966 9967 9968
v  6.81692E+01  2.86778E+01 -6.11685E+02
v  7.96692E+01  2.86778E+01 -6.11685E+02
v  7.96692E+01  2.86778E+01 -6.28685E+02
v  6.81692E+01  2.86778E+01 -6.28685E+02
v  6.81692E+01  2.11771E+01 -6.11685E+02
v  7.96692E+01  2.11771E+01 -6.11685E+02
v  7.96692E+01  2.11771E+01 -6.28685E+02
v  6.81692E+01  2.11771E+01 -6.28685E+02
g vc_ws_7628
s 0
f  9969 9970 9971 9972
f  9969 9970 9974 9973
f  9971 9970 9974 9975
f  9972 9971 9975 9976
f  9972 9969 9973 9976
f  9973 9974 9975 9976
v  3.08019E+01  4.31512E+01 -4.11369E+02
v  5.08734E+01  4.31512E+01 -4.11369E+02
v  5.08734E+01  4.31512E+01 -4.29554E+02
v  3.08019E+01  4.31512E+01 -4.29554E+02
v  3.08019E+01  3.91579E+01 -4.11369E+02
v  5.08734E+01  3.91579E+01 -4.11369E+02
v  5.08734E+01  3.91579E+01 -4.29554E+02
v  3.08019E+01  3.91579E+01 -4.29554E+02
g vc_ws_7629
s 0
f  9977 9978 9979 9980
f  9977 9978 9982 9981
f  9979 9978 9982 9983
f  9980 9979 9983 9984
f  9980 9977 9981 9984
f  9981 9982 9983 9984
v  3.08019E+01  3.91579E+01 -4.11369E+02
v  5.08734E+01  3.91579E+01 -4.11369E+02
v  5.08734E+01  3.91579E+01 -4.29554E+02
v  3.08019E+01  3.91579E+01 -4.29554E+02
v  3.08019E+01  3.51647E+01 -4.11369E+02
v  5.08734E+01  3.51647E+01 -4.11369E+02
v  5.08734E+01  3.51647E+01 -4.29554E+02
v  3.08019E+01  3.51647E+01 -4.29554E+02
g vc_ws_7630
s 0
f  9985 9986 9987 9988
f  9985 9986 9990 9989
f  9987 9986 9990 9991
f  9988 9987 9991 9992
f  9988 9985 9989 9992
f  9989 9990 9991 9992
v  3.33611E+02  9.27239E+00 -1.06250E+03
v  3.47111E+02  9.27239E+00 -1.06250E+03
v  3.47111E+02  9.27239E+00 -1.07850E+03
v  3.33611E+02  9.27239E+00 -1.07850E+03
v  3.33611E+02  2.35864E+00 -1.06250E+03
v  3.47111E+02  2.35864E+00 -1.06250E+03
v  3.47111E+02  2.35864E+00 -1.07850E+03
v  3.33611E+02  2.35864E+00 -1.07850E+03
g vc_ws_7631
s 0
f  9993 9994 9995 9996
f  9993 9994 9998 9997
f  9995 9994 9998 9999
f  9996 9995 9999 10000
f  9996 9993 9997 10000
f  9997 9998 9999 10000
v  5.70619E+02  3.85439E+01 -7.29862E+02
v  5.86119E+02  3.85439E+01 -7.29862E+02
v  5.86119E+02  3.85439E+01 -7.43362E+02
v  5.70619E+02  3.85439E+01 -7.43362E+02
v  5.70619E+02  3.16803E+01 -7.29862E+02
v  5.86119E+02  3.16803E+01 -7.29862E+02
v  5.86119E+02  3.16803E+01 -7.43362E+02
v  5.70619E+02  3.16803E+01 -7.43362E+02
g vc_ws_7633
s 0
f  10001 10002 10003 10004
f  10001 10002 10006 10005
f  10003 10002 10006 10007
f  10004 10003 10007 10008
f  10004 10001 10005 10008
f  10005 10006 10007 10008
v  5.70619E+02  3.16803E+01 -7.29862E+02
v  5.86119E+02  3.16803E+01 -7.29862E+02
v  5.86119E+02  3.16803E+01 -7.43362E+02
v  5.70619E+02  3.16803E+01 -7.43362E+02
v  5.70619E+02  2.48167E+01 -7.29862E+02
v  5.86119E+02  2.48167E+01 -7.29862E+02
v  5.86119E+02  2.48167E+01 -7.43362E+02
v  5.70619E+02  2.48167E+01 -7.43362E+02
g vc_ws_7634
s 0
f  10009 10010 10011 10012
f  10009 10010 10014 10013
f  10011 10010 10014 10015
f  10012 10011 10015 10016
f  10012 10009 10013 10016
f  10013 10014 10015 10016
v  5.68897E+02  2.37221E+01 -8.65539E+02
v  5.85397E+02  2.37221E+01 -8.65539E+02
v  5.85397E+02  2.37221E+01 -8.77539E+02
v  5.68897E+02  2.37221E+01 -8.77539E+02
v  5.68897E+02  1.66113E+01 -8.65539E+02
v  5.85397E+02  1.66113E+01 -8.65539E+02
v  5.85397E+02  1.66113E+01 -8.77539E+02
v  5.68897E+02  1.66113E+01 -8.77539E+02
g vc_ws_7635
s 0
f  10017 10018 10019 10020
f  10017 10018 10022 10021
f  10019 10018 10022 10023
f  10020 10019 10023 10024
f  10020 10017 10021 10024
f  10021 10022 10023 10024
v  5.68897E+02  1.66113E+01 -8.65539E+02
v  5.85397E+02  1.66113E+01 -8.65539E+02
v  5.85397E+02  1.66113E+01 -8.77539E+02
v  5.68897E+02  1.66113E+01 -8.77539E+02
v  5.68897E+02  9.50045E+00 -8.65539E+02
v  5.85397E+02  9.50045E+00 -8.65539E+02
v  5.85397E+02  9.50045E+00 -8.77539E+02
v  5.68897E+02  9.50045E+00 -8.77539E+02
g vc_ws_7636
s 0
f  10025 10026 10027 10028
f  10025 10026 10030 10029
f  10027 10026 10030 10031
f  10028 10027 10031 10032
f  10028 10025 10029 10032
f  10029 10030 10031 10032
v  3.59111E+02  9.27239E+00 -1.07850E+03
v  3.71611E+02  9.27239E+00 -1.07850E+03
v  3.71611E+02  9.27239E+00 -1.09500E+03
v  3.59111E+02  9.27239E+00 -1.09500E+03
v  3.59111E+02  2.35864E+00 -1.07850E+03
v  3.71611E+02  2.35864E+00 -1.07850E+03
v  3.71611E+02  2.35864E+00 -1.09500E+03
v  3.59111E+02  2.35864E+00 -1.09500E+03
g vc_ws_7637
s 0
f  10033 10034 10035 10036
f  10033 10034 10038 10037
f  10035 10034 10038 10039
f  10036 10035 10039 10040
f  10036 10033 10037 10040
f  10037 10038 10039 10040
v  4.54604E+02  8.66539E+01  6.67493E+01
v  4.71257E+02  8.66539E+01  6.67493E+01
v  4.71257E+02  8.66539E+01  5.22493E+01
v  4.54604E+02  8.66539E+01  5.22493E+01
v  4.54604E+02  8.10247E+01  6.67493E+01
v  4.71257E+02  8.10247E+01  6.67493E+01
v  4.71257E+02  8.10247E+01  5.22493E+01
v  4.54604E+02  8.10247E+01  5.22493E+01
g vc_ws_7639
s 0
f  10041 10042 10043 10044
f  10041 10042 10046 10045
f  10043 10042 10046 10047
f  10044 10043 10047 10048
f  10044 10041 10045 10048
f  10045 10046 10047 10048
v  4.54604E+02  8.10247E+01  6.67493E+01
v  4.71257E+02  8.10247E+01  6.67493E+01
v  4.71257E+02  8.10247E+01  5.22493E+01
v  4.54604E+02  8.10247E+01  5.22493E+01
v  4.54604E+02  7.53956E+01  6.67493E+01
v  4.71257E+02  7.53956E+01  6.67493E+01
v  4.71257E+02  7.53956E+01  5.22493E+01
v  4.54604E+02  7.53956E+01  5.22493E+01
g vc_ws_7640
s 0
f  10049 10050 10051 10052
f  10049 10050 10054 10053
f  10051 10050 10054 10055
f  10052 10051 10055 10056
f  10052 10049 10053 10056
f  10053 10054 10055 10056
v  3.59111E+02  9.27239E+00 -1.06250E+03
v  3.71611E+02  9.27239E+00 -1.06250E+03
v  3.71611E+02  9.27239E+00 -1.07850E+03
v  3.59111E+02  9.27239E+00 -1.07850E+03
v  3.59111E+02  2.35864E+00 -1.06250E+03
v  3.71611E+02  2.35864E+00 -1.06250E+03
v  3.71611E+02  2.35864E+00 -1.07850E+03
v  3.59111E+02  2.35864E+00 -1.07850E+03
g vc_ws_7641
s 0
f  10057 10058 10059 10060
f  10057 10058 10062 10061
f  10059 10058 10062 10063
f  10060 10059 10063 10064
f  10060 10057 10061 10064
f  10061 10062 10063 10064
v  6.81692E+01  2.80514E+01 -6.28685E+02
v  9.01692E+01  2.80514E+01 -6.28685E+02
v  9.01692E+01  2.80514E+01 -6.46185E+02
v  6.81692E+01  2.80514E+01 -6.46185E+02
v  6.81692E+01  2.46174E+01 -6.28685E+02
v  9.01692E+01  2.46174E+01 -6.28685E+02
v  9.01692E+01  2.46174E+01 -6.46185E+02
v  6.81692E+01  2.46174E+01 -6.46185E+02
g vc_ws_7643
s 0
f  10065 10066 10067 10068
f  10065 10066 10070 10069
f  10067 10066 10070 10071
f  10068 10067 10071 10072
f  10068 10065 10069 10072
f  10069 10070 10071 10072
v  6.81692E+01  2.46174E+01 -6.28685E+02
v  9.01692E+01  2.46174E+01 -6.28685E+02
v  9.01692E+01  2.46174E+01 -6.46185E+02
v  6.81692E+01  2.46174E+01 -6.46185E+02
v  6.81692E+01  2.11834E+01 -6.28685E+02
v  9.01692E+01  2.11834E+01 -6.28685E+02
v  9.01692E+01  2.11834E+01 -6.46185E+02
v  6.81692E+01  2.11834E+01 -6.46185E+02
g vc_ws_7644
s 0
f  10073 10074 10075 10076
f  10073 10074 10078 10077
f  10075 10074 10078 10079
f  10076 10075 10079 10080
f  10076 10073 10077 10080
f  10077 10078 10079 10080
v  3.47111E+02  9.27239E+00 -1.07850E+03
v  3.59111E+02  9.27239E+00 -1.07850E+03
v  3.59111E+02  9.27239E+00 -1.09500E+03
v  3.47111E+02  9.27239E+00 -1.09500E+03
v  3.47111E+02  2.35864E+00 -1.07850E+03
v  3.59111E+02  2.35864E+00 -1.07850E+03
v  3.59111E+02  2.35864E+00 -1.09500E+03
v  3.47111E+02  2.35864E+00 -1.09500E+03
g vc_ws_7645
s 0
f  10081 10082 10083 10084
f  10081 10082 10086 10085
f  10083 10082 10086 10087
f  10084 10083 10087 10088
f  10084 10081 10085 10088
f  10085 10086 10087 10088
v  4.71257E+02  7.26856E+01  7.61221E+00
v  4.88757E+02  7.26856E+01  7.61221E+00
v  4.88757E+02  7.26856E+01 -9.88779E+00
v  4.71257E+02  7.26856E+01 -9.88779E+00
v  4.71257E+02  6.84136E+01  7.61221E+00
v  4.88757E+02  6.84136E+01  7.61221E+00
v  4.88757E+02  6.84136E+01 -9.88779E+00
v  4.71257E+02  6.84136E+01 -9.88779E+00
g vc_ws_7647
s 0
f  10089 10090 10091 10092
f  10089 10090 10094 10093
f  10091 10090 10094 10095
f  10092 10091 10095 10096
f  10092 10089 10093 10096
f  10093 10094 10095 10096
v  5.69624E+02  8.07955E+00 -1.01964E+03
v  5.85124E+02  8.07955E+00 -1.01964E+03
v  5.85124E+02  8.07955E+00 -1.04214E+03
v  5.69624E+02  8.07955E+00 -1.04214E+03
v  5.69624E+02  4.36993E+00 -1.01964E+03
v  5.85124E+02  4.36993E+00 -1.01964E+03
v  5.85124E+02  4.36993E+00 -1.04214E+03
v  5.69624E+02  4.36993E+00 -1.04214E+03
g vc_ws_7649
s 0
f  10097 10098 10099 10100
f  10097 10098 10102 10101
f  10099 10098 10102 10103
f  10100 10099 10103 10104
f  10100 10097 10101 10104
f  10101 10102 10103 10104
v  5.69624E+02  4.36993E+00 -1.01964E+03
v  5.85124E+02  4.36993E+00 -1.01964E+03
v  5.85124E+02  4.36993E+00 -1.04214E+03
v  5.69624E+02  4.36993E+00 -1.04214E+03
v  5.69624E+02  6.60309E-01 -1.01964E+03
v  5.85124E+02  6.60309E-01 -1.01964E+03
v  5.85124E+02  6.60309E-01 -1.04214E+03
v  5.69624E+02  6.60309E-01 -1.04214E+03
g vc_ws_7650
s 0
f  10105 10106 10107 10108
f  10105 10106 10110 10109
f  10107 10106 10110 10111
f  10108 10107 10111 10112
f  10108 10105 10109 10112
f  10109 10110 10111 10112
v  5.85124E+02  1.54988E+01 -9.78345E+02
v  5.99124E+02  1.54988E+01 -9.78345E+02
v  5.99124E+02  1.54988E+01 -9.91845E+02
v  5.85124E+02  1.54988E+01 -9.91845E+02
v  5.85124E+02  8.66656E+00 -9.78345E+02
v  5.99124E+02  8.66656E+00 -9.78345E+02
v  5.99124E+02  8.66656E+00 -9.91845E+02
v  5.85124E+02  8.66656E+00 -9.91845E+02
g vc_ws_7651
s 0
f  10113 10114 10115 10116
f  10113 10114 10118 10117
f  10115 10114 10118 10119
f  10116 10115 10119 10120
f  10116 10113 10117 10120
f  10117 10118 10119 10120
v  5.85124E+02  8.66656E+00 -9.78345E+02
v  5.99124E+02  8.66656E+00 -9.78345E+02
v  5.99124E+02  8.66656E+00 -9.91845E+02
v  5.85124E+02  8.66656E+00 -9.91845E+02
v  5.85124E+02  1.83433E+00 -9.78345E+02
v  5.99124E+02  1.83433E+00 -9.78345E+02
v  5.99124E+02  1.83433E+00 -9.91845E+02
v  5.85124E+02  1.83433E+00 -9.91845E+02
g vc_ws_7652
s 0
f  10121 10122 10123 10124
f  10121 10122 10126 10125
f  10123 10122 10126 10127
f  10124 10123 10127 10128
f  10124 10121 10125 10128
f  10125 10126 10127 10128
v  4.60250E+02  7.26856E+01 -9.88779E+00
v  4.76750E+02  7.26856E+01 -9.88779E+00
v  4.76750E+02  7.26856E+01 -2.81756E+01
v  4.60250E+02  7.26856E+01 -2.81756E+01
v  4.60250E+02  6.84136E+01 -9.88779E+00
v  4.76750E+02  6.84136E+01 -9.88779E+00
v  4.76750E+02  6.84136E+01 -2.81756E+01
v  4.60250E+02  6.84136E+01 -2.81756E+01
g vc_ws_7653
s 0
f  10129 10130 10131 10132
f  10129 10130 10134 10133
f  10131 10130 10134 10135
f  10132 10131 10135 10136
f  10132 10129 10133 10136
f  10133 10134 10135 10136
v  4.60250E+02  6.84136E+01 -9.88779E+00
v  4.76750E+02  6.84136E+01 -9.88779E+00
v  4.76750E+02  6.84136E+01 -2.81756E+01
v  4.60250E+02  6.84136E+01 -2.81756E+01
v  4.60250E+02  6.41415E+01 -9.88779E+00
v  4.76750E+02  6.41415E+01 -9.88779E+00
v  4.76750E+02  6.41415E+01 -2.81756E+01
v  4.60250E+02  6.41415E+01 -2.81756E+01
g vc_ws_7654
s 0
f  10137 10138 10139 10140
f  10137 10138 10142 10141
f  10139 10138 10142 10143
f  10140 10139 10143 10144
f  10140 10137 10141 10144
f  10141 10142 10143 10144
v  5.68897E+02  1.89459E+01 -9.02742E+02
v  5.85397E+02  1.89459E+01 -9.02742E+02
v  5.85397E+02  1.89459E+01 -9.16242E+02
v  5.68897E+02  1.89459E+01 -9.16242E+02
v  5.68897E+02  1.31817E+01 -9.02742E+02
v  5.85397E+02  1.31817E+01 -9.02742E+02
v  5.85397E+02  1.31817E+01 -9.16242E+02
v  5.68897E+02  1.31817E+01 -9.16242E+02
g vc_ws_7655
s 0
f  10145 10146 10147 10148
f  10145 10146 10150 10149
f  10147 10146 10150 10151
f  10148 10147 10151 10152
f  10148 10145 10149 10152
f  10149 10150 10151 10152
v  5.68897E+02  1.31817E+01 -9.02742E+02
v  5.85397E+02  1.31817E+01 -9.02742E+02
v  5.85397E+02  1.31817E+01 -9.16242E+02
v  5.68897E+02  1.31817E+01 -9.16242E+02
v  5.68897E+02  7.41762E+00 -9.02742E+02
v  5.85397E+02  7.41762E+00 -9.02742E+02
v  5.85397E+02  7.41762E+00 -9.16242E+02
v  5.68897E+02  7.41762E+00 -9.16242E+02
g vc_ws_7656
s 0
f  10153 10154 10155 10156
f  10153 10154 10158 10157
f  10155 10154 10158 10159
f  10156 10155 10159 10160
f  10156 10153 10157 10160
f  10157 10158 10159 10160
v  3.47111E+02  9.27239E+00 -1.06250E+03
v  3.59111E+02  9.27239E+00 -1.06250E+03
v  3.59111E+02  9.27239E+00 -1.07850E+03
v  3.47111E+02  9.27239E+00 -1.07850E+03
v  3.47111E+02  2.35864E+00 -1.06250E+03
v  3.59111E+02  2.35864E+00 -1.06250E+03
v  3.59111E+02  2.35864E+00 -1.07850E+03
v  3.47111E+02  2.35864E+00 -1.07850E+03
g vc_ws_7657
s 0
f  10161 10162 10163 10164
f  10161 10162 10166 10165
f  10163 10162 10166 10167
f  10164 10163 10167 10168
f  10164 10161 10165 10168
f  10165 10166 10167 10168
v  5.70619E+02  4.07927E+01 -6.80627E+02
v  5.86119E+02  4.07927E+01 -6.80627E+02
v  5.86119E+02  4.07927E+01 -6.94127E+02
v  5.70619E+02  4.07927E+01 -6.94127E+02
v  5.70619E+02  3.47153E+01 -6.80627E+02
v  5.86119E+02  3.47153E+01 -6.80627E+02
v  5.86119E+02  3.47153E+01 -6.94127E+02
v  5.70619E+02  3.47153E+01 -6.94127E+02
g vc_ws_7659
s 0
f  10169 10170 10171 10172
f  10169 10170 10174 10173
f  10171 10170 10174 10175
f  10172 10171 10175 10176
f  10172 10169 10173 10176
f  10173 10174 10175 10176
v  5.70619E+02  3.47153E+01 -6.80627E+02
v  5.86119E+02  3.47153E+01 -6.80627E+02
v  5.86119E+02  3.47153E+01 -6.94127E+02
v  5.70619E+02  3.47153E+01 -6.94127E+02
v  5.70619E+02  2.86380E+01 -6.80627E+02
v  5.86119E+02  2.86380E+01 -6.80627E+02
v  5.86119E+02  2.86380E+01 -6.94127E+02
v  5.70619E+02  2.86380E+01 -6.94127E+02
g vc_ws_7660
s 0
f  10177 10178 10179 10180
f  10177 10178 10182 10181
f  10179 10178 10182 10183
f  10180 10179 10183 10184
f  10180 10177 10181 10184
f  10181 10182 10183 10184
v  5.69529E+02  3.26923E+01 -7.78900E+02
v  5.85029E+02  3.26923E+01 -7.78900E+02
v  5.85029E+02  3.26923E+01 -7.92400E+02
v  5.69529E+02  3.26923E+01 -7.92400E+02
v  5.69529E+02  2.67355E+01 -7.78900E+02
v  5.85029E+02  2.67355E+01 -7.78900E+02
v  5.85029E+02  2.67355E+01 -7.92400E+02
v  5.69529E+02  2.67355E+01 -7.92400E+02
g vc_ws_7661
s 0
f  10185 10186 10187 10188
f  10185 10186 10190 10189
f  10187 10186 10190 10191
f  10188 10187 10191 10192
f  10188 10185 10189 10192
f  10189 10190 10191 10192
v  5.69529E+02  2.67355E+01 -7.78900E+02
v  5.85029E+02  2.67355E+01 -7.78900E+02
v  5.85029E+02  2.67355E+01 -7.92400E+02
v  5.69529E+02  2.67355E+01 -7.92400E+02
v  5.69529E+02  2.07786E+01 -7.78900E+02
v  5.85029E+02  2.07786E+01 -7.78900E+02
v  5.85029E+02  2.07786E+01 -7.92400E+02
v  5.69529E+02  2.07786E+01 -7.92400E+02
g vc_ws_7662
s 0
f  10193 10194 10195 10196
f  10193 10194 10198 10197
f  10195 10194 10198 10199
f  10196 10195 10199 10200
f  10196 10193 10197 10200
f  10197 10198 10199 10200
v -4.28092E+02  1.28075E+02 -5.77258E+02
v -4.17092E+02  1.28075E+02 -5.77258E+02
v -4.17092E+02  1.28075E+02 -5.90758E+02
v -4.28092E+02  1.28075E+02 -5.90758E+02
v -4.28092E+02  1.19862E+02 -5.77258E+02
v -4.17092E+02  1.19862E+02 -5.77258E+02
v -4.17092E+02  1.19862E+02 -5.90758E+02
v -4.28092E+02  1.19862E+02 -5.90758E+02
g vc_ws_7663
s 0
f  10201 10202 10203 10204
f  10201 10202 10206 10205
f  10203 10202 10206 10207
f  10204 10203 10207 10208
f  10204 10201 10205 10208
f  10205 10206 10207 10208
v -4.28092E+02  1.19862E+02 -5.77258E+02
v -4.17092E+02  1.19862E+02 -5.77258E+02
v -4.17092E+02  1.19862E+02 -5.90758E+02
v -4.28092E+02  1.19862E+02 -5.90758E+02
v -4.28092E+02  1.11649E+02 -5.77258E+02
v -4.17092E+02  1.11649E+02 -5.77258E+02
v -4.17092E+02  1.11649E+02 -5.90758E+02
v -4.28092E+02  1.11649E+02 -5.90758E+02
g vc_ws_7664
s 0
f  10209 10210 10211 10212
f  10209 10210 10214 10213
f  10211 10210 10214 10215
f  10212 10211 10215 10216
f  10212 10209 10213 10216
f  10213 10214 10215 10216
v  4.54604E+02  8.66539E+01  5.22493E+01
v  4.71257E+02  8.66539E+01  5.22493E+01
v  4.71257E+02  8.66539E+01  3.92493E+01
v  4.54604E+02  8.66539E+01  3.92493E+01
v  4.54604E+02  8.10247E+01  5.22493E+01
v  4.71257E+02  8.10247E+01  5.22493E+01
v  4.71257E+02  8.10247E+01  3.92493E+01
v  4.54604E+02  8.10247E+01  3.92493E+01
g vc_ws_7665
s 0
f  10217 10218 10219 10220
f  10217 10218 10222 10221
f  10219 10218 10222 10223
f  10220 10219 10223 10224
f  10220 10217 10221 10224
f  10221 10222 10223 10224
v  4.54604E+02  8.10247E+01  5.22493E+01
v  4.71257E+02  8.10247E+01  5.22493E+01
v  4.71257E+02  8.10247E+01  3.92493E+01
v  4.54604E+02  8.10247E+01  3.92493E+01
v  4.54604E+02  7.53956E+01  5.22493E+01
v  4.71257E+02  7.53956E+01  5.22493E+01
v  4.71257E+02  7.53956E+01  3.92493E+01
v  4.54604E+02  7.53956E+01  3.92493E+01
g vc_ws_7666
s 0
f  10225 10226 10227 10228
f  10225 10226 10230 10229
f  10227 10226 10230 10231
f  10228 10227 10231 10232
f  10228 10225 10229 10232
f  10229 10230 10231 10232
v  5.69529E+02  3.72326E+01 -7.54400E+02
v  5.85029E+02  3.72326E+01 -7.54400E+02
v  5.85029E+02  3.72326E+01 -7.66900E+02
v  5.69529E+02  3.72326E+01 -7.66900E+02
v  5.69529E+02  3.10279E+01 -7.54400E+02
v  5.85029E+02  3.10279E+01 -7.54400E+02
v  5.85029E+02  3.10279E+01 -7.66900E+02
v  5.69529E+02  3.10279E+01 -7.66900E+02
g vc_ws_7667
s 0
f  10233 10234 10235 10236
f  10233 10234 10238 10237
f  10235 10234 10238 10239
f  10236 10235 10239 10240
f  10236 10233 10237 10240
f  10237 10238 10239 10240
v  5.69529E+02  3.10279E+01 -7.54400E+02
v  5.85029E+02  3.10279E+01 -7.54400E+02
v  5.85029E+02  3.10279E+01 -7.66900E+02
v  5.69529E+02  3.10279E+01 -7.66900E+02
v  5.69529E+02  2.48232E+01 -7.54400E+02
v  5.85029E+02  2.48232E+01 -7.54400E+02
v  5.85029E+02  2.48232E+01 -7.66900E+02
v  5.69529E+02  2.48232E+01 -7.66900E+02
g vc_ws_7668
s 0
f  10241 10242 10243 10244
f  10241 10242 10246 10245
f  10243 10242 10246 10247
f  10244 10243 10247 10248
f  10244 10241 10245 10248
f  10245 10246 10247 10248
v  5.85124E+02  1.57445E+01 -9.66345E+02
v  5.99124E+02  1.57445E+01 -9.66345E+02
v  5.99124E+02  1.57445E+01 -9.78345E+02
v  5.85124E+02  1.57445E+01 -9.78345E+02
v  5.85124E+02  8.78878E+00 -9.66345E+02
v  5.99124E+02  8.78878E+00 -9.66345E+02
v  5.99124E+02  8.78878E+00 -9.78345E+02
v  5.85124E+02  8.78878E+00 -9.78345E+02
g vc_ws_7669
s 0
f  10249 10250 10251 10252
f  10249 10250 10254 10253
f  10251 10250 10254 10255
f  10252 10251 10255 10256
f  10252 10249 10253 10256
f  10253 10254 10255 10256
v  5.85124E+02  8.78878E+00 -9.66345E+02
v  5.99124E+02  8.78878E+00 -9.66345E+02
v  5.99124E+02  8.78878E+00 -9.78345E+02
v  5.85124E+02  8.78878E+00 -9.78345E+02
v  5.85124E+02  1.83310E+00 -9.66345E+02
v  5.99124E+02  1.83310E+00 -9.66345E+02
v  5.99124E+02  1.83310E+00 -9.78345E+02
v  5.85124E+02  1.83310E+00 -9.78345E+02
g vc_ws_7670
s 0
f  10257 10258 10259 10260
f  10257 10258 10262 10261
f  10259 10258 10262 10263
f  10260 10259 10263 10264
f  10260 10257 10261 10264
f  10261 10262 10263 10264
v  5.68897E+02  1.89459E+01 -9.16242E+02
v  5.85397E+02  1.89459E+01 -9.16242E+02
v  5.85397E+02  1.89459E+01 -9.28242E+02
v  5.68897E+02  1.89459E+01 -9.28242E+02
v  5.68897E+02  1.31817E+01 -9.16242E+02
v  5.85397E+02  1.31817E+01 -9.16242E+02
v  5.85397E+02  1.31817E+01 -9.28242E+02
v  5.68897E+02  1.31817E+01 -9.28242E+02
g vc_ws_7671
s 0
f  10265 10266 10267 10268
f  10265 10266 10270 10269
f  10267 10266 10270 10271
f  10268 10267 10271 10272
f  10268 10265 10269 10272
f  10269 10270 10271 10272
v  5.68897E+02  1.31817E+01 -9.16242E+02
v  5.85397E+02  1.31817E+01 -9.16242E+02
v  5.85397E+02  1.31817E+01 -9.28242E+02
v  5.68897E+02  1.31817E+01 -9.28242E+02
v  5.68897E+02  7.41762E+00 -9.16242E+02
v  5.85397E+02  7.41762E+00 -9.16242E+02
v  5.85397E+02  7.41762E+00 -9.28242E+02
v  5.68897E+02  7.41762E+00 -9.28242E+02
g vc_ws_7672
s 0
f  10273 10274 10275 10276
f  10273 10274 10278 10277
f  10275 10274 10278 10279
f  10276 10275 10279 10280
f  10276 10273 10277 10280
f  10277 10278 10279 10280
v  5.69529E+02  2.67634E+01 -8.28030E+02
v  5.85029E+02  2.67634E+01 -8.28030E+02
v  5.85029E+02  2.67634E+01 -8.41530E+02
v  5.69529E+02  2.67634E+01 -8.41530E+02
v  5.69529E+02  2.13111E+01 -8.28030E+02
v  5.85029E+02  2.13111E+01 -8.28030E+02
v  5.85029E+02  2.13111E+01 -8.41530E+02
v  5.69529E+02  2.13111E+01 -8.41530E+02
g vc_ws_7673
s 0
f  10281 10282 10283 10284
f  10281 10282 10286 10285
f  10283 10282 10286 10287
f  10284 10283 10287 10288
f  10284 10281 10285 10288
f  10285 10286 10287 10288
v  5.69529E+02  2.13111E+01 -8.28030E+02
v  5.85029E+02  2.13111E+01 -8.28030E+02
v  5.85029E+02  2.13111E+01 -8.41530E+02
v  5.69529E+02  2.13111E+01 -8.41530E+02
v  5.69529E+02  1.58588E+01 -8.28030E+02
v  5.85029E+02  1.58588E+01 -8.28030E+02
v  5.85029E+02  1.58588E+01 -8.41530E+02
v  5.69529E+02  1.58588E+01 -8.41530E+02
g vc_ws_7674
s 0
f  10289 10290 10291 10292
f  10289 10290 10294 10293
f  10291 10290 10294 10295
f  10292 10291 10295 10296
f  10292 10289 10293 10296
f  10293 10294 10295 10296
v  3.71611E+02  8.05896E+00 -1.07850E+03
v  3.82936E+02  8.05896E+00 -1.07850E+03
v  3.82936E+02  8.05896E+00 -1.09500E+03
v  3.71611E+02  8.05896E+00 -1.09500E+03
v  3.71611E+02  2.36471E+00 -1.07850E+03
v  3.82936E+02  2.36471E+00 -1.07850E+03
v  3.82936E+02  2.36471E+00 -1.09500E+03
v  3.71611E+02  2.36471E+00 -1.09500E+03
g vc_ws_7675
s 0
f  10297 10298 10299 10300
f  10297 10298 10302 10301
f  10299 10298 10302 10303
f  10300 10299 10303 10304
f  10300 10297 10301 10304
f  10301 10302 10303 10304
v  6.81692E+01  3.65628E+01 -5.58702E+02
v  7.96692E+01  3.65628E+01 -5.58702E+02
v  7.96692E+01  3.65628E+01 -5.72202E+02
v  6.81692E+01  3.65628E+01 -5.72202E+02
v  6.81692E+01  2.92911E+01 -5.58702E+02
v  7.96692E+01  2.92911E+01 -5.58702E+02
v  7.96692E+01  2.92911E+01 -5.72202E+02
v  6.81692E+01  2.92911E+01 -5.72202E+02
g vc_ws_7677
s 0
f  10305 10306 10307 10308
f  10305 10306 10310 10309
f  10307 10306 10310 10311
f  10308 10307 10311 10312
f  10308 10305 10309 10312
f  10309 10310 10311 10312
v  6.81692E+01  2.92911E+01 -5.58702E+02
v  7.96692E+01  2.92911E+01 -5.58702E+02
v  7.96692E+01  2.92911E+01 -5.72202E+02
v  6.81692E+01  2.92911E+01 -5.72202E+02
v  6.81692E+01  2.20194E+01 -5.58702E+02
v  7.96692E+01  2.20194E+01 -5.58702E+02
v  7.96692E+01  2.20194E+01 -5.72202E+02
v  6.81692E+01  2.20194E+01 -5.72202E+02
g vc_ws_7678
s 0
f  10313 10314 10315 10316
f  10313 10314 10318 10317
f  10315 10314 10318 10319
f  10316 10315 10319 10320
f  10316 10313 10317 10320
f  10317 10318 10319 10320
v  5.20981E+02  5.55143E+01 -1.41939E+02
v  5.36481E+02  5.55143E+01 -1.41939E+02
v  5.36481E+02  5.55143E+01 -1.61439E+02
v  5.20981E+02  5.55143E+01 -1.61439E+02
v  5.20981E+02  5.18468E+01 -1.41939E+02
v  5.36481E+02  5.18468E+01 -1.41939E+02
v  5.36481E+02  5.18468E+01 -1.61439E+02
v  5.20981E+02  5.18468E+01 -1.61439E+02
g vc_ws_7679
s 0
f  10321 10322 10323 10324
f  10321 10322 10326 10325
f  10323 10322 10326 10327
f  10324 10323 10327 10328
f  10324 10321 10325 10328
f  10325 10326 10327 10328
v  5.20981E+02  5.18468E+01 -1.41939E+02
v  5.36481E+02  5.18468E+01 -1.41939E+02
v  5.36481E+02  5.18468E+01 -1.61439E+02
v  5.20981E+02  5.18468E+01 -1.61439E+02
v  5.20981E+02  4.81794E+01 -1.41939E+02
v  5.36481E+02  4.81794E+01 -1.41939E+02
v  5.36481E+02  4.81794E+01 -1.61439E+02
v  5.20981E+02  4.81794E+01 -1.61439E+02
g vc_ws_7680
s 0
f  10329 10330 10331 10332
f  10329 10330 10334 10333
f  10331 10330 10334 10335
f  10332 10331 10335 10336
f  10332 10329 10333 10336
f  10333 10334 10335 10336
v  4.76750E+02  7.26856E+01 -9.88779E+00
v  4.90829E+02  7.26856E+01 -9.88779E+00
v  4.90829E+02  7.26856E+01 -2.81756E+01
v  4.76750E+02  7.26856E+01 -2.81756E+01
v  4.76750E+02  6.84136E+01 -9.88779E+00
v  4.90829E+02  6.84136E+01 -9.88779E+00
v  4.90829E+02  6.84136E+01 -2.81756E+01
v  4.76750E+02  6.84136E+01 -2.81756E+01
g vc_ws_7681
s 0
f  10337 10338 10339 10340
f  10337 10338 10342 10341
f  10339 10338 10342 10343
f  10340 10339 10343 10344
f  10340 10337 10341 10344
f  10341 10342 10343 10344
v  4.76750E+02  6.84136E+01 -9.88779E+00
v  4.90829E+02  6.84136E+01 -9.88779E+00
v  4.90829E+02  6.84136E+01 -2.81756E+01
v  4.76750E+02  6.84136E+01 -2.81756E+01
v  4.76750E+02  6.41415E+01 -9.88779E+00
v  4.90829E+02  6.41415E+01 -9.88779E+00
v  4.90829E+02  6.41415E+01 -2.81756E+01
v  4.76750E+02  6.41415E+01 -2.81756E+01
g vc_ws_7682
s 0
f  10345 10346 10347 10348
f  10345 10346 10350 10349
f  10347 10346 10350 10351
f  10348 10347 10351 10352
f  10348 10345 10349 10352
f  10349 10350 10351 10352
v  3.71611E+02  8.05896E+00 -1.06250E+03
v  3.82936E+02  8.05896E+00 -1.06250E+03
v  3.82936E+02  8.05896E+00 -1.07850E+03
v  3.71611E+02  8.05896E+00 -1.07850E+03
v  3.71611E+02  2.36471E+00 -1.06250E+03
v  3.82936E+02  2.36471E+00 -1.06250E+03
v  3.82936E+02  2.36471E+00 -1.07850E+03
v  3.71611E+02  2.36471E+00 -1.07850E+03
g vc_ws_7683
s 0
f  10353 10354 10355 10356
f  10353 10354 10358 10357
f  10355 10354 10358 10359
f  10356 10355 10359 10360
f  10356 10353 10357 10360
f  10357 10358 10359 10360
v  5.69529E+02  3.72326E+01 -7.43362E+02
v  5.85029E+02  3.72326E+01 -7.43362E+02
v  5.85029E+02  3.72326E+01 -7.54400E+02
v  5.69529E+02  3.72326E+01 -7.54400E+02
v  5.69529E+02  3.10279E+01 -7.43362E+02
v  5.85029E+02  3.10279E+01 -7.43362E+02
v  5.85029E+02  3.10279E+01 -7.54400E+02
v  5.69529E+02  3.10279E+01 -7.54400E+02
g vc_ws_7685
s 0
f  10361 10362 10363 10364
f  10361 10362 10366 10365
f  10363 10362 10366 10367
f  10364 10363 10367 10368
f  10364 10361 10365 10368
f  10365 10366 10367 10368
v  5.69529E+02  3.10279E+01 -7.43362E+02
v  5.85029E+02  3.10279E+01 -7.43362E+02
v  5.85029E+02  3.10279E+01 -7.54400E+02
v  5.69529E+02  3.10279E+01 -7.54400E+02
v  5.69529E+02  2.48232E+01 -7.43362E+02
v  5.85029E+02  2.48232E+01 -7.43362E+02
v  5.85029E+02  2.48232E+01 -7.54400E+02
v  5.69529E+02  2.48232E+01 -7.54400E+02
g vc_ws_7686
s 0
f  10369 10370 10371 10372
f  10369 10370 10374 10373
f  10371 10370 10374 10375
f  10372 10371 10375 10376
f  10372 10369 10373 10376
f  10373 10374 10375 10376
v  5.69529E+02  3.26923E+01 -7.92400E+02
v  5.85029E+02  3.26923E+01 -7.92400E+02
v  5.85029E+02  3.26923E+01 -8.03530E+02
v  5.69529E+02  3.26923E+01 -8.03530E+02
v  5.69529E+02  2.67355E+01 -7.92400E+02
v  5.85029E+02  2.67355E+01 -7.92400E+02
v  5.85029E+02  2.67355E+01 -8.03530E+02
v  5.69529E+02  2.67355E+01 -8.03530E+02
g vc_ws_7687
s 0
f  10377 10378 10379 10380
f  10377 10378 10382 10381
f  10379 10378 10382 10383
f  10380 10379 10383 10384
f  10380 10377 10381 10384
f  10381 10382 10383 10384
v  5.69529E+02  2.67355E+01 -7.92400E+02
v  5.85029E+02  2.67355E+01 -7.92400E+02
v  5.85029E+02  2.67355E+01 -8.03530E+02
v  5.69529E+02  2.67355E+01 -8.03530E+02
v  5.69529E+02  2.07786E+01 -7.92400E+02
v  5.85029E+02  2.07786E+01 -7.92400E+02
v  5.85029E+02  2.07786E+01 -8.03530E+02
v  5.69529E+02  2.07786E+01 -8.03530E+02
g vc_ws_7688
s 0
f  10385 10386 10387 10388
f  10385 10386 10390 10389
f  10387 10386 10390 10391
f  10388 10387 10391 10392
f  10388 10385 10389 10392
f  10389 10390 10391 10392
v  6.81692E+01  3.61785E+01 -5.83202E+02
v  7.96692E+01  3.61785E+01 -5.83202E+02
v  7.96692E+01  3.61785E+01 -5.95702E+02
v  6.81692E+01  3.61785E+01 -5.95702E+02
v  6.81692E+01  2.90999E+01 -5.83202E+02
v  7.96692E+01  2.90999E+01 -5.83202E+02
v  7.96692E+01  2.90999E+01 -5.95702E+02
v  6.81692E+01  2.90999E+01 -5.95702E+02
g vc_ws_7689
s 0
f  10393 10394 10395 10396
f  10393 10394 10398 10397
f  10395 10394 10398 10399
f  10396 10395 10399 10400
f  10396 10393 10397 10400
f  10397 10398 10399 10400
v  6.81692E+01  2.90999E+01 -5.83202E+02
v  7.96692E+01  2.90999E+01 -5.83202E+02
v  7.96692E+01  2.90999E+01 -5.95702E+02
v  6.81692E+01  2.90999E+01 -5.95702E+02
v  6.81692E+01  2.20213E+01 -5.83202E+02
v  7.96692E+01  2.20213E+01 -5.83202E+02
v  7.96692E+01  2.20213E+01 -5.95702E+02
v  6.81692E+01  2.20213E+01 -5.95702E+02
g vc_ws_7690
s 0
f  10401 10402 10403 10404
f  10401 10402 10406 10405
f  10403 10402 10406 10407
f  10404 10403 10407 10408
f  10404 10401 10405 10408
f  10405 10406 10407 10408
v  5.69529E+02  2.67634E+01 -8.16030E+02
v  5.85029E+02  2.67634E+01 -8.16030E+02
v  5.85029E+02  2.67634E+01 -8.28030E+02
v  5.69529E+02  2.67634E+01 -8.28030E+02
v  5.69529E+02  2.13111E+01 -8.16030E+02
v  5.85029E+02  2.13111E+01 -8.16030E+02
v  5.85029E+02  2.13111E+01 -8.28030E+02
v  5.69529E+02  2.13111E+01 -8.28030E+02
g vc_ws_7691
s 0
f  10409 10410 10411 10412
f  10409 10410 10414 10413
f  10411 10410 10414 10415
f  10412 10411 10415 10416
f  10412 10409 10413 10416
f  10413 10414 10415 10416
v  5.69529E+02  2.13111E+01 -8.16030E+02
v  5.85029E+02  2.13111E+01 -8.16030E+02
v  5.85029E+02  2.13111E+01 -8.28030E+02
v  5.69529E+02  2.13111E+01 -8.28030E+02
v  5.69529E+02  1.58588E+01 -8.16030E+02
v  5.85029E+02  1.58588E+01 -8.16030E+02
v  5.85029E+02  1.58588E+01 -8.28030E+02
v  5.69529E+02  1.58588E+01 -8.28030E+02
g vc_ws_7692
s 0
f  10417 10418 10419 10420
f  10417 10418 10422 10421
f  10419 10418 10422 10423
f  10420 10419 10423 10424
f  10420 10417 10421 10424
f  10421 10422 10423 10424
v  5.85124E+02  1.57445E+01 -9.52845E+02
v  5.99124E+02  1.57445E+01 -9.52845E+02
v  5.99124E+02  1.57445E+01 -9.66345E+02
v  5.85124E+02  1.57445E+01 -9.66345E+02
v  5.85124E+02  1.04331E+01 -9.52845E+02
v  5.99124E+02  1.04331E+01 -9.52845E+02
v  5.99124E+02  1.04331E+01 -9.66345E+02
v  5.85124E+02  1.04331E+01 -9.66345E+02
g vc_ws_7693
s 0
f  10425 10426 10427 10428
f  10425 10426 10430 10429
f  10427 10426 10430 10431
f  10428 10427 10431 10432
f  10428 10425 10429 10432
f  10429 10430 10431 10432
v  5.85124E+02  1.04331E+01 -9.52845E+02
v  5.99124E+02  1.04331E+01 -9.52845E+02
v  5.99124E+02  1.04331E+01 -9.66345E+02
v  5.85124E+02  1.04331E+01 -9.66345E+02
v  5.85124E+02  5.12181E+00 -9.52845E+02
v  5.99124E+02  5.12181E+00 -9.52845E+02
v  5.99124E+02  5.12181E+00 -9.66345E+02
v  5.85124E+02  5.12181E+00 -9.66345E+02
g vc_ws_7694
s 0
f  10433 10434 10435 10436
f  10433 10434 10438 10437
f  10435 10434 10438 10439
f  10436 10435 10439 10440
f  10436 10433 10437 10440
f  10437 10438 10439 10440
v  5.64594E+02  4.25121E+01 -5.69816E+02
v  5.81094E+02  4.25121E+01 -5.69816E+02
v  5.81094E+02  4.25121E+01 -5.86316E+02
v  5.64594E+02  4.25121E+01 -5.86316E+02
v  5.64594E+02  3.88393E+01 -5.69816E+02
v  5.81094E+02  3.88393E+01 -5.69816E+02
v  5.81094E+02  3.88393E+01 -5.86316E+02
v  5.64594E+02  3.88393E+01 -5.86316E+02
g vc_ws_7695
s 0
f  10441 10442 10443 10444
f  10441 10442 10446 10445
f  10443 10442 10446 10447
f  10444 10443 10447 10448
f  10444 10441 10445 10448
f  10445 10446 10447 10448
v  5.64594E+02  3.88393E+01 -5.69816E+02
v  5.81094E+02  3.88393E+01 -5.69816E+02
v  5.81094E+02  3.88393E+01 -5.86316E+02
v  5.64594E+02  3.88393E+01 -5.86316E+02
v  5.64594E+02  3.51664E+01 -5.69816E+02
v  5.81094E+02  3.51664E+01 -5.69816E+02
v  5.81094E+02  3.51664E+01 -5.86316E+02
v  5.64594E+02  3.51664E+01 -5.86316E+02
g vc_ws_7696
s 0
f  10449 10450 10451 10452
f  10449 10450 10454 10453
f  10451 10450 10454 10455
f  10452 10451 10455 10456
f  10452 10449 10453 10456
f  10453 10454 10455 10456
v  5.80298E+02  4.24719E+01 -6.00185E+02
v  5.96782E+02  4.24719E+01 -6.00185E+02
v  5.96782E+02  4.24719E+01 -6.15685E+02
v  5.80298E+02  4.24719E+01 -6.15685E+02
v  5.80298E+02  3.85908E+01 -6.00185E+02
v  5.96782E+02  3.85908E+01 -6.00185E+02
v  5.96782E+02  3.85908E+01 -6.15685E+02
v  5.80298E+02  3.85908E+01 -6.15685E+02
g vc_ws_7697
s 0
f  10457 10458 10459 10460
f  10457 10458 10462 10461
f  10459 10458 10462 10463
f  10460 10459 10463 10464
f  10460 10457 10461 10464
f  10461 10462 10463 10464
v  5.80298E+02  3.85908E+01 -6.00185E+02
v  5.96782E+02  3.85908E+01 -6.00185E+02
v  5.96782E+02  3.85908E+01 -6.15685E+02
v  5.80298E+02  3.85908E+01 -6.15685E+02
v  5.80298E+02  3.47096E+01 -6.00185E+02
v  5.96782E+02  3.47096E+01 -6.00185E+02
v  5.96782E+02  3.47096E+01 -6.15685E+02
v  5.80298E+02  3.47096E+01 -6.15685E+02
g vc_ws_7698
s 0
f  10465 10466 10467 10468
f  10465 10466 10470 10469
f  10467 10466 10470 10471
f  10468 10467 10471 10472
f  10468 10465 10469 10472
f  10469 10470 10471 10472
v  5.30648E+02  4.31943E+01 -5.26895E+02
v  5.48148E+02  4.31943E+01 -5.26895E+02
v  5.48148E+02  4.31943E+01 -5.40316E+02
v  5.30648E+02  4.31943E+01 -5.40316E+02
v  5.30648E+02  3.90071E+01 -5.26895E+02
v  5.48148E+02  3.90071E+01 -5.26895E+02
v  5.48148E+02  3.90071E+01 -5.40316E+02
v  5.30648E+02  3.90071E+01 -5.40316E+02
g vc_ws_7699
s 0
f  10473 10474 10475 10476
f  10473 10474 10478 10477
f  10475 10474 10478 10479
f  10476 10475 10479 10480
f  10476 10473 10477 10480
f  10477 10478 10479 10480
v  5.30648E+02  3.90071E+01 -5.26895E+02
v  5.48148E+02  3.90071E+01 -5.26895E+02
v  5.48148E+02  3.90071E+01 -5.40316E+02
v  5.30648E+02  3.90071E+01 -5.40316E+02
v  5.30648E+02  3.48199E+01 -5.26895E+02
v  5.48148E+02  3.48199E+01 -5.26895E+02
v  5.48148E+02  3.48199E+01 -5.40316E+02
v  5.30648E+02  3.48199E+01 -5.40316E+02
g vc_ws_7700
s 0
f  10481 10482 10483 10484
f  10481 10482 10486 10485
f  10483 10482 10486 10487
f  10484 10483 10487 10488
f  10484 10481 10485 10488
f  10485 10486 10487 10488
v -3.87832E+01  2.81441E+01 -7.90185E+02
v -2.02832E+01  2.81441E+01 -7.90185E+02
v -2.02832E+01  2.81441E+01 -8.08685E+02
v -3.87832E+01  2.81441E+01 -8.08685E+02
v -3.87832E+01  2.52793E+01 -7.90185E+02
v -2.02832E+01  2.52793E+01 -7.90185E+02
v -2.02832E+01  2.52793E+01 -8.08685E+02
v -3.87832E+01  2.52793E+01 -8.08685E+02
g vc_ws_7701
s 0
f  10489 10490 10491 10492
f  10489 10490 10494 10493
f  10491 10490 10494 10495
f  10492 10491 10495 10496
f  10492 10489 10493 10496
f  10493 10494 10495 10496
v -3.87832E+01  2.52793E+01 -7.90185E+02
v -2.02832E+01  2.52793E+01 -7.90185E+02
v -2.02832E+01  2.52793E+01 -8.08685E+02
v -3.87832E+01  2.52793E+01 -8.08685E+02
v -3.87832E+01  2.24145E+01 -7.90185E+02
v -2.02832E+01  2.24145E+01 -7.90185E+02
v -2.02832E+01  2.24145E+01 -8.08685E+02
v -3.87832E+01  2.24145E+01 -8.08685E+02
g vc_ws_7702
s 0
f  10497 10498 10499 10500
f  10497 10498 10502 10501
f  10499 10498 10502 10503
f  10500 10499 10503 10504
f  10500 10497 10501 10504
f  10501 10502 10503 10504
v -3.87832E+01  2.82551E+01 -8.08685E+02
v -2.02832E+01  2.82551E+01 -8.08685E+02
v -2.02832E+01  2.82551E+01 -8.26685E+02
v -3.87832E+01  2.82551E+01 -8.26685E+02
v -3.87832E+01  2.53345E+01 -8.08685E+02
v -2.02832E+01  2.53345E+01 -8.08685E+02
v -2.02832E+01  2.53345E+01 -8.26685E+02
v -3.87832E+01  2.53345E+01 -8.26685E+02
g vc_ws_7703
s 0
f  10505 10506 10507 10508
f  10505 10506 10510 10509
f  10507 10506 10510 10511
f  10508 10507 10511 10512
f  10508 10505 10509 10512
f  10509 10510 10511 10512
v -3.87832E+01  2.53345E+01 -8.08685E+02
v -2.02832E+01  2.53345E+01 -8.08685E+02
v -2.02832E+01  2.53345E+01 -8.26685E+02
v -3.87832E+01  2.53345E+01 -8.26685E+02
v -3.87832E+01  2.24140E+01 -8.08685E+02
v -2.02832E+01  2.24140E+01 -8.08685E+02
v -2.02832E+01  2.24140E+01 -8.26685E+02
v -3.87832E+01  2.24140E+01 -8.26685E+02
g vc_ws_7704
s 0
f  10513 10514 10515 10516
f  10513 10514 10518 10517
f  10515 10514 10518 10519
f  10516 10515 10519 10520
f  10516 10513 10517 10520
f  10517 10518 10519 10520
v  5.70619E+02  3.85439E+01 -7.05362E+02
v  5.86119E+02  3.85439E+01 -7.05362E+02
v  5.86119E+02  3.85439E+01 -7.17862E+02
v  5.70619E+02  3.85439E+01 -7.17862E+02
v  5.70619E+02  3.35966E+01 -7.05362E+02
v  5.86119E+02  3.35966E+01 -7.05362E+02
v  5.86119E+02  3.35966E+01 -7.17862E+02
v  5.70619E+02  3.35966E+01 -7.17862E+02
g vc_ws_7705
s 0
f  10521 10522 10523 10524
f  10521 10522 10526 10525
f  10523 10522 10526 10527
f  10524 10523 10527 10528
f  10524 10521 10525 10528
f  10525 10526 10527 10528
v  5.70619E+02  3.35966E+01 -7.05362E+02
v  5.86119E+02  3.35966E+01 -7.05362E+02
v  5.86119E+02  3.35966E+01 -7.17862E+02
v  5.70619E+02  3.35966E+01 -7.17862E+02
v  5.70619E+02  2.86492E+01 -7.05362E+02
v  5.86119E+02  2.86492E+01 -7.05362E+02
v  5.86119E+02  2.86492E+01 -7.17862E+02
v  5.70619E+02  2.86492E+01 -7.17862E+02
g vc_ws_7706
s 0
f  10529 10530 10531 10532
f  10529 10530 10534 10533
f  10531 10530 10534 10535
f  10532 10531 10535 10536
f  10532 10529 10533 10536
f  10533 10534 10535 10536
v  7.96692E+01  3.61785E+01 -5.83202E+02
v  9.01692E+01  3.61785E+01 -5.83202E+02
v  9.01692E+01  3.61785E+01 -5.95702E+02
v  7.96692E+01  3.61785E+01 -5.95702E+02
v  7.96692E+01  2.90999E+01 -5.83202E+02
v  9.01692E+01  2.90999E+01 -5.83202E+02
v  9.01692E+01  2.90999E+01 -5.95702E+02
v  7.96692E+01  2.90999E+01 -5.95702E+02
g vc_ws_7707
s 0
f  10537 10538 10539 10540
f  10537 10538 10542 10541
f  10539 10538 10542 10543
f  10540 10539 10543 10544
f  10540 10537 10541 10544
f  10541 10542 10543 10544
v  7.96692E+01  2.90999E+01 -5.83202E+02
v  9.01692E+01  2.90999E+01 -5.83202E+02
v  9.01692E+01  2.90999E+01 -5.95702E+02
v  7.96692E+01  2.90999E+01 -5.95702E+02
v  7.96692E+01  2.20213E+01 -5.83202E+02
v  9.01692E+01  2.20213E+01 -5.83202E+02
v  9.01692E+01  2.20213E+01 -5.95702E+02
v  7.96692E+01  2.20213E+01 -5.95702E+02
g vc_ws_7708
s 0
f  10545 10546 10547 10548
f  10545 10546 10550 10549
f  10547 10546 10550 10551
f  10548 10547 10551 10552
f  10548 10545 10549 10552
f  10549 10550 10551 10552
v  5.70619E+02  3.85439E+01 -7.17862E+02
v  5.86119E+02  3.85439E+01 -7.17862E+02
v  5.86119E+02  3.85439E+01 -7.29862E+02
v  5.70619E+02  3.85439E+01 -7.29862E+02
v  5.70619E+02  3.35966E+01 -7.17862E+02
v  5.86119E+02  3.35966E+01 -7.17862E+02
v  5.86119E+02  3.35966E+01 -7.29862E+02
v  5.70619E+02  3.35966E+01 -7.29862E+02
g vc_ws_7709
s 0
f  10553 10554 10555 10556
f  10553 10554 10558 10557
f  10555 10554 10558 10559
f  10556 10555 10559 10560
f  10556 10553 10557 10560
f  10557 10558 10559 10560
v  5.70619E+02  3.35966E+01 -7.17862E+02
v  5.86119E+02  3.35966E+01 -7.17862E+02
v  5.86119E+02  3.35966E+01 -7.29862E+02
v  5.70619E+02  3.35966E+01 -7.29862E+02
v  5.70619E+02  2.86492E+01 -7.17862E+02
v  5.86119E+02  2.86492E+01 -7.17862E+02
v  5.86119E+02  2.86492E+01 -7.29862E+02
v  5.70619E+02  2.86492E+01 -7.29862E+02
g vc_ws_7710
s 0
f  10561 10562 10563 10564
f  10561 10562 10566 10565
f  10563 10562 10566 10567
f  10564 10563 10567 10568
f  10564 10561 10565 10568
f  10565 10566 10567 10568
v  6.81692E+01  3.61785E+01 -5.72202E+02
v  7.96692E+01  3.61785E+01 -5.72202E+02
v  7.96692E+01  3.61785E+01 -5.83202E+02
v  6.81692E+01  3.61785E+01 -5.83202E+02
v  6.81692E+01  2.90999E+01 -5.72202E+02
v  7.96692E+01  2.90999E+01 -5.72202E+02
v  7.96692E+01  2.90999E+01 -5.83202E+02
v  6.81692E+01  2.90999E+01 -5.83202E+02
g vc_ws_7711
s 0
f  10569 10570 10571 10572
f  10569 10570 10574 10573
f  10571 10570 10574 10575
f  10572 10571 10575 10576
f  10572 10569 10573 10576
f  10573 10574 10575 10576
v  6.81692E+01  2.90999E+01 -5.72202E+02
v  7.96692E+01  2.90999E+01 -5.72202E+02
v  7.96692E+01  2.90999E+01 -5.83202E+02
v  6.81692E+01  2.90999E+01 -5.83202E+02
v  6.81692E+01  2.20213E+01 -5.72202E+02
v  7.96692E+01  2.20213E+01 -5.72202E+02
v  7.96692E+01  2.20213E+01 -5.83202E+02
v  6.81692E+01  2.20213E+01 -5.83202E+02
g vc_ws_7712
s 0
f  10577 10578 10579 10580
f  10577 10578 10582 10581
f  10579 10578 10582 10583
f  10580 10579 10583 10584
f  10580 10577 10581 10584
f  10581 10582 10583 10584
v -3.87832E+01  2.82551E+01 -8.26685E+02
v -2.02832E+01  2.82551E+01 -8.26685E+02
v -2.02832E+01  2.82551E+01 -8.46185E+02
v -3.87832E+01  2.82551E+01 -8.46185E+02
v -3.87832E+01  2.57959E+01 -8.26685E+02
v -2.02832E+01  2.57959E+01 -8.26685E+02
v -2.02832E+01  2.57959E+01 -8.46185E+02
v -3.87832E+01  2.57959E+01 -8.46185E+02
g vc_ws_7713
s 0
f  10585 10586 10587 10588
f  10585 10586 10590 10589
f  10587 10586 10590 10591
f  10588 10587 10591 10592
f  10588 10585 10589 10592
f  10589 10590 10591 10592
v -3.87832E+01  2.57959E+01 -8.26685E+02
v -2.02832E+01  2.57959E+01 -8.26685E+02
v -2.02832E+01  2.57959E+01 -8.46185E+02
v -3.87832E+01  2.57959E+01 -8.46185E+02
v -3.87832E+01  2.33366E+01 -8.26685E+02
v -2.02832E+01  2.33366E+01 -8.26685E+02
v -2.02832E+01  2.33366E+01 -8.46185E+02
v -3.87832E+01  2.33366E+01 -8.46185E+02
g vc_ws_7714
s 0
f  10593 10594 10595 10596
f  10593 10594 10598 10597
f  10595 10594 10598 10599
f  10596 10595 10599 10600
f  10596 10593 10597 10600
f  10597 10598 10599 10600
v -5.69777E+01  2.82551E+01 -8.26685E+02
v -3.87832E+01  2.82551E+01 -8.26685E+02
v -3.87832E+01  2.82551E+01 -8.46185E+02
v -5.69777E+01  2.82551E+01 -8.46185E+02
v -5.69777E+01  2.57959E+01 -8.26685E+02
v -3.87832E+01  2.57959E+01 -8.26685E+02
v -3.87832E+01  2.57959E+01 -8.46185E+02
v -5.69777E+01  2.57959E+01 -8.46185E+02
g vc_ws_7715
s 0
f  10601 10602 10603 10604
f  10601 10602 10606 10605
f  10603 10602 10606 10607
f  10604 10603 10607 10608
f  10604 10601 10605 10608
f  10605 10606 10607 10608
v -5.69777E+01  2.57959E+01 -8.26685E+02
v -3.87832E+01  2.57959E+01 -8.26685E+02
v -3.87832E+01  2.57959E+01 -8.46185E+02
v -5.69777E+01  2.57959E+01 -8.46185E+02
v -5.69777E+01  2.33366E+01 -8.26685E+02
v -3.87832E+01  2.33366E+01 -8.26685E+02
v -3.87832E+01  2.33366E+01 -8.46185E+02
v -5.69777E+01  2.33366E+01 -8.46185E+02
g vc_ws_7716
s 0
f  10609 10610 10611 10612
f  10609 10610 10614 10613
f  10611 10610 10614 10615
f  10612 10611 10615 10616
f  10612 10609 10613 10616
f  10613 10614 10615 10616
v  5.80298E+02  4.10694E+01 -6.29685E+02
v  5.96782E+02  4.10694E+01 -6.29685E+02
v  5.96782E+02  4.10694E+01 -6.46185E+02
v  5.80298E+02  4.10694E+01 -6.46185E+02
v  5.80298E+02  3.78930E+01 -6.29685E+02
v  5.96782E+02  3.78930E+01 -6.29685E+02
v  5.96782E+02  3.78930E+01 -6.46185E+02
v  5.80298E+02  3.78930E+01 -6.46185E+02
g vc_ws_7717
s 0
f  10617 10618 10619 10620
f  10617 10618 10622 10621
f  10619 10618 10622 10623
f  10620 10619 10623 10624
f  10620 10617 10621 10624
f  10621 10622 10623 10624
v  5.80298E+02  3.78930E+01 -6.29685E+02
v  5.96782E+02  3.78930E+01 -6.29685E+02
v  5.96782E+02  3.78930E+01 -6.46185E+02
v  5.80298E+02  3.78930E+01 -6.46185E+02
v  5.80298E+02  3.47166E+01 -6.29685E+02
v  5.96782E+02  3.47166E+01 -6.29685E+02
v  5.96782E+02  3.47166E+01 -6.46185E+02
v  5.80298E+02  3.47166E+01 -6.46185E+02
g vc_ws_7718
s 0
f  10625 10626 10627 10628
f  10625 10626 10630 10629
f  10627 10626 10630 10631
f  10628 10627 10631 10632
f  10628 10625 10629 10632
f  10629 10630 10631 10632
v  5.70619E+02  3.85439E+01 -6.94127E+02
v  5.86119E+02  3.85439E+01 -6.94127E+02
v  5.86119E+02  3.85439E+01 -7.05362E+02
v  5.70619E+02  3.85439E+01 -7.05362E+02
v  5.70619E+02  3.35966E+01 -6.94127E+02
v  5.86119E+02  3.35966E+01 -6.94127E+02
v  5.86119E+02  3.35966E+01 -7.05362E+02
v  5.70619E+02  3.35966E+01 -7.05362E+02
g vc_ws_7719
s 0
f  10633 10634 10635 10636
f  10633 10634 10638 10637
f  10635 10634 10638 10639
f  10636 10635 10639 10640
f  10636 10633 10637 10640
f  10637 10638 10639 10640
v  5.70619E+02  3.35966E+01 -6.94127E+02
v  5.86119E+02  3.35966E+01 -6.94127E+02
v  5.86119E+02  3.35966E+01 -7.05362E+02
v  5.70619E+02  3.35966E+01 -7.05362E+02
v  5.70619E+02  2.86492E+01 -6.94127E+02
v  5.86119E+02  2.86492E+01 -6.94127E+02
v  5.86119E+02  2.86492E+01 -7.05362E+02
v  5.70619E+02  2.86492E+01 -7.05362E+02
g vc_ws_7720
s 0
f  10641 10642 10643 10644
f  10641 10642 10646 10645
f  10643 10642 10646 10647
f  10644 10643 10647 10648
f  10644 10641 10645 10648
f  10645 10646 10647 10648
v  5.64594E+02  4.25121E+01 -5.55816E+02
v  5.81094E+02  4.25121E+01 -5.55816E+02
v  5.81094E+02  4.25121E+01 -5.69816E+02
v  5.64594E+02  4.25121E+01 -5.69816E+02
v  5.64594E+02  3.88393E+01 -5.55816E+02
v  5.81094E+02  3.88393E+01 -5.55816E+02
v  5.81094E+02  3.88393E+01 -5.69816E+02
v  5.64594E+02  3.88393E+01 -5.69816E+02
g vc_ws_7721
s 0
f  10649 10650 10651 10652
f  10649 10650 10654 10653
f  10651 10650 10654 10655
f  10652 10651 10655 10656
f  10652 10649 10653 10656
f  10653 10654 10655 10656
v  5.64594E+02  3.88393E+01 -5.55816E+02
v  5.81094E+02  3.88393E+01 -5.55816E+02
v  5.81094E+02  3.88393E+01 -5.69816E+02
v  5.64594E+02  3.88393E+01 -5.69816E+02
v  5.64594E+02  3.51664E+01 -5.55816E+02
v  5.81094E+02  3.51664E+01 -5.55816E+02
v  5.81094E+02  3.51664E+01 -5.69816E+02
v  5.64594E+02  3.51664E+01 -5.69816E+02
g vc_ws_7722
s 0
f  10657 10658 10659 10660
f  10657 10658 10662 10661
f  10659 10658 10662 10663
f  10660 10659 10663 10664
f  10660 10657 10661 10664
f  10661 10662 10663 10664
v  5.85124E+02  1.57445E+01 -9.41742E+02
v  5.99124E+02  1.57445E+01 -9.41742E+02
v  5.99124E+02  1.57445E+01 -9.52845E+02
v  5.85124E+02  1.57445E+01 -9.52845E+02
v  5.85124E+02  1.04331E+01 -9.41742E+02
v  5.99124E+02  1.04331E+01 -9.41742E+02
v  5.99124E+02  1.04331E+01 -9.52845E+02
v  5.85124E+02  1.04331E+01 -9.52845E+02
g vc_ws_7723
s 0
f  10665 10666 10667 10668
f  10665 10666 10670 10669
f  10667 10666 10670 10671
f  10668 10667 10671 10672
f  10668 10665 10669 10672
f  10669 10670 10671 10672
v  5.85124E+02  1.04331E+01 -9.41742E+02
v  5.99124E+02  1.04331E+01 -9.41742E+02
v  5.99124E+02  1.04331E+01 -9.52845E+02
v  5.85124E+02  1.04331E+01 -9.52845E+02
v  5.85124E+02  5.12181E+00 -9.41742E+02
v  5.99124E+02  5.12181E+00 -9.41742E+02
v  5.99124E+02  5.12181E+00 -9.52845E+02
v  5.85124E+02  5.12181E+00 -9.52845E+02
g vc_ws_7724
s 0
f  10673 10674 10675 10676
f  10673 10674 10678 10677
f  10675 10674 10678 10679
f  10676 10675 10679 10680
f  10676 10673 10677 10680
f  10677 10678 10679 10680
v  5.80298E+02  4.24719E+01 -5.86316E+02
v  5.96782E+02  4.24719E+01 -5.86316E+02
v  5.96782E+02  4.24719E+01 -6.00185E+02
v  5.80298E+02  4.24719E+01 -6.00185E+02
v  5.80298E+02  3.88658E+01 -5.86316E+02
v  5.96782E+02  3.88658E+01 -5.86316E+02
v  5.96782E+02  3.88658E+01 -6.00185E+02
v  5.80298E+02  3.88658E+01 -6.00185E+02
g vc_ws_7725
s 0
f  10681 10682 10683 10684
f  10681 10682 10686 10685
f  10683 10682 10686 10687
f  10684 10683 10687 10688
f  10684 10681 10685 10688
f  10685 10686 10687 10688
v  5.80298E+02  3.88658E+01 -5.86316E+02
v  5.96782E+02  3.88658E+01 -5.86316E+02
v  5.96782E+02  3.88658E+01 -6.00185E+02
v  5.80298E+02  3.88658E+01 -6.00185E+02
v  5.80298E+02  3.52596E+01 -5.86316E+02
v  5.96782E+02  3.52596E+01 -5.86316E+02
v  5.96782E+02  3.52596E+01 -6.00185E+02
v  5.80298E+02  3.52596E+01 -6.00185E+02
g vc_ws_7726
s 0
f  10689 10690 10691 10692
f  10689 10690 10694 10693
f  10691 10690 10694 10695
f  10692 10691 10695 10696
f  10692 10689 10693 10696
f  10693 10694 10695 10696
v  6.81692E+01  3.65628E+01 -5.46639E+02
v  7.96692E+01  3.65628E+01 -5.46639E+02
v  7.96692E+01  3.65628E+01 -5.58702E+02
v  6.81692E+01  3.65628E+01 -5.58702E+02
v  6.81692E+01  3.06362E+01 -5.46639E+02
v  7.96692E+01  3.06362E+01 -5.46639E+02
v  7.96692E+01  3.06362E+01 -5.58702E+02
v  6.81692E+01  3.06362E+01 -5.58702E+02
g vc_ws_7727
s 0
f  10697 10698 10699 10700
f  10697 10698 10702 10701
f  10699 10698 10702 10703
f  10700 10699 10703 10704
f  10700 10697 10701 10704
f  10701 10702 10703 10704
v  6.81692E+01  3.06362E+01 -5.46639E+02
v  7.96692E+01  3.06362E+01 -5.46639E+02
v  7.96692E+01  3.06362E+01 -5.58702E+02
v  6.81692E+01  3.06362E+01 -5.58702E+02
v  6.81692E+01  2.47097E+01 -5.46639E+02
v  7.96692E+01  2.47097E+01 -5.46639E+02
v  7.96692E+01  2.47097E+01 -5.58702E+02
v  6.81692E+01  2.47097E+01 -5.58702E+02
g vc_ws_7728
s 0
f  10705 10706 10707 10708
f  10705 10706 10710 10709
f  10707 10706 10710 10711
f  10708 10707 10711 10712
f  10708 10705 10709 10712
f  10709 10710 10711 10712
v  7.96692E+01  3.61785E+01 -5.72202E+02
v  9.01692E+01  3.61785E+01 -5.72202E+02
v  9.01692E+01  3.61785E+01 -5.83202E+02
v  7.96692E+01  3.61785E+01 -5.83202E+02
v  7.96692E+01  2.90999E+01 -5.72202E+02
v  9.01692E+01  2.90999E+01 -5.72202E+02
v  9.01692E+01  2.90999E+01 -5.83202E+02
v  7.96692E+01  2.90999E+01 -5.83202E+02
g vc_ws_7729
s 0
f  10713 10714 10715 10716
f  10713 10714 10718 10717
f  10715 10714 10718 10719
f  10716 10715 10719 10720
f  10716 10713 10717 10720
f  10717 10718 10719 10720
v  7.96692E+01  2.90999E+01 -5.72202E+02
v  9.01692E+01  2.90999E+01 -5.72202E+02
v  9.01692E+01  2.90999E+01 -5.83202E+02
v  7.96692E+01  2.90999E+01 -5.83202E+02
v  7.96692E+01  2.20213E+01 -5.72202E+02
v  9.01692E+01  2.20213E+01 -5.72202E+02
v  9.01692E+01  2.20213E+01 -5.83202E+02
v  7.96692E+01  2.20213E+01 -5.83202E+02
g vc_ws_7730
s 0
f  10721 10722 10723 10724
f  10721 10722 10726 10725
f  10723 10722 10726 10727
f  10724 10723 10727 10728
f  10724 10721 10725 10728
f  10725 10726 10727 10728
v  5.70619E+02  4.07927E+01 -6.57127E+02
v  5.86119E+02  4.07927E+01 -6.57127E+02
v  5.86119E+02  4.07927E+01 -6.69627E+02
v  5.70619E+02  4.07927E+01 -6.69627E+02
v  5.70619E+02  3.65834E+01 -6.57127E+02
v  5.86119E+02  3.65834E+01 -6.57127E+02
v  5.86119E+02  3.65834E+01 -6.69627E+02
v  5.70619E+02  3.65834E+01 -6.69627E+02
g vc_ws_7731
s 0
f  10729 10730 10731 10732
f  10729 10730 10734 10733
f  10731 10730 10734 10735
f  10732 10731 10735 10736
f  10732 10729 10733 10736
f  10733 10734 10735 10736
v  5.70619E+02  3.65834E+01 -6.57127E+02
v  5.86119E+02  3.65834E+01 -6.57127E+02
v  5.86119E+02  3.65834E+01 -6.69627E+02
v  5.70619E+02  3.65834E+01 -6.69627E+02
v  5.70619E+02  3.23742E+01 -6.57127E+02
v  5.86119E+02  3.23742E+01 -6.57127E+02
v  5.86119E+02  3.23742E+01 -6.69627E+02
v  5.70619E+02  3.23742E+01 -6.69627E+02
g vc_ws_7732
s 0
f  10737 10738 10739 10740
f  10737 10738 10742 10741
f  10739 10738 10742 10743
f  10740 10739 10743 10744
f  10740 10737 10741 10744
f  10741 10742 10743 10744
v  5.39624E+02  7.80647E+00 -1.02864E+03
v  5.56124E+02  7.80647E+00 -1.02864E+03
v  5.56124E+02  7.80647E+00 -1.04214E+03
v  5.39624E+02  7.80647E+00 -1.04214E+03
v  5.39624E+02  4.25262E+00 -1.02864E+03
v  5.56124E+02  4.25262E+00 -1.02864E+03
v  5.56124E+02  4.25262E+00 -1.04214E+03
v  5.39624E+02  4.25262E+00 -1.04214E+03
g vc_ws_7733
s 0
f  10745 10746 10747 10748
f  10745 10746 10750 10749
f  10747 10746 10750 10751
f  10748 10747 10751 10752
f  10748 10745 10749 10752
f  10749 10750 10751 10752
v  5.39624E+02  4.25262E+00 -1.02864E+03
v  5.56124E+02  4.25262E+00 -1.02864E+03
v  5.56124E+02  4.25262E+00 -1.04214E+03
v  5.39624E+02  4.25262E+00 -1.04214E+03
v  5.39624E+02  6.98771E-01 -1.02864E+03
v  5.56124E+02  6.98771E-01 -1.02864E+03
v  5.56124E+02  6.98771E-01 -1.04214E+03
v  5.39624E+02  6.98771E-01 -1.04214E+03
g vc_ws_7734
s 0
f  10753 10754 10755 10756
f  10753 10754 10758 10757
f  10755 10754 10758 10759
f  10756 10755 10759 10760
f  10756 10753 10757 10760
f  10757 10758 10759 10760
v  5.56124E+02  1.00063E+01 -1.01664E+03
v  5.69624E+02  1.00063E+01 -1.01664E+03
v  5.69624E+02  1.00063E+01 -1.02864E+03
v  5.56124E+02  1.00063E+01 -1.02864E+03
v  5.56124E+02  5.34704E+00 -1.01664E+03
v  5.69624E+02  5.34704E+00 -1.01664E+03
v  5.69624E+02  5.34704E+00 -1.02864E+03
v  5.56124E+02  5.34704E+00 -1.02864E+03
g vc_ws_7735
s 0
f  10761 10762 10763 10764
f  10761 10762 10766 10765
f  10763 10762 10766 10767
f  10764 10763 10767 10768
f  10764 10761 10765 10768
f  10765 10766 10767 10768
v  5.56124E+02  5.34704E+00 -1.01664E+03
v  5.69624E+02  5.34704E+00 -1.01664E+03
v  5.69624E+02  5.34704E+00 -1.02864E+03
v  5.56124E+02  5.34704E+00 -1.02864E+03
v  5.56124E+02  6.87772E-01 -1.01664E+03
v  5.69624E+02  6.87772E-01 -1.01664E+03
v  5.69624E+02  6.87772E-01 -1.02864E+03
v  5.56124E+02  6.87772E-01 -1.02864E+03
g vc_ws_7736
s 0
f  10769 10770 10771 10772
f  10769 10770 10774 10773
f  10771 10770 10774 10775
f  10772 10771 10775 10776
f  10772 10769 10773 10776
f  10773 10774 10775 10776
v  5.06981E+02  5.40840E+01 -1.41939E+02
v  5.20981E+02  5.40840E+01 -1.41939E+02
v  5.20981E+02  5.40840E+01 -1.61439E+02
v  5.06981E+02  5.40840E+01 -1.61439E+02
v  5.06981E+02  5.13256E+01 -1.41939E+02
v  5.20981E+02  5.13256E+01 -1.41939E+02
v  5.20981E+02  5.13256E+01 -1.61439E+02
v  5.06981E+02  5.13256E+01 -1.61439E+02
g vc_ws_7737
s 0
f  10777 10778 10779 10780
f  10777 10778 10782 10781
f  10779 10778 10782 10783
f  10780 10779 10783 10784
f  10780 10777 10781 10784
f  10781 10782 10783 10784
v  5.06981E+02  5.13256E+01 -1.41939E+02
v  5.20981E+02  5.13256E+01 -1.41939E+02
v  5.20981E+02  5.13256E+01 -1.61439E+02
v  5.06981E+02  5.13256E+01 -1.61439E+02
v  5.06981E+02  4.85673E+01 -1.41939E+02
v  5.20981E+02  4.85673E+01 -1.41939E+02
v  5.20981E+02  4.85673E+01 -1.61439E+02
v  5.06981E+02  4.85673E+01 -1.61439E+02
g vc_ws_7738
s 0
f  10785 10786 10787 10788
f  10785 10786 10790 10789
f  10787 10786 10790 10791
f  10788 10787 10791 10792
f  10788 10785 10789 10792
f  10789 10790 10791 10792
v  4.71257E+02  7.53038E+01  2.41682E+01
v  4.88757E+02  7.53038E+01  2.41682E+01
v  4.88757E+02  7.53038E+01  7.61221E+00
v  4.71257E+02  7.53038E+01  7.61221E+00
v  4.71257E+02  7.27172E+01  2.41682E+01
v  4.88757E+02  7.27172E+01  2.41682E+01
v  4.88757E+02  7.27172E+01  7.61221E+00
v  4.71257E+02  7.27172E+01  7.61221E+00
g vc_ws_7739
s 0
f  10793 10794 10795 10796
f  10793 10794 10798 10797
f  10795 10794 10798 10799
f  10796 10795 10799 10800
f  10796 10793 10797 10800
f  10797 10798 10799 10800
v  4.71257E+02  7.27172E+01  2.41682E+01
v  4.88757E+02  7.27172E+01  2.41682E+01
v  4.88757E+02  7.27172E+01  7.61221E+00
v  4.71257E+02  7.27172E+01  7.61221E+00
v  4.71257E+02  7.01306E+01  2.41682E+01
v  4.88757E+02  7.01306E+01  2.41682E+01
v  4.88757E+02  7.01306E+01  7.61221E+00
v  4.71257E+02  7.01306E+01  7.61221E+00
g vc_ws_7740
s 0
f  10801 10802 10803 10804
f  10801 10802 10806 10805
f  10803 10802 10806 10807
f  10804 10803 10807 10808
f  10804 10801 10805 10808
f  10805 10806 10807 10808
v  5.70619E+02  4.10694E+01 -6.46185E+02
v  5.86119E+02  4.10694E+01 -6.46185E+02
v  5.86119E+02  4.10694E+01 -6.57127E+02
v  5.70619E+02  4.10694E+01 -6.57127E+02
v  5.70619E+02  3.67211E+01 -6.46185E+02
v  5.86119E+02  3.67211E+01 -6.46185E+02
v  5.86119E+02  3.67211E+01 -6.57127E+02
v  5.70619E+02  3.67211E+01 -6.57127E+02
g vc_ws_7741
s 0
f  10809 10810 10811 10812
f  10809 10810 10814 10813
f  10811 10810 10814 10815
f  10812 10811 10815 10816
f  10812 10809 10813 10816
f  10813 10814 10815 10816
v  5.70619E+02  3.67211E+01 -6.46185E+02
v  5.86119E+02  3.67211E+01 -6.46185E+02
v  5.86119E+02  3.67211E+01 -6.57127E+02
v  5.70619E+02  3.67211E+01 -6.57127E+02
v  5.70619E+02  3.23728E+01 -6.46185E+02
v  5.86119E+02  3.23728E+01 -6.46185E+02
v  5.86119E+02  3.23728E+01 -6.57127E+02
v  5.70619E+02  3.23728E+01 -6.57127E+02
g vc_ws_7742
s 0
f  10817 10818 10819 10820
f  10817 10818 10822 10821
f  10819 10818 10822 10823
f  10820 10819 10823 10824
f  10820 10817 10821 10824
f  10821 10822 10823 10824
v  5.80298E+02  4.10694E+01 -6.15685E+02
v  5.96782E+02  4.10694E+01 -6.15685E+02
v  5.96782E+02  4.10694E+01 -6.29685E+02
v  5.80298E+02  4.10694E+01 -6.29685E+02
v  5.80298E+02  3.78930E+01 -6.15685E+02
v  5.96782E+02  3.78930E+01 -6.15685E+02
v  5.96782E+02  3.78930E+01 -6.29685E+02
v  5.80298E+02  3.78930E+01 -6.29685E+02
g vc_ws_7743
s 0
f  10825 10826 10827 10828
f  10825 10826 10830 10829
f  10827 10826 10830 10831
f  10828 10827 10831 10832
f  10828 10825 10829 10832
f  10829 10830 10831 10832
v  5.80298E+02  3.78930E+01 -6.15685E+02
v  5.96782E+02  3.78930E+01 -6.15685E+02
v  5.96782E+02  3.78930E+01 -6.29685E+02
v  5.80298E+02  3.78930E+01 -6.29685E+02
v  5.80298E+02  3.47166E+01 -6.15685E+02
v  5.96782E+02  3.47166E+01 -6.15685E+02
v  5.96782E+02  3.47166E+01 -6.29685E+02
v  5.80298E+02  3.47166E+01 -6.29685E+02
g vc_ws_7744
s 0
f  10833 10834 10835 10836
f  10833 10834 10838 10837
f  10835 10834 10838 10839
f  10836 10835 10839 10840
f  10836 10833 10837 10840
f  10837 10838 10839 10840
v  5.70619E+02  4.07927E+01 -6.69627E+02
v  5.86119E+02  4.07927E+01 -6.69627E+02
v  5.86119E+02  4.07927E+01 -6.80627E+02
v  5.70619E+02  4.07927E+01 -6.80627E+02
v  5.70619E+02  3.65834E+01 -6.69627E+02
v  5.86119E+02  3.65834E+01 -6.69627E+02
v  5.86119E+02  3.65834E+01 -6.80627E+02
v  5.70619E+02  3.65834E+01 -6.80627E+02
g vc_ws_7745
s 0
f  10841 10842 10843 10844
f  10841 10842 10846 10845
f  10843 10842 10846 10847
f  10844 10843 10847 10848
f  10844 10841 10845 10848
f  10845 10846 10847 10848
v  5.70619E+02  3.65834E+01 -6.69627E+02
v  5.86119E+02  3.65834E+01 -6.69627E+02
v  5.86119E+02  3.65834E+01 -6.80627E+02
v  5.70619E+02  3.65834E+01 -6.80627E+02
v  5.70619E+02  3.23742E+01 -6.69627E+02
v  5.86119E+02  3.23742E+01 -6.69627E+02
v  5.86119E+02  3.23742E+01 -6.80627E+02
v  5.70619E+02  3.23742E+01 -6.80627E+02
g vc_ws_7746
s 0
f  10849 10850 10851 10852
f  10849 10850 10854 10853
f  10851 10850 10854 10855
f  10852 10851 10855 10856
f  10852 10849 10853 10856
f  10853 10854 10855 10856
v -2.02832E+01  2.75481E+01 -7.73494E+02
v -3.43097E+00  2.75481E+01 -7.73494E+02
v -3.43097E+00  2.75481E+01 -7.90185E+02
v -2.02832E+01  2.75481E+01 -7.90185E+02
v -2.02832E+01  2.50377E+01 -7.73494E+02
v -3.43097E+00  2.50377E+01 -7.73494E+02
v -3.43097E+00  2.50377E+01 -7.90185E+02
v -2.02832E+01  2.50377E+01 -7.90185E+02
g vc_ws_7747
s 0
f  10857 10858 10859 10860
f  10857 10858 10862 10861
f  10859 10858 10862 10863
f  10860 10859 10863 10864
f  10860 10857 10861 10864
f  10861 10862 10863 10864
v -2.02832E+01  2.50377E+01 -7.73494E+02
v -3.43097E+00  2.50377E+01 -7.73494E+02
v -3.43097E+00  2.50377E+01 -7.90185E+02
v -2.02832E+01  2.50377E+01 -7.90185E+02
v -2.02832E+01  2.25274E+01 -7.73494E+02
v -3.43097E+00  2.25274E+01 -7.73494E+02
v -3.43097E+00  2.25274E+01 -7.90185E+02
v -2.02832E+01  2.25274E+01 -7.90185E+02
g vc_ws_7748
s 0
f  10865 10866 10867 10868
f  10865 10866 10870 10869
f  10867 10866 10870 10871
f  10868 10867 10871 10872
f  10868 10865 10869 10872
f  10869 10870 10871 10872
v -4.59890E+02  1.16674E+02 -6.03625E+02
v -4.39592E+02  1.16674E+02 -6.03625E+02
v -4.39592E+02  1.16674E+02 -6.17125E+02
v -4.59890E+02  1.16674E+02 -6.17125E+02
v -4.59890E+02  1.14162E+02 -6.03625E+02
v -4.39592E+02  1.14162E+02 -6.03625E+02
v -4.39592E+02  1.14162E+02 -6.17125E+02
v -4.59890E+02  1.14162E+02 -6.17125E+02
g vc_ws_7749
s 0
f  10873 10874 10875 10876
f  10873 10874 10878 10877
f  10875 10874 10878 10879
f  10876 10875 10879 10880
f  10876 10873 10877 10880
f  10877 10878 10879 10880
v -4.59890E+02  1.14162E+02 -6.03625E+02
v -4.39592E+02  1.14162E+02 -6.03625E+02
v -4.39592E+02  1.14162E+02 -6.17125E+02
v -4.59890E+02  1.14162E+02 -6.17125E+02
v -4.59890E+02  1.11649E+02 -6.03625E+02
v -4.39592E+02  1.11649E+02 -6.03625E+02
v -4.39592E+02  1.11649E+02 -6.17125E+02
v -4.59890E+02  1.11649E+02 -6.17125E+02
g vc_ws_7750
s 0
f  10881 10882 10883 10884
f  10881 10882 10886 10885
f  10883 10882 10886 10887
f  10884 10883 10887 10888
f  10884 10881 10885 10888
f  10885 10886 10887 10888
v -2.02832E+01  2.74792E+01 -7.90185E+02
v -3.43097E+00  2.74792E+01 -7.90185E+02
v -3.43097E+00  2.74792E+01 -8.08685E+02
v -2.02832E+01  2.74792E+01 -8.08685E+02
v -2.02832E+01  2.53376E+01 -7.90185E+02
v -3.43097E+00  2.53376E+01 -7.90185E+02
v -3.43097E+00  2.53376E+01 -8.08685E+02
v -2.02832E+01  2.53376E+01 -8.08685E+02
g vc_ws_7751
s 0
f  10889 10890 10891 10892
f  10889 10890 10894 10893
f  10891 10890 10894 10895
f  10892 10891 10895 10896
f  10892 10889 10893 10896
f  10893 10894 10895 10896
v -2.02832E+01  2.53376E+01 -7.90185E+02
v -3.43097E+00  2.53376E+01 -7.90185E+02
v -3.43097E+00  2.53376E+01 -8.08685E+02
v -2.02832E+01  2.53376E+01 -8.08685E+02
v -2.02832E+01  2.31959E+01 -7.90185E+02
v -3.43097E+00  2.31959E+01 -7.90185E+02
v -3.43097E+00  2.31959E+01 -8.08685E+02
v -2.02832E+01  2.31959E+01 -8.08685E+02
g vc_ws_7752
s 0
f  10897 10898 10899 10900
f  10897 10898 10902 10901
f  10899 10898 10902 10903
f  10900 10899 10903 10904
f  10900 10897 10901 10904
f  10901 10902 10903 10904
v -4.59890E+02  1.17747E+02 -5.92879E+02
v -4.39592E+02  1.17747E+02 -5.92879E+02
v -4.39592E+02  1.17747E+02 -6.03625E+02
v -4.59890E+02  1.17747E+02 -6.03625E+02
v -4.59890E+02  1.14698E+02 -5.92879E+02
v -4.39592E+02  1.14698E+02 -5.92879E+02
v -4.39592E+02  1.14698E+02 -6.03625E+02
v -4.59890E+02  1.14698E+02 -6.03625E+02
g vc_ws_7753
s 0
f  10905 10906 10907 10908
f  10905 10906 10910 10909
f  10907 10906 10910 10911
f  10908 10907 10911 10912
f  10908 10905 10909 10912
f  10909 10910 10911 10912
v -4.59890E+02  1.14698E+02 -5.92879E+02
v -4.39592E+02  1.14698E+02 -5.92879E+02
v -4.39592E+02  1.14698E+02 -6.03625E+02
v -4.59890E+02  1.14698E+02 -6.03625E+02
v -4.59890E+02  1.11649E+02 -5.92879E+02
v -4.39592E+02  1.11649E+02 -5.92879E+02
v -4.39592E+02  1.11649E+02 -6.03625E+02
v -4.59890E+02  1.11649E+02 -6.03625E+02
g vc_ws_7754
s 0
f  10913 10914 10915 10916
f  10913 10914 10918 10917
f  10915 10914 10918 10919
f  10916 10915 10919 10920
f  10916 10913 10917 10920
f  10917 10918 10919 10920
v  5.56124E+02  7.80647E+00 -1.02864E+03
v  5.69624E+02  7.80647E+00 -1.02864E+03
v  5.69624E+02  7.80647E+00 -1.04214E+03
v  5.56124E+02  7.80647E+00 -1.04214E+03
v  5.56124E+02  4.25262E+00 -1.02864E+03
v  5.69624E+02  4.25262E+00 -1.02864E+03
v  5.69624E+02  4.25262E+00 -1.04214E+03
v  5.56124E+02  4.25262E+00 -1.04214E+03
g vc_ws_7755
s 0
f  10921 10922 10923 10924
f  10921 10922 10926 10925
f  10923 10922 10926 10927
f  10924 10923 10927 10928
f  10924 10921 10925 10928
f  10925 10926 10927 10928
v  5.56124E+02  4.25262E+00 -1.02864E+03
v  5.69624E+02  4.25262E+00 -1.02864E+03
v  5.69624E+02  4.25262E+00 -1.04214E+03
v  5.56124E+02  4.25262E+00 -1.04214E+03
v  5.56124E+02  6.98771E-01 -1.02864E+03
v  5.69624E+02  6.98771E-01 -1.02864E+03
v  5.69624E+02  6.98771E-01 -1.04214E+03
v  5.56124E+02  6.98771E-01 -1.04214E+03
g vc_ws_7756
s 0
f  10929 10930 10931 10932
f  10929 10930 10934 10933
f  10931 10930 10934 10935
f  10932 10931 10935 10936
f  10932 10929 10933 10936
f  10933 10934 10935 10936
v  5.12926E+02  4.59906E+01 -3.42685E+02
v  5.24426E+02  4.59906E+01 -3.42685E+02
v  5.24426E+02  4.59906E+01 -3.56185E+02
v  5.12926E+02  4.59906E+01 -3.56185E+02
v  5.12926E+02  4.18869E+01 -3.42685E+02
v  5.24426E+02  4.18869E+01 -3.42685E+02
v  5.24426E+02  4.18869E+01 -3.56185E+02
v  5.12926E+02  4.18869E+01 -3.56185E+02
g vc_ws_7757
s 0
f  10937 10938 10939 10940
f  10937 10938 10942 10941
f  10939 10938 10942 10943
f  10940 10939 10943 10944
f  10940 10937 10941 10944
f  10941 10942 10943 10944
v  5.12926E+02  4.18869E+01 -3.42685E+02
v  5.24426E+02  4.18869E+01 -3.42685E+02
v  5.24426E+02  4.18869E+01 -3.56185E+02
v  5.12926E+02  4.18869E+01 -3.56185E+02
v  5.12926E+02  3.77832E+01 -3.42685E+02
v  5.24426E+02  3.77832E+01 -3.42685E+02
v  5.24426E+02  3.77832E+01 -3.56185E+02
v  5.12926E+02  3.77832E+01 -3.56185E+02
g vc_ws_7758
s 0
f  10945 10946 10947 10948
f  10945 10946 10950 10949
f  10947 10946 10950 10951
f  10948 10947 10951 10952
f  10948 10945 10949 10952
f  10949 10950 10951 10952
v  5.12926E+02  4.59906E+01 -3.29783E+02
v  5.24426E+02  4.59906E+01 -3.29783E+02
v  5.24426E+02  4.59906E+01 -3.42685E+02
v  5.12926E+02  4.59906E+01 -3.42685E+02
v  5.12926E+02  4.18869E+01 -3.29783E+02
v  5.24426E+02  4.18869E+01 -3.29783E+02
v  5.24426E+02  4.18869E+01 -3.42685E+02
v  5.12926E+02  4.18869E+01 -3.42685E+02
g vc_ws_7759
s 0
f  10953 10954 10955 10956
f  10953 10954 10958 10957
f  10955 10954 10958 10959
f  10956 10955 10959 10960
f  10956 10953 10957 10960
f  10957 10958 10959 10960
v  5.12926E+02  4.18869E+01 -3.29783E+02
v  5.24426E+02  4.18869E+01 -3.29783E+02
v  5.24426E+02  4.18869E+01 -3.42685E+02
v  5.12926E+02  4.18869E+01 -3.42685E+02
v  5.12926E+02  3.77832E+01 -3.29783E+02
v  5.24426E+02  3.77832E+01 -3.29783E+02
v  5.24426E+02  3.77832E+01 -3.42685E+02
v  5.12926E+02  3.77832E+01 -3.42685E+02
g vc_ws_7760
s 0
f  10961 10962 10963 10964
f  10961 10962 10966 10965
f  10963 10962 10966 10967
f  10964 10963 10967 10968
f  10964 10961 10965 10968
f  10965 10966 10967 10968
v  5.30648E+02  3.94443E+01 -5.40316E+02
v  5.48148E+02  3.94443E+01 -5.40316E+02
v  5.48148E+02  3.94443E+01 -5.55816E+02
v  5.30648E+02  3.94443E+01 -5.55816E+02
v  5.30648E+02  3.72379E+01 -5.40316E+02
v  5.48148E+02  3.72379E+01 -5.40316E+02
v  5.48148E+02  3.72379E+01 -5.55816E+02
v  5.30648E+02  3.72379E+01 -5.55816E+02
g vc_ws_7761
s 0
f  10969 10970 10971 10972
f  10969 10970 10974 10973
f  10971 10970 10974 10975
f  10972 10971 10975 10976
f  10972 10969 10973 10976
f  10973 10974 10975 10976
v  5.30648E+02  3.72379E+01 -5.40316E+02
v  5.48148E+02  3.72379E+01 -5.40316E+02
v  5.48148E+02  3.72379E+01 -5.55816E+02
v  5.30648E+02  3.72379E+01 -5.55816E+02
v  5.30648E+02  3.50314E+01 -5.40316E+02
v  5.48148E+02  3.50314E+01 -5.40316E+02
v  5.48148E+02  3.50314E+01 -5.55816E+02
v  5.30648E+02  3.50314E+01 -5.55816E+02
g vc_ws_7762
s 0
f  10977 10978 10979 10980
f  10977 10978 10982 10981
f  10979 10978 10982 10983
f  10980 10979 10983 10984
f  10980 10977 10981 10984
f  10981 10982 10983 10984
v  5.11527E+02  4.08511E+01 -3.66845E+02
v  5.28527E+02  4.08511E+01 -3.66845E+02
v  5.28527E+02  4.08511E+01 -3.80345E+02
v  5.11527E+02  4.08511E+01 -3.80345E+02
v  5.11527E+02  3.82813E+01 -3.66845E+02
v  5.28527E+02  3.82813E+01 -3.66845E+02
v  5.28527E+02  3.82813E+01 -3.80345E+02
v  5.11527E+02  3.82813E+01 -3.80345E+02
g vc_ws_7763
s 0
f  10985 10986 10987 10988
f  10985 10986 10990 10989
f  10987 10986 10990 10991
f  10988 10987 10991 10992
f  10988 10985 10989 10992
f  10989 10990 10991 10992
v  5.11527E+02  3.82813E+01 -3.66845E+02
v  5.28527E+02  3.82813E+01 -3.66845E+02
v  5.28527E+02  3.82813E+01 -3.80345E+02
v  5.11527E+02  3.82813E+01 -3.80345E+02
v  5.11527E+02  3.57116E+01 -3.66845E+02
v  5.28527E+02  3.57116E+01 -3.66845E+02
v  5.28527E+02  3.57116E+01 -3.80345E+02
v  5.11527E+02  3.57116E+01 -3.80345E+02
g vc_ws_7764
s 0
f  10993 10994 10995 10996
f  10993 10994 10998 10997
f  10995 10994 10998 10999
f  10996 10995 10999 11000
f  10996 10993 10997 11000
f  10997 10998 10999 11000
v  4.11162E+02  8.05896E+00 -1.06689E+03
v  4.25662E+02  8.05896E+00 -1.06689E+03
v  4.25662E+02  8.05896E+00 -1.07889E+03
v  4.11162E+02  8.05896E+00 -1.07889E+03
v  4.11162E+02  4.82492E+00 -1.06689E+03
v  4.25662E+02  4.82492E+00 -1.06689E+03
v  4.25662E+02  4.82492E+00 -1.07889E+03
v  4.11162E+02  4.82492E+00 -1.07889E+03
g vc_ws_7765
s 0
f  11001 11002 11003 11004
f  11001 11002 11006 11005
f  11003 11002 11006 11007
f  11004 11003 11007 11008
f  11004 11001 11005 11008
f  11005 11006 11007 11008
v  4.11162E+02  4.82492E+00 -1.06689E+03
v  4.25662E+02  4.82492E+00 -1.06689E+03
v  4.25662E+02  4.82492E+00 -1.07889E+03
v  4.11162E+02  4.82492E+00 -1.07889E+03
v  4.11162E+02  1.59089E+00 -1.06689E+03
v  4.25662E+02  1.59089E+00 -1.06689E+03
v  4.25662E+02  1.59089E+00 -1.07889E+03
v  4.11162E+02  1.59089E+00 -1.07889E+03
g vc_ws_7766
s 0
f  11009 11010 11011 11012
f  11009 11010 11014 11013
f  11011 11010 11014 11015
f  11012 11011 11015 11016
f  11012 11009 11013 11016
f  11013 11014 11015 11016
v  4.38662E+02  7.71646E+00 -1.05339E+03
v  4.52162E+02  7.71646E+00 -1.05339E+03
v  4.52162E+02  7.71646E+00 -1.06689E+03
v  4.38662E+02  7.71646E+00 -1.06689E+03
v  4.38662E+02  4.65453E+00 -1.05339E+03
v  4.52162E+02  4.65453E+00 -1.05339E+03
v  4.52162E+02  4.65453E+00 -1.06689E+03
v  4.38662E+02  4.65453E+00 -1.06689E+03
g vc_ws_7767
s 0
f  11017 11018 11019 11020
f  11017 11018 11022 11021
f  11019 11018 11022 11023
f  11020 11019 11023 11024
f  11020 11017 11021 11024
f  11021 11022 11023 11024
v  4.38662E+02  4.65453E+00 -1.05339E+03
v  4.52162E+02  4.65453E+00 -1.05339E+03
v  4.52162E+02  4.65453E+00 -1.06689E+03
v  4.38662E+02  4.65453E+00 -1.06689E+03
v  4.38662E+02  1.59260E+00 -1.05339E+03
v  4.52162E+02  1.59260E+00 -1.05339E+03
v  4.52162E+02  1.59260E+00 -1.06689E+03
v  4.38662E+02  1.59260E+00 -1.06689E+03
g vc_ws_7768
s 0
f  11025 11026 11027 11028
f  11025 11026 11030 11029
f  11027 11026 11030 11031
f  11028 11027 11031 11032
f  11028 11025 11029 11032
f  11029 11030 11031 11032
v  4.52162E+02  7.71646E+00 -1.05339E+03
v  4.65282E+02  7.71646E+00 -1.05339E+03
v  4.65282E+02  7.71646E+00 -1.06689E+03
v  4.52162E+02  7.71646E+00 -1.06689E+03
v  4.52162E+02  4.65453E+00 -1.05339E+03
v  4.65282E+02  4.65453E+00 -1.05339E+03
v  4.65282E+02  4.65453E+00 -1.06689E+03
v  4.52162E+02  4.65453E+00 -1.06689E+03
g vc_ws_7769
s 0
f  11033 11034 11035 11036
f  11033 11034 11038 11037
f  11035 11034 11038 11039
f  11036 11035 11039 11040
f  11036 11033 11037 11040
f  11037 11038 11039 11040
v  4.52162E+02  4.65453E+00 -1.05339E+03
v  4.65282E+02  4.65453E+00 -1.05339E+03
v  4.65282E+02  4.65453E+00 -1.06689E+03
v  4.52162E+02  4.65453E+00 -1.06689E+03
v  4.52162E+02  1.59260E+00 -1.05339E+03
v  4.65282E+02  1.59260E+00 -1.05339E+03
v  4.65282E+02  1.59260E+00 -1.06689E+03
v  4.52162E+02  1.59260E+00 -1.06689E+03
g vc_ws_7770
s 0
f  11041 11042 11043 11044
f  11041 11042 11046 11045
f  11043 11042 11046 11047
f  11044 11043 11047 11048
f  11044 11041 11045 11048
f  11045 11046 11047 11048
v  4.25662E+02  7.71646E+00 -1.05339E+03
v  4.38662E+02  7.71646E+00 -1.05339E+03
v  4.38662E+02  7.71646E+00 -1.06689E+03
v  4.25662E+02  7.71646E+00 -1.06689E+03
v  4.25662E+02  4.65453E+00 -1.05339E+03
v  4.38662E+02  4.65453E+00 -1.05339E+03
v  4.38662E+02  4.65453E+00 -1.06689E+03
v  4.25662E+02  4.65453E+00 -1.06689E+03
g vc_ws_7771
s 0
f  11049 11050 11051 11052
f  11049 11050 11054 11053
f  11051 11050 11054 11055
f  11052 11051 11055 11056
f  11052 11049 11053 11056
f  11053 11054 11055 11056
v  4.25662E+02  4.65453E+00 -1.05339E+03
v  4.38662E+02  4.65453E+00 -1.05339E+03
v  4.38662E+02  4.65453E+00 -1.06689E+03
v  4.25662E+02  4.65453E+00 -1.06689E+03
v  4.25662E+02  1.59260E+00 -1.05339E+03
v  4.38662E+02  1.59260E+00 -1.05339E+03
v  4.38662E+02  1.59260E+00 -1.06689E+03
v  4.25662E+02  1.59260E+00 -1.06689E+03
g vc_ws_7772
s 0
f  11057 11058 11059 11060
f  11057 11058 11062 11061
f  11059 11058 11062 11063
f  11060 11059 11063 11064
f  11060 11057 11061 11064
f  11061 11062 11063 11064
v  4.94039E+02  3.88413E+01 -4.52718E+02
v  5.14539E+02  3.88413E+01 -4.52718E+02
v  5.14539E+02  3.88413E+01 -4.65218E+02
v  4.94039E+02  3.88413E+01 -4.65218E+02
v  4.94039E+02  3.68387E+01 -4.52718E+02
v  5.14539E+02  3.68387E+01 -4.52718E+02
v  5.14539E+02  3.68387E+01 -4.65218E+02
v  4.94039E+02  3.68387E+01 -4.65218E+02
g vc_ws_7773
s 0
f  11065 11066 11067 11068
f  11065 11066 11070 11069
f  11067 11066 11070 11071
f  11068 11067 11071 11072
f  11068 11065 11069 11072
f  11069 11070 11071 11072
v  4.94039E+02  3.68387E+01 -4.52718E+02
v  5.14539E+02  3.68387E+01 -4.52718E+02
v  5.14539E+02  3.68387E+01 -4.65218E+02
v  4.94039E+02  3.68387E+01 -4.65218E+02
v  4.94039E+02  3.48360E+01 -4.52718E+02
v  5.14539E+02  3.48360E+01 -4.52718E+02
v  5.14539E+02  3.48360E+01 -4.65218E+02
v  4.94039E+02  3.48360E+01 -4.65218E+02
g vc_ws_7774
s 0
f  11073 11074 11075 11076
f  11073 11074 11078 11077
f  11075 11074 11078 11079
f  11076 11075 11079 11080
f  11076 11073 11077 11080
f  11077 11078 11079 11080
v  4.65282E+02  3.70027E+00 -1.05339E+03
v  4.83782E+02  3.70027E+00 -1.05339E+03
v  4.83782E+02  3.70027E+00 -1.06689E+03
v  4.65282E+02  3.70027E+00 -1.06689E+03
v  4.65282E+02  1.69219E+00 -1.05339E+03
v  4.83782E+02  1.69219E+00 -1.05339E+03
v  4.83782E+02  1.69219E+00 -1.06689E+03
v  4.65282E+02  1.69219E+00 -1.06689E+03
g vc_ws_7775
s 0
f  11081 11082 11083 11084
f  11081 11082 11086 11085
f  11083 11082 11086 11087
f  11084 11083 11087 11088
f  11084 11081 11085 11088
f  11085 11086 11087 11088
v -3.96092E+02  1.17809E+02 -5.77258E+02
v -3.84592E+02  1.17809E+02 -5.77258E+02
v -3.84592E+02  1.17809E+02 -5.90758E+02
v -3.96092E+02  1.17809E+02 -5.90758E+02
v -3.96092E+02  1.14729E+02 -5.77258E+02
v -3.84592E+02  1.14729E+02 -5.77258E+02
v -3.84592E+02  1.14729E+02 -5.90758E+02
v -3.96092E+02  1.14729E+02 -5.90758E+02
g vc_ws_7777
s 0
f  11089 11090 11091 11092
f  11089 11090 11094 11093
f  11091 11090 11094 11095
f  11092 11091 11095 11096
f  11092 11089 11093 11096
f  11093 11094 11095 11096
v -3.96092E+02  1.14729E+02 -5.77258E+02
v -3.84592E+02  1.14729E+02 -5.77258E+02
v -3.84592E+02  1.14729E+02 -5.90758E+02
v -3.96092E+02  1.14729E+02 -5.90758E+02
v -3.96092E+02  1.11649E+02 -5.77258E+02
v -3.84592E+02  1.11649E+02 -5.77258E+02
v -3.84592E+02  1.11649E+02 -5.90758E+02
v -3.96092E+02  1.11649E+02 -5.90758E+02
g vc_ws_7778
s 0
f  11097 11098 11099 11100
f  11097 11098 11102 11101
f  11099 11098 11102 11103
f  11100 11099 11103 11104
f  11100 11097 11101 11104
f  11101 11102 11103 11104
v  4.94039E+02  3.88413E+01 -4.41340E+02
v  5.14539E+02  3.88413E+01 -4.41340E+02
v  5.14539E+02  3.88413E+01 -4.52718E+02
v  4.94039E+02  3.88413E+01 -4.52718E+02
v  4.94039E+02  3.68387E+01 -4.41340E+02
v  5.14539E+02  3.68387E+01 -4.41340E+02
v  5.14539E+02  3.68387E+01 -4.52718E+02
v  4.94039E+02  3.68387E+01 -4.52718E+02
g vc_ws_7779
s 0
f  11105 11106 11107 11108
f  11105 11106 11110 11109
f  11107 11106 11110 11111
f  11108 11107 11111 11112
f  11108 11105 11109 11112
f  11109 11110 11111 11112
v  4.94039E+02  3.68387E+01 -4.41340E+02
v  5.14539E+02  3.68387E+01 -4.41340E+02
v  5.14539E+02  3.68387E+01 -4.52718E+02
v  4.94039E+02  3.68387E+01 -4.52718E+02
v  4.94039E+02  3.48360E+01 -4.41340E+02
v  5.14539E+02  3.48360E+01 -4.41340E+02
v  5.14539E+02  3.48360E+01 -4.52718E+02
v  4.94039E+02  3.48360E+01 -4.52718E+02
g vc_ws_7780
s 0
f  11113 11114 11115 11116
f  11113 11114 11118 11117
f  11115 11114 11118 11119
f  11116 11115 11119 11120
f  11116 11113 11117 11120
f  11117 11118 11119 11120
v  4.83782E+02  3.70027E+00 -1.05339E+03
v  5.00769E+02  3.70027E+00 -1.05339E+03
v  5.00769E+02  3.70027E+00 -1.06689E+03
v  4.83782E+02  3.70027E+00 -1.06689E+03
v  4.83782E+02  1.69219E+00 -1.05339E+03
v  5.00769E+02  1.69219E+00 -1.05339E+03
v  5.00769E+02  1.69219E+00 -1.06689E+03
v  4.83782E+02  1.69219E+00 -1.06689E+03
g vc_ws_7781
s 0
f  11121 11122 11123 11124
f  11121 11122 11126 11125
f  11123 11122 11126 11127
f  11124 11123 11127 11128
f  11124 11121 11125 11128
f  11125 11126 11127 11128
v  4.25662E+02  7.23721E+00 -1.06689E+03
v  4.38662E+02  7.23721E+00 -1.06689E+03
v  4.38662E+02  7.23721E+00 -1.07889E+03
v  4.25662E+02  7.23721E+00 -1.07889E+03
v  4.25662E+02  4.41610E+00 -1.06689E+03
v  4.38662E+02  4.41610E+00 -1.06689E+03
v  4.38662E+02  4.41610E+00 -1.07889E+03
v  4.25662E+02  4.41610E+00 -1.07889E+03
g vc_ws_7783
s 0
f  11129 11130 11131 11132
f  11129 11130 11134 11133
f  11131 11130 11134 11135
f  11132 11131 11135 11136
f  11132 11129 11133 11136
f  11133 11134 11135 11136
v  4.25662E+02  4.41610E+00 -1.06689E+03
v  4.38662E+02  4.41610E+00 -1.06689E+03
v  4.38662E+02  4.41610E+00 -1.07889E+03
v  4.25662E+02  4.41610E+00 -1.07889E+03
v  4.25662E+02  1.59500E+00 -1.06689E+03
v  4.38662E+02  1.59500E+00 -1.06689E+03
v  4.38662E+02  1.59500E+00 -1.07889E+03
v  4.25662E+02  1.59500E+00 -1.07889E+03
g vc_ws_7784
s 0
f  11137 11138 11139 11140
f  11137 11138 11142 11141
f  11139 11138 11142 11143
f  11140 11139 11143 11144
f  11140 11137 11141 11144
f  11141 11142 11143 11144
v  4.96103E+02  3.88413E+01 -4.78895E+02
v  5.09103E+02  3.88413E+01 -4.78895E+02
v  5.09103E+02  3.88413E+01 -4.95395E+02
v  4.96103E+02  3.88413E+01 -4.95395E+02
v  4.96103E+02  3.68387E+01 -4.78895E+02
v  5.09103E+02  3.68387E+01 -4.78895E+02
v  5.09103E+02  3.68387E+01 -4.95395E+02
v  4.96103E+02  3.68387E+01 -4.95395E+02
g vc_ws_7785
s 0
f  11145 11146 11147 11148
f  11145 11146 11150 11149
f  11147 11146 11150 11151
f  11148 11147 11151 11152
f  11148 11145 11149 11152
f  11149 11150 11151 11152
v  4.96103E+02  3.68387E+01 -4.78895E+02
v  5.09103E+02  3.68387E+01 -4.78895E+02
v  5.09103E+02  3.68387E+01 -4.95395E+02
v  4.96103E+02  3.68387E+01 -4.95395E+02
v  4.96103E+02  3.48360E+01 -4.78895E+02
v  5.09103E+02  3.48360E+01 -4.78895E+02
v  5.09103E+02  3.48360E+01 -4.95395E+02
v  4.96103E+02  3.48360E+01 -4.95395E+02
g vc_ws_7786
s 0
f  11153 11154 11155 11156
f  11153 11154 11158 11157
f  11155 11154 11158 11159
f  11156 11155 11159 11160
f  11156 11153 11157 11160
f  11157 11158 11159 11160
v  5.11527E+02  4.18869E+01 -3.56185E+02
v  5.28527E+02  4.18869E+01 -3.56185E+02
v  5.28527E+02  4.18869E+01 -3.66845E+02
v  5.11527E+02  4.18869E+01 -3.66845E+02
v  5.11527E+02  3.98351E+01 -3.56185E+02
v  5.28527E+02  3.98351E+01 -3.56185E+02
v  5.28527E+02  3.98351E+01 -3.66845E+02
v  5.11527E+02  3.98351E+01 -3.66845E+02
g vc_ws_7787
s 0
f  11161 11162 11163 11164
f  11161 11162 11166 11165
f  11163 11162 11166 11167
f  11164 11163 11167 11168
f  11164 11161 11165 11168
f  11165 11166 11167 11168
v  5.11527E+02  3.98351E+01 -3.56185E+02
v  5.28527E+02  3.98351E+01 -3.56185E+02
v  5.28527E+02  3.98351E+01 -3.66845E+02
v  5.11527E+02  3.98351E+01 -3.66845E+02
v  5.11527E+02  3.77832E+01 -3.56185E+02
v  5.28527E+02  3.77832E+01 -3.56185E+02
v  5.28527E+02  3.77832E+01 -3.66845E+02
v  5.11527E+02  3.77832E+01 -3.66845E+02
g vc_ws_7788
s 0
f  11169 11170 11171 11172
f  11169 11170 11174 11173
f  11171 11170 11174 11175
f  11172 11171 11175 11176
f  11172 11169 11173 11176
f  11173 11174 11175 11176
v  4.96103E+02  3.88413E+01 -4.65218E+02
v  5.09103E+02  3.88413E+01 -4.65218E+02
v  5.09103E+02  3.88413E+01 -4.78895E+02
v  4.96103E+02  3.88413E+01 -4.78895E+02
v  4.96103E+02  3.68387E+01 -4.65218E+02
v  5.09103E+02  3.68387E+01 -4.65218E+02
v  5.09103E+02  3.68387E+01 -4.78895E+02
v  4.96103E+02  3.68387E+01 -4.78895E+02
g vc_ws_7789
s 0
f  11177 11178 11179 11180
f  11177 11178 11182 11181
f  11179 11178 11182 11183
f  11180 11179 11183 11184
f  11180 11177 11181 11184
f  11181 11182 11183 11184
v  4.96103E+02  3.68387E+01 -4.65218E+02
v  5.09103E+02  3.68387E+01 -4.65218E+02
v  5.09103E+02  3.68387E+01 -4.78895E+02
v  4.96103E+02  3.68387E+01 -4.78895E+02
v  4.96103E+02  3.48360E+01 -4.65218E+02
v  5.09103E+02  3.48360E+01 -4.65218E+02
v  5.09103E+02  3.48360E+01 -4.78895E+02
v  4.96103E+02  3.48360E+01 -4.78895E+02
g vc_ws_7790
s 0
f  11185 11186 11187 11188
f  11185 11186 11190 11189
f  11187 11186 11190 11191
f  11188 11187 11191 11192
f  11188 11185 11189 11192
f  11189 11190 11191 11192
v  5.19510E+02  3.94443E+01 -5.26895E+02
v  5.30648E+02  3.94443E+01 -5.26895E+02
v  5.30648E+02  3.94443E+01 -5.40063E+02
v  5.19510E+02  3.94443E+01 -5.40063E+02
v  5.19510E+02  3.71487E+01 -5.26895E+02
v  5.30648E+02  3.71487E+01 -5.26895E+02
v  5.30648E+02  3.71487E+01 -5.40063E+02
v  5.19510E+02  3.71487E+01 -5.40063E+02
g vc_ws_7791
s 0
f  11193 11194 11195 11196
f  11193 11194 11198 11197
f  11195 11194 11198 11199
f  11196 11195 11199 11200
f  11196 11193 11197 11200
f  11197 11198 11199 11200
v  5.19510E+02  3.71487E+01 -5.26895E+02
v  5.30648E+02  3.71487E+01 -5.26895E+02
v  5.30648E+02  3.71487E+01 -5.40063E+02
v  5.19510E+02  3.71487E+01 -5.40063E+02
v  5.19510E+02  3.48530E+01 -5.26895E+02
v  5.30648E+02  3.48530E+01 -5.26895E+02
v  5.30648E+02  3.48530E+01 -5.40063E+02
v  5.19510E+02  3.48530E+01 -5.40063E+02
g vc_ws_7792
s 0
f  11201 11202 11203 11204
f  11201 11202 11206 11205
f  11203 11202 11206 11207
f  11204 11203 11207 11208
f  11204 11201 11205 11208
f  11205 11206 11207 11208
v -4.80064E+02  1.36040E+02  9.60242E+01
v -4.68115E+02  1.36040E+02  9.60242E+01
v -4.68115E+02  1.36040E+02  8.51943E+01
v -4.80064E+02  1.36040E+02  8.51943E+01
v -4.80064E+02  1.33921E+02  9.60242E+01
v -4.68115E+02  1.33921E+02  9.60242E+01
v -4.68115E+02  1.33921E+02  8.51943E+01
v -4.80064E+02  1.33921E+02  8.51943E+01
g vc_ws_7793
s 0
f  11209 11210 11211 11212
f  11209 11210 11214 11213
f  11211 11210 11214 11215
f  11212 11211 11215 11216
f  11212 11209 11213 11216
f  11213 11214 11215 11216
v -4.80064E+02  1.33921E+02  9.60242E+01
v -4.68115E+02  1.33921E+02  9.60242E+01
v -4.68115E+02  1.33921E+02  8.51943E+01
v -4.80064E+02  1.33921E+02  8.51943E+01
v -4.80064E+02  1.31802E+02  9.60242E+01
v -4.68115E+02  1.31802E+02  9.60242E+01
v -4.68115E+02  1.31802E+02  8.51943E+01
v -4.80064E+02  1.31802E+02  8.51943E+01
g vc_ws_7794
s 0
f  11217 11218 11219 11220
f  11217 11218 11222 11221
f  11219 11218 11222 11223
f  11220 11219 11223 11224
f  11220 11217 11221 11224
f  11221 11222 11223 11224
v -3.71564E+01  2.19389E+02  1.25684E+02
v -1.86564E+01  2.19389E+02  1.25684E+02
v -1.86564E+01  2.19389E+02  1.09184E+02
v -3.71564E+01  2.19389E+02  1.09184E+02
v -3.71564E+01  1.25481E+02  1.25684E+02
v -1.86564E+01  1.25481E+02  1.25684E+02
v -1.86564E+01  1.25481E+02  1.09184E+02
v -3.71564E+01  1.25481E+02  1.09184E+02
g vc_ws_7795
s 0
f  11225 11226 11227 11228
f  11225 11226 11230 11229
f  11227 11226 11230 11231
f  11228 11227 11231 11232
f  11228 11225 11229 11232
f  11229 11230 11231 11232
v -5.94854E+02  2.19389E+02  9.89077E+01
v -5.81354E+02  2.19389E+02  9.89077E+01
v -5.81354E+02  2.19389E+02  7.64077E+01
v -5.94854E+02  2.19389E+02  7.64077E+01
v -5.94854E+02  1.06481E+02  9.89077E+01
v -5.81354E+02  1.06481E+02  9.89077E+01
v -5.81354E+02  1.06481E+02  7.64077E+01
v -5.94854E+02  1.06481E+02  7.64077E+01
g vc_ws_7797
s 0
f  11233 11234 11235 11236
f  11233 11234 11238 11237
f  11235 11234 11238 11239
f  11236 11235 11239 11240
f  11236 11233 11237 11240
f  11237 11238 11239 11240
v -5.96354E+02  2.19389E+02  1.31023E+02
v -5.83854E+02  2.19389E+02  1.31023E+02
v -5.83854E+02  2.19389E+02  1.20523E+02
v -5.96354E+02  2.19389E+02  1.20523E+02
v -5.96354E+02 -4.06287E+00  1.31023E+02
v -5.83854E+02 -4.06287E+00  1.31023E+02
v -5.83854E+02 -4.06287E+00  1.20523E+02
v -5.96354E+02 -4.06287E+00  1.20523E+02
g vc_ws_7799
s 0
f  11241 11242 11243 11244
f  11241 11242 11246 11245
f  11243 11242 11246 11247
f  11244 11243 11247 11248
f  11244 11241 11245 11248
f  11245 11246 11247 11248
v -6.10854E+02  2.19389E+02  1.31023E+02
v -5.96354E+02  2.19389E+02  1.31023E+02
v -5.96354E+02  2.19389E+02  1.20523E+02
v -6.10854E+02  2.19389E+02  1.20523E+02
v -6.10854E+02 -4.06287E+00  1.31023E+02
v -5.96354E+02 -4.06287E+00  1.31023E+02
v -5.96354E+02 -4.06287E+00  1.20523E+02
v -6.10854E+02 -4.06287E+00  1.20523E+02
g vc_ws_7800
s 0
f  11249 11250 11251 11252
f  11249 11250 11254 11253
f  11251 11250 11254 11255
f  11252 11251 11255 11256
f  11252 11249 11253 11256
f  11253 11254 11255 11256
v -5.81354E+02  2.19389E+02  1.10408E+02
v -5.70354E+02  2.19389E+02  1.10408E+02
v -5.70354E+02  2.19389E+02  9.89077E+01
v -5.81354E+02  2.19389E+02  9.89077E+01
v -5.81354E+02 -4.06287E+00  1.10408E+02
v -5.70354E+02 -4.06287E+00  1.10408E+02
v -5.70354E+02 -4.06287E+00  9.89077E+01
v -5.81354E+02 -4.06287E+00  9.89077E+01
g vc_ws_7801
s 0
f  11257 11258 11259 11260
f  11257 11258 11262 11261
f  11259 11258 11262 11263
f  11260 11259 11263 11264
f  11260 11257 11261 11264
f  11261 11262 11263 11264
v -5.94854E+02  2.19389E+02  1.10408E+02
v -5.81354E+02  2.19389E+02  1.10408E+02
v -5.81354E+02  2.19389E+02  9.89077E+01
v -5.94854E+02  2.19389E+02  9.89077E+01
v -5.94854E+02 -4.06287E+00  1.10408E+02
v -5.81354E+02 -4.06287E+00  1.10408E+02
v -5.81354E+02 -4.06287E+00  9.89077E+01
v -5.94854E+02 -4.06287E+00  9.89077E+01
g vc_ws_7802
s 0
f  11265 11266 11267 11268
f  11265 11266 11270 11269
f  11267 11266 11270 11271
f  11268 11267 11271 11272
f  11268 11265 11269 11272
f  11269 11270 11271 11272
v -1.86564E+01  2.19389E+02  1.25684E+02
v -1.78259E+00  2.19389E+02  1.25684E+02
v -1.78259E+00  2.19389E+02  1.09184E+02
v -1.86564E+01  2.19389E+02  1.09184E+02
v -1.86564E+01  1.25481E+02  1.25684E+02
v -1.78259E+00  1.25481E+02  1.25684E+02
v -1.78259E+00  1.25481E+02  1.09184E+02
v -1.86564E+01  1.25481E+02  1.09184E+02
g vc_ws_7803
s 0
f  11273 11274 11275 11276
f  11273 11274 11278 11277
f  11275 11274 11278 11279
f  11276 11275 11279 11280
f  11276 11273 11277 11280
f  11277 11278 11279 11280
v -3.71564E+01  2.19389E+02  1.40569E+02
v -1.86564E+01  2.19389E+02  1.40569E+02
v -1.86564E+01  2.19389E+02  1.25684E+02
v -3.71564E+01  2.19389E+02  1.25684E+02
v -3.71564E+01  1.25481E+02  1.40569E+02
v -1.86564E+01  1.25481E+02  1.40569E+02
v -1.86564E+01  1.25481E+02  1.25684E+02
v -3.71564E+01  1.25481E+02  1.25684E+02
g vc_ws_7805
s 0
f  11281 11282 11283 11284
f  11281 11282 11286 11285
f  11283 11282 11286 11287
f  11284 11283 11287 11288
f  11284 11281 11285 11288
f  11285 11286 11287 11288
v -5.96354E+02  2.19389E+02  1.41023E+02
v -5.83854E+02  2.19389E+02  1.41023E+02
v -5.83854E+02  2.19389E+02  1.31023E+02
v -5.96354E+02  2.19389E+02  1.31023E+02
v -5.96354E+02 -4.06287E+00  1.41023E+02
v -5.83854E+02 -4.06287E+00  1.41023E+02
v -5.83854E+02 -4.06287E+00  1.31023E+02
v -5.96354E+02 -4.06287E+00  1.31023E+02
g vc_ws_7807
s 0
f  11289 11290 11291 11292
f  11289 11290 11294 11293
f  11291 11290 11294 11295
f  11292 11291 11295 11296
f  11292 11289 11293 11296
f  11293 11294 11295 11296
v -6.10854E+02  2.19389E+02  1.41023E+02
v -5.96354E+02  2.19389E+02  1.41023E+02
v -5.96354E+02  2.19389E+02  1.31023E+02
v -6.10854E+02  2.19389E+02  1.31023E+02
v -6.10854E+02 -4.06287E+00  1.41023E+02
v -5.96354E+02 -4.06287E+00  1.41023E+02
v -5.96354E+02 -4.06287E+00  1.31023E+02
v -6.10854E+02 -4.06287E+00  1.31023E+02
g vc_ws_7808
s 0
f  11297 11298 11299 11300
f  11297 11298 11302 11301
f  11299 11298 11302 11303
f  11300 11299 11303 11304
f  11300 11297 11301 11304
f  11301 11302 11303 11304
v -6.23854E+02  2.19389E+02  1.41023E+02
v -6.10854E+02  2.19389E+02  1.41023E+02
v -6.10854E+02  2.19389E+02  1.20523E+02
v -6.23854E+02  2.19389E+02  1.20523E+02
v -6.23854E+02  1.35456E+02  1.41023E+02
v -6.10854E+02  1.35456E+02  1.41023E+02
v -6.10854E+02  1.35456E+02  1.20523E+02
v -6.23854E+02  1.35456E+02  1.20523E+02
g vc_ws_7809
s 0
f  11305 11306 11307 11308
f  11305 11306 11310 11309
f  11307 11306 11310 11311
f  11308 11307 11311 11312
f  11308 11305 11309 11312
f  11309 11310 11311 11312
v -6.23854E+02  2.19389E+02  1.61480E+02
v -6.10854E+02  2.19389E+02  1.61480E+02
v -6.10854E+02  2.19389E+02  1.41023E+02
v -6.23854E+02  2.19389E+02  1.41023E+02
v -6.23854E+02  1.35456E+02  1.61480E+02
v -6.10854E+02  1.35456E+02  1.61480E+02
v -6.10854E+02  1.35456E+02  1.41023E+02
v -6.23854E+02  1.35456E+02  1.41023E+02
g vc_ws_7811
s 0
f  11313 11314 11315 11316
f  11313 11314 11318 11317
f  11315 11314 11318 11319
f  11316 11315 11319 11320
f  11316 11313 11317 11320
f  11317 11318 11319 11320
v -1.78259E+00  2.19389E+02  1.40569E+02
v  1.57174E+01  2.19389E+02  1.40569E+02
v  1.57174E+01  2.19389E+02  1.25684E+02
v -1.78259E+00  2.19389E+02  1.25684E+02
v -1.78259E+00  1.22724E+02  1.40569E+02
v  1.57174E+01  1.22724E+02  1.40569E+02
v  1.57174E+01  1.22724E+02  1.25684E+02
v -1.78259E+00  1.22724E+02  1.25684E+02
g vc_ws_7813
s 0
f  11321 11322 11323 11324
f  11321 11322 11326 11325
f  11323 11322 11326 11327
f  11324 11323 11327 11328
f  11324 11321 11325 11328
f  11325 11326 11327 11328
v -1.56564E+01  2.19389E+02  1.57069E+02
v -1.56384E-01  2.19389E+02  1.57069E+02
v -1.56384E-01  2.19389E+02  1.40569E+02
v -1.56564E+01  2.19389E+02  1.40569E+02
v -1.56564E+01  1.25481E+02  1.57069E+02
v -1.56384E-01  1.25481E+02  1.57069E+02
v -1.56384E-01  1.25481E+02  1.40569E+02
v -1.56564E+01  1.25481E+02  1.40569E+02
g vc_ws_7815
s 0
f  11329 11330 11331 11332
f  11329 11330 11334 11333
f  11331 11330 11334 11335
f  11332 11331 11335 11336
f  11332 11329 11333 11336
f  11333 11334 11335 11336
v -6.91836E+02  2.19389E+02  8.79077E+01
v -6.81336E+02  2.19389E+02  8.79077E+01
v -6.81336E+02  2.19389E+02  7.64077E+01
v -6.91836E+02  2.19389E+02  7.64077E+01
v -6.91836E+02 -4.06287E+00  8.79077E+01
v -6.81336E+02 -4.06287E+00  8.79077E+01
v -6.81336E+02 -4.06287E+00  7.64077E+01
v -6.91836E+02 -4.06287E+00  7.64077E+01
g vc_ws_7817
s 0
f  11337 11338 11339 11340
f  11337 11338 11342 11341
f  11339 11338 11342 11343
f  11340 11339 11343 11344
f  11340 11337 11341 11344
f  11341 11342 11343 11344
v -7.03336E+02  2.19389E+02  8.79077E+01
v -6.91836E+02  2.19389E+02  8.79077E+01
v -6.91836E+02  2.19389E+02  7.64077E+01
v -7.03336E+02  2.19389E+02  7.64077E+01
v -7.03336E+02 -4.06287E+00  8.79077E+01
v -6.91836E+02 -4.06287E+00  8.79077E+01
v -6.91836E+02 -4.06287E+00  7.64077E+01
v -7.03336E+02 -4.06287E+00  7.64077E+01
g vc_ws_7818
s 0
f  11345 11346 11347 11348
f  11345 11346 11350 11349
f  11347 11346 11350 11351
f  11348 11347 11351 11352
f  11348 11345 11349 11352
f  11349 11350 11351 11352
v -6.91836E+02  2.19389E+02  1.30527E+02
v -6.81336E+02  2.19389E+02  1.30527E+02
v -6.81336E+02  2.19389E+02  1.19027E+02
v -6.91836E+02  2.19389E+02  1.19027E+02
v -6.91836E+02 -4.06287E+00  1.30527E+02
v -6.81336E+02 -4.06287E+00  1.30527E+02
v -6.81336E+02 -4.06287E+00  1.19027E+02
v -6.91836E+02 -4.06287E+00  1.19027E+02
g vc_ws_7819
s 0
f  11353 11354 11355 11356
f  11353 11354 11358 11357
f  11355 11354 11358 11359
f  11356 11355 11359 11360
f  11356 11353 11357 11360
f  11357 11358 11359 11360
v -7.03336E+02  2.19389E+02  1.30527E+02
v -6.91836E+02  2.19389E+02  1.30527E+02
v -6.91836E+02  2.19389E+02  1.19027E+02
v -7.03336E+02  2.19389E+02  1.19027E+02
v -7.03336E+02 -4.06287E+00  1.30527E+02
v -6.91836E+02 -4.06287E+00  1.30527E+02
v -6.91836E+02 -4.06287E+00  1.19027E+02
v -7.03336E+02 -4.06287E+00  1.19027E+02
g vc_ws_7820
s 0
f  11361 11362 11363 11364
f  11361 11362 11366 11365
f  11363 11362 11366 11367
f  11364 11363 11367 11368
f  11364 11361 11365 11368
f  11365 11366 11367 11368
v -1.86564E+01  2.19389E+02  1.40569E+02
v -1.78259E+00  2.19389E+02  1.40569E+02
v -1.78259E+00  2.19389E+02  1.25684E+02
v -1.86564E+01  2.19389E+02  1.25684E+02
v -1.86564E+01  1.25481E+02  1.40569E+02
v -1.78259E+00  1.25481E+02  1.40569E+02
v -1.78259E+00  1.25481E+02  1.25684E+02
v -1.86564E+01  1.25481E+02  1.25684E+02
g vc_ws_7821
s 0
f  11369 11370 11371 11372
f  11369 11370 11374 11373
f  11371 11370 11374 11375
f  11372 11371 11375 11376
f  11372 11369 11373 11376
f  11373 11374 11375 11376
v -5.81354E+02  2.19389E+02  1.20523E+02
v -5.70354E+02  2.19389E+02  1.20523E+02
v -5.70354E+02  2.19389E+02  1.10408E+02
v -5.81354E+02  2.19389E+02  1.10408E+02
v -5.81354E+02 -4.06287E+00  1.20523E+02
v -5.70354E+02 -4.06287E+00  1.20523E+02
v -5.70354E+02 -4.06287E+00  1.10408E+02
v -5.81354E+02 -4.06287E+00  1.10408E+02
g vc_ws_7823
s 0
f  11377 11378 11379 11380
f  11377 11378 11382 11381
f  11379 11378 11382 11383
f  11380 11379 11383 11384
f  11380 11377 11381 11384
f  11381 11382 11383 11384
v -5.94854E+02  2.19389E+02  1.20523E+02
v -5.81354E+02  2.19389E+02  1.20523E+02
v -5.81354E+02  2.19389E+02  1.10408E+02
v -5.94854E+02  2.19389E+02  1.10408E+02
v -5.94854E+02 -4.06287E+00  1.20523E+02
v -5.81354E+02 -4.06287E+00  1.20523E+02
v -5.81354E+02 -4.06287E+00  1.10408E+02
v -5.94854E+02 -4.06287E+00  1.10408E+02
g vc_ws_7824
s 0
f  11385 11386 11387 11388
f  11385 11386 11390 11389
f  11387 11386 11390 11391
f  11388 11387 11391 11392
f  11388 11385 11389 11392
f  11389 11390 11391 11392
v -5.81354E+02  2.19389E+02  9.89077E+01
v -5.70354E+02  2.19389E+02  9.89077E+01
v -5.70354E+02  2.19389E+02  8.79077E+01
v -5.81354E+02  2.19389E+02  8.79077E+01
v -5.81354E+02 -4.06287E+00  9.89077E+01
v -5.70354E+02 -4.06287E+00  9.89077E+01
v -5.70354E+02 -4.06287E+00  8.79077E+01
v -5.81354E+02 -4.06287E+00  8.79077E+01
g vc_ws_7825
s 0
f  11393 11394 11395 11396
f  11393 11394 11398 11397
f  11395 11394 11398 11399
f  11396 11395 11399 11400
f  11396 11393 11397 11400
f  11397 11398 11399 11400
v -5.81354E+02  2.19389E+02  8.79077E+01
v -5.70354E+02  2.19389E+02  8.79077E+01
v -5.70354E+02  2.19389E+02  7.64077E+01
v -5.81354E+02  2.19389E+02  7.64077E+01
v -5.81354E+02 -4.06287E+00  8.79077E+01
v -5.70354E+02 -4.06287E+00  8.79077E+01
v -5.70354E+02 -4.06287E+00  7.64077E+01
v -5.81354E+02 -4.06287E+00  7.64077E+01
g vc_ws_7826
s 0
f  11401 11402 11403 11404
f  11401 11402 11406 11405
f  11403 11402 11406 11407
f  11404 11403 11407 11408
f  11404 11401 11405 11408
f  11405 11406 11407 11408
v -6.91836E+02  2.19389E+02  1.41527E+02
v -6.81336E+02  2.19389E+02  1.41527E+02
v -6.81336E+02  2.19389E+02  1.30527E+02
v -6.91836E+02  2.19389E+02  1.30527E+02
v -6.91836E+02 -4.06287E+00  1.41527E+02
v -6.81336E+02 -4.06287E+00  1.41527E+02
v -6.81336E+02 -4.06287E+00  1.30527E+02
v -6.91836E+02 -4.06287E+00  1.30527E+02
g vc_ws_7827
s 0
f  11409 11410 11411 11412
f  11409 11410 11414 11413
f  11411 11410 11414 11415
f  11412 11411 11415 11416
f  11412 11409 11413 11416
f  11413 11414 11415 11416
v -7.03336E+02  2.19389E+02  1.41527E+02
v -6.91836E+02  2.19389E+02  1.41527E+02
v -6.91836E+02  2.19389E+02  1.30527E+02
v -7.03336E+02  2.19389E+02  1.30527E+02
v -7.03336E+02 -4.06287E+00  1.41527E+02
v -6.91836E+02 -4.06287E+00  1.41527E+02
v -6.91836E+02 -4.06287E+00  1.30527E+02
v -7.03336E+02 -4.06287E+00  1.30527E+02
g vc_ws_7828
s 0
f  11417 11418 11419 11420
f  11417 11418 11422 11421
f  11419 11418 11422 11423
f  11420 11419 11423 11424
f  11420 11417 11421 11424
f  11421 11422 11423 11424
v -6.91836E+02  2.19389E+02  9.89077E+01
v -6.81336E+02  2.19389E+02  9.89077E+01
v -6.81336E+02  2.19389E+02  8.79077E+01
v -6.91836E+02  2.19389E+02  8.79077E+01
v -6.91836E+02 -4.06287E+00  9.89077E+01
v -6.81336E+02 -4.06287E+00  9.89077E+01
v -6.81336E+02 -4.06287E+00  8.79077E+01
v -6.91836E+02 -4.06287E+00  8.79077E+01
g vc_ws_7829
s 0
f  11425 11426 11427 11428
f  11425 11426 11430 11429
f  11427 11426 11430 11431
f  11428 11427 11431 11432
f  11428 11425 11429 11432
f  11429 11430 11431 11432
v -7.03336E+02  2.19389E+02  9.89077E+01
v -6.91836E+02  2.19389E+02  9.89077E+01
v -6.91836E+02  2.19389E+02  8.79077E+01
v -7.03336E+02  2.19389E+02  8.79077E+01
v -7.03336E+02 -4.06287E+00  9.89077E+01
v -6.91836E+02 -4.06287E+00  9.89077E+01
v -6.91836E+02 -4.06287E+00  8.79077E+01
v -7.03336E+02 -4.06287E+00  8.79077E+01
g vc_ws_7830
s 0
f  11433 11434 11435 11436
f  11433 11434 11438 11437
f  11435 11434 11438 11439
f  11436 11435 11439 11440
f  11436 11433 11437 11440
f  11437 11438 11439 11440
v -6.15854E+02  2.19389E+02  1.10408E+02
v -5.94854E+02  2.19389E+02  1.10408E+02
v -5.94854E+02  2.19389E+02  9.89077E+01
v -6.15854E+02  2.19389E+02  9.89077E+01
v -6.15854E+02  1.11390E+02  1.10408E+02
v -5.94854E+02  1.11390E+02  1.10408E+02
v -5.94854E+02  1.11390E+02  9.89077E+01
v -6.15854E+02  1.11390E+02  9.89077E+01
g vc_ws_7831
s 0
f  11441 11442 11443 11444
f  11441 11442 11446 11445
f  11443 11442 11446 11447
f  11444 11443 11447 11448
f  11444 11441 11445 11448
f  11445 11446 11447 11448
v  1.57174E+01  2.19389E+02  1.40569E+02
v  3.19067E+01  2.19389E+02  1.40569E+02
v  3.19067E+01  2.19389E+02  1.25684E+02
v  1.57174E+01  2.19389E+02  1.25684E+02
v  1.57174E+01  1.22724E+02  1.40569E+02
v  3.19067E+01  1.22724E+02  1.40569E+02
v  3.19067E+01  1.22724E+02  1.25684E+02
v  1.57174E+01  1.22724E+02  1.25684E+02
g vc_ws_7833
s 0
f  11449 11450 11451 11452
f  11449 11450 11454 11453
f  11451 11450 11454 11455
f  11452 11451 11455 11456
f  11452 11449 11453 11456
f  11453 11454 11455 11456
v -1.78259E+00  2.19389E+02  1.25684E+02
v  3.19067E+01  2.19389E+02  1.25684E+02
v  3.19067E+01  2.19389E+02  1.09184E+02
v -1.78259E+00  2.19389E+02  1.09184E+02
v -1.78259E+00  1.49881E+02  1.25684E+02
v  3.19067E+01  1.49881E+02  1.25684E+02
v  3.19067E+01  1.49881E+02  1.09184E+02
v -1.78259E+00  1.49881E+02  1.09184E+02
g vc_ws_7835
s 0
f  11457 11458 11459 11460
f  11457 11458 11462 11461
f  11459 11458 11462 11463
f  11460 11459 11463 11464
f  11460 11457 11461 11464
f  11461 11462 11463 11464
v -1.78259E+00  1.49881E+02  1.25684E+02
v  3.19067E+01  1.49881E+02  1.25684E+02
v  3.19067E+01  1.49881E+02  1.09184E+02
v -1.78259E+00  1.49881E+02  1.09184E+02
v -1.78259E+00  1.22724E+02  1.25684E+02
v  3.19067E+01  1.22724E+02  1.25684E+02
v  3.19067E+01  1.22724E+02  1.09184E+02
v -1.78259E+00  1.22724E+02  1.09184E+02
g vc_ws_7836
s 0
f  11465 11466 11467 11468
f  11465 11466 11470 11469
f  11467 11466 11470 11471
f  11468 11467 11471 11472
f  11468 11465 11469 11472
f  11469 11470 11471 11472
v -6.15854E+02  2.19389E+02  9.89077E+01
v -5.94854E+02  2.19389E+02  9.89077E+01
v -5.94854E+02  2.19389E+02  7.64077E+01
v -6.15854E+02  2.19389E+02  7.64077E+01
v -6.15854E+02  1.48025E+02  9.89077E+01
v -5.94854E+02  1.48025E+02  9.89077E+01
v -5.94854E+02  1.48025E+02  7.64077E+01
v -6.15854E+02  1.48025E+02  7.64077E+01
g vc_ws_7837
s 0
f  11473 11474 11475 11476
f  11473 11474 11478 11477
f  11475 11474 11478 11479
f  11476 11475 11479 11480
f  11476 11473 11477 11480
f  11477 11478 11479 11480
v -6.15854E+02  1.48025E+02  9.89077E+01
v -5.94854E+02  1.48025E+02  9.89077E+01
v -5.94854E+02  1.48025E+02  7.64077E+01
v -6.15854E+02  1.48025E+02  7.64077E+01
v -6.15854E+02  1.06481E+02  9.89077E+01
v -5.94854E+02  1.06481E+02  9.89077E+01
v -5.94854E+02  1.06481E+02  7.64077E+01
v -6.15854E+02  1.06481E+02  7.64077E+01
g vc_ws_7838
s 0
f  11481 11482 11483 11484
f  11481 11482 11486 11485
f  11483 11482 11486 11487
f  11484 11483 11487 11488
f  11484 11481 11485 11488
f  11485 11486 11487 11488
v -6.38354E+02  2.19389E+02  1.61480E+02
v -6.23854E+02  2.19389E+02  1.61480E+02
v -6.23854E+02  2.19389E+02  1.20523E+02
v -6.38354E+02  2.19389E+02  1.20523E+02
v -6.38354E+02  1.70108E+02  1.61480E+02
v -6.23854E+02  1.70108E+02  1.61480E+02
v -6.23854E+02  1.70108E+02  1.20523E+02
v -6.38354E+02  1.70108E+02  1.20523E+02
g vc_ws_7839
s 0
f  11489 11490 11491 11492
f  11489 11490 11494 11493
f  11491 11490 11494 11495
f  11492 11491 11495 11496
f  11492 11489 11493 11496
f  11493 11494 11495 11496
v -6.38354E+02  1.70108E+02  1.61480E+02
v -6.23854E+02  1.70108E+02  1.61480E+02
v -6.23854E+02  1.70108E+02  1.20523E+02
v -6.38354E+02  1.70108E+02  1.20523E+02
v -6.38354E+02  1.35456E+02  1.61480E+02
v -6.23854E+02  1.35456E+02  1.61480E+02
v -6.23854E+02  1.35456E+02  1.20523E+02
v -6.38354E+02  1.35456E+02  1.20523E+02
g vc_ws_7840
s 0
f  11497 11498 11499 11500
f  11497 11498 11502 11501
f  11499 11498 11502 11503
f  11500 11499 11503 11504
f  11500 11497 11501 11504
f  11501 11502 11503 11504
v  1.32393E+01  2.19389E+02  1.57069E+02
v  2.67393E+01  2.19389E+02  1.57069E+02
v  2.67393E+01  2.19389E+02  1.40569E+02
v  1.32393E+01  2.19389E+02  1.40569E+02
v  1.32393E+01  1.22724E+02  1.57069E+02
v  2.67393E+01  1.22724E+02  1.57069E+02
v  2.67393E+01  1.22724E+02  1.40569E+02
v  1.32393E+01  1.22724E+02  1.40569E+02
g vc_ws_7841
s 0
f  11505 11506 11507 11508
f  11505 11506 11510 11509
f  11507 11506 11510 11511
f  11508 11507 11511 11512
f  11508 11505 11509 11512
f  11509 11510 11511 11512
v -1.56384E-01  2.19389E+02  1.57069E+02
v  1.32393E+01  2.19389E+02  1.57069E+02
v  1.32393E+01  2.19389E+02  1.40569E+02
v -1.56384E-01  2.19389E+02  1.40569E+02
v -1.56384E-01  1.22724E+02  1.57069E+02
v  1.32393E+01  1.22724E+02  1.57069E+02
v  1.32393E+01  1.22724E+02  1.40569E+02
v -1.56384E-01  1.22724E+02  1.40569E+02
g vc_ws_7843
s 0
f  11513 11514 11515 11516
f  11513 11514 11518 11517
f  11515 11514 11518 11519
f  11516 11515 11519 11520
f  11516 11513 11517 11520
f  11517 11518 11519 11520
v -6.15854E+02  2.19389E+02  1.20523E+02
v -5.94854E+02  2.19389E+02  1.20523E+02
v -5.94854E+02  2.19389E+02  1.10408E+02
v -6.15854E+02  2.19389E+02  1.10408E+02
v -6.15854E+02  1.11390E+02  1.20523E+02
v -5.94854E+02  1.11390E+02  1.20523E+02
v -5.94854E+02  1.11390E+02  1.10408E+02
v -6.15854E+02  1.11390E+02  1.10408E+02
g vc_ws_7845
s 0
f  11521 11522 11523 11524
f  11521 11522 11526 11525
f  11523 11522 11526 11527
f  11524 11523 11527 11528
f  11524 11521 11525 11528
f  11525 11526 11527 11528
v -5.70354E+02  2.19389E+02  8.79077E+01
v -5.52064E+02  2.19389E+02  8.79077E+01
v -5.52064E+02  2.19389E+02  7.64077E+01
v -5.70354E+02  2.19389E+02  7.64077E+01
v -5.70354E+02  9.54445E+01  8.79077E+01
v -5.52064E+02  9.54445E+01  8.79077E+01
v -5.52064E+02  9.54445E+01  7.64077E+01
v -5.70354E+02  9.54445E+01  7.64077E+01
g vc_ws_7847
s 0
f  11529 11530 11531 11532
f  11529 11530 11534 11533
f  11531 11530 11534 11535
f  11532 11531 11535 11536
f  11532 11529 11533 11536
f  11533 11534 11535 11536
v -6.10854E+02  2.19389E+02  1.61480E+02
v -5.83854E+02  2.19389E+02  1.61480E+02
v -5.83854E+02  2.19389E+02  1.41023E+02
v -6.10854E+02  2.19389E+02  1.41023E+02
v -6.10854E+02  1.72064E+02  1.61480E+02
v -5.83854E+02  1.72064E+02  1.61480E+02
v -5.83854E+02  1.72064E+02  1.41023E+02
v -6.10854E+02  1.72064E+02  1.41023E+02
g vc_ws_7849
s 0
f  11537 11538 11539 11540
f  11537 11538 11542 11541
f  11539 11538 11542 11543
f  11540 11539 11543 11544
f  11540 11537 11541 11544
f  11541 11542 11543 11544
v -6.10854E+02  1.72064E+02  1.61480E+02
v -5.83854E+02  1.72064E+02  1.61480E+02
v -5.83854E+02  1.72064E+02  1.41023E+02
v -6.10854E+02  1.72064E+02  1.41023E+02
v -6.10854E+02  1.35456E+02  1.61480E+02
v -5.83854E+02  1.35456E+02  1.61480E+02
v -5.83854E+02  1.35456E+02  1.41023E+02
v -6.10854E+02  1.35456E+02  1.41023E+02
g vc_ws_7850
s 0
f  11545 11546 11547 11548
f  11545 11546 11550 11549
f  11547 11546 11550 11551
f  11548 11547 11551 11552
f  11548 11545 11549 11552
f  11549 11550 11551 11552
v  1.32393E+01  2.19389E+02  1.72069E+02
v  2.67393E+01  2.19389E+02  1.72069E+02
v  2.67393E+01  2.19389E+02  1.57069E+02
v  1.32393E+01  2.19389E+02  1.57069E+02
v  1.32393E+01  1.22395E+02  1.72069E+02
v  2.67393E+01  1.22395E+02  1.72069E+02
v  2.67393E+01  1.22395E+02  1.57069E+02
v  1.32393E+01  1.22395E+02  1.57069E+02
g vc_ws_7851
s 0
f  11553 11554 11555 11556
f  11553 11554 11558 11557
f  11555 11554 11558 11559
f  11556 11555 11559 11560
f  11556 11553 11557 11560
f  11557 11558 11559 11560
v -5.70354E+02  2.19389E+02  9.89077E+01
v -5.52064E+02  2.19389E+02  9.89077E+01
v -5.52064E+02  2.19389E+02  8.79077E+01
v -5.70354E+02  2.19389E+02  8.79077E+01
v -5.70354E+02  1.11108E+02  9.89077E+01
v -5.52064E+02  1.11108E+02  9.89077E+01
v -5.52064E+02  1.11108E+02  8.79077E+01
v -5.70354E+02  1.11108E+02  8.79077E+01
g vc_ws_7853
s 0
f  11561 11562 11563 11564
f  11561 11562 11566 11565
f  11563 11562 11566 11567
f  11564 11563 11567 11568
f  11564 11561 11565 11568
f  11565 11566 11567 11568
v  2.67393E+01  2.19389E+02  1.57069E+02
v  3.87393E+01  2.19389E+02  1.57069E+02
v  3.87393E+01  2.19389E+02  1.40569E+02
v  2.67393E+01  2.19389E+02  1.40569E+02
v  2.67393E+01  1.22724E+02  1.57069E+02
v  3.87393E+01  1.22724E+02  1.57069E+02
v  3.87393E+01  1.22724E+02  1.40569E+02
v  2.67393E+01  1.22724E+02  1.40569E+02
g vc_ws_7855
s 0
f  11569 11570 11571 11572
f  11569 11570 11574 11573
f  11571 11570 11574 11575
f  11572 11571 11575 11576
f  11572 11569 11573 11576
f  11573 11574 11575 11576
v -7.03336E+02  2.19389E+02  1.19027E+02
v -6.81336E+02  2.19389E+02  1.19027E+02
v -6.81336E+02  2.19389E+02  9.89077E+01
v -7.03336E+02  2.19389E+02  9.89077E+01
v -7.03336E+02  1.86597E+02  1.19027E+02
v -6.81336E+02  1.86597E+02  1.19027E+02
v -6.81336E+02  1.86597E+02  9.89077E+01
v -7.03336E+02  1.86597E+02  9.89077E+01
g vc_ws_7857
s 0
f  11577 11578 11579 11580
f  11577 11578 11582 11581
f  11579 11578 11582 11583
f  11580 11579 11583 11584
f  11580 11577 11581 11584
f  11581 11582 11583 11584
v -7.03336E+02  1.86597E+02  1.19027E+02
v -6.81336E+02  1.86597E+02  1.19027E+02
v -6.81336E+02  1.86597E+02  9.89077E+01
v -7.03336E+02  1.86597E+02  9.89077E+01
v -7.03336E+02  1.22631E+02  1.19027E+02
v -6.81336E+02  1.22631E+02  1.19027E+02
v -6.81336E+02  1.22631E+02  9.89077E+01
v -7.03336E+02  1.22631E+02  9.89077E+01
g vc_ws_7858
s 0
f  11585 11586 11587 11588
f  11585 11586 11590 11589
f  11587 11586 11590 11591
f  11588 11587 11591 11592
f  11588 11585 11589 11592
f  11589 11590 11591 11592
v -5.70354E+02  2.19389E+02  1.20523E+02
v -5.52064E+02  2.19389E+02  1.20523E+02
v -5.52064E+02  2.19389E+02  9.89077E+01
v -5.70354E+02  2.19389E+02  9.89077E+01
v -5.70354E+02  1.46091E+02  1.20523E+02
v -5.52064E+02  1.46091E+02  1.20523E+02
v -5.52064E+02  1.46091E+02  9.89077E+01
v -5.70354E+02  1.46091E+02  9.89077E+01
g vc_ws_7859
s 0
f  11593 11594 11595 11596
f  11593 11594 11598 11597
f  11595 11594 11598 11599
f  11596 11595 11599 11600
f  11596 11593 11597 11600
f  11597 11598 11599 11600
v -5.70354E+02  1.46091E+02  1.20523E+02
v -5.52064E+02  1.46091E+02  1.20523E+02
v -5.52064E+02  1.46091E+02  9.89077E+01
v -5.70354E+02  1.46091E+02  9.89077E+01
v -5.70354E+02  1.11108E+02  1.20523E+02
v -5.52064E+02  1.11108E+02  1.20523E+02
v -5.52064E+02  1.11108E+02  9.89077E+01
v -5.70354E+02  1.11108E+02  9.89077E+01
g vc_ws_7860
s 0
f  11601 11602 11603 11604
f  11601 11602 11606 11605
f  11603 11602 11606 11607
f  11604 11603 11607 11608
f  11604 11601 11605 11608
f  11605 11606 11607 11608
v -1.56564E+01  2.19389E+02  1.72069E+02
v  1.32393E+01  2.19389E+02  1.72069E+02
v  1.32393E+01  2.19389E+02  1.57069E+02
v -1.56564E+01  2.19389E+02  1.57069E+02
v -1.56564E+01  1.82923E+02  1.72069E+02
v  1.32393E+01  1.82923E+02  1.72069E+02
v  1.32393E+01  1.82923E+02  1.57069E+02
v -1.56564E+01  1.82923E+02  1.57069E+02
g vc_ws_7861
s 0
f  11609 11610 11611 11612
f  11609 11610 11614 11613
f  11611 11610 11614 11615
f  11612 11611 11615 11616
f  11612 11609 11613 11616
f  11613 11614 11615 11616
v -1.56564E+01  1.82923E+02  1.72069E+02
v  1.32393E+01  1.82923E+02  1.72069E+02
v  1.32393E+01  1.82923E+02  1.57069E+02
v -1.56564E+01  1.82923E+02  1.57069E+02
v -1.56564E+01  1.22395E+02  1.72069E+02
v  1.32393E+01  1.22395E+02  1.72069E+02
v  1.32393E+01  1.22395E+02  1.57069E+02
v -1.56564E+01  1.22395E+02  1.57069E+02
g vc_ws_7862
s 0
f  11617 11618 11619 11620
f  11617 11618 11622 11621
f  11619 11618 11622 11623
f  11620 11619 11623 11624
f  11620 11617 11621 11624
f  11621 11622 11623 11624
v  3.87393E+01  2.19389E+02  1.72069E+02
v  5.12393E+01  2.19389E+02  1.72069E+02
v  5.12393E+01  2.19389E+02  1.57069E+02
v  3.87393E+01  2.19389E+02  1.57069E+02
v  3.87393E+01  1.18078E+02  1.72069E+02
v  5.12393E+01  1.18078E+02  1.72069E+02
v  5.12393E+01  1.18078E+02  1.57069E+02
v  3.87393E+01  1.18078E+02  1.57069E+02
g vc_ws_7863
s 0
f  11625 11626 11627 11628
f  11625 11626 11630 11629
f  11627 11626 11630 11631
f  11628 11627 11631 11632
f  11628 11625 11629 11632
f  11629 11630 11631 11632
v -6.96336E+02  2.19389E+02 -3.54819E+01
v -6.81836E+02  2.19389E+02 -3.54819E+01
v -6.81836E+02  2.19389E+02 -4.79819E+01
v -6.96336E+02  2.19389E+02 -4.79819E+01
v -6.96336E+02  1.03310E+02 -3.54819E+01
v -6.81836E+02  1.03310E+02 -3.54819E+01
v -6.81836E+02  1.03310E+02 -4.79819E+01
v -6.96336E+02  1.03310E+02 -4.79819E+01
g vc_ws_7865
s 0
f  11633 11634 11635 11636
f  11633 11634 11638 11637
f  11635 11634 11638 11639
f  11636 11635 11639 11640
f  11636 11633 11637 11640
f  11637 11638 11639 11640
v  2.67393E+01  2.19389E+02  1.72069E+02
v  3.87393E+01  2.19389E+02  1.72069E+02
v  3.87393E+01  2.19389E+02  1.57069E+02
v  2.67393E+01  2.19389E+02  1.57069E+02
v  2.67393E+01  1.22395E+02  1.72069E+02
v  3.87393E+01  1.22395E+02  1.72069E+02
v  3.87393E+01  1.22395E+02  1.57069E+02
v  2.67393E+01  1.22395E+02  1.57069E+02
g vc_ws_7867
s 0
f  11641 11642 11643 11644
f  11641 11642 11646 11645
f  11643 11642 11646 11647
f  11644 11643 11647 11648
f  11644 11641 11645 11648
f  11645 11646 11647 11648
v  3.87393E+01  2.19389E+02  1.57069E+02
v  6.24147E+01  2.19389E+02  1.57069E+02
v  6.24147E+01  2.19389E+02  1.40569E+02
v  3.87393E+01  2.19389E+02  1.40569E+02
v  3.87393E+01  1.38951E+02  1.57069E+02
v  6.24147E+01  1.38951E+02  1.57069E+02
v  6.24147E+01  1.38951E+02  1.40569E+02
v  3.87393E+01  1.38951E+02  1.40569E+02
g vc_ws_7869
s 0
f  11649 11650 11651 11652
f  11649 11650 11654 11653
f  11651 11650 11654 11655
f  11652 11651 11655 11656
f  11652 11649 11653 11656
f  11653 11654 11655 11656
v  3.87393E+01  1.38951E+02  1.57069E+02
v  6.24147E+01  1.38951E+02  1.57069E+02
v  6.24147E+01  1.38951E+02  1.40569E+02
v  3.87393E+01  1.38951E+02  1.40569E+02
v  3.87393E+01  1.19651E+02  1.57069E+02
v  6.24147E+01  1.19651E+02  1.57069E+02
v  6.24147E+01  1.19651E+02  1.40569E+02
v  3.87393E+01  1.19651E+02  1.40569E+02
g vc_ws_7870
s 0
f  11657 11658 11659 11660
f  11657 11658 11662 11661
f  11659 11658 11662 11663
f  11660 11659 11663 11664
f  11660 11657 11661 11664
f  11661 11662 11663 11664
v -7.25836E+02  2.19389E+02  1.41527E+02
v -7.03336E+02  2.19389E+02  1.41527E+02
v -7.03336E+02  2.19389E+02  1.19027E+02
v -7.25836E+02  2.19389E+02  1.19027E+02
v -7.25836E+02  1.86497E+02  1.41527E+02
v -7.03336E+02  1.86497E+02  1.41527E+02
v -7.03336E+02  1.86497E+02  1.19027E+02
v -7.25836E+02  1.86497E+02  1.19027E+02
g vc_ws_7871
s 0
f  11665 11666 11667 11668
f  11665 11666 11670 11669
f  11667 11666 11670 11671
f  11668 11667 11671 11672
f  11668 11665 11669 11672
f  11669 11670 11671 11672
v -7.25836E+02  1.86497E+02  1.41527E+02
v -7.03336E+02  1.86497E+02  1.41527E+02
v -7.03336E+02  1.86497E+02  1.19027E+02
v -7.25836E+02  1.86497E+02  1.19027E+02
v -7.25836E+02  1.42466E+02  1.41527E+02
v -7.03336E+02  1.42466E+02  1.41527E+02
v -7.03336E+02  1.42466E+02  1.19027E+02
v -7.25836E+02  1.42466E+02  1.19027E+02
g vc_ws_7872
s 0
f  11673 11674 11675 11676
f  11673 11674 11678 11677
f  11675 11674 11678 11679
f  11676 11675 11679 11680
f  11676 11673 11677 11680
f  11677 11678 11679 11680
v -7.25836E+02  2.19389E+02  9.89077E+01
v -7.03336E+02  2.19389E+02  9.89077E+01
v -7.03336E+02  2.19389E+02  7.64077E+01
v -7.25836E+02  2.19389E+02  7.64077E+01
v -7.25836E+02  1.86493E+02  9.89077E+01
v -7.03336E+02  1.86493E+02  9.89077E+01
v -7.03336E+02  1.86493E+02  7.64077E+01
v -7.25836E+02  1.86493E+02  7.64077E+01
g vc_ws_7873
s 0
f  11681 11682 11683 11684
f  11681 11682 11686 11685
f  11683 11682 11686 11687
f  11684 11683 11687 11688
f  11684 11681 11685 11688
f  11685 11686 11687 11688
v -7.25836E+02  1.86493E+02  9.89077E+01
v -7.03336E+02  1.86493E+02  9.89077E+01
v -7.03336E+02  1.86493E+02  7.64077E+01
v -7.25836E+02  1.86493E+02  7.64077E+01
v -7.25836E+02  1.43330E+02  9.89077E+01
v -7.03336E+02  1.43330E+02  9.89077E+01
v -7.03336E+02  1.43330E+02  7.64077E+01
v -7.25836E+02  1.43330E+02  7.64077E+01
g vc_ws_7874
s 0
f  11689 11690 11691 11692
f  11689 11690 11694 11693
f  11691 11690 11694 11695
f  11692 11691 11695 11696
f  11692 11689 11693 11696
f  11693 11694 11695 11696
v -6.96336E+02  2.19389E+02 -2.08489E+00
v -6.81836E+02  2.19389E+02 -2.08489E+00
v -6.81836E+02  2.19389E+02 -2.44819E+01
v -6.96336E+02  2.19389E+02 -2.44819E+01
v -6.96336E+02  1.85355E+02 -2.08489E+00
v -6.81836E+02  1.85355E+02 -2.08489E+00
v -6.81836E+02  1.85355E+02 -2.44819E+01
v -6.96336E+02  1.85355E+02 -2.44819E+01
g vc_ws_7875
s 0
f  11697 11698 11699 11700
f  11697 11698 11702 11701
f  11699 11698 11702 11703
f  11700 11699 11703 11704
f  11700 11697 11701 11704
f  11701 11702 11703 11704
v -6.96336E+02  1.85355E+02 -2.08489E+00
v -6.81836E+02  1.85355E+02 -2.08489E+00
v -6.81836E+02  1.85355E+02 -2.44819E+01
v -6.96336E+02  1.85355E+02 -2.44819E+01
v -6.96336E+02  1.03310E+02 -2.08489E+00
v -6.81836E+02  1.03310E+02 -2.08489E+00
v -6.81836E+02  1.03310E+02 -2.44819E+01
v -6.96336E+02  1.03310E+02 -2.44819E+01
g vc_ws_7876
s 0
f  11705 11706 11707 11708
f  11705 11706 11710 11709
f  11707 11706 11710 11711
f  11708 11707 11711 11712
f  11708 11705 11709 11712
f  11709 11710 11711 11712
v -6.81336E+02  2.19389E+02  1.61480E+02
v -6.58836E+02  2.19389E+02  1.61480E+02
v -6.58836E+02  2.19389E+02  1.41527E+02
v -6.81336E+02  2.19389E+02  1.41527E+02
v -6.81336E+02  1.60244E+02  1.61480E+02
v -6.58836E+02  1.60244E+02  1.61480E+02
v -6.58836E+02  1.60244E+02  1.41527E+02
v -6.81336E+02  1.60244E+02  1.41527E+02
g vc_ws_7877
s 0
f  11713 11714 11715 11716
f  11713 11714 11718 11717
f  11715 11714 11718 11719
f  11716 11715 11719 11720
f  11716 11713 11717 11720
f  11717 11718 11719 11720
v -6.81336E+02  1.60244E+02  1.61480E+02
v -6.58836E+02  1.60244E+02  1.61480E+02
v -6.58836E+02  1.60244E+02  1.41527E+02
v -6.81336E+02  1.60244E+02  1.41527E+02
v -6.81336E+02  1.35456E+02  1.61480E+02
v -6.58836E+02  1.35456E+02  1.61480E+02
v -6.58836E+02  1.35456E+02  1.41527E+02
v -6.81336E+02  1.35456E+02  1.41527E+02
g vc_ws_7878
s 0
f  11721 11722 11723 11724
f  11721 11722 11726 11725
f  11723 11722 11726 11727
f  11724 11723 11727 11728
f  11724 11721 11725 11728
f  11725 11726 11727 11728
v  5.12393E+01  2.19389E+02  1.72069E+02
v  6.24147E+01  2.19389E+02  1.72069E+02
v  6.24147E+01  2.19389E+02  1.57069E+02
v  5.12393E+01  2.19389E+02  1.57069E+02
v  5.12393E+01  1.18078E+02  1.72069E+02
v  6.24147E+01  1.18078E+02  1.72069E+02
v  6.24147E+01  1.18078E+02  1.57069E+02
v  5.12393E+01  1.18078E+02  1.57069E+02
g vc_ws_7879
s 0
f  11729 11730 11731 11732
f  11729 11730 11734 11733
f  11731 11730 11734 11735
f  11732 11731 11735 11736
f  11732 11729 11733 11736
f  11733 11734 11735 11736
v -6.81836E+02  2.19389E+02 -3.54819E+01
v -6.68450E+02  2.19389E+02 -3.54819E+01
v -6.68450E+02  2.19389E+02 -4.79819E+01
v -6.81836E+02  2.19389E+02 -4.79819E+01
v -6.81836E+02  1.03310E+02 -3.54819E+01
v -6.68450E+02  1.03310E+02 -3.54819E+01
v -6.68450E+02  1.03310E+02 -4.79819E+01
v -6.81836E+02  1.03310E+02 -4.79819E+01
g vc_ws_7881
s 0
f  11737 11738 11739 11740
f  11737 11738 11742 11741
f  11739 11738 11742 11743
f  11740 11739 11743 11744
f  11740 11737 11741 11744
f  11741 11742 11743 11744
v -7.03336E+02  2.19389E+02  6.37462E+01
v -6.91836E+02  2.19389E+02  6.37462E+01
v -6.91836E+02  2.19389E+02  4.92462E+01
v -7.03336E+02  2.19389E+02  4.92462E+01
v -7.03336E+02  1.44367E+02  6.37462E+01
v -6.91836E+02  1.44367E+02  6.37462E+01
v -6.91836E+02  1.44367E+02  4.92462E+01
v -7.03336E+02  1.44367E+02  4.92462E+01
g vc_ws_7883
s 0
f  11745 11746 11747 11748
f  11745 11746 11750 11749
f  11747 11746 11750 11751
f  11748 11747 11751 11752
f  11748 11745 11749 11752
f  11749 11750 11751 11752
v -6.96336E+02  2.19389E+02 -2.44819E+01
v -6.81836E+02  2.19389E+02 -2.44819E+01
v -6.81836E+02  2.19389E+02 -3.54819E+01
v -6.96336E+02  2.19389E+02 -3.54819E+01
v -6.96336E+02  1.03310E+02 -2.44819E+01
v -6.81836E+02  1.03310E+02 -2.44819E+01
v -6.81836E+02  1.03310E+02 -3.54819E+01
v -6.96336E+02  1.03310E+02 -3.54819E+01
g vc_ws_7885
s 0
f  11753 11754 11755 11756
f  11753 11754 11758 11757
f  11755 11754 11758 11759
f  11756 11755 11759 11760
f  11756 11753 11757 11760
f  11757 11758 11759 11760
v -7.25836E+02  2.19389E+02  1.19027E+02
v -7.03336E+02  2.19389E+02  1.19027E+02
v -7.03336E+02  2.19389E+02  9.89077E+01
v -7.25836E+02  2.19389E+02  9.89077E+01
v -7.25836E+02  1.86497E+02  1.19027E+02
v -7.03336E+02  1.86497E+02  1.19027E+02
v -7.03336E+02  1.86497E+02  9.89077E+01
v -7.25836E+02  1.86497E+02  9.89077E+01
g vc_ws_7887
s 0
f  11761 11762 11763 11764
f  11761 11762 11766 11765
f  11763 11762 11766 11767
f  11764 11763 11767 11768
f  11764 11761 11765 11768
f  11765 11766 11767 11768
v -7.25836E+02  1.86497E+02  1.19027E+02
v -7.03336E+02  1.86497E+02  1.19027E+02
v -7.03336E+02  1.86497E+02  9.89077E+01
v -7.25836E+02  1.86497E+02  9.89077E+01
v -7.25836E+02  1.42466E+02  1.19027E+02
v -7.03336E+02  1.42466E+02  1.19027E+02
v -7.03336E+02  1.42466E+02  9.89077E+01
v -7.25836E+02  1.42466E+02  9.89077E+01
g vc_ws_7888
s 0
f  11769 11770 11771 11772
f  11769 11770 11774 11773
f  11771 11770 11774 11775
f  11772 11771 11775 11776
f  11772 11769 11773 11776
f  11773 11774 11775 11776
v -6.81836E+02  2.19389E+02 -1.29819E+01
v -6.68450E+02  2.19389E+02 -1.29819E+01
v -6.68450E+02  2.19389E+02 -2.44819E+01
v -6.81836E+02  2.19389E+02 -2.44819E+01
v -6.81836E+02  1.03310E+02 -1.29819E+01
v -6.68450E+02  1.03310E+02 -1.29819E+01
v -6.68450E+02  1.03310E+02 -2.44819E+01
v -6.81836E+02  1.03310E+02 -2.44819E+01
g vc_ws_7889
s 0
f  11777 11778 11779 11780
f  11777 11778 11782 11781
f  11779 11778 11782 11783
f  11780 11779 11783 11784
f  11780 11777 11781 11784
f  11781 11782 11783 11784
v -6.58836E+02  2.19389E+02  1.61480E+02
v -6.38354E+02  2.19389E+02  1.61480E+02
v -6.38354E+02  2.19389E+02  1.41527E+02
v -6.58836E+02  2.19389E+02  1.41527E+02
v -6.58836E+02  1.70108E+02  1.61480E+02
v -6.38354E+02  1.70108E+02  1.61480E+02
v -6.38354E+02  1.70108E+02  1.41527E+02
v -6.58836E+02  1.70108E+02  1.41527E+02
g vc_ws_7891
s 0
f  11785 11786 11787 11788
f  11785 11786 11790 11789
f  11787 11786 11790 11791
f  11788 11787 11791 11792
f  11788 11785 11789 11792
f  11789 11790 11791 11792
v -6.58836E+02  1.70108E+02  1.61480E+02
v -6.38354E+02  1.70108E+02  1.61480E+02
v -6.38354E+02  1.70108E+02  1.41527E+02
v -6.58836E+02  1.70108E+02  1.41527E+02
v -6.58836E+02  1.35456E+02  1.61480E+02
v -6.38354E+02  1.35456E+02  1.61480E+02
v -6.38354E+02  1.35456E+02  1.41527E+02
v -6.58836E+02  1.35456E+02  1.41527E+02
g vc_ws_7892
s 0
f  11793 11794 11795 11796
f  11793 11794 11798 11797
f  11795 11794 11798 11799
f  11796 11795 11799 11800
f  11796 11793 11797 11800
f  11797 11798 11799 11800
v -6.42389E+02  2.19389E+02  1.75980E+02
v -6.31889E+02  2.19389E+02  1.75980E+02
v -6.31889E+02  2.19389E+02  1.61480E+02
v -6.42389E+02  2.19389E+02  1.61480E+02
v -6.42389E+02  1.38994E+02  1.75980E+02
v -6.31889E+02  1.38994E+02  1.75980E+02
v -6.31889E+02  1.38994E+02  1.61480E+02
v -6.42389E+02  1.38994E+02  1.61480E+02
g vc_ws_7893
s 0
f  11801 11802 11803 11804
f  11801 11802 11806 11805
f  11803 11802 11806 11807
f  11804 11803 11807 11808
f  11804 11801 11805 11808
f  11805 11806 11807 11808
v -6.91836E+02  2.19389E+02  6.37462E+01
v -6.81336E+02  2.19389E+02  6.37462E+01
v -6.81336E+02  2.19389E+02  4.92462E+01
v -6.91836E+02  2.19389E+02  4.92462E+01
v -6.91836E+02  1.22631E+02  6.37462E+01
v -6.81336E+02  1.22631E+02  6.37462E+01
v -6.81336E+02  1.22631E+02  4.92462E+01
v -6.91836E+02  1.22631E+02  4.92462E+01
g vc_ws_7895
s 0
f  11809 11810 11811 11812
f  11809 11810 11814 11813
f  11811 11810 11814 11815
f  11812 11811 11815 11816
f  11812 11809 11813 11816
f  11813 11814 11815 11816
v -6.81336E+02  2.19389E+02  3.62462E+01
v -6.58836E+02  2.19389E+02  3.62462E+01
v -6.58836E+02  2.19389E+02  2.07462E+01
v -6.81336E+02  2.19389E+02  2.07462E+01
v -6.81336E+02  1.80284E+02  3.62462E+01
v -6.58836E+02  1.80284E+02  3.62462E+01
v -6.58836E+02  1.80284E+02  2.07462E+01
v -6.81336E+02  1.80284E+02  2.07462E+01
g vc_ws_7897
s 0
f  11817 11818 11819 11820
f  11817 11818 11822 11821
f  11819 11818 11822 11823
f  11820 11819 11823 11824
f  11820 11817 11821 11824
f  11821 11822 11823 11824
v -6.81336E+02  1.80284E+02  3.62462E+01
v -6.58836E+02  1.80284E+02  3.62462E+01
v -6.58836E+02  1.80284E+02  2.07462E+01
v -6.81336E+02  1.80284E+02  2.07462E+01
v -6.81336E+02  1.22631E+02  3.62462E+01
v -6.58836E+02  1.22631E+02  3.62462E+01
v -6.58836E+02  1.22631E+02  2.07462E+01
v -6.81336E+02  1.22631E+02  2.07462E+01
g vc_ws_7898
s 0
f  11825 11826 11827 11828
f  11825 11826 11830 11829
f  11827 11826 11830 11831
f  11828 11827 11831 11832
f  11828 11825 11829 11832
f  11829 11830 11831 11832
v -4.25615E+02  2.19389E+02  8.57654E+01
v -4.03115E+02  2.19389E+02  8.57654E+01
v -4.03115E+02  2.19389E+02  7.32654E+01
v -4.25615E+02  2.19389E+02  7.32654E+01
v -4.25615E+02  1.39824E+02  8.57654E+01
v -4.03115E+02  1.39824E+02  8.57654E+01
v -4.03115E+02  1.39824E+02  7.32654E+01
v -4.25615E+02  1.39824E+02  7.32654E+01
g vc_ws_7899
s 0
f  11833 11834 11835 11836
f  11833 11834 11838 11837
f  11835 11834 11838 11839
f  11836 11835 11839 11840
f  11836 11833 11837 11840
f  11837 11838 11839 11840
v -4.25615E+02  1.39824E+02  8.57654E+01
v -4.03115E+02  1.39824E+02  8.57654E+01
v -4.03115E+02  1.39824E+02  7.32654E+01
v -4.25615E+02  1.39824E+02  7.32654E+01
v -4.25615E+02  1.00223E+02  8.57654E+01
v -4.03115E+02  1.00223E+02  8.57654E+01
v -4.03115E+02  1.00223E+02  7.32654E+01
v -4.25615E+02  1.00223E+02  7.32654E+01
g vc_ws_7900
s 0
f  11841 11842 11843 11844
f  11841 11842 11846 11845
f  11843 11842 11846 11847
f  11844 11843 11847 11848
f  11844 11841 11845 11848
f  11845 11846 11847 11848
v -6.81336E+02  2.19389E+02  4.92462E+01
v -6.69836E+02  2.19389E+02  4.92462E+01
v -6.69836E+02  2.19389E+02  3.62462E+01
v -6.81336E+02  2.19389E+02  3.62462E+01
v -6.81336E+02  1.22631E+02  4.92462E+01
v -6.69836E+02  1.22631E+02  4.92462E+01
v -6.69836E+02  1.22631E+02  3.62462E+01
v -6.81336E+02  1.22631E+02  3.62462E+01
g vc_ws_7901
s 0
f  11849 11850 11851 11852
f  11849 11850 11854 11853
f  11851 11850 11854 11855
f  11852 11851 11855 11856
f  11852 11849 11853 11856
f  11853 11854 11855 11856
v -7.03336E+02  2.19389E+02  4.92462E+01
v -6.91836E+02  2.19389E+02  4.92462E+01
v -6.91836E+02  2.19389E+02  3.62462E+01
v -7.03336E+02  2.19389E+02  3.62462E+01
v -7.03336E+02  1.44367E+02  4.92462E+01
v -6.91836E+02  1.44367E+02  4.92462E+01
v -6.91836E+02  1.44367E+02  3.62462E+01
v -7.03336E+02  1.44367E+02  3.62462E+01
g vc_ws_7903
s 0
f  11857 11858 11859 11860
f  11857 11858 11862 11861
f  11859 11858 11862 11863
f  11860 11859 11863 11864
f  11860 11857 11861 11864
f  11861 11862 11863 11864
v -7.03336E+02  2.19389E+02  3.62462E+01
v -6.81336E+02  2.19389E+02  3.62462E+01
v -6.81336E+02  2.19389E+02  2.07462E+01
v -7.03336E+02  2.19389E+02  2.07462E+01
v -7.03336E+02  1.85258E+02  3.62462E+01
v -6.81336E+02  1.85258E+02  3.62462E+01
v -6.81336E+02  1.85258E+02  2.07462E+01
v -7.03336E+02  1.85258E+02  2.07462E+01
g vc_ws_7905
s 0
f  11865 11866 11867 11868
f  11865 11866 11870 11869
f  11867 11866 11870 11871
f  11868 11867 11871 11872
f  11868 11865 11869 11872
f  11869 11870 11871 11872
v -7.03336E+02  1.85258E+02  3.62462E+01
v -6.81336E+02  1.85258E+02  3.62462E+01
v -6.81336E+02  1.85258E+02  2.07462E+01
v -7.03336E+02  1.85258E+02  2.07462E+01
v -7.03336E+02  1.22631E+02  3.62462E+01
v -6.81336E+02  1.22631E+02  3.62462E+01
v -6.81336E+02  1.22631E+02  2.07462E+01
v -7.03336E+02  1.22631E+02  2.07462E+01
g vc_ws_7906
s 0
f  11873 11874 11875 11876
f  11873 11874 11878 11877
f  11875 11874 11878 11879
f  11876 11875 11879 11880
f  11876 11873 11877 11880
f  11877 11878 11879 11880
v -6.81836E+02  2.19389E+02 -2.44819E+01
v -6.68450E+02  2.19389E+02 -2.44819E+01
v -6.68450E+02  2.19389E+02 -3.54819E+01
v -6.81836E+02  2.19389E+02 -3.54819E+01
v -6.81836E+02  1.03310E+02 -2.44819E+01
v -6.68450E+02  1.03310E+02 -2.44819E+01
v -6.68450E+02  1.03310E+02 -3.54819E+01
v -6.81836E+02  1.03310E+02 -3.54819E+01
g vc_ws_7907
s 0
f  11881 11882 11883 11884
f  11881 11882 11886 11885
f  11883 11882 11886 11887
f  11884 11883 11887 11888
f  11884 11881 11885 11888
f  11885 11886 11887 11888
v -6.81836E+02  2.19389E+02 -2.08489E+00
v -6.68450E+02  2.19389E+02 -2.08489E+00
v -6.68450E+02  2.19389E+02 -1.29819E+01
v -6.81836E+02  2.19389E+02 -1.29819E+01
v -6.81836E+02  1.03310E+02 -2.08489E+00
v -6.68450E+02  1.03310E+02 -2.08489E+00
v -6.68450E+02  1.03310E+02 -1.29819E+01
v -6.81836E+02  1.03310E+02 -1.29819E+01
g vc_ws_7909
s 0
f  11889 11890 11891 11892
f  11889 11890 11894 11893
f  11891 11890 11894 11895
f  11892 11891 11895 11896
f  11892 11889 11893 11896
f  11893 11894 11895 11896
v -7.03336E+02  2.19389E+02  7.64077E+01
v -6.91836E+02  2.19389E+02  7.64077E+01
v -6.91836E+02  2.19389E+02  6.37462E+01
v -7.03336E+02  2.19389E+02  6.37462E+01
v -7.03336E+02  1.44367E+02  7.64077E+01
v -6.91836E+02  1.44367E+02  7.64077E+01
v -6.91836E+02  1.44367E+02  6.37462E+01
v -7.03336E+02  1.44367E+02  6.37462E+01
g vc_ws_7911
s 0
f  11897 11898 11899 11900
f  11897 11898 11902 11901
f  11899 11898 11902 11903
f  11900 11899 11903 11904
f  11900 11897 11901 11904
f  11901 11902 11903 11904
v -6.31889E+02  2.19389E+02  1.75980E+02
v -6.21889E+02  2.19389E+02  1.75980E+02
v -6.21889E+02  2.19389E+02  1.61480E+02
v -6.31889E+02  2.19389E+02  1.61480E+02
v -6.31889E+02  1.38994E+02  1.75980E+02
v -6.21889E+02  1.38994E+02  1.75980E+02
v -6.21889E+02  1.38994E+02  1.61480E+02
v -6.31889E+02  1.38994E+02  1.61480E+02
g vc_ws_7913
s 0
f  11905 11906 11907 11908
f  11905 11906 11910 11909
f  11907 11906 11910 11911
f  11908 11907 11911 11912
f  11908 11905 11909 11912
f  11909 11910 11911 11912
v -6.69836E+02  2.19389E+02  4.92462E+01
v -6.58836E+02  2.19389E+02  4.92462E+01
v -6.58836E+02  2.19389E+02  3.62462E+01
v -6.69836E+02  2.19389E+02  3.62462E+01
v -6.69836E+02  1.22631E+02  4.92462E+01
v -6.58836E+02  1.22631E+02  4.92462E+01
v -6.58836E+02  1.22631E+02  3.62462E+01
v -6.69836E+02  1.22631E+02  3.62462E+01
g vc_ws_7915
s 0
f  11913 11914 11915 11916
f  11913 11914 11918 11917
f  11915 11914 11918 11919
f  11916 11915 11919 11920
f  11916 11913 11917 11920
f  11917 11918 11919 11920
v -4.03115E+02  2.19389E+02  8.57654E+01
v -3.82115E+02  2.19389E+02  8.57654E+01
v -3.82115E+02  2.19389E+02  7.32654E+01
v -4.03115E+02  2.19389E+02  7.32654E+01
v -4.03115E+02  1.68389E+02  8.57654E+01
v -3.82115E+02  1.68389E+02  8.57654E+01
v -3.82115E+02  1.68389E+02  7.32654E+01
v -4.03115E+02  1.68389E+02  7.32654E+01
g vc_ws_7917
s 0
f  11921 11922 11923 11924
f  11921 11922 11926 11925
f  11923 11922 11926 11927
f  11924 11923 11927 11928
f  11924 11921 11925 11928
f  11925 11926 11927 11928
v -4.03115E+02  1.68389E+02  8.57654E+01
v -3.82115E+02  1.68389E+02  8.57654E+01
v -3.82115E+02  1.68389E+02  7.32654E+01
v -4.03115E+02  1.68389E+02  7.32654E+01
v -4.03115E+02  1.00223E+02  8.57654E+01
v -3.82115E+02  1.00223E+02  8.57654E+01
v -3.82115E+02  1.00223E+02  7.32654E+01
v -4.03115E+02  1.00223E+02  7.32654E+01
g vc_ws_7918
s 0
f  11929 11930 11931 11932
f  11929 11930 11934 11933
f  11931 11930 11934 11935
f  11932 11931 11935 11936
f  11932 11929 11933 11936
f  11933 11934 11935 11936
v -6.91836E+02  2.19389E+02  4.92462E+01
v -6.81336E+02  2.19389E+02  4.92462E+01
v -6.81336E+02  2.19389E+02  3.62462E+01
v -6.91836E+02  2.19389E+02  3.62462E+01
v -6.91836E+02  1.22631E+02  4.92462E+01
v -6.81336E+02  1.22631E+02  4.92462E+01
v -6.81336E+02  1.22631E+02  3.62462E+01
v -6.91836E+02  1.22631E+02  3.62462E+01
g vc_ws_7919
s 0
f  11937 11938 11939 11940
f  11937 11938 11942 11941
f  11939 11938 11942 11943
f  11940 11939 11943 11944
f  11940 11937 11941 11944
f  11941 11942 11943 11944
v -6.91836E+02  2.19389E+02  7.64077E+01
v -6.81336E+02  2.19389E+02  7.64077E+01
v -6.81336E+02  2.19389E+02  6.37462E+01
v -6.91836E+02  2.19389E+02  6.37462E+01
v -6.91836E+02  1.22631E+02  7.64077E+01
v -6.81336E+02  1.22631E+02  7.64077E+01
v -6.81336E+02  1.22631E+02  6.37462E+01
v -6.91836E+02  1.22631E+02  6.37462E+01
g vc_ws_7921
s 0
f  11945 11946 11947 11948
f  11945 11946 11950 11949
f  11947 11946 11950 11951
f  11948 11947 11951 11952
f  11948 11945 11949 11952
f  11949 11950 11951 11952
v -3.82115E+02  2.19389E+02  8.57654E+01
v -3.59615E+02  2.19389E+02  8.57654E+01
v -3.59615E+02  2.19389E+02  7.32654E+01
v -3.82115E+02  2.19389E+02  7.32654E+01
v -3.82115E+02  1.68319E+02  8.57654E+01
v -3.59615E+02  1.68319E+02  8.57654E+01
v -3.59615E+02  1.68319E+02  7.32654E+01
v -3.82115E+02  1.68319E+02  7.32654E+01
g vc_ws_7923
s 0
f  11953 11954 11955 11956
f  11953 11954 11958 11957
f  11955 11954 11958 11959
f  11956 11955 11959 11960
f  11956 11953 11957 11960
f  11957 11958 11959 11960
v -3.82115E+02  1.68319E+02  8.57654E+01
v -3.59615E+02  1.68319E+02  8.57654E+01
v -3.59615E+02  1.68319E+02  7.32654E+01
v -3.82115E+02  1.68319E+02  7.32654E+01
v -3.82115E+02  1.14196E+02  8.57654E+01
v -3.59615E+02  1.14196E+02  8.57654E+01
v -3.59615E+02  1.14196E+02  7.32654E+01
v -3.82115E+02  1.14196E+02  7.32654E+01
g vc_ws_7924
s 0
f  11961 11962 11963 11964
f  11961 11962 11966 11965
f  11963 11962 11966 11967
f  11964 11963 11967 11968
f  11964 11961 11965 11968
f  11965 11966 11967 11968
v -3.82115E+02  2.19389E+02  9.67654E+01
v -3.70615E+02  2.19389E+02  9.67654E+01
v -3.70615E+02  2.19389E+02  8.57654E+01
v -3.82115E+02  2.19389E+02  8.57654E+01
v -3.82115E+02  1.14196E+02  9.67654E+01
v -3.70615E+02  1.14196E+02  9.67654E+01
v -3.70615E+02  1.14196E+02  8.57654E+01
v -3.82115E+02  1.14196E+02  8.57654E+01
g vc_ws_7925
s 0
f  11969 11970 11971 11972
f  11969 11970 11974 11973
f  11971 11970 11974 11975
f  11972 11971 11975 11976
f  11972 11969 11973 11976
f  11973 11974 11975 11976
v -4.25615E+02  2.19389E+02  9.67654E+01
v -4.14115E+02  2.19389E+02  9.67654E+01
v -4.14115E+02  2.19389E+02  8.57654E+01
v -4.25615E+02  2.19389E+02  8.57654E+01
v -4.25615E+02  1.00223E+02  9.67654E+01
v -4.14115E+02  1.00223E+02  9.67654E+01
v -4.14115E+02  1.00223E+02  8.57654E+01
v -4.25615E+02  1.00223E+02  8.57654E+01
g vc_ws_7927
s 0
f  11977 11978 11979 11980
f  11977 11978 11982 11981
f  11979 11978 11982 11983
f  11980 11979 11983 11984
f  11980 11977 11981 11984
f  11981 11982 11983 11984
v -4.25615E+02  1.00223E+02  9.67654E+01
v -4.14115E+02  1.00223E+02  9.67654E+01
v -4.14115E+02  1.00223E+02  8.57654E+01
v -4.25615E+02  1.00223E+02  8.57654E+01
v -4.25615E+02 -4.06287E+00  9.67654E+01
v -4.14115E+02 -4.06287E+00  9.67654E+01
v -4.14115E+02 -4.06287E+00  8.57654E+01
v -4.25615E+02 -4.06287E+00  8.57654E+01
g vc_ws_7928
s 0
f  11985 11986 11987 11988
f  11985 11986 11990 11989
f  11987 11986 11990 11991
f  11988 11987 11991 11992
f  11988 11985 11989 11992
f  11989 11990 11991 11992
v -4.03115E+02  2.19389E+02  9.67654E+01
v -3.82115E+02  2.19389E+02  9.67654E+01
v -3.82115E+02  2.19389E+02  8.57654E+01
v -4.03115E+02  2.19389E+02  8.57654E+01
v -4.03115E+02  1.38213E+02  9.67654E+01
v -3.82115E+02  1.38213E+02  9.67654E+01
v -3.82115E+02  1.38213E+02  8.57654E+01
v -4.03115E+02  1.38213E+02  8.57654E+01
g vc_ws_7929
s 0
f  11993 11994 11995 11996
f  11993 11994 11998 11997
f  11995 11994 11998 11999
f  11996 11995 11999 12000
f  11996 11993 11997 12000
f  11997 11998 11999 12000
v -4.03115E+02  1.38213E+02  9.67654E+01
v -3.82115E+02  1.38213E+02  9.67654E+01
v -3.82115E+02  1.38213E+02  8.57654E+01
v -4.03115E+02  1.38213E+02  8.57654E+01
v -4.03115E+02  1.00223E+02  9.67654E+01
v -3.82115E+02  1.00223E+02  9.67654E+01
v -3.82115E+02  1.00223E+02  8.57654E+01
v -4.03115E+02  1.00223E+02  8.57654E+01
g vc_ws_7930
s 0
f  12001 12002 12003 12004
f  12001 12002 12006 12005
f  12003 12002 12006 12007
f  12004 12003 12007 12008
f  12004 12001 12005 12008
f  12005 12006 12007 12008
v -7.01868E+02  1.84563E+02 -1.91454E+02
v -6.79368E+02  1.84563E+02 -1.91454E+02
v -6.79368E+02  1.84563E+02 -2.06954E+02
v -7.01868E+02  1.84563E+02 -2.06954E+02
v -7.01868E+02  1.45483E+02 -1.91454E+02
v -6.79368E+02  1.45483E+02 -1.91454E+02
v -6.79368E+02  1.45483E+02 -2.06954E+02
v -7.01868E+02  1.45483E+02 -2.06954E+02
g vc_ws_7931
s 0
f  12009 12010 12011 12012
f  12009 12010 12014 12013
f  12011 12010 12014 12015
f  12012 12011 12015 12016
f  12012 12009 12013 12016
f  12013 12014 12015 12016
v -7.01868E+02  1.45483E+02 -1.91454E+02
v -6.79368E+02  1.45483E+02 -1.91454E+02
v -6.79368E+02  1.45483E+02 -2.06954E+02
v -7.01868E+02  1.45483E+02 -2.06954E+02
v -7.01868E+02  1.06403E+02 -1.91454E+02
v -6.79368E+02  1.06403E+02 -1.91454E+02
v -6.79368E+02  1.06403E+02 -2.06954E+02
v -7.01868E+02  1.06403E+02 -2.06954E+02
g vc_ws_7932
s 0
f  12017 12018 12019 12020
f  12017 12018 12022 12021
f  12019 12018 12022 12023
f  12020 12019 12023 12024
f  12020 12017 12021 12024
f  12021 12022 12023 12024
v -4.14115E+02  2.19389E+02  9.67654E+01
v -4.03115E+02  2.19389E+02  9.67654E+01
v -4.03115E+02  2.19389E+02  8.57654E+01
v -4.14115E+02  2.19389E+02  8.57654E+01
v -4.14115E+02  1.00223E+02  9.67654E+01
v -4.03115E+02  1.00223E+02  9.67654E+01
v -4.03115E+02  1.00223E+02  8.57654E+01
v -4.14115E+02  1.00223E+02  8.57654E+01
g vc_ws_7933
s 0
f  12025 12026 12027 12028
f  12025 12026 12030 12029
f  12027 12026 12030 12031
f  12028 12027 12031 12032
f  12028 12025 12029 12032
f  12029 12030 12031 12032
v -3.70615E+02  2.19389E+02  9.67654E+01
v -3.59615E+02  2.19389E+02  9.67654E+01
v -3.59615E+02  2.19389E+02  8.57654E+01
v -3.70615E+02  2.19389E+02  8.57654E+01
v -3.70615E+02  1.14196E+02  9.67654E+01
v -3.59615E+02  1.14196E+02  9.67654E+01
v -3.59615E+02  1.14196E+02  8.57654E+01
v -3.70615E+02  1.14196E+02  8.57654E+01
g vc_ws_7935
s 0
f  12033 12034 12035 12036
f  12033 12034 12038 12037
f  12035 12034 12038 12039
f  12036 12035 12039 12040
f  12036 12033 12037 12040
f  12037 12038 12039 12040
v -6.98834E+02  1.92134E+02 -1.60778E+02
v -6.81334E+02  1.92134E+02 -1.60778E+02
v -6.81334E+02  1.92134E+02 -1.78278E+02
v -6.98834E+02  1.92134E+02 -1.78278E+02
v -6.98834E+02  1.49269E+02 -1.60778E+02
v -6.81334E+02  1.49269E+02 -1.60778E+02
v -6.81334E+02  1.49269E+02 -1.78278E+02
v -6.98834E+02  1.49269E+02 -1.78278E+02
g vc_ws_7937
s 0
f  12041 12042 12043 12044
f  12041 12042 12046 12045
f  12043 12042 12046 12047
f  12044 12043 12047 12048
f  12044 12041 12045 12048
f  12045 12046 12047 12048
v -6.98834E+02  1.49269E+02 -1.60778E+02
v -6.81334E+02  1.49269E+02 -1.60778E+02
v -6.81334E+02  1.49269E+02 -1.78278E+02
v -6.98834E+02  1.49269E+02 -1.78278E+02
v -6.98834E+02  1.06403E+02 -1.60778E+02
v -6.81334E+02  1.06403E+02 -1.60778E+02
v -6.81334E+02  1.06403E+02 -1.78278E+02
v -6.98834E+02  1.06403E+02 -1.78278E+02
g vc_ws_7938
s 0
f  12049 12050 12051 12052
f  12049 12050 12054 12053
f  12051 12050 12054 12055
f  12052 12051 12055 12056
f  12052 12049 12053 12056
f  12053 12054 12055 12056
v -3.59615E+02  2.19389E+02  8.57654E+01
v -3.39808E+02  2.19389E+02  8.57654E+01
v -3.39808E+02  2.19389E+02  7.32654E+01
v -3.59615E+02  2.19389E+02  7.32654E+01
v -3.59615E+02  1.76959E+02  8.57654E+01
v -3.39808E+02  1.76959E+02  8.57654E+01
v -3.39808E+02  1.76959E+02  7.32654E+01
v -3.59615E+02  1.76959E+02  7.32654E+01
g vc_ws_7939
s 0
f  12057 12058 12059 12060
f  12057 12058 12062 12061
f  12059 12058 12062 12063
f  12060 12059 12063 12064
f  12060 12057 12061 12064
f  12061 12062 12063 12064
v -3.59615E+02  1.76959E+02  8.57654E+01
v -3.39808E+02  1.76959E+02  8.57654E+01
v -3.39808E+02  1.76959E+02  7.32654E+01
v -3.59615E+02  1.76959E+02  7.32654E+01
v -3.59615E+02  1.14196E+02  8.57654E+01
v -3.39808E+02  1.14196E+02  8.57654E+01
v -3.39808E+02  1.14196E+02  7.32654E+01
v -3.59615E+02  1.14196E+02  7.32654E+01
g vc_ws_7940
s 0
f  12065 12066 12067 12068
f  12065 12066 12070 12069
f  12067 12066 12070 12071
f  12068 12067 12071 12072
f  12068 12065 12069 12072
f  12069 12070 12071 12072
v -7.48790E+02  1.75315E+02 -3.07710E+02
v -7.31521E+02  1.75315E+02 -3.07710E+02
v -7.31521E+02  1.75315E+02 -3.30210E+02
v -7.48790E+02  1.75315E+02 -3.30210E+02
v -7.48790E+02  1.41864E+02 -3.07710E+02
v -7.31521E+02  1.41864E+02 -3.07710E+02
v -7.31521E+02  1.41864E+02 -3.30210E+02
v -7.48790E+02  1.41864E+02 -3.30210E+02
g vc_ws_7941
s 0
f  12073 12074 12075 12076
f  12073 12074 12078 12077
f  12075 12074 12078 12079
f  12076 12075 12079 12080
f  12076 12073 12077 12080
f  12077 12078 12079 12080
v -7.48790E+02  1.41864E+02 -3.07710E+02
v -7.31521E+02  1.41864E+02 -3.07710E+02
v -7.31521E+02  1.41864E+02 -3.30210E+02
v -7.48790E+02  1.41864E+02 -3.30210E+02
v -7.48790E+02  1.08413E+02 -3.07710E+02
v -7.31521E+02  1.08413E+02 -3.07710E+02
v -7.31521E+02  1.08413E+02 -3.30210E+02
v -7.48790E+02  1.08413E+02 -3.30210E+02
g vc_ws_7942
s 0
f  12081 12082 12083 12084
f  12081 12082 12086 12085
f  12083 12082 12086 12087
f  12084 12083 12087 12088
f  12084 12081 12085 12088
f  12085 12086 12087 12088
v -3.77417E+01  1.06745E+02 -7.32200E+01
v -2.32417E+01  1.06745E+02 -7.32200E+01
v -2.32417E+01  1.06745E+02 -8.92200E+01
v -3.77417E+01  1.06745E+02 -8.92200E+01
v -3.77417E+01  6.27735E+01 -7.32200E+01
v -2.32417E+01  6.27735E+01 -7.32200E+01
v -2.32417E+01  6.27735E+01 -8.92200E+01
v -3.77417E+01  6.27735E+01 -8.92200E+01
g vc_ws_7943
s 0
f  12089 12090 12091 12092
f  12089 12090 12094 12093
f  12091 12090 12094 12095
f  12092 12091 12095 12096
f  12092 12089 12093 12096
f  12093 12094 12095 12096
v -3.77417E+01  6.27735E+01 -7.32200E+01
v -2.32417E+01  6.27735E+01 -7.32200E+01
v -2.32417E+01  6.27735E+01 -8.92200E+01
v -3.77417E+01  6.27735E+01 -8.92200E+01
v -3.77417E+01 -4.06287E+00 -7.32200E+01
v -2.32417E+01 -4.06287E+00 -7.32200E+01
v -2.32417E+01 -4.06287E+00 -8.92200E+01
v -3.77417E+01 -4.06287E+00 -8.92200E+01
g vc_ws_7944
s 0
f  12097 12098 12099 12100
f  12097 12098 12102 12101
f  12099 12098 12102 12103
f  12100 12099 12103 12104
f  12100 12097 12101 12104
f  12101 12102 12103 12104
v -6.86390E+02  1.93803E+02 -6.56015E+01
v -6.58172E+02  1.93803E+02 -6.56015E+01
v -6.58172E+02  1.93803E+02 -8.51015E+01
v -6.86390E+02  1.93803E+02 -8.51015E+01
v -6.86390E+02  1.71179E+02 -6.56015E+01
v -6.58172E+02  1.71179E+02 -6.56015E+01
v -6.58172E+02  1.71179E+02 -8.51015E+01
v -6.86390E+02  1.71179E+02 -8.51015E+01
g vc_ws_7945
s 0
f  12105 12106 12107 12108
f  12105 12106 12110 12109
f  12107 12106 12110 12111
f  12108 12107 12111 12112
f  12108 12105 12109 12112
f  12109 12110 12111 12112
v -6.86390E+02  1.71179E+02 -6.56015E+01
v -6.58172E+02  1.71179E+02 -6.56015E+01
v -6.58172E+02  1.71179E+02 -8.51015E+01
v -6.86390E+02  1.71179E+02 -8.51015E+01
v -6.86390E+02  1.48556E+02 -6.56015E+01
v -6.58172E+02  1.48556E+02 -6.56015E+01
v -6.58172E+02  1.48556E+02 -8.51015E+01
v -6.86390E+02  1.48556E+02 -8.51015E+01
g vc_ws_7946
s 0
f  12113 12114 12115 12116
f  12113 12114 12118 12117
f  12115 12114 12118 12119
f  12116 12115 12119 12120
f  12116 12113 12117 12120
f  12117 12118 12119 12120
v -7.48790E+02  1.76754E+02 -2.86710E+02
v -7.31521E+02  1.76754E+02 -2.86710E+02
v -7.31521E+02  1.76754E+02 -3.07710E+02
v -7.48790E+02  1.76754E+02 -3.07710E+02
v -7.48790E+02  1.42688E+02 -2.86710E+02
v -7.31521E+02  1.42688E+02 -2.86710E+02
v -7.31521E+02  1.42688E+02 -3.07710E+02
v -7.48790E+02  1.42688E+02 -3.07710E+02
g vc_ws_7947
s 0
f  12121 12122 12123 12124
f  12121 12122 12126 12125
f  12123 12122 12126 12127
f  12124 12123 12127 12128
f  12124 12121 12125 12128
f  12125 12126 12127 12128
v -7.48790E+02  1.42688E+02 -2.86710E+02
v -7.31521E+02  1.42688E+02 -2.86710E+02
v -7.31521E+02  1.42688E+02 -3.07710E+02
v -7.48790E+02  1.42688E+02 -3.07710E+02
v -7.48790E+02  1.08623E+02 -2.86710E+02
v -7.31521E+02  1.08623E+02 -2.86710E+02
v -7.31521E+02  1.08623E+02 -3.07710E+02
v -7.48790E+02  1.08623E+02 -3.07710E+02
g vc_ws_7948
s 0
f  12129 12130 12131 12132
f  12129 12130 12134 12133
f  12131 12130 12134 12135
f  12132 12131 12135 12136
f  12132 12129 12133 12136
f  12133 12134 12135 12136
v -6.83043E+02  2.19389E+02  1.71980E+02
v -6.72543E+02  2.19389E+02  1.71980E+02
v -6.72543E+02  2.19389E+02  1.61480E+02
v -6.83043E+02  2.19389E+02  1.61480E+02
v -6.83043E+02  1.40958E+02  1.71980E+02
v -6.72543E+02  1.40958E+02  1.71980E+02
v -6.72543E+02  1.40958E+02  1.61480E+02
v -6.83043E+02  1.40958E+02  1.61480E+02
g vc_ws_7949
s 0
f  12137 12138 12139 12140
f  12137 12138 12142 12141
f  12139 12138 12142 12143
f  12140 12139 12143 12144
f  12140 12137 12141 12144
f  12141 12142 12143 12144
v -6.98834E+02  1.92134E+02 -1.44778E+02
v -6.81334E+02  1.92134E+02 -1.44778E+02
v -6.81334E+02  1.92134E+02 -1.60778E+02
v -6.98834E+02  1.92134E+02 -1.60778E+02
v -6.98834E+02  1.49269E+02 -1.44778E+02
v -6.81334E+02  1.49269E+02 -1.44778E+02
v -6.81334E+02  1.49269E+02 -1.60778E+02
v -6.98834E+02  1.49269E+02 -1.60778E+02
g vc_ws_7951
s 0
f  12145 12146 12147 12148
f  12145 12146 12150 12149
f  12147 12146 12150 12151
f  12148 12147 12151 12152
f  12148 12145 12149 12152
f  12149 12150 12151 12152
v -6.98834E+02  1.49269E+02 -1.44778E+02
v -6.81334E+02  1.49269E+02 -1.44778E+02
v -6.81334E+02  1.49269E+02 -1.60778E+02
v -6.98834E+02  1.49269E+02 -1.60778E+02
v -6.98834E+02  1.06403E+02 -1.44778E+02
v -6.81334E+02  1.06403E+02 -1.44778E+02
v -6.81334E+02  1.06403E+02 -1.60778E+02
v -6.98834E+02  1.06403E+02 -1.60778E+02
g vc_ws_7952
s 0
f  12153 12154 12155 12156
f  12153 12154 12158 12157
f  12155 12154 12158 12159
f  12156 12155 12159 12160
f  12156 12153 12157 12160
f  12157 12158 12159 12160
v -6.86390E+02  1.89631E+02 -4.79819E+01
v -6.70890E+02  1.89631E+02 -4.79819E+01
v -6.70890E+02  1.89631E+02 -6.56015E+01
v -6.86390E+02  1.89631E+02 -6.56015E+01
v -6.86390E+02  1.46470E+02 -4.79819E+01
v -6.70890E+02  1.46470E+02 -4.79819E+01
v -6.70890E+02  1.46470E+02 -6.56015E+01
v -6.86390E+02  1.46470E+02 -6.56015E+01
g vc_ws_7953
s 0
f  12161 12162 12163 12164
f  12161 12162 12166 12165
f  12163 12162 12166 12167
f  12164 12163 12167 12168
f  12164 12161 12165 12168
f  12165 12166 12167 12168
v -6.72543E+02  2.19389E+02  1.71980E+02
v -6.62543E+02  2.19389E+02  1.71980E+02
v -6.62543E+02  2.19389E+02  1.61480E+02
v -6.72543E+02  2.19389E+02  1.61480E+02
v -6.72543E+02  1.40958E+02  1.71980E+02
v -6.62543E+02  1.40958E+02  1.71980E+02
v -6.62543E+02  1.40958E+02  1.61480E+02
v -6.72543E+02  1.40958E+02  1.61480E+02
g vc_ws_7955
s 0
f  12169 12170 12171 12172
f  12169 12170 12174 12173
f  12171 12170 12174 12175
f  12172 12171 12175 12176
f  12172 12169 12173 12176
f  12173 12174 12175 12176
v -6.21889E+02  2.19389E+02  1.75980E+02
v -6.01889E+02  2.19389E+02  1.75980E+02
v -6.01889E+02  2.19389E+02  1.61480E+02
v -6.21889E+02  2.19389E+02  1.61480E+02
v -6.21889E+02  1.72047E+02  1.75980E+02
v -6.01889E+02  1.72047E+02  1.75980E+02
v -6.01889E+02  1.72047E+02  1.61480E+02
v -6.21889E+02  1.72047E+02  1.61480E+02
g vc_ws_7957
s 0
f  12177 12178 12179 12180
f  12177 12178 12182 12181
f  12179 12178 12182 12183
f  12180 12179 12183 12184
f  12180 12177 12181 12184
f  12181 12182 12183 12184
v -6.21889E+02  1.72047E+02  1.75980E+02
v -6.01889E+02  1.72047E+02  1.75980E+02
v -6.01889E+02  1.72047E+02  1.61480E+02
v -6.21889E+02  1.72047E+02  1.61480E+02
v -6.21889E+02  1.38752E+02  1.75980E+02
v -6.01889E+02  1.38752E+02  1.75980E+02
v -6.01889E+02  1.38752E+02  1.61480E+02
v -6.21889E+02  1.38752E+02  1.61480E+02
g vc_ws_7958
s 0
f  12185 12186 12187 12188
f  12185 12186 12190 12189
f  12187 12186 12190 12191
f  12188 12187 12191 12192
f  12188 12185 12189 12192
f  12189 12190 12191 12192
v -3.59615E+02  2.19389E+02  9.67654E+01
v -3.39808E+02  2.19389E+02  9.67654E+01
v -3.39808E+02  2.19389E+02  8.57654E+01
v -3.59615E+02  2.19389E+02  8.57654E+01
v -3.59615E+02  1.76959E+02  9.67654E+01
v -3.39808E+02  1.76959E+02  9.67654E+01
v -3.39808E+02  1.76959E+02  8.57654E+01
v -3.59615E+02  1.76959E+02  8.57654E+01
g vc_ws_7959
s 0
f  12193 12194 12195 12196
f  12193 12194 12198 12197
f  12195 12194 12198 12199
f  12196 12195 12199 12200
f  12196 12193 12197 12200
f  12197 12198 12199 12200
v -3.59615E+02  1.76959E+02  9.67654E+01
v -3.39808E+02  1.76959E+02  9.67654E+01
v -3.39808E+02  1.76959E+02  8.57654E+01
v -3.59615E+02  1.76959E+02  8.57654E+01
v -3.59615E+02  1.14196E+02  9.67654E+01
v -3.39808E+02  1.14196E+02  9.67654E+01
v -3.39808E+02  1.14196E+02  8.57654E+01
v -3.59615E+02  1.14196E+02  8.57654E+01
g vc_ws_7960
s 0
f  12201 12202 12203 12204
f  12201 12202 12206 12205
f  12203 12202 12206 12207
f  12204 12203 12207 12208
f  12204 12201 12205 12208
f  12205 12206 12207 12208
v -3.77417E+01  9.15667E+01 -8.92200E+01
v -2.32417E+01  9.15667E+01 -8.92200E+01
v -2.32417E+01  9.15667E+01 -1.05720E+02
v -3.77417E+01  9.15667E+01 -1.05720E+02
v -3.77417E+01  6.28494E+01 -8.92200E+01
v -2.32417E+01  6.28494E+01 -8.92200E+01
v -2.32417E+01  6.28494E+01 -1.05720E+02
v -3.77417E+01  6.28494E+01 -1.05720E+02
g vc_ws_7961
s 0
f  12209 12210 12211 12212
f  12209 12210 12214 12213
f  12211 12210 12214 12215
f  12212 12211 12215 12216
f  12212 12209 12213 12216
f  12213 12214 12215 12216
v -3.77417E+01  6.28494E+01 -8.92200E+01
v -2.32417E+01  6.28494E+01 -8.92200E+01
v -2.32417E+01  6.28494E+01 -1.05720E+02
v -3.77417E+01  6.28494E+01 -1.05720E+02
v -3.77417E+01 -4.06287E+00 -8.92200E+01
v -2.32417E+01 -4.06287E+00 -8.92200E+01
v -2.32417E+01 -4.06287E+00 -1.05720E+02
v -3.77417E+01 -4.06287E+00 -1.05720E+02
g vc_ws_7962
s 0
f  12217 12218 12219 12220
f  12217 12218 12222 12221
f  12219 12218 12222 12223
f  12220 12219 12223 12224
f  12220 12217 12221 12224
f  12221 12222 12223 12224
v -3.77417E+01  9.15667E+01 -1.20673E+02
v -2.32417E+01  9.15667E+01 -1.20673E+02
v -2.32417E+01  9.15667E+01 -1.37173E+02
v -3.77417E+01  9.15667E+01 -1.37173E+02
v -3.77417E+01  5.27469E+01 -1.20673E+02
v -2.32417E+01  5.27469E+01 -1.20673E+02
v -2.32417E+01  5.27469E+01 -1.37173E+02
v -3.77417E+01  5.27469E+01 -1.37173E+02
g vc_ws_7963
s 0
f  12225 12226 12227 12228
f  12225 12226 12230 12229
f  12227 12226 12230 12231
f  12228 12227 12231 12232
f  12228 12225 12229 12232
f  12229 12230 12231 12232
v -6.77949E+02  1.89055E+02 -9.85025E+01
v -6.58172E+02  1.89055E+02 -9.85025E+01
v -6.58172E+02  1.89055E+02 -1.13003E+02
v -6.77949E+02  1.89055E+02 -1.13003E+02
v -6.77949E+02  1.49858E+02 -9.85025E+01
v -6.58172E+02  1.49858E+02 -9.85025E+01
v -6.58172E+02  1.49858E+02 -1.13003E+02
v -6.77949E+02  1.49858E+02 -1.13003E+02
g vc_ws_7965
s 0
f  12233 12234 12235 12236
f  12233 12234 12238 12237
f  12235 12234 12238 12239
f  12236 12235 12239 12240
f  12236 12233 12237 12240
f  12237 12238 12239 12240
v -6.77949E+02  1.49858E+02 -9.85025E+01
v -6.58172E+02  1.49858E+02 -9.85025E+01
v -6.58172E+02  1.49858E+02 -1.13003E+02
v -6.77949E+02  1.49858E+02 -1.13003E+02
v -6.77949E+02  1.10660E+02 -9.85025E+01
v -6.58172E+02  1.10660E+02 -9.85025E+01
v -6.58172E+02  1.10660E+02 -1.13003E+02
v -6.77949E+02  1.10660E+02 -1.13003E+02
g vc_ws_7966
s 0
f  12241 12242 12243 12244
f  12241 12242 12246 12245
f  12243 12242 12246 12247
f  12244 12243 12247 12248
f  12244 12241 12245 12248
f  12245 12246 12247 12248
v -6.81334E+02  1.88448E+02 -1.28278E+02
v -6.64985E+02  1.88448E+02 -1.28278E+02
v -6.64985E+02  1.88448E+02 -1.44778E+02
v -6.81334E+02  1.88448E+02 -1.44778E+02
v -6.81334E+02  1.47426E+02 -1.28278E+02
v -6.64985E+02  1.47426E+02 -1.28278E+02
v -6.64985E+02  1.47426E+02 -1.44778E+02
v -6.81334E+02  1.47426E+02 -1.44778E+02
g vc_ws_7967
s 0
f  12249 12250 12251 12252
f  12249 12250 12254 12253
f  12251 12250 12254 12255
f  12252 12251 12255 12256
f  12252 12249 12253 12256
f  12253 12254 12255 12256
v -6.81334E+02  1.47426E+02 -1.28278E+02
v -6.64985E+02  1.47426E+02 -1.28278E+02
v -6.64985E+02  1.47426E+02 -1.44778E+02
v -6.81334E+02  1.47426E+02 -1.44778E+02
v -6.81334E+02  1.06403E+02 -1.28278E+02
v -6.64985E+02  1.06403E+02 -1.28278E+02
v -6.64985E+02  1.06403E+02 -1.44778E+02
v -6.81334E+02  1.06403E+02 -1.44778E+02
g vc_ws_7968
s 0
f  12257 12258 12259 12260
f  12257 12258 12262 12261
f  12259 12258 12262 12263
f  12260 12259 12263 12264
f  12260 12257 12261 12264
f  12261 12262 12263 12264
v -6.81334E+02  1.88448E+02 -1.44778E+02
v -6.64985E+02  1.88448E+02 -1.44778E+02
v -6.64985E+02  1.88448E+02 -1.60778E+02
v -6.81334E+02  1.88448E+02 -1.60778E+02
v -6.81334E+02  1.47426E+02 -1.44778E+02
v -6.64985E+02  1.47426E+02 -1.44778E+02
v -6.64985E+02  1.47426E+02 -1.60778E+02
v -6.81334E+02  1.47426E+02 -1.60778E+02
g vc_ws_7969
s 0
f  12265 12266 12267 12268
f  12265 12266 12270 12269
f  12267 12266 12270 12271
f  12268 12267 12271 12272
f  12268 12265 12269 12272
f  12269 12270 12271 12272
v -6.81334E+02  1.47426E+02 -1.44778E+02
v -6.64985E+02  1.47426E+02 -1.44778E+02
v -6.64985E+02  1.47426E+02 -1.60778E+02
v -6.81334E+02  1.47426E+02 -1.60778E+02
v -6.81334E+02  1.06403E+02 -1.44778E+02
v -6.64985E+02  1.06403E+02 -1.44778E+02
v -6.64985E+02  1.06403E+02 -1.60778E+02
v -6.81334E+02  1.06403E+02 -1.60778E+02
g vc_ws_7970
s 0
f  12273 12274 12275 12276
f  12273 12274 12278 12277
f  12275 12274 12278 12279
f  12276 12275 12279 12280
f  12276 12273 12277 12280
f  12277 12278 12279 12280
v -6.77949E+02  1.89055E+02 -8.51015E+01
v -6.58172E+02  1.89055E+02 -8.51015E+01
v -6.58172E+02  1.89055E+02 -9.85025E+01
v -6.77949E+02  1.89055E+02 -9.85025E+01
v -6.77949E+02  1.49858E+02 -8.51015E+01
v -6.58172E+02  1.49858E+02 -8.51015E+01
v -6.58172E+02  1.49858E+02 -9.85025E+01
v -6.77949E+02  1.49858E+02 -9.85025E+01
g vc_ws_7971
s 0
f  12281 12282 12283 12284
f  12281 12282 12286 12285
f  12283 12282 12286 12287
f  12284 12283 12287 12288
f  12284 12281 12285 12288
f  12285 12286 12287 12288
v -6.77949E+02  1.49858E+02 -8.51015E+01
v -6.58172E+02  1.49858E+02 -8.51015E+01
v -6.58172E+02  1.49858E+02 -9.85025E+01
v -6.77949E+02  1.49858E+02 -9.85025E+01
v -6.77949E+02  1.10660E+02 -8.51015E+01
v -6.58172E+02  1.10660E+02 -8.51015E+01
v -6.58172E+02  1.10660E+02 -9.85025E+01
v -6.77949E+02  1.10660E+02 -9.85025E+01
g vc_ws_7972
s 0
f  12289 12290 12291 12292
f  12289 12290 12294 12293
f  12291 12290 12294 12295
f  12292 12291 12295 12296
f  12292 12289 12293 12296
f  12293 12294 12295 12296
v -3.77417E+01  9.15667E+01 -1.05720E+02
v -2.32417E+01  9.15667E+01 -1.05720E+02
v -2.32417E+01  9.15667E+01 -1.20673E+02
v -3.77417E+01  9.15667E+01 -1.20673E+02
v -3.77417E+01  6.28494E+01 -1.05720E+02
v -2.32417E+01  6.28494E+01 -1.05720E+02
v -2.32417E+01  6.28494E+01 -1.20673E+02
v -3.77417E+01  6.28494E+01 -1.20673E+02
g vc_ws_7973
s 0
f  12297 12298 12299 12300
f  12297 12298 12302 12301
f  12299 12298 12302 12303
f  12300 12299 12303 12304
f  12300 12297 12301 12304
f  12301 12302 12303 12304
v -6.81334E+02  1.89077E+02 -1.13003E+02
v -6.64985E+02  1.89077E+02 -1.13003E+02
v -6.64985E+02  1.89077E+02 -1.28278E+02
v -6.81334E+02  1.89077E+02 -1.28278E+02
v -6.81334E+02  1.47740E+02 -1.13003E+02
v -6.64985E+02  1.47740E+02 -1.13003E+02
v -6.64985E+02  1.47740E+02 -1.28278E+02
v -6.81334E+02  1.47740E+02 -1.28278E+02
g vc_ws_7975
s 0
f  12305 12306 12307 12308
f  12305 12306 12310 12309
f  12307 12306 12310 12311
f  12308 12307 12311 12312
f  12308 12305 12309 12312
f  12309 12310 12311 12312
v -6.81334E+02  1.47740E+02 -1.13003E+02
v -6.64985E+02  1.47740E+02 -1.13003E+02
v -6.64985E+02  1.47740E+02 -1.28278E+02
v -6.81334E+02  1.47740E+02 -1.28278E+02
v -6.81334E+02  1.06403E+02 -1.13003E+02
v -6.64985E+02  1.06403E+02 -1.13003E+02
v -6.64985E+02  1.06403E+02 -1.28278E+02
v -6.81334E+02  1.06403E+02 -1.28278E+02
g vc_ws_7976
s 0
f  12313 12314 12315 12316
f  12313 12314 12318 12317
f  12315 12314 12318 12319
f  12316 12315 12319 12320
f  12316 12313 12317 12320
f  12317 12318 12319 12320
v -2.32417E+01  9.15667E+01 -1.20673E+02
v -1.02417E+01  9.15667E+01 -1.20673E+02
v -1.02417E+01  9.15667E+01 -1.37173E+02
v -2.32417E+01  9.15667E+01 -1.37173E+02
v -2.32417E+01  5.61824E+01 -1.20673E+02
v -1.02417E+01  5.61824E+01 -1.20673E+02
v -1.02417E+01  5.61824E+01 -1.37173E+02
v -2.32417E+01  5.61824E+01 -1.37173E+02
g vc_ws_7977
s 0
f  12321 12322 12323 12324
f  12321 12322 12326 12325
f  12323 12322 12326 12327
f  12324 12323 12327 12328
f  12324 12321 12325 12328
f  12325 12326 12327 12328
v -8.90872E+01  2.19389E+02  9.98004E+01
v -7.55872E+01  2.19389E+02  9.98004E+01
v -7.55872E+01  2.19389E+02  8.33004E+01
v -8.90872E+01  2.19389E+02  8.33004E+01
v -8.90872E+01  1.70249E+02  9.98004E+01
v -7.55872E+01  1.70249E+02  9.98004E+01
v -7.55872E+01  1.70249E+02  8.33004E+01
v -8.90872E+01  1.70249E+02  8.33004E+01
g vc_ws_7979
s 0
f  12329 12330 12331 12332
f  12329 12330 12334 12333
f  12331 12330 12334 12335
f  12332 12331 12335 12336
f  12332 12329 12333 12336
f  12333 12334 12335 12336
v -8.90872E+01  1.70249E+02  9.98004E+01
v -7.55872E+01  1.70249E+02  9.98004E+01
v -7.55872E+01  1.70249E+02  8.33004E+01
v -8.90872E+01  1.70249E+02  8.33004E+01
v -8.90872E+01  1.30362E+02  9.98004E+01
v -7.55872E+01  1.30362E+02  9.98004E+01
v -7.55872E+01  1.30362E+02  8.33004E+01
v -8.90872E+01  1.30362E+02  8.33004E+01
g vc_ws_7980
s 0
f  12337 12338 12339 12340
f  12337 12338 12342 12341
f  12339 12338 12342 12343
f  12340 12339 12343 12344
f  12340 12337 12341 12344
f  12341 12342 12343 12344
v -7.68694E+02  1.79341E+02 -5.66185E+02
v -7.55194E+02  1.79341E+02 -5.66185E+02
v -7.55194E+02  1.79341E+02 -5.86234E+02
v -7.68694E+02  1.79341E+02 -5.86234E+02
v -7.68694E+02  1.42872E+02 -5.66185E+02
v -7.55194E+02  1.42872E+02 -5.66185E+02
v -7.55194E+02  1.42872E+02 -5.86234E+02
v -7.68694E+02  1.42872E+02 -5.86234E+02
g vc_ws_7981
s 0
f  12345 12346 12347 12348
f  12345 12346 12350 12349
f  12347 12346 12350 12351
f  12348 12347 12351 12352
f  12348 12345 12349 12352
f  12349 12350 12351 12352
v -7.68694E+02  1.42872E+02 -5.66185E+02
v -7.55194E+02  1.42872E+02 -5.66185E+02
v -7.55194E+02  1.42872E+02 -5.86234E+02
v -7.68694E+02  1.42872E+02 -5.86234E+02
v -7.68694E+02  1.06403E+02 -5.66185E+02
v -7.55194E+02  1.06403E+02 -5.66185E+02
v -7.55194E+02  1.06403E+02 -5.86234E+02
v -7.68694E+02  1.06403E+02 -5.86234E+02
g vc_ws_7982
s 0
f  12353 12354 12355 12356
f  12353 12354 12358 12357
f  12355 12354 12358 12359
f  12356 12355 12359 12360
f  12356 12353 12357 12360
f  12357 12358 12359 12360
v -7.55872E+01  2.19389E+02  9.98004E+01
v -6.25872E+01  2.19389E+02  9.98004E+01
v -6.25872E+01  2.19389E+02  8.33004E+01
v -7.55872E+01  2.19389E+02  8.33004E+01
v -7.55872E+01  1.70258E+02  9.98004E+01
v -6.25872E+01  1.70258E+02  9.98004E+01
v -6.25872E+01  1.70258E+02  8.33004E+01
v -7.55872E+01  1.70258E+02  8.33004E+01
g vc_ws_7983
s 0
f  12361 12362 12363 12364
f  12361 12362 12366 12365
f  12363 12362 12366 12367
f  12364 12363 12367 12368
f  12364 12361 12365 12368
f  12365 12366 12367 12368
v -7.55872E+01  1.70258E+02  9.98004E+01
v -6.25872E+01  1.70258E+02  9.98004E+01
v -6.25872E+01  1.70258E+02  8.33004E+01
v -7.55872E+01  1.70258E+02  8.33004E+01
v -7.55872E+01  1.28608E+02  9.98004E+01
v -6.25872E+01  1.28608E+02  9.98004E+01
v -6.25872E+01  1.28608E+02  8.33004E+01
v -7.55872E+01  1.28608E+02  8.33004E+01
g vc_ws_7984
s 0
f  12369 12370 12371 12372
f  12369 12370 12374 12373
f  12371 12370 12374 12375
f  12372 12371 12375 12376
f  12372 12369 12373 12376
f  12373 12374 12375 12376
v -6.70890E+02  1.89092E+02 -4.79819E+01
v -6.58172E+02  1.89092E+02 -4.79819E+01
v -6.58172E+02  1.89092E+02 -6.56015E+01
v -6.70890E+02  1.89092E+02 -6.56015E+01
v -6.70890E+02  1.46201E+02 -4.79819E+01
v -6.58172E+02  1.46201E+02 -4.79819E+01
v -6.58172E+02  1.46201E+02 -6.56015E+01
v -6.70890E+02  1.46201E+02 -6.56015E+01
g vc_ws_7985
s 0
f  12377 12378 12379 12380
f  12377 12378 12382 12381
f  12379 12378 12382 12383
f  12380 12379 12383 12384
f  12380 12377 12381 12384
f  12381 12382 12383 12384
v -6.70890E+02  1.46201E+02 -4.79819E+01
v -6.58172E+02  1.46201E+02 -4.79819E+01
v -6.58172E+02  1.46201E+02 -6.56015E+01
v -6.70890E+02  1.46201E+02 -6.56015E+01
v -6.70890E+02  1.03310E+02 -4.79819E+01
v -6.58172E+02  1.03310E+02 -4.79819E+01
v -6.58172E+02  1.03310E+02 -6.56015E+01
v -6.70890E+02  1.03310E+02 -6.56015E+01
g vc_ws_7986
s 0
f  12385 12386 12387 12388
f  12385 12386 12390 12389
f  12387 12386 12390 12391
f  12388 12387 12391 12392
f  12388 12385 12389 12392
f  12389 12390 12391 12392
v -2.32417E+01  9.15667E+01 -1.05720E+02
v -1.02417E+01  9.15667E+01 -1.05720E+02
v -1.02417E+01  9.15667E+01 -1.20673E+02
v -2.32417E+01  9.15667E+01 -1.20673E+02
v -2.32417E+01  6.91293E+01 -1.05720E+02
v -1.02417E+01  6.91293E+01 -1.05720E+02
v -1.02417E+01  6.91293E+01 -1.20673E+02
v -2.32417E+01  6.91293E+01 -1.20673E+02
g vc_ws_7987
s 0
f  12393 12394 12395 12396
f  12393 12394 12398 12397
f  12395 12394 12398 12399
f  12396 12395 12399 12400
f  12396 12393 12397 12400
f  12397 12398 12399 12400
v  3.80167E+02  1.51231E+02  2.16040E+02
v  3.96667E+02  1.51231E+02  2.16040E+02
v  3.96667E+02  1.51231E+02  1.98540E+02
v  3.80167E+02  1.51231E+02  1.98540E+02
v  3.80167E+02  1.19185E+02  2.16040E+02
v  3.96667E+02  1.19185E+02  2.16040E+02
v  3.96667E+02  1.19185E+02  1.98540E+02
v  3.80167E+02  1.19185E+02  1.98540E+02
g vc_ws_7989
s 0
f  12401 12402 12403 12404
f  12401 12402 12406 12405
f  12403 12402 12406 12407
f  12404 12403 12407 12408
f  12404 12401 12405 12408
f  12405 12406 12407 12408
v  3.80167E+02  1.19185E+02  2.16040E+02
v  3.96667E+02  1.19185E+02  2.16040E+02
v  3.96667E+02  1.19185E+02  1.98540E+02
v  3.80167E+02  1.19185E+02  1.98540E+02
v  3.80167E+02  8.71398E+01  2.16040E+02
v  3.96667E+02  8.71398E+01  2.16040E+02
v  3.96667E+02  8.71398E+01  1.98540E+02
v  3.80167E+02  8.71398E+01  1.98540E+02
g vc_ws_7990
s 0
f  12409 12410 12411 12412
f  12409 12410 12414 12413
f  12411 12410 12414 12415
f  12412 12411 12415 12416
f  12412 12409 12413 12416
f  12413 12414 12415 12416
v -6.25872E+01  2.19389E+02  1.14800E+02
v -4.90872E+01  2.19389E+02  1.14800E+02
v -4.90872E+01  2.19389E+02  9.98004E+01
v -6.25872E+01  2.19389E+02  9.98004E+01
v -6.25872E+01  1.41560E+02  1.14800E+02
v -4.90872E+01  1.41560E+02  1.14800E+02
v -4.90872E+01  1.41560E+02  9.98004E+01
v -6.25872E+01  1.41560E+02  9.98004E+01
g vc_ws_7991
s 0
f  12417 12418 12419 12420
f  12417 12418 12422 12421
f  12419 12418 12422 12423
f  12420 12419 12423 12424
f  12420 12417 12421 12424
f  12421 12422 12423 12424
v -6.25872E+01  1.41560E+02  1.14800E+02
v -4.90872E+01  1.41560E+02  1.14800E+02
v -4.90872E+01  1.41560E+02  9.98004E+01
v -6.25872E+01  1.41560E+02  9.98004E+01
v -6.25872E+01  1.28608E+02  1.14800E+02
v -4.90872E+01  1.28608E+02  1.14800E+02
v -4.90872E+01  1.28608E+02  9.98004E+01
v -6.25872E+01  1.28608E+02  9.98004E+01
g vc_ws_7992
s 0
f  12425 12426 12427 12428
f  12425 12426 12430 12429
f  12427 12426 12430 12431
f  12428 12427 12431 12432
f  12428 12425 12429 12432
f  12429 12430 12431 12432
v -3.14985E+02  1.15856E+02 -3.57970E+02
v -3.04485E+02  1.15856E+02 -3.57970E+02
v -3.04485E+02  1.15856E+02 -3.72470E+02
v -3.14985E+02  1.15856E+02 -3.72470E+02
v -3.14985E+02  9.96667E+01 -3.57970E+02
v -3.04485E+02  9.96667E+01 -3.57970E+02
v -3.04485E+02  9.96667E+01 -3.72470E+02
v -3.14985E+02  9.96667E+01 -3.72470E+02
g vc_ws_7993
s 0
f  12433 12434 12435 12436
f  12433 12434 12438 12437
f  12435 12434 12438 12439
f  12436 12435 12439 12440
f  12436 12433 12437 12440
f  12437 12438 12439 12440
v -8.90872E+01  2.19389E+02  1.14800E+02
v -7.55872E+01  2.19389E+02  1.14800E+02
v -7.55872E+01  2.19389E+02  9.98004E+01
v -8.90872E+01  2.19389E+02  9.98004E+01
v -8.90872E+01  1.70249E+02  1.14800E+02
v -7.55872E+01  1.70249E+02  1.14800E+02
v -7.55872E+01  1.70249E+02  9.98004E+01
v -8.90872E+01  1.70249E+02  9.98004E+01
g vc_ws_7995
s 0
f  12441 12442 12443 12444
f  12441 12442 12446 12445
f  12443 12442 12446 12447
f  12444 12443 12447 12448
f  12444 12441 12445 12448
f  12445 12446 12447 12448
v -8.90872E+01  1.70249E+02  1.14800E+02
v -7.55872E+01  1.70249E+02  1.14800E+02
v -7.55872E+01  1.70249E+02  9.98004E+01
v -8.90872E+01  1.70249E+02  9.98004E+01
v -8.90872E+01  1.30362E+02  1.14800E+02
v -7.55872E+01  1.30362E+02  1.14800E+02
v -7.55872E+01  1.30362E+02  9.98004E+01
v -8.90872E+01  1.30362E+02  9.98004E+01
g vc_ws_7996
s 0
f  12449 12450 12451 12452
f  12449 12450 12454 12453
f  12451 12450 12454 12455
f  12452 12451 12455 12456
f  12452 12449 12453 12456
f  12453 12454 12455 12456
v -1.02417E+01  7.67653E+01 -1.53173E+02
v  3.25835E+00  7.67653E+01 -1.53173E+02
v  3.25835E+00  7.67653E+01 -1.69673E+02
v -1.02417E+01  7.67653E+01 -1.69673E+02
v -1.02417E+01  4.82242E+01 -1.53173E+02
v  3.25835E+00  4.82242E+01 -1.53173E+02
v  3.25835E+00  4.82242E+01 -1.69673E+02
v -1.02417E+01  4.82242E+01 -1.69673E+02
g vc_ws_7997
s 0
f  12457 12458 12459 12460
f  12457 12458 12462 12461
f  12459 12458 12462 12463
f  12460 12459 12463 12464
f  12460 12457 12461 12464
f  12461 12462 12463 12464
v  3.96667E+02  1.51231E+02  2.16040E+02
v  4.12667E+02  1.51231E+02  2.16040E+02
v  4.12667E+02  1.51231E+02  1.98540E+02
v  3.96667E+02  1.51231E+02  1.98540E+02
v  3.96667E+02  1.19185E+02  2.16040E+02
v  4.12667E+02  1.19185E+02  2.16040E+02
v  4.12667E+02  1.19185E+02  1.98540E+02
v  3.96667E+02  1.19185E+02  1.98540E+02
g vc_ws_7999
s 0
f  12465 12466 12467 12468
f  12465 12466 12470 12469
f  12467 12466 12470 12471
f  12468 12467 12471 12472
f  12468 12465 12469 12472
f  12469 12470 12471 12472
v  3.96667E+02  1.19185E+02  2.16040E+02
v  4.12667E+02  1.19185E+02  2.16040E+02
v  4.12667E+02  1.19185E+02  1.98540E+02
v  3.96667E+02  1.19185E+02  1.98540E+02
v  3.96667E+02  8.71398E+01  2.16040E+02
v  4.12667E+02  8.71398E+01  2.16040E+02
v  4.12667E+02  8.71398E+01  1.98540E+02
v  3.96667E+02  8.71398E+01  1.98540E+02
g vc_ws_8000
s 0
f  12473 12474 12475 12476
f  12473 12474 12478 12477
f  12475 12474 12478 12479
f  12476 12475 12479 12480
f  12476 12473 12477 12480
f  12477 12478 12479 12480
v -7.55872E+01  2.19389E+02  1.14800E+02
v -6.25872E+01  2.19389E+02  1.14800E+02
v -6.25872E+01  2.19389E+02  9.98004E+01
v -7.55872E+01  2.19389E+02  9.98004E+01
v -7.55872E+01  1.70258E+02  1.14800E+02
v -6.25872E+01  1.70258E+02  1.14800E+02
v -6.25872E+01  1.70258E+02  9.98004E+01
v -7.55872E+01  1.70258E+02  9.98004E+01
g vc_ws_8001
s 0
f  12481 12482 12483 12484
f  12481 12482 12486 12485
f  12483 12482 12486 12487
f  12484 12483 12487 12488
f  12484 12481 12485 12488
f  12485 12486 12487 12488
v -7.55872E+01  1.70258E+02  1.14800E+02
v -6.25872E+01  1.70258E+02  1.14800E+02
v -6.25872E+01  1.70258E+02  9.98004E+01
v -7.55872E+01  1.70258E+02  9.98004E+01
v -7.55872E+01  1.28608E+02  1.14800E+02
v -6.25872E+01  1.28608E+02  1.14800E+02
v -6.25872E+01  1.28608E+02  9.98004E+01
v -7.55872E+01  1.28608E+02  9.98004E+01
g vc_ws_8002
s 0
f  12489 12490 12491 12492
f  12489 12490 12494 12493
f  12491 12490 12494 12495
f  12492 12491 12495 12496
f  12492 12489 12493 12496
f  12493 12494 12495 12496
v -3.14985E+02  2.19389E+02 -3.85470E+02
v -3.04485E+02  2.19389E+02 -3.85470E+02
v -3.04485E+02  2.19389E+02 -3.99970E+02
v -3.14985E+02  2.19389E+02 -3.99970E+02
v -3.14985E+02  1.15319E+02 -3.85470E+02
v -3.04485E+02  1.15319E+02 -3.85470E+02
v -3.04485E+02  1.15319E+02 -3.99970E+02
v -3.14985E+02  1.15319E+02 -3.99970E+02
g vc_ws_8003
s 0
f  12497 12498 12499 12500
f  12497 12498 12502 12501
f  12499 12498 12502 12503
f  12500 12499 12503 12504
f  12500 12497 12501 12504
f  12501 12502 12503 12504
v -3.14985E+02  1.15319E+02 -3.85470E+02
v -3.04485E+02  1.15319E+02 -3.85470E+02
v -3.04485E+02  1.15319E+02 -3.99970E+02
v -3.14985E+02  1.15319E+02 -3.99970E+02
v -3.14985E+02  1.03378E+02 -3.85470E+02
v -3.04485E+02  1.03378E+02 -3.85470E+02
v -3.04485E+02  1.03378E+02 -3.99970E+02
v -3.14985E+02  1.03378E+02 -3.99970E+02
g vc_ws_8004
s 0
f  12505 12506 12507 12508
f  12505 12506 12510 12509
f  12507 12506 12510 12511
f  12508 12507 12511 12512
f  12508 12505 12509 12512
f  12509 12510 12511 12512
v -7.34368E+02  2.19389E+02 -2.56307E+02
v -7.21868E+02  2.19389E+02 -2.56307E+02
v -7.21868E+02  2.19389E+02 -2.68807E+02
v -7.34368E+02  2.19389E+02 -2.68807E+02
v -7.34368E+02  1.76765E+02 -2.56307E+02
v -7.21868E+02  1.76765E+02 -2.56307E+02
v -7.21868E+02  1.76765E+02 -2.68807E+02
v -7.34368E+02  1.76765E+02 -2.68807E+02
g vc_ws_8005
s 0
f  12513 12514 12515 12516
f  12513 12514 12518 12517
f  12515 12514 12518 12519
f  12516 12515 12519 12520
f  12516 12513 12517 12520
f  12517 12518 12519 12520
v -7.34368E+02  1.76765E+02 -2.56307E+02
v -7.21868E+02  1.76765E+02 -2.56307E+02
v -7.21868E+02  1.76765E+02 -2.68807E+02
v -7.34368E+02  1.76765E+02 -2.68807E+02
v -7.34368E+02  1.06403E+02 -2.56307E+02
v -7.21868E+02  1.06403E+02 -2.56307E+02
v -7.21868E+02  1.06403E+02 -2.68807E+02
v -7.34368E+02  1.06403E+02 -2.68807E+02
g vc_ws_8006
s 0
f  12521 12522 12523 12524
f  12521 12522 12526 12525
f  12523 12522 12526 12527
f  12524 12523 12527 12528
f  12524 12521 12525 12528
f  12525 12526 12527 12528
v -7.42194E+02  2.19389E+02 -5.96234E+02
v -7.28694E+02  2.19389E+02 -5.96234E+02
v -7.28694E+02  2.19389E+02 -6.07734E+02
v -7.42194E+02  2.19389E+02 -6.07734E+02
v -7.42194E+02  1.62228E+02 -5.96234E+02
v -7.28694E+02  1.62228E+02 -5.96234E+02
v -7.28694E+02  1.62228E+02 -6.07734E+02
v -7.42194E+02  1.62228E+02 -6.07734E+02
g vc_ws_8007
s 0
f  12529 12530 12531 12532
f  12529 12530 12534 12533
f  12531 12530 12534 12535
f  12532 12531 12535 12536
f  12532 12529 12533 12536
f  12533 12534 12535 12536
v -7.42194E+02  1.62228E+02 -5.96234E+02
v -7.28694E+02  1.62228E+02 -5.96234E+02
v -7.28694E+02  1.62228E+02 -6.07734E+02
v -7.42194E+02  1.62228E+02 -6.07734E+02
v -7.42194E+02  1.06403E+02 -5.96234E+02
v -7.28694E+02  1.06403E+02 -5.96234E+02
v -7.28694E+02  1.06403E+02 -6.07734E+02
v -7.42194E+02  1.06403E+02 -6.07734E+02
g vc_ws_8008
s 0
f  12537 12538 12539 12540
f  12537 12538 12542 12541
f  12539 12538 12542 12543
f  12540 12539 12543 12544
f  12540 12537 12541 12544
f  12541 12542 12543 12544
v -1.02417E+01  7.67653E+01 -1.37173E+02
v  3.25835E+00  7.67653E+01 -1.37173E+02
v  3.25835E+00  7.67653E+01 -1.53173E+02
v -1.02417E+01  7.67653E+01 -1.53173E+02
v -1.02417E+01  5.62564E+01 -1.37173E+02
v  3.25835E+00  5.62564E+01 -1.37173E+02
v  3.25835E+00  5.62564E+01 -1.53173E+02
v -1.02417E+01  5.62564E+01 -1.53173E+02
g vc_ws_8009
s 0
f  12545 12546 12547 12548
f  12545 12546 12550 12549
f  12547 12546 12550 12551
f  12548 12547 12551 12552
f  12548 12545 12549 12552
f  12549 12550 12551 12552
v -3.04485E+02  1.15856E+02 -3.57970E+02
v -2.94485E+02  1.15856E+02 -3.57970E+02
v -2.94485E+02  1.15856E+02 -3.72470E+02
v -3.04485E+02  1.15856E+02 -3.72470E+02
v -3.04485E+02  9.96667E+01 -3.57970E+02
v -2.94485E+02  9.96667E+01 -3.57970E+02
v -2.94485E+02  9.96667E+01 -3.72470E+02
v -3.04485E+02  9.96667E+01 -3.72470E+02
g vc_ws_8011
s 0
f  12553 12554 12555 12556
f  12553 12554 12558 12557
f  12555 12554 12558 12559
f  12556 12555 12559 12560
f  12556 12553 12557 12560
f  12557 12558 12559 12560
v -7.82790E+02  1.78019E+02 -4.01122E+02
v -7.66290E+02  1.78019E+02 -4.01122E+02
v -7.66290E+02  1.78019E+02 -4.16622E+02
v -7.82790E+02  1.78019E+02 -4.16622E+02
v -7.82790E+02  1.44077E+02 -4.01122E+02
v -7.66290E+02  1.44077E+02 -4.01122E+02
v -7.66290E+02  1.44077E+02 -4.16622E+02
v -7.82790E+02  1.44077E+02 -4.16622E+02
g vc_ws_8013
s 0
f  12561 12562 12563 12564
f  12561 12562 12566 12565
f  12563 12562 12566 12567
f  12564 12563 12567 12568
f  12564 12561 12565 12568
f  12565 12566 12567 12568
v -7.82790E+02  1.44077E+02 -4.01122E+02
v -7.66290E+02  1.44077E+02 -4.01122E+02
v -7.66290E+02  1.44077E+02 -4.16622E+02
v -7.82790E+02  1.44077E+02 -4.16622E+02
v -7.82790E+02  1.10134E+02 -4.01122E+02
v -7.66290E+02  1.10134E+02 -4.01122E+02
v -7.66290E+02  1.10134E+02 -4.16622E+02
v -7.82790E+02  1.10134E+02 -4.16622E+02
g vc_ws_8014
s 0
f  12569 12570 12571 12572
f  12569 12570 12574 12573
f  12571 12570 12574 12575
f  12572 12571 12575 12576
f  12572 12569 12573 12576
f  12573 12574 12575 12576
v -6.62543E+02  2.19389E+02  1.71980E+02
v -6.42389E+02  2.19389E+02  1.71980E+02
v -6.42389E+02  2.19389E+02  1.61480E+02
v -6.62543E+02  2.19389E+02  1.61480E+02
v -6.62543E+02  1.70091E+02  1.71980E+02
v -6.42389E+02  1.70091E+02  1.71980E+02
v -6.42389E+02  1.70091E+02  1.61480E+02
v -6.62543E+02  1.70091E+02  1.61480E+02
g vc_ws_8015
s 0
f  12577 12578 12579 12580
f  12577 12578 12582 12581
f  12579 12578 12582 12583
f  12580 12579 12583 12584
f  12580 12577 12581 12584
f  12581 12582 12583 12584
v -6.62543E+02  1.70091E+02  1.71980E+02
v -6.42389E+02  1.70091E+02  1.71980E+02
v -6.42389E+02  1.70091E+02  1.61480E+02
v -6.62543E+02  1.70091E+02  1.61480E+02
v -6.62543E+02  1.38994E+02  1.71980E+02
v -6.42389E+02  1.38994E+02  1.71980E+02
v -6.42389E+02  1.38994E+02  1.61480E+02
v -6.62543E+02  1.38994E+02  1.61480E+02
g vc_ws_8016
s 0
f  12585 12586 12587 12588
f  12585 12586 12590 12589
f  12587 12586 12590 12591
f  12588 12587 12591 12592
f  12588 12585 12589 12592
f  12589 12590 12591 12592
v -3.52806E+02  2.19389E+02 -3.15855E+02
v -3.42306E+02  2.19389E+02 -3.15855E+02
v -3.42306E+02  2.19389E+02 -3.29855E+02
v -3.52806E+02  2.19389E+02 -3.29855E+02
v -3.52806E+02  1.20529E+02 -3.15855E+02
v -3.42306E+02  1.20529E+02 -3.15855E+02
v -3.42306E+02  1.20529E+02 -3.29855E+02
v -3.52806E+02  1.20529E+02 -3.29855E+02
g vc_ws_8017
s 0
f  12593 12594 12595 12596
f  12593 12594 12598 12597
f  12595 12594 12598 12599
f  12596 12595 12599 12600
f  12596 12593 12597 12600
f  12597 12598 12599 12600
v -3.52806E+02  1.20529E+02 -3.15855E+02
v -3.42306E+02  1.20529E+02 -3.15855E+02
v -3.42306E+02  1.20529E+02 -3.29855E+02
v -3.52806E+02  1.20529E+02 -3.29855E+02
v -3.52806E+02  1.04434E+02 -3.15855E+02
v -3.42306E+02  1.04434E+02 -3.15855E+02
v -3.42306E+02  1.04434E+02 -3.29855E+02
v -3.52806E+02  1.04434E+02 -3.29855E+02
g vc_ws_8018
s 0
f  12601 12602 12603 12604
f  12601 12602 12606 12605
f  12603 12602 12606 12607
f  12604 12603 12607 12608
f  12604 12601 12605 12608
f  12605 12606 12607 12608
v -7.01868E+02  2.19389E+02 -1.78278E+02
v -6.90368E+02  2.19389E+02 -1.78278E+02
v -6.90368E+02  2.19389E+02 -1.91454E+02
v -7.01868E+02  2.19389E+02 -1.91454E+02
v -7.01868E+02  1.84554E+02 -1.78278E+02
v -6.90368E+02  1.84554E+02 -1.78278E+02
v -6.90368E+02  1.84554E+02 -1.91454E+02
v -7.01868E+02  1.84554E+02 -1.91454E+02
g vc_ws_8019
s 0
f  12609 12610 12611 12612
f  12609 12610 12614 12613
f  12611 12610 12614 12615
f  12612 12611 12615 12616
f  12612 12609 12613 12616
f  12613 12614 12615 12616
v -7.01868E+02  1.84554E+02 -1.78278E+02
v -6.90368E+02  1.84554E+02 -1.78278E+02
v -6.90368E+02  1.84554E+02 -1.91454E+02
v -7.01868E+02  1.84554E+02 -1.91454E+02
v -7.01868E+02  1.08166E+02 -1.78278E+02
v -6.90368E+02  1.08166E+02 -1.78278E+02
v -6.90368E+02  1.08166E+02 -1.91454E+02
v -7.01868E+02  1.08166E+02 -1.91454E+02
g vc_ws_8020
s 0
f  12617 12618 12619 12620
f  12617 12618 12622 12621
f  12619 12618 12622 12623
f  12620 12619 12623 12624
f  12620 12617 12621 12624
f  12621 12622 12623 12624
v -3.04485E+02  2.19389E+02 -3.85470E+02
v -2.94485E+02  2.19389E+02 -3.85470E+02
v -2.94485E+02  2.19389E+02 -3.99970E+02
v -3.04485E+02  2.19389E+02 -3.99970E+02
v -3.04485E+02  1.15319E+02 -3.85470E+02
v -2.94485E+02  1.15319E+02 -3.85470E+02
v -2.94485E+02  1.15319E+02 -3.99970E+02
v -3.04485E+02  1.15319E+02 -3.99970E+02
g vc_ws_8021
s 0
f  12625 12626 12627 12628
f  12625 12626 12630 12629
f  12627 12626 12630 12631
f  12628 12627 12631 12632
f  12628 12625 12629 12632
f  12629 12630 12631 12632
v -3.04485E+02  1.15319E+02 -3.85470E+02
v -2.94485E+02  1.15319E+02 -3.85470E+02
v -2.94485E+02  1.15319E+02 -3.99970E+02
v -3.04485E+02  1.15319E+02 -3.99970E+02
v -3.04485E+02  1.03378E+02 -3.85470E+02
v -2.94485E+02  1.03378E+02 -3.85470E+02
v -2.94485E+02  1.03378E+02 -3.99970E+02
v -3.04485E+02  1.03378E+02 -3.99970E+02
g vc_ws_8022
s 0
f  12633 12634 12635 12636
f  12633 12634 12638 12637
f  12635 12634 12638 12639
f  12636 12635 12639 12640
f  12636 12633 12637 12640
f  12637 12638 12639 12640
v -7.66290E+02  1.78038E+02 -4.01122E+02
v -7.51290E+02  1.78038E+02 -4.01122E+02
v -7.51290E+02  1.78038E+02 -4.16622E+02
v -7.66290E+02  1.78038E+02 -4.16622E+02
v -7.66290E+02  1.42221E+02 -4.01122E+02
v -7.51290E+02  1.42221E+02 -4.01122E+02
v -7.51290E+02  1.42221E+02 -4.16622E+02
v -7.66290E+02  1.42221E+02 -4.16622E+02
g vc_ws_8023
s 0
f  12641 12642 12643 12644
f  12641 12642 12646 12645
f  12643 12642 12646 12647
f  12644 12643 12647 12648
f  12644 12641 12645 12648
f  12645 12646 12647 12648
v -7.66290E+02  1.42221E+02 -4.01122E+02
v -7.51290E+02  1.42221E+02 -4.01122E+02
v -7.51290E+02  1.42221E+02 -4.16622E+02
v -7.66290E+02  1.42221E+02 -4.16622E+02
v -7.66290E+02  1.06403E+02 -4.01122E+02
v -7.51290E+02  1.06403E+02 -4.01122E+02
v -7.51290E+02  1.06403E+02 -4.16622E+02
v -7.66290E+02  1.06403E+02 -4.16622E+02
g vc_ws_8024
s 0
f  12649 12650 12651 12652
f  12649 12650 12654 12653
f  12651 12650 12654 12655
f  12652 12651 12655 12656
f  12652 12649 12653 12656
f  12653 12654 12655 12656
v -6.90368E+02  2.19389E+02 -1.78278E+02
v -6.79368E+02  2.19389E+02 -1.78278E+02
v -6.79368E+02  2.19389E+02 -1.91454E+02
v -6.90368E+02  2.19389E+02 -1.91454E+02
v -6.90368E+02  1.84563E+02 -1.78278E+02
v -6.79368E+02  1.84563E+02 -1.78278E+02
v -6.79368E+02  1.84563E+02 -1.91454E+02
v -6.90368E+02  1.84563E+02 -1.91454E+02
g vc_ws_8025
s 0
f  12657 12658 12659 12660
f  12657 12658 12662 12661
f  12659 12658 12662 12663
f  12660 12659 12663 12664
f  12660 12657 12661 12664
f  12661 12662 12663 12664
v -6.90368E+02  1.84563E+02 -1.78278E+02
v -6.79368E+02  1.84563E+02 -1.78278E+02
v -6.79368E+02  1.84563E+02 -1.91454E+02
v -6.90368E+02  1.84563E+02 -1.91454E+02
v -6.90368E+02  1.06403E+02 -1.78278E+02
v -6.79368E+02  1.06403E+02 -1.78278E+02
v -6.79368E+02  1.06403E+02 -1.91454E+02
v -6.90368E+02  1.06403E+02 -1.91454E+02
g vc_ws_8026
s 0
f  12665 12666 12667 12668
f  12665 12666 12670 12669
f  12667 12666 12670 12671
f  12668 12667 12671 12672
f  12668 12665 12669 12672
f  12669 12670 12671 12672
v -4.90872E+01  2.19389E+02  1.14800E+02
v -3.71564E+01  2.19389E+02  1.14800E+02
v -3.71564E+01  2.19389E+02  9.98004E+01
v -4.90872E+01  2.19389E+02  9.98004E+01
v -4.90872E+01  1.41560E+02  1.14800E+02
v -3.71564E+01  1.41560E+02  1.14800E+02
v -3.71564E+01  1.41560E+02  9.98004E+01
v -4.90872E+01  1.41560E+02  9.98004E+01
g vc_ws_8027
s 0
f  12673 12674 12675 12676
f  12673 12674 12678 12677
f  12675 12674 12678 12679
f  12676 12675 12679 12680
f  12676 12673 12677 12680
f  12677 12678 12679 12680
v -4.90872E+01  1.41560E+02  1.14800E+02
v -3.71564E+01  1.41560E+02  1.14800E+02
v -3.71564E+01  1.41560E+02  9.98004E+01
v -4.90872E+01  1.41560E+02  9.98004E+01
v -4.90872E+01  1.28608E+02  1.14800E+02
v -3.71564E+01  1.28608E+02  1.14800E+02
v -3.71564E+01  1.28608E+02  9.98004E+01
v -4.90872E+01  1.28608E+02  9.98004E+01
g vc_ws_8028
s 0
f  12681 12682 12683 12684
f  12681 12682 12686 12685
f  12683 12682 12686 12687
f  12684 12683 12687 12688
f  12684 12681 12685 12688
f  12685 12686 12687 12688
v -6.62543E+02  2.19389E+02  1.81980E+02
v -6.42389E+02  2.19389E+02  1.81980E+02
v -6.42389E+02  2.19389E+02  1.71980E+02
v -6.62543E+02  2.19389E+02  1.71980E+02
v -6.62543E+02  1.70091E+02  1.81980E+02
v -6.42389E+02  1.70091E+02  1.81980E+02
v -6.42389E+02  1.70091E+02  1.71980E+02
v -6.62543E+02  1.70091E+02  1.71980E+02
g vc_ws_8029
s 0
f  12689 12690 12691 12692
f  12689 12690 12694 12693
f  12691 12690 12694 12695
f  12692 12691 12695 12696
f  12692 12689 12693 12696
f  12693 12694 12695 12696
v -6.62543E+02  1.70091E+02  1.81980E+02
v -6.42389E+02  1.70091E+02  1.81980E+02
v -6.42389E+02  1.70091E+02  1.71980E+02
v -6.62543E+02  1.70091E+02  1.71980E+02
v -6.62543E+02  1.38994E+02  1.81980E+02
v -6.42389E+02  1.38994E+02  1.81980E+02
v -6.42389E+02  1.38994E+02  1.71980E+02
v -6.62543E+02  1.38994E+02  1.71980E+02
g vc_ws_8030
s 0
f  12697 12698 12699 12700
f  12697 12698 12702 12701
f  12699 12698 12702 12703
f  12700 12699 12703 12704
f  12700 12697 12701 12704
f  12701 12702 12703 12704
v  3.80167E+02  1.51207E+02  2.48540E+02
v  3.96667E+02  1.51207E+02  2.48540E+02
v  3.96667E+02  1.51207E+02  2.32040E+02
v  3.80167E+02  1.51207E+02  2.32040E+02
v  3.80167E+02  1.21488E+02  2.48540E+02
v  3.96667E+02  1.21488E+02  2.48540E+02
v  3.96667E+02  1.21488E+02  2.32040E+02
v  3.80167E+02  1.21488E+02  2.32040E+02
g vc_ws_8031
s 0
f  12705 12706 12707 12708
f  12705 12706 12710 12709
f  12707 12706 12710 12711
f  12708 12707 12711 12712
f  12708 12705 12709 12712
f  12709 12710 12711 12712
v  3.80167E+02  1.21488E+02  2.48540E+02
v  3.96667E+02  1.21488E+02  2.48540E+02
v  3.96667E+02  1.21488E+02  2.32040E+02
v  3.80167E+02  1.21488E+02  2.32040E+02
v  3.80167E+02  9.17693E+01  2.48540E+02
v  3.96667E+02  9.17693E+01  2.48540E+02
v  3.96667E+02  9.17693E+01  2.32040E+02
v  3.80167E+02  9.17693E+01  2.32040E+02
g vc_ws_8032
s 0
f  12713 12714 12715 12716
f  12713 12714 12718 12717
f  12715 12714 12718 12719
f  12716 12715 12719 12720
f  12716 12713 12717 12720
f  12717 12718 12719 12720
v -7.28694E+02  2.19389E+02 -5.96234E+02
v -7.16245E+02  2.19389E+02 -5.96234E+02
v -7.16245E+02  2.19389E+02 -6.07734E+02
v -7.28694E+02  2.19389E+02 -6.07734E+02
v -7.28694E+02  1.62228E+02 -5.96234E+02
v -7.16245E+02  1.62228E+02 -5.96234E+02
v -7.16245E+02  1.62228E+02 -6.07734E+02
v -7.28694E+02  1.62228E+02 -6.07734E+02
g vc_ws_8033
s 0
f  12721 12722 12723 12724
f  12721 12722 12726 12725
f  12723 12722 12726 12727
f  12724 12723 12727 12728
f  12724 12721 12725 12728
f  12725 12726 12727 12728
v -7.28694E+02  1.62228E+02 -5.96234E+02
v -7.16245E+02  1.62228E+02 -5.96234E+02
v -7.16245E+02  1.62228E+02 -6.07734E+02
v -7.28694E+02  1.62228E+02 -6.07734E+02
v -7.28694E+02  1.06403E+02 -5.96234E+02
v -7.16245E+02  1.06403E+02 -5.96234E+02
v -7.16245E+02  1.06403E+02 -6.07734E+02
v -7.28694E+02  1.06403E+02 -6.07734E+02
g vc_ws_8034
s 0
f  12729 12730 12731 12732
f  12729 12730 12734 12733
f  12731 12730 12734 12735
f  12732 12731 12735 12736
f  12732 12729 12733 12736
f  12733 12734 12735 12736
v -3.42306E+02  2.19389E+02 -3.15855E+02
v -3.32306E+02  2.19389E+02 -3.15855E+02
v -3.32306E+02  2.19389E+02 -3.29855E+02
v -3.42306E+02  2.19389E+02 -3.29855E+02
v -3.42306E+02  1.20529E+02 -3.15855E+02
v -3.32306E+02  1.20529E+02 -3.15855E+02
v -3.32306E+02  1.20529E+02 -3.29855E+02
v -3.42306E+02  1.20529E+02 -3.29855E+02
g vc_ws_8035
s 0
f  12737 12738 12739 12740
f  12737 12738 12742 12741
f  12739 12738 12742 12743
f  12740 12739 12743 12744
f  12740 12737 12741 12744
f  12741 12742 12743 12744
v -3.42306E+02  1.20529E+02 -3.15855E+02
v -3.32306E+02  1.20529E+02 -3.15855E+02
v -3.32306E+02  1.20529E+02 -3.29855E+02
v -3.42306E+02  1.20529E+02 -3.29855E+02
v -3.42306E+02  1.04434E+02 -3.15855E+02
v -3.32306E+02  1.04434E+02 -3.15855E+02
v -3.32306E+02  1.04434E+02 -3.29855E+02
v -3.42306E+02  1.04434E+02 -3.29855E+02
g vc_ws_8036
s 0
f  12745 12746 12747 12748
f  12745 12746 12750 12749
f  12747 12746 12750 12751
f  12748 12747 12751 12752
f  12748 12745 12749 12752
f  12749 12750 12751 12752
v -6.83043E+02  2.19389E+02  1.81980E+02
v -6.62543E+02  2.19389E+02  1.81980E+02
v -6.62543E+02  2.19389E+02  1.71980E+02
v -6.83043E+02  2.19389E+02  1.71980E+02
v -6.83043E+02  1.60216E+02  1.81980E+02
v -6.62543E+02  1.60216E+02  1.81980E+02
v -6.62543E+02  1.60216E+02  1.71980E+02
v -6.83043E+02  1.60216E+02  1.71980E+02
g vc_ws_8037
s 0
f  12753 12754 12755 12756
f  12753 12754 12758 12757
f  12755 12754 12758 12759
f  12756 12755 12759 12760
f  12756 12753 12757 12760
f  12757 12758 12759 12760
v -6.83043E+02  1.60216E+02  1.81980E+02
v -6.62543E+02  1.60216E+02  1.81980E+02
v -6.62543E+02  1.60216E+02  1.71980E+02
v -6.83043E+02  1.60216E+02  1.71980E+02
v -6.83043E+02  1.40958E+02  1.81980E+02
v -6.62543E+02  1.40958E+02  1.81980E+02
v -6.62543E+02  1.40958E+02  1.71980E+02
v -6.83043E+02  1.40958E+02  1.71980E+02
g vc_ws_8038
s 0
f  12761 12762 12763 12764
f  12761 12762 12766 12765
f  12763 12762 12766 12767
f  12764 12763 12767 12768
f  12764 12761 12765 12768
f  12765 12766 12767 12768
v -3.14985E+02  2.19389E+02 -3.72470E+02
v -3.04485E+02  2.19389E+02 -3.72470E+02
v -3.04485E+02  2.19389E+02 -3.85470E+02
v -3.14985E+02  2.19389E+02 -3.85470E+02
v -3.14985E+02  1.15319E+02 -3.72470E+02
v -3.04485E+02  1.15319E+02 -3.72470E+02
v -3.04485E+02  1.15319E+02 -3.85470E+02
v -3.14985E+02  1.15319E+02 -3.85470E+02
g vc_ws_8039
s 0
f  12769 12770 12771 12772
f  12769 12770 12774 12773
f  12771 12770 12774 12775
f  12772 12771 12775 12776
f  12772 12769 12773 12776
f  12773 12774 12775 12776
v -3.14985E+02  1.15319E+02 -3.72470E+02
v -3.04485E+02  1.15319E+02 -3.72470E+02
v -3.04485E+02  1.15319E+02 -3.85470E+02
v -3.14985E+02  1.15319E+02 -3.85470E+02
v -3.14985E+02  1.03378E+02 -3.72470E+02
v -3.04485E+02  1.03378E+02 -3.72470E+02
v -3.04485E+02  1.03378E+02 -3.85470E+02
v -3.14985E+02  1.03378E+02 -3.85470E+02
g vc_ws_8040
s 0
f  12777 12778 12779 12780
f  12777 12778 12782 12781
f  12779 12778 12782 12783
f  12780 12779 12783 12784
f  12780 12777 12781 12784
f  12781 12782 12783 12784
v -3.14985E+02  1.14632E+02 -3.45355E+02
v -3.04485E+02  1.14632E+02 -3.45355E+02
v -3.04485E+02  1.14632E+02 -3.57970E+02
v -3.14985E+02  1.14632E+02 -3.57970E+02
v -3.14985E+02  9.96728E+01 -3.45355E+02
v -3.04485E+02  9.96728E+01 -3.45355E+02
v -3.04485E+02  9.96728E+01 -3.57970E+02
v -3.14985E+02  9.96728E+01 -3.57970E+02
g vc_ws_8041
s 0
f  12785 12786 12787 12788
f  12785 12786 12790 12789
f  12787 12786 12790 12791
f  12788 12787 12791 12792
f  12788 12785 12789 12792
f  12789 12790 12791 12792
v  3.80167E+02  1.51207E+02  2.32040E+02
v  3.96667E+02  1.51207E+02  2.32040E+02
v  3.96667E+02  1.51207E+02  2.16040E+02
v  3.80167E+02  1.51207E+02  2.16040E+02
v  3.80167E+02  1.21488E+02  2.32040E+02
v  3.96667E+02  1.21488E+02  2.32040E+02
v  3.96667E+02  1.21488E+02  2.16040E+02
v  3.80167E+02  1.21488E+02  2.16040E+02
g vc_ws_8043
s 0
f  12793 12794 12795 12796
f  12793 12794 12798 12797
f  12795 12794 12798 12799
f  12796 12795 12799 12800
f  12796 12793 12797 12800
f  12797 12798 12799 12800
v  3.80167E+02  1.21488E+02  2.32040E+02
v  3.96667E+02  1.21488E+02  2.32040E+02
v  3.96667E+02  1.21488E+02  2.16040E+02
v  3.80167E+02  1.21488E+02  2.16040E+02
v  3.80167E+02  9.17693E+01  2.32040E+02
v  3.96667E+02  9.17693E+01  2.32040E+02
v  3.96667E+02  9.17693E+01  2.16040E+02
v  3.80167E+02  9.17693E+01  2.16040E+02
g vc_ws_8044
s 0
f  12801 12802 12803 12804
f  12801 12802 12806 12805
f  12803 12802 12806 12807
f  12804 12803 12807 12808
f  12804 12801 12805 12808
f  12805 12806 12807 12808
v -7.82790E+02  1.57975E+02 -3.59800E+02
v -7.51290E+02  1.57975E+02 -3.59800E+02
v -7.51290E+02  1.57975E+02 -3.88122E+02
v -7.82790E+02  1.57975E+02 -3.88122E+02
v -7.82790E+02  1.49380E+02 -3.59800E+02
v -7.51290E+02  1.49380E+02 -3.59800E+02
v -7.51290E+02  1.49380E+02 -3.88122E+02
v -7.82790E+02  1.49380E+02 -3.88122E+02
g vc_ws_8045
s 0
f  12809 12810 12811 12812
f  12809 12810 12814 12813
f  12811 12810 12814 12815
f  12812 12811 12815 12816
f  12812 12809 12813 12816
f  12813 12814 12815 12816
v -7.82790E+02  1.49380E+02 -3.59800E+02
v -7.51290E+02  1.49380E+02 -3.59800E+02
v -7.51290E+02  1.49380E+02 -3.88122E+02
v -7.82790E+02  1.49380E+02 -3.88122E+02
v -7.82790E+02  1.40784E+02 -3.59800E+02
v -7.51290E+02  1.40784E+02 -3.59800E+02
v -7.51290E+02  1.40784E+02 -3.88122E+02
v -7.82790E+02  1.40784E+02 -3.88122E+02
g vc_ws_8046
s 0
f  12817 12818 12819 12820
f  12817 12818 12822 12821
f  12819 12818 12822 12823
f  12820 12819 12823 12824
f  12820 12817 12821 12824
f  12821 12822 12823 12824
v -7.42194E+02  2.19389E+02 -5.86234E+02
v -7.28694E+02  2.19389E+02 -5.86234E+02
v -7.28694E+02  2.19389E+02 -5.96234E+02
v -7.42194E+02  2.19389E+02 -5.96234E+02
v -7.42194E+02  1.62228E+02 -5.86234E+02
v -7.28694E+02  1.62228E+02 -5.86234E+02
v -7.28694E+02  1.62228E+02 -5.96234E+02
v -7.42194E+02  1.62228E+02 -5.96234E+02
g vc_ws_8047
s 0
f  12825 12826 12827 12828
f  12825 12826 12830 12829
f  12827 12826 12830 12831
f  12828 12827 12831 12832
f  12828 12825 12829 12832
f  12829 12830 12831 12832
v -7.42194E+02  1.62228E+02 -5.86234E+02
v -7.28694E+02  1.62228E+02 -5.86234E+02
v -7.28694E+02  1.62228E+02 -5.96234E+02
v -7.42194E+02  1.62228E+02 -5.96234E+02
v -7.42194E+02  1.06403E+02 -5.86234E+02
v -7.28694E+02  1.06403E+02 -5.86234E+02
v -7.28694E+02  1.06403E+02 -5.96234E+02
v -7.42194E+02  1.06403E+02 -5.96234E+02
g vc_ws_8048
s 0
f  12833 12834 12835 12836
f  12833 12834 12838 12837
f  12835 12834 12838 12839
f  12836 12835 12839 12840
f  12836 12833 12837 12840
f  12837 12838 12839 12840
v -7.42194E+02  1.62228E+02 -5.66185E+02
v -7.28694E+02  1.62228E+02 -5.66185E+02
v -7.28694E+02  1.62228E+02 -5.86234E+02
v -7.42194E+02  1.62228E+02 -5.86234E+02
v -7.42194E+02  1.34316E+02 -5.66185E+02
v -7.28694E+02  1.34316E+02 -5.66185E+02
v -7.28694E+02  1.34316E+02 -5.86234E+02
v -7.42194E+02  1.34316E+02 -5.86234E+02
g vc_ws_8049
s 0
f  12841 12842 12843 12844
f  12841 12842 12846 12845
f  12843 12842 12846 12847
f  12844 12843 12847 12848
f  12844 12841 12845 12848
f  12845 12846 12847 12848
v -7.42194E+02  1.34316E+02 -5.66185E+02
v -7.28694E+02  1.34316E+02 -5.66185E+02
v -7.28694E+02  1.34316E+02 -5.86234E+02
v -7.42194E+02  1.34316E+02 -5.86234E+02
v -7.42194E+02  1.06403E+02 -5.66185E+02
v -7.28694E+02  1.06403E+02 -5.66185E+02
v -7.28694E+02  1.06403E+02 -5.86234E+02
v -7.42194E+02  1.06403E+02 -5.86234E+02
g vc_ws_8050
s 0
f  12849 12850 12851 12852
f  12849 12850 12854 12853
f  12851 12850 12854 12855
f  12852 12851 12855 12856
f  12852 12849 12853 12856
f  12853 12854 12855 12856
v -3.04485E+02  2.19389E+02 -3.72470E+02
v -2.94485E+02  2.19389E+02 -3.72470E+02
v -2.94485E+02  2.19389E+02 -3.85470E+02
v -3.04485E+02  2.19389E+02 -3.85470E+02
v -3.04485E+02  1.15319E+02 -3.72470E+02
v -2.94485E+02  1.15319E+02 -3.72470E+02
v -2.94485E+02  1.15319E+02 -3.85470E+02
v -3.04485E+02  1.15319E+02 -3.85470E+02
g vc_ws_8051
s 0
f  12857 12858 12859 12860
f  12857 12858 12862 12861
f  12859 12858 12862 12863
f  12860 12859 12863 12864
f  12860 12857 12861 12864
f  12861 12862 12863 12864
v -3.04485E+02  1.15319E+02 -3.72470E+02
v -2.94485E+02  1.15319E+02 -3.72470E+02
v -2.94485E+02  1.15319E+02 -3.85470E+02
v -3.04485E+02  1.15319E+02 -3.85470E+02
v -3.04485E+02  1.03378E+02 -3.72470E+02
v -2.94485E+02  1.03378E+02 -3.72470E+02
v -2.94485E+02  1.03378E+02 -3.85470E+02
v -3.04485E+02  1.03378E+02 -3.85470E+02
g vc_ws_8052
s 0
f  12865 12866 12867 12868
f  12865 12866 12870 12869
f  12867 12866 12870 12871
f  12868 12867 12871 12872
f  12868 12865 12869 12872
f  12869 12870 12871 12872
v  3.22936E+02  1.21928E+02  2.83813E+02
v  3.48436E+02  1.21928E+02  2.83813E+02
v  3.48436E+02  1.21928E+02  2.64313E+02
v  3.22936E+02  1.21928E+02  2.64313E+02
v  3.22936E+02  1.06849E+02  2.83813E+02
v  3.48436E+02  1.06849E+02  2.83813E+02
v  3.48436E+02  1.06849E+02  2.64313E+02
v  3.22936E+02  1.06849E+02  2.64313E+02
g vc_ws_8053
s 0
f  12873 12874 12875 12876
f  12873 12874 12878 12877
f  12875 12874 12878 12879
f  12876 12875 12879 12880
f  12876 12873 12877 12880
f  12877 12878 12879 12880
v  3.22936E+02  1.06849E+02  2.83813E+02
v  3.48436E+02  1.06849E+02  2.83813E+02
v  3.48436E+02  1.06849E+02  2.64313E+02
v  3.22936E+02  1.06849E+02  2.64313E+02
v  3.22936E+02  9.17693E+01  2.83813E+02
v  3.48436E+02  9.17693E+01  2.83813E+02
v  3.48436E+02  9.17693E+01  2.64313E+02
v  3.22936E+02  9.17693E+01  2.64313E+02
g vc_ws_8054
s 0
f  12881 12882 12883 12884
f  12881 12882 12886 12885
f  12883 12882 12886 12887
f  12884 12883 12887 12888
f  12884 12881 12885 12888
f  12885 12886 12887 12888
v -3.04485E+02  1.14632E+02 -3.45355E+02
v -2.94485E+02  1.14632E+02 -3.45355E+02
v -2.94485E+02  1.14632E+02 -3.57970E+02
v -3.04485E+02  1.14632E+02 -3.57970E+02
v -3.04485E+02  9.96728E+01 -3.45355E+02
v -2.94485E+02  9.96728E+01 -3.45355E+02
v -2.94485E+02  9.96728E+01 -3.57970E+02
v -3.04485E+02  9.96728E+01 -3.57970E+02
g vc_ws_8055
s 0
f  12889 12890 12891 12892
f  12889 12890 12894 12893
f  12891 12890 12894 12895
f  12892 12891 12895 12896
f  12892 12889 12893 12896
f  12893 12894 12895 12896
v -6.81836E+02  2.19389E+02  9.41511E+00
v -6.68450E+02  2.19389E+02  9.41511E+00
v -6.68450E+02  2.19389E+02 -2.08489E+00
v -6.81836E+02  2.19389E+02 -2.08489E+00
v -6.81836E+02  1.80284E+02  9.41511E+00
v -6.68450E+02  1.80284E+02  9.41511E+00
v -6.68450E+02  1.80284E+02 -2.08489E+00
v -6.81836E+02  1.80284E+02 -2.08489E+00
g vc_ws_8057
s 0
f  12897 12898 12899 12900
f  12897 12898 12902 12901
f  12899 12898 12902 12903
f  12900 12899 12903 12904
f  12900 12897 12901 12904
f  12901 12902 12903 12904
v -6.81836E+02  1.80284E+02  9.41511E+00
v -6.68450E+02  1.80284E+02  9.41511E+00
v -6.68450E+02  1.80284E+02 -2.08489E+00
v -6.81836E+02  1.80284E+02 -2.08489E+00
v -6.81836E+02  1.22631E+02  9.41511E+00
v -6.68450E+02  1.22631E+02  9.41511E+00
v -6.68450E+02  1.22631E+02 -2.08489E+00
v -6.81836E+02  1.22631E+02 -2.08489E+00
g vc_ws_8058
s 0
f  12905 12906 12907 12908
f  12905 12906 12910 12909
f  12907 12906 12910 12911
f  12908 12907 12911 12912
f  12908 12905 12909 12912
f  12909 12910 12911 12912
v -7.21868E+02  2.19389E+02 -2.56307E+02
v -7.11368E+02  2.19389E+02 -2.56307E+02
v -7.11368E+02  2.19389E+02 -2.68807E+02
v -7.21868E+02  2.19389E+02 -2.68807E+02
v -7.21868E+02  1.46043E+02 -2.56307E+02
v -7.11368E+02  1.46043E+02 -2.56307E+02
v -7.11368E+02  1.46043E+02 -2.68807E+02
v -7.21868E+02  1.46043E+02 -2.68807E+02
g vc_ws_8059
s 0
f  12913 12914 12915 12916
f  12913 12914 12918 12917
f  12915 12914 12918 12919
f  12916 12915 12919 12920
f  12916 12913 12917 12920
f  12917 12918 12919 12920
v -7.21868E+02  1.46043E+02 -2.56307E+02
v -7.11368E+02  1.46043E+02 -2.56307E+02
v -7.11368E+02  1.46043E+02 -2.68807E+02
v -7.21868E+02  1.46043E+02 -2.68807E+02
v -7.21868E+02  1.06403E+02 -2.56307E+02
v -7.11368E+02  1.06403E+02 -2.56307E+02
v -7.11368E+02  1.06403E+02 -2.68807E+02
v -7.21868E+02  1.06403E+02 -2.68807E+02
g vc_ws_8060
s 0
f  12921 12922 12923 12924
f  12921 12922 12926 12925
f  12923 12922 12926 12927
f  12924 12923 12927 12928
f  12924 12921 12925 12928
f  12925 12926 12927 12928
v -7.31521E+02  1.76765E+02 -2.83210E+02
v -7.18021E+02  1.76765E+02 -2.83210E+02
v -7.18021E+02  1.76765E+02 -2.98710E+02
v -7.31521E+02  1.76765E+02 -2.98710E+02
v -7.31521E+02  1.41584E+02 -2.83210E+02
v -7.18021E+02  1.41584E+02 -2.83210E+02
v -7.18021E+02  1.41584E+02 -2.98710E+02
v -7.31521E+02  1.41584E+02 -2.98710E+02
g vc_ws_8061
s 0
f  12929 12930 12931 12932
f  12929 12930 12934 12933
f  12931 12930 12934 12935
f  12932 12931 12935 12936
f  12932 12929 12933 12936
f  12933 12934 12935 12936
v -7.31521E+02  1.41584E+02 -2.83210E+02
v -7.18021E+02  1.41584E+02 -2.83210E+02
v -7.18021E+02  1.41584E+02 -2.98710E+02
v -7.31521E+02  1.41584E+02 -2.98710E+02
v -7.31521E+02  1.06403E+02 -2.83210E+02
v -7.18021E+02  1.06403E+02 -2.83210E+02
v -7.18021E+02  1.06403E+02 -2.98710E+02
v -7.31521E+02  1.06403E+02 -2.98710E+02
g vc_ws_8062
s 0
f  12937 12938 12939 12940
f  12937 12938 12942 12941
f  12939 12938 12942 12943
f  12940 12939 12943 12944
f  12940 12937 12941 12944
f  12941 12942 12943 12944
v -6.81836E+02  2.19389E+02  2.07462E+01
v -6.68450E+02  2.19389E+02  2.07462E+01
v -6.68450E+02  2.19389E+02  9.41511E+00
v -6.81836E+02  2.19389E+02  9.41511E+00
v -6.81836E+02  1.80284E+02  2.07462E+01
v -6.68450E+02  1.80284E+02  2.07462E+01
v -6.68450E+02  1.80284E+02  9.41511E+00
v -6.81836E+02  1.80284E+02  9.41511E+00
g vc_ws_8063
s 0
f  12945 12946 12947 12948
f  12945 12946 12950 12949
f  12947 12946 12950 12951
f  12948 12947 12951 12952
f  12948 12945 12949 12952
f  12949 12950 12951 12952
v -6.81836E+02  1.80284E+02  2.07462E+01
v -6.68450E+02  1.80284E+02  2.07462E+01
v -6.68450E+02  1.80284E+02  9.41511E+00
v -6.81836E+02  1.80284E+02  9.41511E+00
v -6.81836E+02  1.22631E+02  2.07462E+01
v -6.68450E+02  1.22631E+02  2.07462E+01
v -6.68450E+02  1.22631E+02  9.41511E+00
v -6.81836E+02  1.22631E+02  9.41511E+00
g vc_ws_8064
s 0
f  12953 12954 12955 12956
f  12953 12954 12958 12957
f  12955 12954 12958 12959
f  12956 12955 12959 12960
f  12956 12953 12957 12960
f  12957 12958 12959 12960
v -4.35396E+00  7.02163E+01 -2.25581E+02
v  1.51460E+01  7.02163E+01 -2.25581E+02
v  1.51460E+01  7.02163E+01 -2.48081E+02
v -4.35396E+00  7.02163E+01 -2.48081E+02
v -4.35396E+00  5.35047E+01 -2.25581E+02
v  1.51460E+01  5.35047E+01 -2.25581E+02
v  1.51460E+01  5.35047E+01 -2.48081E+02
v -4.35396E+00  5.35047E+01 -2.48081E+02
g vc_ws_8065
s 0
f  12961 12962 12963 12964
f  12961 12962 12966 12965
f  12963 12962 12966 12967
f  12964 12963 12967 12968
f  12964 12961 12965 12968
f  12965 12966 12967 12968
v -7.55194E+02  1.62228E+02 -5.66185E+02
v -7.42194E+02  1.62228E+02 -5.66185E+02
v -7.42194E+02  1.62228E+02 -5.86234E+02
v -7.55194E+02  1.62228E+02 -5.86234E+02
v -7.55194E+02  1.34316E+02 -5.66185E+02
v -7.42194E+02  1.34316E+02 -5.66185E+02
v -7.42194E+02  1.34316E+02 -5.86234E+02
v -7.55194E+02  1.34316E+02 -5.86234E+02
g vc_ws_8067
s 0
f  12969 12970 12971 12972
f  12969 12970 12974 12973
f  12971 12970 12974 12975
f  12972 12971 12975 12976
f  12972 12969 12973 12976
f  12973 12974 12975 12976
v -7.55194E+02  1.34316E+02 -5.66185E+02
v -7.42194E+02  1.34316E+02 -5.66185E+02
v -7.42194E+02  1.34316E+02 -5.86234E+02
v -7.55194E+02  1.34316E+02 -5.86234E+02
v -7.55194E+02  1.06403E+02 -5.66185E+02
v -7.42194E+02  1.06403E+02 -5.66185E+02
v -7.42194E+02  1.06403E+02 -5.86234E+02
v -7.55194E+02  1.06403E+02 -5.86234E+02
g vc_ws_8068
s 0
f  12977 12978 12979 12980
f  12977 12978 12982 12981
f  12979 12978 12982 12983
f  12980 12979 12983 12984
f  12980 12977 12981 12984
f  12981 12982 12983 12984
v -7.47868E+02  2.19389E+02 -2.56307E+02
v -7.34368E+02  2.19389E+02 -2.56307E+02
v -7.34368E+02  2.19389E+02 -2.68807E+02
v -7.47868E+02  2.19389E+02 -2.68807E+02
v -7.47868E+02  1.76621E+02 -2.56307E+02
v -7.34368E+02  1.76621E+02 -2.56307E+02
v -7.34368E+02  1.76621E+02 -2.68807E+02
v -7.47868E+02  1.76621E+02 -2.68807E+02
g vc_ws_8069
s 0
f  12985 12986 12987 12988
f  12985 12986 12990 12989
f  12987 12986 12990 12991
f  12988 12987 12991 12992
f  12988 12985 12989 12992
f  12989 12990 12991 12992
v -7.47868E+02  1.76621E+02 -2.56307E+02
v -7.34368E+02  1.76621E+02 -2.56307E+02
v -7.34368E+02  1.76621E+02 -2.68807E+02
v -7.47868E+02  1.76621E+02 -2.68807E+02
v -7.47868E+02  1.35204E+02 -2.56307E+02
v -7.34368E+02  1.35204E+02 -2.56307E+02
v -7.34368E+02  1.35204E+02 -2.68807E+02
v -7.47868E+02  1.35204E+02 -2.68807E+02
g vc_ws_8070
s 0
f  12993 12994 12995 12996
f  12993 12994 12998 12997
f  12995 12994 12998 12999
f  12996 12995 12999 13000
f  12996 12993 12997 13000
f  12997 12998 12999 13000
v -4.35396E+00  7.53953E+01 -2.05441E+02
v  1.51460E+01  7.53953E+01 -2.05441E+02
v  1.51460E+01  7.53953E+01 -2.25581E+02
v -4.35396E+00  7.53953E+01 -2.25581E+02
v -4.35396E+00  5.73511E+01 -2.05441E+02
v  1.51460E+01  5.73511E+01 -2.05441E+02
v  1.51460E+01  5.73511E+01 -2.25581E+02
v -4.35396E+00  5.73511E+01 -2.25581E+02
g vc_ws_8071
s 0
f  13001 13002 13003 13004
f  13001 13002 13006 13005
f  13003 13002 13006 13007
f  13004 13003 13007 13008
f  13004 13001 13005 13008
f  13005 13006 13007 13008
v -7.51290E+02  1.73327E+02 -3.59800E+02
v -7.34790E+02  1.73327E+02 -3.59800E+02
v -7.34790E+02  1.73327E+02 -3.72622E+02
v -7.51290E+02  1.73327E+02 -3.72622E+02
v -7.51290E+02  1.39865E+02 -3.59800E+02
v -7.34790E+02  1.39865E+02 -3.59800E+02
v -7.34790E+02  1.39865E+02 -3.72622E+02
v -7.51290E+02  1.39865E+02 -3.72622E+02
g vc_ws_8073
s 0
f  13009 13010 13011 13012
f  13009 13010 13014 13013
f  13011 13010 13014 13015
f  13012 13011 13015 13016
f  13012 13009 13013 13016
f  13013 13014 13015 13016
v -7.51290E+02  1.39865E+02 -3.59800E+02
v -7.34790E+02  1.39865E+02 -3.59800E+02
v -7.34790E+02  1.39865E+02 -3.72622E+02
v -7.51290E+02  1.39865E+02 -3.72622E+02
v -7.51290E+02  1.06403E+02 -3.59800E+02
v -7.34790E+02  1.06403E+02 -3.59800E+02
v -7.34790E+02  1.06403E+02 -3.72622E+02
v -7.51290E+02  1.06403E+02 -3.72622E+02
g vc_ws_8074
s 0
f  13017 13018 13019 13020
f  13017 13018 13022 13021
f  13019 13018 13022 13023
f  13020 13019 13023 13024
f  13020 13017 13021 13024
f  13021 13022 13023 13024
v -7.11368E+02  2.19389E+02 -2.56307E+02
v -7.01368E+02  2.19389E+02 -2.56307E+02
v -7.01368E+02  2.19389E+02 -2.68807E+02
v -7.11368E+02  2.19389E+02 -2.68807E+02
v -7.11368E+02  1.46043E+02 -2.56307E+02
v -7.01368E+02  1.46043E+02 -2.56307E+02
v -7.01368E+02  1.46043E+02 -2.68807E+02
v -7.11368E+02  1.46043E+02 -2.68807E+02
g vc_ws_8075
s 0
f  13025 13026 13027 13028
f  13025 13026 13030 13029
f  13027 13026 13030 13031
f  13028 13027 13031 13032
f  13028 13025 13029 13032
f  13029 13030 13031 13032
v -7.11368E+02  1.46043E+02 -2.56307E+02
v -7.01368E+02  1.46043E+02 -2.56307E+02
v -7.01368E+02  1.46043E+02 -2.68807E+02
v -7.11368E+02  1.46043E+02 -2.68807E+02
v -7.11368E+02  1.06403E+02 -2.56307E+02
v -7.01368E+02  1.06403E+02 -2.56307E+02
v -7.01368E+02  1.06403E+02 -2.68807E+02
v -7.11368E+02  1.06403E+02 -2.68807E+02
g vc_ws_8076
s 0
f  13033 13034 13035 13036
f  13033 13034 13038 13037
f  13035 13034 13038 13039
f  13036 13035 13039 13040
f  13036 13033 13037 13040
f  13037 13038 13039 13040
v  3.48436E+02  1.21928E+02  2.83813E+02
v  3.72436E+02  1.21928E+02  2.83813E+02
v  3.72436E+02  1.21928E+02  2.64313E+02
v  3.48436E+02  1.21928E+02  2.64313E+02
v  3.48436E+02  1.06849E+02  2.83813E+02
v  3.72436E+02  1.06849E+02  2.83813E+02
v  3.72436E+02  1.06849E+02  2.64313E+02
v  3.48436E+02  1.06849E+02  2.64313E+02
g vc_ws_8077
s 0
f  13041 13042 13043 13044
f  13041 13042 13046 13045
f  13043 13042 13046 13047
f  13044 13043 13047 13048
f  13044 13041 13045 13048
f  13045 13046 13047 13048
v  3.48436E+02  1.06849E+02  2.83813E+02
v  3.72436E+02  1.06849E+02  2.83813E+02
v  3.72436E+02  1.06849E+02  2.64313E+02
v  3.48436E+02  1.06849E+02  2.64313E+02
v  3.48436E+02  9.17693E+01  2.83813E+02
v  3.72436E+02  9.17693E+01  2.83813E+02
v  3.72436E+02  9.17693E+01  2.64313E+02
v  3.48436E+02  9.17693E+01  2.64313E+02
g vc_ws_8078
s 0
f  13049 13050 13051 13052
f  13049 13050 13054 13053
f  13051 13050 13054 13055
f  13052 13051 13055 13056
f  13052 13049 13053 13056
f  13053 13054 13055 13056
v -7.28694E+02  2.19389E+02 -5.86234E+02
v -7.16245E+02  2.19389E+02 -5.86234E+02
v -7.16245E+02  2.19389E+02 -5.96234E+02
v -7.28694E+02  2.19389E+02 -5.96234E+02
v -7.28694E+02  1.62228E+02 -5.86234E+02
v -7.16245E+02  1.62228E+02 -5.86234E+02
v -7.16245E+02  1.62228E+02 -5.96234E+02
v -7.28694E+02  1.62228E+02 -5.96234E+02
g vc_ws_8079
s 0
f  13057 13058 13059 13060
f  13057 13058 13062 13061
f  13059 13058 13062 13063
f  13060 13059 13063 13064
f  13060 13057 13061 13064
f  13061 13062 13063 13064
v -7.28694E+02  1.62228E+02 -5.86234E+02
v -7.16245E+02  1.62228E+02 -5.86234E+02
v -7.16245E+02  1.62228E+02 -5.96234E+02
v -7.28694E+02  1.62228E+02 -5.96234E+02
v -7.28694E+02  1.06403E+02 -5.86234E+02
v -7.16245E+02  1.06403E+02 -5.86234E+02
v -7.16245E+02  1.06403E+02 -5.96234E+02
v -7.28694E+02  1.06403E+02 -5.96234E+02
g vc_ws_8080
s 0
f  13065 13066 13067 13068
f  13065 13066 13070 13069
f  13067 13066 13070 13071
f  13068 13067 13071 13072
f  13068 13065 13069 13072
f  13069 13070 13071 13072
v -7.28694E+02  1.62228E+02 -6.07734E+02
v -7.16245E+02  1.62228E+02 -6.07734E+02
v -7.16245E+02  1.62228E+02 -6.27734E+02
v -7.28694E+02  1.62228E+02 -6.27734E+02
v -7.28694E+02  1.34316E+02 -6.07734E+02
v -7.16245E+02  1.34316E+02 -6.07734E+02
v -7.16245E+02  1.34316E+02 -6.27734E+02
v -7.28694E+02  1.34316E+02 -6.27734E+02
g vc_ws_8081
s 0
f  13073 13074 13075 13076
f  13073 13074 13078 13077
f  13075 13074 13078 13079
f  13076 13075 13079 13080
f  13076 13073 13077 13080
f  13077 13078 13079 13080
v -7.28694E+02  1.34316E+02 -6.07734E+02
v -7.16245E+02  1.34316E+02 -6.07734E+02
v -7.16245E+02  1.34316E+02 -6.27734E+02
v -7.28694E+02  1.34316E+02 -6.27734E+02
v -7.28694E+02  1.06403E+02 -6.07734E+02
v -7.16245E+02  1.06403E+02 -6.07734E+02
v -7.16245E+02  1.06403E+02 -6.27734E+02
v -7.28694E+02  1.06403E+02 -6.27734E+02
g vc_ws_8082
s 0
f  13081 13082 13083 13084
f  13081 13082 13086 13085
f  13083 13082 13086 13087
f  13084 13083 13087 13088
f  13084 13081 13085 13088
f  13085 13086 13087 13088
v -7.31521E+02  1.76765E+02 -2.68807E+02
v -7.18021E+02  1.76765E+02 -2.68807E+02
v -7.18021E+02  1.76765E+02 -2.83210E+02
v -7.31521E+02  1.76765E+02 -2.83210E+02
v -7.31521E+02  1.41584E+02 -2.68807E+02
v -7.18021E+02  1.41584E+02 -2.68807E+02
v -7.18021E+02  1.41584E+02 -2.83210E+02
v -7.31521E+02  1.41584E+02 -2.83210E+02
g vc_ws_8083
s 0
f  13089 13090 13091 13092
f  13089 13090 13094 13093
f  13091 13090 13094 13095
f  13092 13091 13095 13096
f  13092 13089 13093 13096
f  13093 13094 13095 13096
v -7.31521E+02  1.41584E+02 -2.68807E+02
v -7.18021E+02  1.41584E+02 -2.68807E+02
v -7.18021E+02  1.41584E+02 -2.83210E+02
v -7.31521E+02  1.41584E+02 -2.83210E+02
v -7.31521E+02  1.06403E+02 -2.68807E+02
v -7.18021E+02  1.06403E+02 -2.68807E+02
v -7.18021E+02  1.06403E+02 -2.83210E+02
v -7.31521E+02  1.06403E+02 -2.83210E+02
g vc_ws_8084
s 0
f  13097 13098 13099 13100
f  13097 13098 13102 13101
f  13099 13098 13102 13103
f  13100 13099 13103 13104
f  13100 13097 13101 13104
f  13101 13102 13103 13104
v -7.21868E+02  2.19389E+02 -2.33807E+02
v -7.11368E+02  2.19389E+02 -2.33807E+02
v -7.11368E+02  2.19389E+02 -2.45307E+02
v -7.21868E+02  2.19389E+02 -2.45307E+02
v -7.21868E+02  1.77236E+02 -2.33807E+02
v -7.11368E+02  1.77236E+02 -2.33807E+02
v -7.11368E+02  1.77236E+02 -2.45307E+02
v -7.21868E+02  1.77236E+02 -2.45307E+02
g vc_ws_8085
s 0
f  13105 13106 13107 13108
f  13105 13106 13110 13109
f  13107 13106 13110 13111
f  13108 13107 13111 13112
f  13108 13105 13109 13112
f  13109 13110 13111 13112
v -7.21868E+02  1.77236E+02 -2.33807E+02
v -7.11368E+02  1.77236E+02 -2.33807E+02
v -7.11368E+02  1.77236E+02 -2.45307E+02
v -7.21868E+02  1.77236E+02 -2.45307E+02
v -7.21868E+02  1.06403E+02 -2.33807E+02
v -7.11368E+02  1.06403E+02 -2.33807E+02
v -7.11368E+02  1.06403E+02 -2.45307E+02
v -7.21868E+02  1.06403E+02 -2.45307E+02
g vc_ws_8086
s 0
f  13113 13114 13115 13116
f  13113 13114 13118 13117
f  13115 13114 13118 13119
f  13116 13115 13119 13120
f  13116 13113 13117 13120
f  13117 13118 13119 13120
v -6.01430E+02  2.19389E+02 -6.28710E+02
v -5.90930E+02  2.19389E+02 -6.28710E+02
v -5.90930E+02  2.19389E+02 -6.40210E+02
v -6.01430E+02  2.19389E+02 -6.40210E+02
v -6.01430E+02  1.19600E+02 -6.28710E+02
v -5.90930E+02  1.19600E+02 -6.28710E+02
v -5.90930E+02  1.19600E+02 -6.40210E+02
v -6.01430E+02  1.19600E+02 -6.40210E+02
g vc_ws_8087
s 0
f  13121 13122 13123 13124
f  13121 13122 13126 13125
f  13123 13122 13126 13127
f  13124 13123 13127 13128
f  13124 13121 13125 13128
f  13125 13126 13127 13128
v -6.01430E+02  1.19600E+02 -6.28710E+02
v -5.90930E+02  1.19600E+02 -6.28710E+02
v -5.90930E+02  1.19600E+02 -6.40210E+02
v -6.01430E+02  1.19600E+02 -6.40210E+02
v -6.01430E+02  1.07130E+02 -6.28710E+02
v -5.90930E+02  1.07130E+02 -6.28710E+02
v -5.90930E+02  1.07130E+02 -6.40210E+02
v -6.01430E+02  1.07130E+02 -6.40210E+02
g vc_ws_8088
s 0
f  13129 13130 13131 13132
f  13129 13130 13134 13133
f  13131 13130 13134 13135
f  13132 13131 13135 13136
f  13132 13129 13133 13136
f  13133 13134 13135 13136
v -3.93020E+02  2.19389E+02 -2.43187E+02
v -3.82520E+02  2.19389E+02 -2.43187E+02
v -3.82520E+02  2.19389E+02 -2.53927E+02
v -3.93020E+02  2.19389E+02 -2.53927E+02
v -3.93020E+02  1.54422E+02 -2.43187E+02
v -3.82520E+02  1.54422E+02 -2.43187E+02
v -3.82520E+02  1.54422E+02 -2.53927E+02
v -3.93020E+02  1.54422E+02 -2.53927E+02
g vc_ws_8089
s 0
f  13137 13138 13139 13140
f  13137 13138 13142 13141
f  13139 13138 13142 13143
f  13140 13139 13143 13144
f  13140 13137 13141 13144
f  13141 13142 13143 13144
v -3.93020E+02  1.54422E+02 -2.43187E+02
v -3.82520E+02  1.54422E+02 -2.43187E+02
v -3.82520E+02  1.54422E+02 -2.53927E+02
v -3.93020E+02  1.54422E+02 -2.53927E+02
v -3.93020E+02  1.00145E+02 -2.43187E+02
v -3.82520E+02  1.00145E+02 -2.43187E+02
v -3.82520E+02  1.00145E+02 -2.53927E+02
v -3.93020E+02  1.00145E+02 -2.53927E+02
g vc_ws_8090
s 0
f  13145 13146 13147 13148
f  13145 13146 13150 13149
f  13147 13146 13150 13151
f  13148 13147 13151 13152
f  13148 13145 13149 13152
f  13149 13150 13151 13152
v -7.01868E+02  1.77236E+02 -2.06954E+02
v -6.90368E+02  1.77236E+02 -2.06954E+02
v -6.90368E+02  1.77236E+02 -2.23454E+02
v -7.01868E+02  1.77236E+02 -2.23454E+02
v -7.01868E+02  1.41819E+02 -2.06954E+02
v -6.90368E+02  1.41819E+02 -2.06954E+02
v -6.90368E+02  1.41819E+02 -2.23454E+02
v -7.01868E+02  1.41819E+02 -2.23454E+02
g vc_ws_8091
s 0
f  13153 13154 13155 13156
f  13153 13154 13158 13157
f  13155 13154 13158 13159
f  13156 13155 13159 13160
f  13156 13153 13157 13160
f  13157 13158 13159 13160
v -7.01868E+02  1.41819E+02 -2.06954E+02
v -6.90368E+02  1.41819E+02 -2.06954E+02
v -6.90368E+02  1.41819E+02 -2.23454E+02
v -7.01868E+02  1.41819E+02 -2.23454E+02
v -7.01868E+02  1.06403E+02 -2.06954E+02
v -6.90368E+02  1.06403E+02 -2.06954E+02
v -6.90368E+02  1.06403E+02 -2.23454E+02
v -7.01868E+02  1.06403E+02 -2.23454E+02
g vc_ws_8092
s 0
f  13161 13162 13163 13164
f  13161 13162 13166 13165
f  13163 13162 13166 13167
f  13164 13163 13167 13168
f  13164 13161 13165 13168
f  13165 13166 13167 13168
v  3.51607E+02  1.46731E+02  2.64313E+02
v  3.67107E+02  1.46731E+02  2.64313E+02
v  3.67107E+02  1.46731E+02  2.48540E+02
v  3.51607E+02  1.46731E+02  2.48540E+02
v  3.51607E+02  1.19250E+02  2.64313E+02
v  3.67107E+02  1.19250E+02  2.64313E+02
v  3.67107E+02  1.19250E+02  2.48540E+02
v  3.51607E+02  1.19250E+02  2.48540E+02
g vc_ws_8093
s 0
f  13169 13170 13171 13172
f  13169 13170 13174 13173
f  13171 13170 13174 13175
f  13172 13171 13175 13176
f  13172 13169 13173 13176
f  13173 13174 13175 13176
v  3.51607E+02  1.19250E+02  2.64313E+02
v  3.67107E+02  1.19250E+02  2.64313E+02
v  3.67107E+02  1.19250E+02  2.48540E+02
v  3.51607E+02  1.19250E+02  2.48540E+02
v  3.51607E+02  9.17693E+01  2.64313E+02
v  3.67107E+02  9.17693E+01  2.64313E+02
v  3.67107E+02  9.17693E+01  2.48540E+02
v  3.51607E+02  9.17693E+01  2.48540E+02
g vc_ws_8094
s 0
f  13177 13178 13179 13180
f  13177 13178 13182 13181
f  13179 13178 13182 13183
f  13180 13179 13183 13184
f  13180 13177 13181 13184
f  13181 13182 13183 13184
v -1.27513E+02  3.73913E+01 -1.04354E+03
v -1.09013E+02  3.73913E+01 -1.04354E+03
v -1.09013E+02  3.73913E+01 -1.06104E+03
v -1.27513E+02  3.73913E+01 -1.06104E+03
v -1.27513E+02  2.25061E+01 -1.04354E+03
v -1.09013E+02  2.25061E+01 -1.04354E+03
v -1.09013E+02  2.25061E+01 -1.06104E+03
v -1.27513E+02  2.25061E+01 -1.06104E+03
g vc_ws_8095
s 0
f  13185 13186 13187 13188
f  13185 13186 13190 13189
f  13187 13186 13190 13191
f  13188 13187 13191 13192
f  13188 13185 13189 13192
f  13189 13190 13191 13192
v -7.66290E+02  1.75166E+02 -3.88122E+02
v -7.51290E+02  1.75166E+02 -3.88122E+02
v -7.51290E+02  1.75166E+02 -4.01122E+02
v -7.66290E+02  1.75166E+02 -4.01122E+02
v -7.66290E+02  1.40784E+02 -3.88122E+02
v -7.51290E+02  1.40784E+02 -3.88122E+02
v -7.51290E+02  1.40784E+02 -4.01122E+02
v -7.66290E+02  1.40784E+02 -4.01122E+02
g vc_ws_8097
s 0
f  13193 13194 13195 13196
f  13193 13194 13198 13197
f  13195 13194 13198 13199
f  13196 13195 13199 13200
f  13196 13193 13197 13200
f  13197 13198 13199 13200
v -7.66290E+02  1.40784E+02 -3.88122E+02
v -7.51290E+02  1.40784E+02 -3.88122E+02
v -7.51290E+02  1.40784E+02 -4.01122E+02
v -7.66290E+02  1.40784E+02 -4.01122E+02
v -7.66290E+02  1.06403E+02 -3.88122E+02
v -7.51290E+02  1.06403E+02 -3.88122E+02
v -7.51290E+02  1.06403E+02 -4.01122E+02
v -7.66290E+02  1.06403E+02 -4.01122E+02
g vc_ws_8098
s 0
f  13201 13202 13203 13204
f  13201 13202 13206 13205
f  13203 13202 13206 13207
f  13204 13203 13207 13208
f  13204 13201 13205 13208
f  13205 13206 13207 13208
v -3.72520E+02  1.27016E+02 -2.43187E+02
v -3.52806E+02  1.27016E+02 -2.43187E+02
v -3.52806E+02  1.27016E+02 -2.67427E+02
v -3.72520E+02  1.27016E+02 -2.67427E+02
v -3.72520E+02  1.13311E+02 -2.43187E+02
v -3.52806E+02  1.13311E+02 -2.43187E+02
v -3.52806E+02  1.13311E+02 -2.67427E+02
v -3.72520E+02  1.13311E+02 -2.67427E+02
g vc_ws_8099
s 0
f  13209 13210 13211 13212
f  13209 13210 13214 13213
f  13211 13210 13214 13215
f  13212 13211 13215 13216
f  13212 13209 13213 13216
f  13213 13214 13215 13216
v -3.72520E+02  1.13311E+02 -2.43187E+02
v -3.52806E+02  1.13311E+02 -2.43187E+02
v -3.52806E+02  1.13311E+02 -2.67427E+02
v -3.72520E+02  1.13311E+02 -2.67427E+02
v -3.72520E+02  9.96071E+01 -2.43187E+02
v -3.52806E+02  9.96071E+01 -2.43187E+02
v -3.52806E+02  9.96071E+01 -2.67427E+02
v -3.72520E+02  9.96071E+01 -2.67427E+02
g vc_ws_8100
s 0
f  13217 13218 13219 13220
f  13217 13218 13222 13221
f  13219 13218 13222 13223
f  13220 13219 13223 13224
f  13220 13217 13221 13224
f  13221 13222 13223 13224
v -7.21868E+02  2.19389E+02 -2.45307E+02
v -7.11368E+02  2.19389E+02 -2.45307E+02
v -7.11368E+02  2.19389E+02 -2.56307E+02
v -7.21868E+02  2.19389E+02 -2.56307E+02
v -7.21868E+02  1.77236E+02 -2.45307E+02
v -7.11368E+02  1.77236E+02 -2.45307E+02
v -7.11368E+02  1.77236E+02 -2.56307E+02
v -7.21868E+02  1.77236E+02 -2.56307E+02
g vc_ws_8101
s 0
f  13225 13226 13227 13228
f  13225 13226 13230 13229
f  13227 13226 13230 13231
f  13228 13227 13231 13232
f  13228 13225 13229 13232
f  13229 13230 13231 13232
v -7.21868E+02  1.77236E+02 -2.45307E+02
v -7.11368E+02  1.77236E+02 -2.45307E+02
v -7.11368E+02  1.77236E+02 -2.56307E+02
v -7.21868E+02  1.77236E+02 -2.56307E+02
v -7.21868E+02  1.06403E+02 -2.45307E+02
v -7.11368E+02  1.06403E+02 -2.45307E+02
v -7.11368E+02  1.06403E+02 -2.56307E+02
v -7.21868E+02  1.06403E+02 -2.56307E+02
g vc_ws_8102
s 0
f  13233 13234 13235 13236
f  13233 13234 13238 13237
f  13235 13234 13238 13239
f  13236 13235 13239 13240
f  13236 13233 13237 13240
f  13237 13238 13239 13240
v -7.11368E+02  2.19389E+02 -2.33807E+02
v -7.01368E+02  2.19389E+02 -2.33807E+02
v -7.01368E+02  2.19389E+02 -2.45307E+02
v -7.11368E+02  2.19389E+02 -2.45307E+02
v -7.11368E+02  1.77236E+02 -2.33807E+02
v -7.01368E+02  1.77236E+02 -2.33807E+02
v -7.01368E+02  1.77236E+02 -2.45307E+02
v -7.11368E+02  1.77236E+02 -2.45307E+02
g vc_ws_8103
s 0
f  13241 13242 13243 13244
f  13241 13242 13246 13245
f  13243 13242 13246 13247
f  13244 13243 13247 13248
f  13244 13241 13245 13248
f  13245 13246 13247 13248
v -7.11368E+02  1.77236E+02 -2.33807E+02
v -7.01368E+02  1.77236E+02 -2.33807E+02
v -7.01368E+02  1.77236E+02 -2.45307E+02
v -7.11368E+02  1.77236E+02 -2.45307E+02
v -7.11368E+02  1.06403E+02 -2.33807E+02
v -7.01368E+02  1.06403E+02 -2.33807E+02
v -7.01368E+02  1.06403E+02 -2.45307E+02
v -7.11368E+02  1.06403E+02 -2.45307E+02
g vc_ws_8104
s 0
f  13249 13250 13251 13252
f  13249 13250 13254 13253
f  13251 13250 13254 13255
f  13252 13251 13255 13256
f  13252 13249 13253 13256
f  13253 13254 13255 13256
v -6.01430E+02  2.19389E+02 -6.17710E+02
v -5.90930E+02  2.19389E+02 -6.17710E+02
v -5.90930E+02  2.19389E+02 -6.28710E+02
v -6.01430E+02  2.19389E+02 -6.28710E+02
v -6.01430E+02  1.19600E+02 -6.17710E+02
v -5.90930E+02  1.19600E+02 -6.17710E+02
v -5.90930E+02  1.19600E+02 -6.28710E+02
v -6.01430E+02  1.19600E+02 -6.28710E+02
g vc_ws_8105
s 0
f  13257 13258 13259 13260
f  13257 13258 13262 13261
f  13259 13258 13262 13263
f  13260 13259 13263 13264
f  13260 13257 13261 13264
f  13261 13262 13263 13264
v -6.01430E+02  1.19600E+02 -6.17710E+02
v -5.90930E+02  1.19600E+02 -6.17710E+02
v -5.90930E+02  1.19600E+02 -6.28710E+02
v -6.01430E+02  1.19600E+02 -6.28710E+02
v -6.01430E+02  1.07130E+02 -6.17710E+02
v -5.90930E+02  1.07130E+02 -6.17710E+02
v -5.90930E+02  1.07130E+02 -6.28710E+02
v -6.01430E+02  1.07130E+02 -6.28710E+02
g vc_ws_8106
s 0
f  13265 13266 13267 13268
f  13265 13266 13270 13269
f  13267 13266 13270 13271
f  13268 13267 13271 13272
f  13268 13265 13269 13272
f  13269 13270 13271 13272
v -5.90930E+02  2.19389E+02 -6.28710E+02
v -5.80930E+02  2.19389E+02 -6.28710E+02
v -5.80930E+02  2.19389E+02 -6.40210E+02
v -5.90930E+02  2.19389E+02 -6.40210E+02
v -5.90930E+02  1.19600E+02 -6.28710E+02
v -5.80930E+02  1.19600E+02 -6.28710E+02
v -5.80930E+02  1.19600E+02 -6.40210E+02
v -5.90930E+02  1.19600E+02 -6.40210E+02
g vc_ws_8107
s 0
f  13273 13274 13275 13276
f  13273 13274 13278 13277
f  13275 13274 13278 13279
f  13276 13275 13279 13280
f  13276 13273 13277 13280
f  13277 13278 13279 13280
v -5.90930E+02  1.19600E+02 -6.28710E+02
v -5.80930E+02  1.19600E+02 -6.28710E+02
v -5.80930E+02  1.19600E+02 -6.40210E+02
v -5.90930E+02  1.19600E+02 -6.40210E+02
v -5.90930E+02  1.07130E+02 -6.28710E+02
v -5.80930E+02  1.07130E+02 -6.28710E+02
v -5.80930E+02  1.07130E+02 -6.40210E+02
v -5.90930E+02  1.07130E+02 -6.40210E+02
g vc_ws_8108
s 0
f  13281 13282 13283 13284
f  13281 13282 13286 13285
f  13283 13282 13286 13287
f  13284 13283 13287 13288
f  13284 13281 13285 13288
f  13285 13286 13287 13288
v  3.67107E+02  1.51412E+02  2.48540E+02
v  3.80167E+02  1.51412E+02  2.48540E+02
v  3.80167E+02  1.51412E+02  2.32040E+02
v  3.67107E+02  1.51412E+02  2.32040E+02
v  3.67107E+02  1.21591E+02  2.48540E+02
v  3.80167E+02  1.21591E+02  2.48540E+02
v  3.80167E+02  1.21591E+02  2.32040E+02
v  3.67107E+02  1.21591E+02  2.32040E+02
g vc_ws_8109
s 0
f  13289 13290 13291 13292
f  13289 13290 13294 13293
f  13291 13290 13294 13295
f  13292 13291 13295 13296
f  13292 13289 13293 13296
f  13293 13294 13295 13296
v  3.67107E+02  1.21591E+02  2.48540E+02
v  3.80167E+02  1.21591E+02  2.48540E+02
v  3.80167E+02  1.21591E+02  2.32040E+02
v  3.67107E+02  1.21591E+02  2.32040E+02
v  3.67107E+02  9.17693E+01  2.48540E+02
v  3.80167E+02  9.17693E+01  2.48540E+02
v  3.80167E+02  9.17693E+01  2.32040E+02
v  3.67107E+02  9.17693E+01  2.32040E+02
g vc_ws_8110
s 0
f  13297 13298 13299 13300
f  13297 13298 13302 13301
f  13299 13298 13302 13303
f  13300 13299 13303 13304
f  13300 13297 13301 13304
f  13301 13302 13303 13304
v -3.82520E+02  2.19389E+02 -2.43187E+02
v -3.72520E+02  2.19389E+02 -2.43187E+02
v -3.72520E+02  2.19389E+02 -2.53927E+02
v -3.82520E+02  2.19389E+02 -2.53927E+02
v -3.82520E+02  1.54422E+02 -2.43187E+02
v -3.72520E+02  1.54422E+02 -2.43187E+02
v -3.72520E+02  1.54422E+02 -2.53927E+02
v -3.82520E+02  1.54422E+02 -2.53927E+02
g vc_ws_8111
s 0
f  13305 13306 13307 13308
f  13305 13306 13310 13309
f  13307 13306 13310 13311
f  13308 13307 13311 13312
f  13308 13305 13309 13312
f  13309 13310 13311 13312
v -3.82520E+02  1.54422E+02 -2.43187E+02
v -3.72520E+02  1.54422E+02 -2.43187E+02
v -3.72520E+02  1.54422E+02 -2.53927E+02
v -3.82520E+02  1.54422E+02 -2.53927E+02
v -3.82520E+02  1.00145E+02 -2.43187E+02
v -3.72520E+02  1.00145E+02 -2.43187E+02
v -3.72520E+02  1.00145E+02 -2.53927E+02
v -3.82520E+02  1.00145E+02 -2.53927E+02
g vc_ws_8112
s 0
f  13313 13314 13315 13316
f  13313 13314 13318 13317
f  13315 13314 13318 13319
f  13316 13315 13319 13320
f  13316 13313 13317 13320
f  13317 13318 13319 13320
v -7.11368E+02  2.19389E+02 -2.45307E+02
v -7.01368E+02  2.19389E+02 -2.45307E+02
v -7.01368E+02  2.19389E+02 -2.56307E+02
v -7.11368E+02  2.19389E+02 -2.56307E+02
v -7.11368E+02  1.77236E+02 -2.45307E+02
v -7.01368E+02  1.77236E+02 -2.45307E+02
v -7.01368E+02  1.77236E+02 -2.56307E+02
v -7.11368E+02  1.77236E+02 -2.56307E+02
g vc_ws_8113
s 0
f  13321 13322 13323 13324
f  13321 13322 13326 13325
f  13323 13322 13326 13327
f  13324 13323 13327 13328
f  13324 13321 13325 13328
f  13325 13326 13327 13328
v -7.11368E+02  1.77236E+02 -2.45307E+02
v -7.01368E+02  1.77236E+02 -2.45307E+02
v -7.01368E+02  1.77236E+02 -2.56307E+02
v -7.11368E+02  1.77236E+02 -2.56307E+02
v -7.11368E+02  1.06403E+02 -2.45307E+02
v -7.01368E+02  1.06403E+02 -2.45307E+02
v -7.01368E+02  1.06403E+02 -2.56307E+02
v -7.11368E+02  1.06403E+02 -2.56307E+02
g vc_ws_8114
s 0
f  13329 13330 13331 13332
f  13329 13330 13334 13333
f  13331 13330 13334 13335
f  13332 13331 13335 13336
f  13332 13329 13333 13336
f  13333 13334 13335 13336
v -5.90930E+02  2.19389E+02 -6.17710E+02
v -5.80930E+02  2.19389E+02 -6.17710E+02
v -5.80930E+02  2.19389E+02 -6.28710E+02
v -5.90930E+02  2.19389E+02 -6.28710E+02
v -5.90930E+02  1.19600E+02 -6.17710E+02
v -5.80930E+02  1.19600E+02 -6.17710E+02
v -5.80930E+02  1.19600E+02 -6.28710E+02
v -5.90930E+02  1.19600E+02 -6.28710E+02
g vc_ws_8115
s 0
f  13337 13338 13339 13340
f  13337 13338 13342 13341
f  13339 13338 13342 13343
f  13340 13339 13343 13344
f  13340 13337 13341 13344
f  13341 13342 13343 13344
v -5.90930E+02  1.19600E+02 -6.17710E+02
v -5.80930E+02  1.19600E+02 -6.17710E+02
v -5.80930E+02  1.19600E+02 -6.28710E+02
v -5.90930E+02  1.19600E+02 -6.28710E+02
v -5.90930E+02  1.07130E+02 -6.17710E+02
v -5.80930E+02  1.07130E+02 -6.17710E+02
v -5.80930E+02  1.07130E+02 -6.28710E+02
v -5.90930E+02  1.07130E+02 -6.28710E+02
g vc_ws_8116
s 0
f  13345 13346 13347 13348
f  13345 13346 13350 13349
f  13347 13346 13350 13351
f  13348 13347 13351 13352
f  13348 13345 13349 13352
f  13349 13350 13351 13352
v -7.21868E+02  2.19389E+02 -2.23454E+02
v -7.11368E+02  2.19389E+02 -2.23454E+02
v -7.11368E+02  2.19389E+02 -2.33807E+02
v -7.21868E+02  2.19389E+02 -2.33807E+02
v -7.21868E+02  1.77236E+02 -2.23454E+02
v -7.11368E+02  1.77236E+02 -2.23454E+02
v -7.11368E+02  1.77236E+02 -2.33807E+02
v -7.21868E+02  1.77236E+02 -2.33807E+02
g vc_ws_8117
s 0
f  13353 13354 13355 13356
f  13353 13354 13358 13357
f  13355 13354 13358 13359
f  13356 13355 13359 13360
f  13356 13353 13357 13360
f  13357 13358 13359 13360
v -7.21868E+02  1.77236E+02 -2.23454E+02
v -7.11368E+02  1.77236E+02 -2.23454E+02
v -7.11368E+02  1.77236E+02 -2.33807E+02
v -7.21868E+02  1.77236E+02 -2.33807E+02
v -7.21868E+02  1.06403E+02 -2.23454E+02
v -7.11368E+02  1.06403E+02 -2.23454E+02
v -7.11368E+02  1.06403E+02 -2.33807E+02
v -7.21868E+02  1.06403E+02 -2.33807E+02
g vc_ws_8118
s 0
f  13361 13362 13363 13364
f  13361 13362 13366 13365
f  13363 13362 13366 13367
f  13364 13363 13367 13368
f  13364 13361 13365 13368
f  13365 13366 13367 13368
v -7.15368E+02  1.77236E+02 -2.10954E+02
v -7.01868E+02  1.77236E+02 -2.10954E+02
v -7.01868E+02  1.77236E+02 -2.23454E+02
v -7.15368E+02  1.77236E+02 -2.23454E+02
v -7.15368E+02  1.41819E+02 -2.10954E+02
v -7.01868E+02  1.41819E+02 -2.10954E+02
v -7.01868E+02  1.41819E+02 -2.23454E+02
v -7.15368E+02  1.41819E+02 -2.23454E+02
g vc_ws_8119
s 0
f  13369 13370 13371 13372
f  13369 13370 13374 13373
f  13371 13370 13374 13375
f  13372 13371 13375 13376
f  13372 13369 13373 13376
f  13373 13374 13375 13376
v -7.15368E+02  1.41819E+02 -2.10954E+02
v -7.01868E+02  1.41819E+02 -2.10954E+02
v -7.01868E+02  1.41819E+02 -2.23454E+02
v -7.15368E+02  1.41819E+02 -2.23454E+02
v -7.15368E+02  1.06403E+02 -2.10954E+02
v -7.01868E+02  1.06403E+02 -2.10954E+02
v -7.01868E+02  1.06403E+02 -2.23454E+02
v -7.15368E+02  1.06403E+02 -2.23454E+02
g vc_ws_8120
s 0
f  13377 13378 13379 13380
f  13377 13378 13382 13381
f  13379 13378 13382 13383
f  13380 13379 13383 13384
f  13380 13377 13381 13384
f  13381 13382 13383 13384
v  3.67107E+02  1.48903E+02  2.64313E+02
v  3.80167E+02  1.48903E+02  2.64313E+02
v  3.80167E+02  1.48903E+02  2.48540E+02
v  3.67107E+02  1.48903E+02  2.48540E+02
v  3.67107E+02  1.20336E+02  2.64313E+02
v  3.80167E+02  1.20336E+02  2.64313E+02
v  3.80167E+02  1.20336E+02  2.48540E+02
v  3.67107E+02  1.20336E+02  2.48540E+02
g vc_ws_8121
s 0
f  13385 13386 13387 13388
f  13385 13386 13390 13389
f  13387 13386 13390 13391
f  13388 13387 13391 13392
f  13388 13385 13389 13392
f  13389 13390 13391 13392
v  3.67107E+02  1.20336E+02  2.64313E+02
v  3.80167E+02  1.20336E+02  2.64313E+02
v  3.80167E+02  1.20336E+02  2.48540E+02
v  3.67107E+02  1.20336E+02  2.48540E+02
v  3.67107E+02  9.17693E+01  2.64313E+02
v  3.80167E+02  9.17693E+01  2.64313E+02
v  3.80167E+02  9.17693E+01  2.48540E+02
v  3.67107E+02  9.17693E+01  2.48540E+02
g vc_ws_8122
s 0
f  13393 13394 13395 13396
f  13393 13394 13398 13397
f  13395 13394 13398 13399
f  13396 13395 13399 13400
f  13396 13393 13397 13400
f  13397 13398 13399 13400
v -7.11368E+02  2.19389E+02 -2.23454E+02
v -7.01368E+02  2.19389E+02 -2.23454E+02
v -7.01368E+02  2.19389E+02 -2.33807E+02
v -7.11368E+02  2.19389E+02 -2.33807E+02
v -7.11368E+02  1.77236E+02 -2.23454E+02
v -7.01368E+02  1.77236E+02 -2.23454E+02
v -7.01368E+02  1.77236E+02 -2.33807E+02
v -7.11368E+02  1.77236E+02 -2.33807E+02
g vc_ws_8123
s 0
f  13401 13402 13403 13404
f  13401 13402 13406 13405
f  13403 13402 13406 13407
f  13404 13403 13407 13408
f  13404 13401 13405 13408
f  13405 13406 13407 13408
v -7.11368E+02  1.77236E+02 -2.23454E+02
v -7.01368E+02  1.77236E+02 -2.23454E+02
v -7.01368E+02  1.77236E+02 -2.33807E+02
v -7.11368E+02  1.77236E+02 -2.33807E+02
v -7.11368E+02  1.06403E+02 -2.23454E+02
v -7.01368E+02  1.06403E+02 -2.23454E+02
v -7.01368E+02  1.06403E+02 -2.33807E+02
v -7.11368E+02  1.06403E+02 -2.33807E+02
g vc_ws_8124
s 0
f  13409 13410 13411 13412
f  13409 13410 13414 13413
f  13411 13410 13414 13415
f  13412 13411 13415 13416
f  13412 13409 13413 13416
f  13413 13414 13415 13416
v -3.72520E+02  1.47916E+02 -2.79427E+02
v -3.52806E+02  1.47916E+02 -2.79427E+02
v -3.52806E+02  1.47916E+02 -2.92927E+02
v -3.72520E+02  1.47916E+02 -2.92927E+02
v -3.72520E+02  1.25959E+02 -2.79427E+02
v -3.52806E+02  1.25959E+02 -2.79427E+02
v -3.52806E+02  1.25959E+02 -2.92927E+02
v -3.72520E+02  1.25959E+02 -2.92927E+02
g vc_ws_8125
s 0
f  13417 13418 13419 13420
f  13417 13418 13422 13421
f  13419 13418 13422 13423
f  13420 13419 13423 13424
f  13420 13417 13421 13424
f  13421 13422 13423 13424
v -3.72520E+02  1.25959E+02 -2.79427E+02
v -3.52806E+02  1.25959E+02 -2.79427E+02
v -3.52806E+02  1.25959E+02 -2.92927E+02
v -3.72520E+02  1.25959E+02 -2.92927E+02
v -3.72520E+02  1.04001E+02 -2.79427E+02
v -3.52806E+02  1.04001E+02 -2.79427E+02
v -3.52806E+02  1.04001E+02 -2.92927E+02
v -3.72520E+02  1.04001E+02 -2.92927E+02
g vc_ws_8126
s 0
f  13425 13426 13427 13428
f  13425 13426 13430 13429
f  13427 13426 13430 13431
f  13428 13427 13431 13432
f  13428 13425 13429 13432
f  13429 13430 13431 13432
