v -8.87064E+02  2.19389E+02  4.02667E+02
v  6.28370E+02  2.19389E+02  4.02667E+02
v  6.28370E+02  2.19389E+02 -1.22119E+03
v -8.87064E+02  2.19389E+02 -1.22119E+03
v -8.87064E+02 -4.06287E+00  4.02667E+02
v  6.28370E+02 -4.06287E+00  4.02667E+02
v  6.28370E+02 -4.06287E+00 -1.22119E+03
v -8.87064E+02 -4.06287E+00 -1.22119E+03
g vc_0
f  1 2 3 4
f  1 2 6 5
f  3 2 6 7
f  4 3 7 8
f  4 1 5 8
f  5 6 7 8
v -2.02064E+02  2.19389E+02  4.02667E+02
v  6.28370E+02  2.19389E+02  4.02667E+02
v  6.28370E+02  2.19389E+02 -1.22119E+03
v -2.02064E+02  2.19389E+02 -1.22119E+03
v -2.02064E+02 -4.06287E+00  4.02667E+02
v  6.28370E+02 -4.06287E+00  4.02667E+02
v  6.28370E+02 -4.06287E+00 -1.22119E+03
v -2.02064E+02 -4.06287E+00 -1.22119E+03
g vc_1
f  9 10 11 12
f  9 10 14 13
f  11 10 14 15
f  12 11 15 16
f  12 9 13 16
f  13 14 15 16
v -8.87064E+02  2.19389E+02  4.02667E+02
v -2.02064E+02  2.19389E+02  4.02667E+02
v -2.02064E+02  2.19389E+02 -1.22119E+03
v -8.87064E+02  2.19389E+02 -1.22119E+03
v -8.87064E+02 -4.06287E+00  4.02667E+02
v -2.02064E+02 -4.06287E+00  4.02667E+02
v -2.02064E+02 -4.06287E+00 -1.22119E+03
v -8.87064E+02 -4.06287E+00 -1.22119E+03
g vc_2
f  17 18 19 20
f  17 18 22 21
f  19 18 22 23
f  20 19 23 24
f  20 17 21 24
f  21 22 23 24
v -2.02064E+02  2.19389E+02  4.02667E+02
v  6.28370E+02  2.19389E+02  4.02667E+02
v  6.28370E+02  2.19389E+02 -3.56185E+02
v -2.02064E+02  2.19389E+02 -3.56185E+02
v -2.02064E+02 -4.06287E+00  4.02667E+02
v  6.28370E+02 -4.06287E+00  4.02667E+02
v  6.28370E+02 -4.06287E+00 -3.56185E+02
v -2.02064E+02 -4.06287E+00 -3.56185E+02
g vc_3
f  25 26 27 28
f  25 26 30 29
f  27 26 30 31
f  28 27 31 32
f  28 25 29 32
f  29 30 31 32
v -2.02064E+02  2.19389E+02 -3.56185E+02
v  6.28370E+02  2.19389E+02 -3.56185E+02
v  6.28370E+02  2.19389E+02 -1.22119E+03
v -2.02064E+02  2.19389E+02 -1.22119E+03
v -2.02064E+02 -4.06287E+00 -3.56185E+02
v  6.28370E+02 -4.06287E+00 -3.56185E+02
v  6.28370E+02 -4.06287E+00 -1.22119E+03
v -2.02064E+02 -4.06287E+00 -1.22119E+03
g vc_4
f  33 34 35 36
f  33 34 38 37
f  35 34 38 39
f  36 35 39 40
f  36 33 37 40
f  37 38 39 40
v -8.87064E+02  2.19389E+02  4.02667E+02
v -2.02064E+02  2.19389E+02  4.02667E+02
v -2.02064E+02  2.19389E+02 -5.66185E+02
v -8.87064E+02  2.19389E+02 -5.66185E+02
v -8.87064E+02 -4.06287E+00  4.02667E+02
v -2.02064E+02 -4.06287E+00  4.02667E+02
v -2.02064E+02 -4.06287E+00 -5.66185E+02
v -8.87064E+02 -4.06287E+00 -5.66185E+02
g vc_5
f  41 42 43 44
f  41 42 46 45
f  43 42 46 47
f  44 43 47 48
f  44 41 45 48
f  45 46 47 48
v -8.87064E+02  2.19389E+02 -5.66185E+02
v -2.02064E+02  2.19389E+02 -5.66185E+02
v -2.02064E+02  2.19389E+02 -1.22119E+03
v -8.87064E+02  2.19389E+02 -1.22119E+03
v -8.87064E+02 -4.06287E+00 -5.66185E+02
v -2.02064E+02 -4.06287E+00 -5.66185E+02
v -2.02064E+02 -4.06287E+00 -1.22119E+03
v -8.87064E+02 -4.06287E+00 -1.22119E+03
g vc_6
f  49 50 51 52
f  49 50 54 53
f  51 50 54 55
f  52 51 55 56
f  52 49 53 56
f  53 54 55 56
v -2.02064E+02  2.19389E+02 -3.56185E+02
v  6.28370E+02  2.19389E+02 -3.56185E+02
v  6.28370E+02  2.19389E+02 -6.46185E+02
v -2.02064E+02  2.19389E+02 -6.46185E+02
v -2.02064E+02 -4.06287E+00 -3.56185E+02
v  6.28370E+02 -4.06287E+00 -3.56185E+02
v  6.28370E+02 -4.06287E+00 -6.46185E+02
v -2.02064E+02 -4.06287E+00 -6.46185E+02
g vc_7
f  57 58 59 60
f  57 58 62 61
f  59 58 62 63
f  60 59 63 64
f  60 57 61 64
f  61 62 63 64
v -2.02064E+02  2.19389E+02 -6.46185E+02
v  6.28370E+02  2.19389E+02 -6.46185E+02
v  6.28370E+02  2.19389E+02 -1.22119E+03
v -2.02064E+02  2.19389E+02 -1.22119E+03
v -2.02064E+02 -4.06287E+00 -6.46185E+02
v  6.28370E+02 -4.06287E+00 -6.46185E+02
v  6.28370E+02 -4.06287E+00 -1.22119E+03
v -2.02064E+02 -4.06287E+00 -1.22119E+03
g vc_8
f  65 66 67 68
f  65 66 70 69
f  67 66 70 71
f  68 67 71 72
f  68 65 69 72
f  69 70 71 72
v -5.52064E+02  2.19389E+02  4.02667E+02
v -2.02064E+02  2.19389E+02  4.02667E+02
v -2.02064E+02  2.19389E+02 -5.66185E+02
v -5.52064E+02  2.19389E+02 -5.66185E+02
v -5.52064E+02 -4.06287E+00  4.02667E+02
v -2.02064E+02 -4.06287E+00  4.02667E+02
v -2.02064E+02 -4.06287E+00 -5.66185E+02
v -5.52064E+02 -4.06287E+00 -5.66185E+02
g vc_9
f  73 74 75 76
f  73 74 78 77
f  75 74 78 79
f  76 75 79 80
f  76 73 77 80
f  77 78 79 80
v -8.87064E+02  2.19389E+02  4.02667E+02
v -5.52064E+02  2.19389E+02  4.02667E+02
v -5.52064E+02  2.19389E+02 -5.66185E+02
v -8.87064E+02  2.19389E+02 -5.66185E+02
v -8.87064E+02 -4.06287E+00  4.02667E+02
v -5.52064E+02 -4.06287E+00  4.02667E+02
v -5.52064E+02 -4.06287E+00 -5.66185E+02
v -8.87064E+02 -4.06287E+00 -5.66185E+02
g vc_10
f  81 82 83 84
f  81 82 86 85
f  83 82 86 87
f  84 83 87 88
f  84 81 85 88
f  85 86 87 88
v  3.22936E+02  2.19389E+02  4.02667E+02
v  6.28370E+02  2.19389E+02  4.02667E+02
v  6.28370E+02  2.19389E+02 -3.56185E+02
v  3.22936E+02  2.19389E+02 -3.56185E+02
v  3.22936E+02 -4.06287E+00  4.02667E+02
v  6.28370E+02 -4.06287E+00  4.02667E+02
v  6.28370E+02 -4.06287E+00 -3.56185E+02
v  3.22936E+02 -4.06287E+00 -3.56185E+02
g vc_11
f  89 90 91 92
f  89 90 94 93
f  91 90 94 95
f  92 91 95 96
f  92 89 93 96
f  93 94 95 96
v -2.02064E+02  2.19389E+02  4.02667E+02
v  3.22936E+02  2.19389E+02  4.02667E+02
v  3.22936E+02  2.19389E+02 -3.56185E+02
v -2.02064E+02  2.19389E+02 -3.56185E+02
v -2.02064E+02 -4.06287E+00  4.02667E+02
v  3.22936E+02 -4.06287E+00  4.02667E+02
v  3.22936E+02 -4.06287E+00 -3.56185E+02
v -2.02064E+02 -4.06287E+00 -3.56185E+02
g vc_12
f  97 98 99 100
f  97 98 102 101
f  99 98 102 103
f  100 99 103 104
f  100 97 101 104
f  101 102 103 104
v -8.87064E+02  2.19389E+02 -5.66185E+02
v -2.02064E+02  2.19389E+02 -5.66185E+02
v -2.02064E+02  2.19389E+02 -9.47710E+02
v -8.87064E+02  2.19389E+02 -9.47710E+02
v -8.87064E+02 -4.06287E+00 -5.66185E+02
v -2.02064E+02 -4.06287E+00 -5.66185E+02
v -2.02064E+02 -4.06287E+00 -9.47710E+02
v -8.87064E+02 -4.06287E+00 -9.47710E+02
g vc_13
f  105 106 107 108
f  105 106 110 109
f  107 106 110 111
f  108 107 111 112
f  108 105 109 112
f  109 110 111 112
v -8.87064E+02  2.19389E+02 -9.47710E+02
v -2.02064E+02  2.19389E+02 -9.47710E+02
v -2.02064E+02  2.19389E+02 -1.22119E+03
v -8.87064E+02  2.19389E+02 -1.22119E+03
v -8.87064E+02 -4.06287E+00 -9.47710E+02
v -2.02064E+02 -4.06287E+00 -9.47710E+02
v -2.02064E+02 -4.06287E+00 -1.22119E+03
v -8.87064E+02 -4.06287E+00 -1.22119E+03
g vc_14
f  113 114 115 116
f  113 114 118 117
f  115 114 118 119
f  116 115 119 120
f  116 113 117 120
f  117 118 119 120
v  3.82936E+02  2.19389E+02 -6.46185E+02
v  6.28370E+02  2.19389E+02 -6.46185E+02
v  6.28370E+02  2.19389E+02 -1.22119E+03
v  3.82936E+02  2.19389E+02 -1.22119E+03
v  3.82936E+02 -4.06287E+00 -6.46185E+02
v  6.28370E+02 -4.06287E+00 -6.46185E+02
v  6.28370E+02 -4.06287E+00 -1.22119E+03
v  3.82936E+02 -4.06287E+00 -1.22119E+03
g vc_15
f  121 122 123 124
f  121 122 126 125
f  123 122 126 127
f  124 123 127 128
f  124 121 125 128
f  125 126 127 128
v -2.02064E+02  2.19389E+02 -6.46185E+02
v  3.82936E+02  2.19389E+02 -6.46185E+02
v  3.82936E+02  2.19389E+02 -1.22119E+03
v -2.02064E+02  2.19389E+02 -1.22119E+03
v -2.02064E+02 -4.06287E+00 -6.46185E+02
v  3.82936E+02 -4.06287E+00 -6.46185E+02
v  3.82936E+02 -4.06287E+00 -1.22119E+03
v -2.02064E+02 -4.06287E+00 -1.22119E+03
g vc_16
f  129 130 131 132
f  129 130 134 133
f  131 130 134 135
f  132 131 135 136
f  132 129 133 136
f  133 134 135 136
v  1.34777E+02  2.19389E+02  4.02667E+02
v  3.22936E+02  2.19389E+02  4.02667E+02
v  3.22936E+02  2.19389E+02 -3.56185E+02
v  1.34777E+02  2.19389E+02 -3.56185E+02
v  1.34777E+02 -4.06287E+00  4.02667E+02
v  3.22936E+02 -4.06287E+00  4.02667E+02
v  3.22936E+02 -4.06287E+00 -3.56185E+02
v  1.34777E+02 -4.06287E+00 -3.56185E+02
g vc_17
f  137 138 139 140
f  137 138 142 141
f  139 138 142 143
f  140 139 143 144
f  140 137 141 144
f  141 142 143 144
v -2.02064E+02  2.19389E+02  4.02667E+02
v  1.34777E+02  2.19389E+02  4.02667E+02
v  1.34777E+02  2.19389E+02 -3.56185E+02
v -2.02064E+02  2.19389E+02 -3.56185E+02
v -2.02064E+02 -4.06287E+00  4.02667E+02
v  1.34777E+02 -4.06287E+00  4.02667E+02
v  1.34777E+02 -4.06287E+00 -3.56185E+02
v -2.02064E+02 -4.06287E+00 -3.56185E+02
g vc_18
f  145 146 147 148
f  145 146 150 149
f  147 146 150 151
f  148 147 151 152
f  148 145 149 152
f  149 150 151 152
v -5.52064E+02  2.19389E+02  4.02667E+02
v -2.02064E+02  2.19389E+02  4.02667E+02
v -2.02064E+02  2.19389E+02 -4.01597E+01
v -5.52064E+02  2.19389E+02 -4.01597E+01
v -5.52064E+02 -4.06287E+00  4.02667E+02
v -2.02064E+02 -4.06287E+00  4.02667E+02
v -2.02064E+02 -4.06287E+00 -4.01597E+01
v -5.52064E+02 -4.06287E+00 -4.01597E+01
g vc_19
f  153 154 155 156
f  153 154 158 157
f  155 154 158 159
f  156 155 159 160
f  156 153 157 160
f  157 158 159 160
v -5.52064E+02  2.19389E+02 -4.01597E+01
v -2.02064E+02  2.19389E+02 -4.01597E+01
v -2.02064E+02  2.19389E+02 -5.66185E+02
v -5.52064E+02  2.19389E+02 -5.66185E+02
v -5.52064E+02 -4.06287E+00 -4.01597E+01
v -2.02064E+02 -4.06287E+00 -4.01597E+01
v -2.02064E+02 -4.06287E+00 -5.66185E+02
v -5.52064E+02 -4.06287E+00 -5.66185E+02
g vc_20
f  161 162 163 164
f  161 162 166 165
f  163 162 166 167
f  164 163 167 168
f  164 161 165 168
f  165 166 167 168
v -8.87064E+02  2.19389E+02  4.02667E+02
v -5.52064E+02  2.19389E+02  4.02667E+02
v -5.52064E+02  2.19389E+02 -2.68807E+02
v -8.87064E+02  2.19389E+02 -2.68807E+02
v -8.87064E+02 -4.06287E+00  4.02667E+02
v -5.52064E+02 -4.06287E+00  4.02667E+02
v -5.52064E+02 -4.06287E+00 -2.68807E+02
v -8.87064E+02 -4.06287E+00 -2.68807E+02
g vc_21
f  169 170 171 172
f  169 170 174 173
f  171 170 174 175
f  172 171 175 176
f  172 169 173 176
f  173 174 175 176
v -8.87064E+02  2.19389E+02 -2.68807E+02
v -5.52064E+02  2.19389E+02 -2.68807E+02
v -5.52064E+02  2.19389E+02 -5.66185E+02
v -8.87064E+02  2.19389E+02 -5.66185E+02
v -8.87064E+02 -4.06287E+00 -2.68807E+02
v -5.52064E+02 -4.06287E+00 -2.68807E+02
v -5.52064E+02 -4.06287E+00 -5.66185E+02
v -8.87064E+02 -4.06287E+00 -5.66185E+02
g vc_22
f  177 178 179 180
f  177 178 182 181
f  179 178 182 183
f  180 179 183 184
f  180 177 181 184
f  181 182 183 184
v -5.41679E+02  2.19389E+02 -5.66185E+02
v -2.02064E+02  2.19389E+02 -5.66185E+02
v -2.02064E+02  2.19389E+02 -9.47710E+02
v -5.41679E+02  2.19389E+02 -9.47710E+02
v -5.41679E+02 -4.06287E+00 -5.66185E+02
v -2.02064E+02 -4.06287E+00 -5.66185E+02
v -2.02064E+02 -4.06287E+00 -9.47710E+02
v -5.41679E+02 -4.06287E+00 -9.47710E+02
g vc_23
f  185 186 187 188
f  185 186 190 189
f  187 186 190 191
f  188 187 191 192
f  188 185 189 192
f  189 190 191 192
v -8.87064E+02  2.19389E+02 -5.66185E+02
v -5.41679E+02  2.19389E+02 -5.66185E+02
v -5.41679E+02  2.19389E+02 -9.47710E+02
v -8.87064E+02  2.19389E+02 -9.47710E+02
v -8.87064E+02 -4.06287E+00 -5.66185E+02
v -5.41679E+02 -4.06287E+00 -5.66185E+02
v -5.41679E+02 -4.06287E+00 -9.47710E+02
v -8.87064E+02 -4.06287E+00 -9.47710E+02
g vc_24
f  193 194 195 196
f  193 194 198 197
f  195 194 198 199
f  196 195 199 200
f  196 193 197 200
f  197 198 199 200
v  2.18493E+02  2.19389E+02 -3.56185E+02
v  6.28370E+02  2.19389E+02 -3.56185E+02
v  6.28370E+02  2.19389E+02 -6.46185E+02
v  2.18493E+02  2.19389E+02 -6.46185E+02
v  2.18493E+02 -4.06287E+00 -3.56185E+02
v  6.28370E+02 -4.06287E+00 -3.56185E+02
v  6.28370E+02 -4.06287E+00 -6.46185E+02
v  2.18493E+02 -4.06287E+00 -6.46185E+02
g vc_25
f  201 202 203 204
f  201 202 206 205
f  203 202 206 207
f  204 203 207 208
f  204 201 205 208
f  205 206 207 208
v -2.02064E+02  2.19389E+02 -3.56185E+02
v  2.18493E+02  2.19389E+02 -3.56185E+02
v  2.18493E+02  2.19389E+02 -6.46185E+02
v -2.02064E+02  2.19389E+02 -6.46185E+02
v -2.02064E+02 -4.06287E+00 -3.56185E+02
v  2.18493E+02 -4.06287E+00 -3.56185E+02
v  2.18493E+02 -4.06287E+00 -6.46185E+02
v -2.02064E+02 -4.06287E+00 -6.46185E+02
g vc_26
f  209 210 211 212
f  209 210 214 213
f  211 210 214 215
f  212 211 215 216
f  212 209 213 216
f  213 214 215 216
v  3.22936E+02  2.19389E+02  4.02667E+02
v  6.28370E+02  2.19389E+02  4.02667E+02
v  6.28370E+02  2.19389E+02 -9.88779E+00
v  3.22936E+02  2.19389E+02 -9.88779E+00
v  3.22936E+02 -4.06287E+00  4.02667E+02
v  6.28370E+02 -4.06287E+00  4.02667E+02
v  6.28370E+02 -4.06287E+00 -9.88779E+00
v  3.22936E+02 -4.06287E+00 -9.88779E+00
g vc_27
f  217 218 219 220
f  217 218 222 221
f  219 218 222 223
f  220 219 223 224
f  220 217 221 224
f  221 222 223 224
v  3.22936E+02  2.19389E+02 -9.88779E+00
v  6.28370E+02  2.19389E+02 -9.88779E+00
v  6.28370E+02  2.19389E+02 -3.56185E+02
v  3.22936E+02  2.19389E+02 -3.56185E+02
v  3.22936E+02 -4.06287E+00 -9.88779E+00
v  6.28370E+02 -4.06287E+00 -9.88779E+00
v  6.28370E+02 -4.06287E+00 -3.56185E+02
v  3.22936E+02 -4.06287E+00 -3.56185E+02
g vc_28
f  225 226 227 228
f  225 226 230 229
f  227 226 230 231
f  228 227 231 232
f  228 225 229 232
f  229 230 231 232
v -2.02064E+02  2.19389E+02 -6.46185E+02
v  3.82936E+02  2.19389E+02 -6.46185E+02
v  3.82936E+02  2.19389E+02 -8.46185E+02
v -2.02064E+02  2.19389E+02 -8.46185E+02
v -2.02064E+02 -4.06287E+00 -6.46185E+02
v  3.82936E+02 -4.06287E+00 -6.46185E+02
v  3.82936E+02 -4.06287E+00 -8.46185E+02
v -2.02064E+02 -4.06287E+00 -8.46185E+02
g vc_29
f  233 234 235 236
f  233 234 238 237
f  235 234 238 239
f  236 235 239 240
f  236 233 237 240
f  237 238 239 240
v -2.02064E+02  2.19389E+02 -8.46185E+02
v  3.82936E+02  2.19389E+02 -8.46185E+02
v  3.82936E+02  2.19389E+02 -1.22119E+03
v -2.02064E+02  2.19389E+02 -1.22119E+03
v -2.02064E+02 -4.06287E+00 -8.46185E+02
v  3.82936E+02 -4.06287E+00 -8.46185E+02
v  3.82936E+02 -4.06287E+00 -1.22119E+03
v -2.02064E+02 -4.06287E+00 -1.22119E+03
g vc_30
f  241 242 243 244
f  241 242 246 245
f  243 242 246 247
f  244 243 247 248
f  244 241 245 248
f  245 246 247 248
v -2.02064E+02  2.19389E+02  4.02667E+02
v  1.34777E+02  2.19389E+02  4.02667E+02
v  1.34777E+02  2.19389E+02  1.98004E+01
v -2.02064E+02  2.19389E+02  1.98004E+01
v -2.02064E+02 -4.06287E+00  4.02667E+02
v  1.34777E+02 -4.06287E+00  4.02667E+02
v  1.34777E+02 -4.06287E+00  1.98004E+01
v -2.02064E+02 -4.06287E+00  1.98004E+01
g vc_31
f  249 250 251 252
f  249 250 254 253
f  251 250 254 255
f  252 251 255 256
f  252 249 253 256
f  253 254 255 256
v -2.02064E+02  2.19389E+02  1.98004E+01
v  1.34777E+02  2.19389E+02  1.98004E+01
v  1.34777E+02  2.19389E+02 -3.56185E+02
v -2.02064E+02  2.19389E+02 -3.56185E+02
v -2.02064E+02 -4.06287E+00  1.98004E+01
v  1.34777E+02 -4.06287E+00  1.98004E+01
v  1.34777E+02 -4.06287E+00 -3.56185E+02
v -2.02064E+02 -4.06287E+00 -3.56185E+02
g vc_32
f  257 258 259 260
f  257 258 262 261
f  259 258 262 263
f  260 259 263 264
f  260 257 261 264
f  261 262 263 264
v -8.87064E+02  2.19389E+02  4.02667E+02
v -5.52064E+02  2.19389E+02  4.02667E+02
v -5.52064E+02  2.19389E+02 -4.79819E+01
v -8.87064E+02  2.19389E+02 -4.79819E+01
v -8.87064E+02 -4.06287E+00  4.02667E+02
v -5.52064E+02 -4.06287E+00  4.02667E+02
v -5.52064E+02 -4.06287E+00 -4.79819E+01
v -8.87064E+02 -4.06287E+00 -4.79819E+01
g vc_33
f  265 266 267 268
f  265 266 270 269
f  267 266 270 271
f  268 267 271 272
f  268 265 269 272
f  269 270 271 272
v -8.87064E+02  2.19389E+02 -4.79819E+01
v -5.52064E+02  2.19389E+02 -4.79819E+01
v -5.52064E+02  2.19389E+02 -2.68807E+02
v -8.87064E+02  2.19389E+02 -2.68807E+02
v -8.87064E+02 -4.06287E+00 -4.79819E+01
v -5.52064E+02 -4.06287E+00 -4.79819E+01
v -5.52064E+02 -4.06287E+00 -2.68807E+02
v -8.87064E+02 -4.06287E+00 -2.68807E+02
g vc_34
f  273 274 275 276
f  273 274 278 277
f  275 274 278 279
f  276 275 279 280
f  276 273 277 280
f  277 278 279 280
v -5.52064E+02  2.19389E+02 -4.01597E+01
v -2.02064E+02  2.19389E+02 -4.01597E+01
v -2.02064E+02  2.19389E+02 -2.43187E+02
v -5.52064E+02  2.19389E+02 -2.43187E+02
v -5.52064E+02 -4.06287E+00 -4.01597E+01
v -2.02064E+02 -4.06287E+00 -4.01597E+01
v -2.02064E+02 -4.06287E+00 -2.43187E+02
v -5.52064E+02 -4.06287E+00 -2.43187E+02
g vc_35
f  281 282 283 284
f  281 282 286 285
f  283 282 286 287
f  284 283 287 288
f  284 281 285 288
f  285 286 287 288
v -5.52064E+02  2.19389E+02 -2.43187E+02
v -2.02064E+02  2.19389E+02 -2.43187E+02
v -2.02064E+02  2.19389E+02 -5.66185E+02
v -5.52064E+02  2.19389E+02 -5.66185E+02
v -5.52064E+02 -4.06287E+00 -2.43187E+02
v -2.02064E+02 -4.06287E+00 -2.43187E+02
v -2.02064E+02 -4.06287E+00 -5.66185E+02
v -5.52064E+02 -4.06287E+00 -5.66185E+02
g vc_36
f  289 290 291 292
f  289 290 294 293
f  291 290 294 295
f  292 291 295 296
f  292 289 293 296
f  293 294 295 296
v -3.39808E+02  2.19389E+02  4.02667E+02
v -2.02064E+02  2.19389E+02  4.02667E+02
v -2.02064E+02  2.19389E+02 -4.01597E+01
v -3.39808E+02  2.19389E+02 -4.01597E+01
v -3.39808E+02 -4.06287E+00  4.02667E+02
v -2.02064E+02 -4.06287E+00  4.02667E+02
v -2.02064E+02 -4.06287E+00 -4.01597E+01
v -3.39808E+02 -4.06287E+00 -4.01597E+01
g vc_37
f  297 298 299 300
f  297 298 302 301
f  299 298 302 303
f  300 299 303 304
f  300 297 301 304
f  301 302 303 304
v -5.52064E+02  2.19389E+02  4.02667E+02
v -3.39808E+02  2.19389E+02  4.02667E+02
v -3.39808E+02  2.19389E+02 -4.01597E+01
v -5.52064E+02  2.19389E+02 -4.01597E+01
v -5.52064E+02 -4.06287E+00  4.02667E+02
v -3.39808E+02 -4.06287E+00  4.02667E+02
v -3.39808E+02 -4.06287E+00 -4.01597E+01
v -5.52064E+02 -4.06287E+00 -4.01597E+01
g vc_38
f  305 306 307 308
f  305 306 310 309
f  307 306 310 311
f  308 307 311 312
f  308 305 309 312
f  309 310 311 312
v  1.34777E+02  2.19389E+02  4.02667E+02
v  3.22936E+02  2.19389E+02  4.02667E+02
v  3.22936E+02  2.19389E+02  1.15149E+02
v  1.34777E+02  2.19389E+02  1.15149E+02
v  1.34777E+02 -4.06287E+00  4.02667E+02
v  3.22936E+02 -4.06287E+00  4.02667E+02
v  3.22936E+02 -4.06287E+00  1.15149E+02
v  1.34777E+02 -4.06287E+00  1.15149E+02
g vc_39
f  313 314 315 316
f  313 314 318 317
f  315 314 318 319
f  316 315 319 320
f  316 313 317 320
f  317 318 319 320
v  1.34777E+02  2.19389E+02  1.15149E+02
v  3.22936E+02  2.19389E+02  1.15149E+02
v  3.22936E+02  2.19389E+02 -3.56185E+02
v  1.34777E+02  2.19389E+02 -3.56185E+02
v  1.34777E+02 -4.06287E+00  1.15149E+02
v  3.22936E+02 -4.06287E+00  1.15149E+02
v  3.22936E+02 -4.06287E+00 -3.56185E+02
v  1.34777E+02 -4.06287E+00 -3.56185E+02
g vc_40
f  321 322 323 324
f  321 322 326 325
f  323 322 326 327
f  324 323 327 328
f  324 321 325 328
f  325 326 327 328
v  3.82936E+02  2.19389E+02 -6.46185E+02
v  6.28370E+02  2.19389E+02 -6.46185E+02
v  6.28370E+02  2.19389E+02 -1.04214E+03
v  3.82936E+02  2.19389E+02 -1.04214E+03
v  3.82936E+02 -4.06287E+00 -6.46185E+02
v  6.28370E+02 -4.06287E+00 -6.46185E+02
v  6.28370E+02 -4.06287E+00 -1.04214E+03
v  3.82936E+02 -4.06287E+00 -1.04214E+03
g vc_41
f  329 330 331 332
f  329 330 334 333
f  331 330 334 335
f  332 331 335 336
f  332 329 333 336
f  333 334 335 336
v  3.82936E+02  2.19389E+02 -1.04214E+03
v  6.28370E+02  2.19389E+02 -1.04214E+03
v  6.28370E+02  2.19389E+02 -1.22119E+03
v  3.82936E+02  2.19389E+02 -1.22119E+03
v  3.82936E+02 -4.06287E+00 -1.04214E+03
v  6.28370E+02 -4.06287E+00 -1.04214E+03
v  6.28370E+02 -4.06287E+00 -1.22119E+03
v  3.82936E+02 -4.06287E+00 -1.22119E+03
g vc_42
f  337 338 339 340
f  337 338 342 341
f  339 338 342 343
f  340 339 343 344
f  340 337 341 344
f  341 342 343 344
v -8.87064E+02  2.19389E+02 -5.66185E+02
v -5.41679E+02  2.19389E+02 -5.66185E+02
v -5.41679E+02  2.19389E+02 -8.57696E+02
v -8.87064E+02  2.19389E+02 -8.57696E+02
v -8.87064E+02 -4.06287E+00 -5.66185E+02
v -5.41679E+02 -4.06287E+00 -5.66185E+02
v -5.41679E+02 -4.06287E+00 -8.57696E+02
v -8.87064E+02 -4.06287E+00 -8.57696E+02
g vc_43
f  345 346 347 348
f  345 346 350 349
f  347 346 350 351
f  348 347 351 352
f  348 345 349 352
f  349 350 351 352
v -8.87064E+02  2.19389E+02 -8.57696E+02
v -5.41679E+02  2.19389E+02 -8.57696E+02
v -5.41679E+02  2.19389E+02 -9.47710E+02
v -8.87064E+02  2.19389E+02 -9.47710E+02
v -8.87064E+02 -4.06287E+00 -8.57696E+02
v -5.41679E+02 -4.06287E+00 -8.57696E+02
v -5.41679E+02 -4.06287E+00 -9.47710E+02
v -8.87064E+02 -4.06287E+00 -9.47710E+02
g vc_44
f  353 354 355 356
f  353 354 358 357
f  355 354 358 359
f  356 355 359 360
f  356 353 357 360
f  357 358 359 360
v -3.53630E+02  2.19389E+02 -5.66185E+02
v -2.02064E+02  2.19389E+02 -5.66185E+02
v -2.02064E+02  2.19389E+02 -9.47710E+02
v -3.53630E+02  2.19389E+02 -9.47710E+02
v -3.53630E+02 -4.06287E+00 -5.66185E+02
v -2.02064E+02 -4.06287E+00 -5.66185E+02
v -2.02064E+02 -4.06287E+00 -9.47710E+02
v -3.53630E+02 -4.06287E+00 -9.47710E+02
g vc_45
f  361 362 363 364
f  361 362 366 365
f  363 362 366 367
f  364 363 367 368
f  364 361 365 368
f  365 366 367 368
v -5.41679E+02  2.19389E+02 -5.66185E+02
v -3.53630E+02  2.19389E+02 -5.66185E+02
v -3.53630E+02  2.19389E+02 -9.47710E+02
v -5.41679E+02  2.19389E+02 -9.47710E+02
v -5.41679E+02 -4.06287E+00 -5.66185E+02
v -3.53630E+02 -4.06287E+00 -5.66185E+02
v -3.53630E+02 -4.06287E+00 -9.47710E+02
v -5.41679E+02 -4.06287E+00 -9.47710E+02
g vc_46
f  369 370 371 372
f  369 370 374 373
f  371 370 374 375
f  372 371 375 376
f  372 369 373 376
f  373 374 375 376
v  5.39236E+02  2.19389E+02  4.02667E+02
v  6.28370E+02  2.19389E+02  4.02667E+02
v  6.28370E+02  2.19389E+02 -9.88779E+00
v  5.39236E+02  2.19389E+02 -9.88779E+00
v  5.39236E+02 -4.06287E+00  4.02667E+02
v  6.28370E+02 -4.06287E+00  4.02667E+02
v  6.28370E+02 -4.06287E+00 -9.88779E+00
v  5.39236E+02 -4.06287E+00 -9.88779E+00
g vc_47
f  377 378 379 380
f  377 378 382 381
f  379 378 382 383
f  380 379 383 384
f  380 377 381 384
f  381 382 383 384
v  3.22936E+02  2.19389E+02  4.02667E+02
v  5.39236E+02  2.19389E+02  4.02667E+02
v  5.39236E+02  2.19389E+02 -9.88779E+00
v  3.22936E+02  2.19389E+02 -9.88779E+00
v  3.22936E+02 -4.06287E+00  4.02667E+02
v  5.39236E+02 -4.06287E+00  4.02667E+02
v  5.39236E+02 -4.06287E+00 -9.88779E+00
v  3.22936E+02 -4.06287E+00 -9.88779E+00
g vc_48
f  385 386 387 388
f  385 386 390 389
f  387 386 390 391
f  388 387 391 392
f  388 385 389 392
f  389 390 391 392
v -3.31981E+01  2.19389E+02 -3.56185E+02
v  2.18493E+02  2.19389E+02 -3.56185E+02
v  2.18493E+02  2.19389E+02 -6.46185E+02
v -3.31981E+01  2.19389E+02 -6.46185E+02
v -3.31981E+01 -4.06287E+00 -3.56185E+02
v  2.18493E+02 -4.06287E+00 -3.56185E+02
v  2.18493E+02 -4.06287E+00 -6.46185E+02
v -3.31981E+01 -4.06287E+00 -6.46185E+02
g vc_49
f  393 394 395 396
f  393 394 398 397
f  395 394 398 399
f  396 395 399 400
f  396 393 397 400
f  397 398 399 400
v -2.02064E+02  2.19389E+02 -3.56185E+02
v -3.31981E+01  2.19389E+02 -3.56185E+02
v -3.31981E+01  2.19389E+02 -6.46185E+02
v -2.02064E+02  2.19389E+02 -6.46185E+02
v -2.02064E+02 -4.06287E+00 -3.56185E+02
v -3.31981E+01 -4.06287E+00 -3.56185E+02
v -3.31981E+01 -4.06287E+00 -6.46185E+02
v -2.02064E+02 -4.06287E+00 -6.46185E+02
g vc_50
f  401 402 403 404
f  401 402 406 405
f  403 402 406 407
f  404 403 407 408
f  404 401 405 408
f  405 406 407 408
v  2.18493E+02  2.19389E+02 -3.56185E+02
v  6.28370E+02  2.19389E+02 -3.56185E+02
v  6.28370E+02  2.19389E+02 -4.65218E+02
v  2.18493E+02  2.19389E+02 -4.65218E+02
v  2.18493E+02 -4.06287E+00 -3.56185E+02
v  6.28370E+02 -4.06287E+00 -3.56185E+02
v  6.28370E+02 -4.06287E+00 -4.65218E+02
v  2.18493E+02 -4.06287E+00 -4.65218E+02
g vc_51
f  409 410 411 412
f  409 410 414 413
f  411 410 414 415
f  412 411 415 416
f  412 409 413 416
f  413 414 415 416
v  2.18493E+02  2.19389E+02 -4.65218E+02
v  6.28370E+02  2.19389E+02 -4.65218E+02
v  6.28370E+02  2.19389E+02 -6.46185E+02
v  2.18493E+02  2.19389E+02 -6.46185E+02
v  2.18493E+02 -4.06287E+00 -4.65218E+02
v  6.28370E+02 -4.06287E+00 -4.65218E+02
v  6.28370E+02 -4.06287E+00 -6.46185E+02
v  2.18493E+02 -4.06287E+00 -6.46185E+02
g vc_52
f  417 418 419 420
f  417 418 422 421
f  419 418 422 423
f  420 419 423 424
f  420 417 421 424
f  421 422 423 424
v  4.28750E+02  2.19389E+02 -9.88779E+00
v  6.28370E+02  2.19389E+02 -9.88779E+00
v  6.28370E+02  2.19389E+02 -3.56185E+02
v  4.28750E+02  2.19389E+02 -3.56185E+02
v  4.28750E+02 -4.06287E+00 -9.88779E+00
v  6.28370E+02 -4.06287E+00 -9.88779E+00
v  6.28370E+02 -4.06287E+00 -3.56185E+02
v  4.28750E+02 -4.06287E+00 -3.56185E+02
g vc_53
f  425 426 427 428
f  425 426 430 429
f  427 426 430 431
f  428 427 431 432
f  428 425 429 432
f  429 430 431 432
v  3.22936E+02  2.19389E+02 -9.88779E+00
v  4.28750E+02  2.19389E+02 -9.88779E+00
v  4.28750E+02  2.19389E+02 -3.56185E+02
v  3.22936E+02  2.19389E+02 -3.56185E+02
v  3.22936E+02 -4.06287E+00 -9.88779E+00
v  4.28750E+02 -4.06287E+00 -9.88779E+00
v  4.28750E+02 -4.06287E+00 -3.56185E+02
v  3.22936E+02 -4.06287E+00 -3.56185E+02
g vc_54
f  433 434 435 436
f  433 434 438 437
f  435 434 438 439
f  436 435 439 440
f  436 433 437 440
f  437 438 439 440
v -6.82408E+02  2.19389E+02 -2.68807E+02
v -5.52064E+02  2.19389E+02 -2.68807E+02
v -5.52064E+02  2.19389E+02 -5.66185E+02
v -6.82408E+02  2.19389E+02 -5.66185E+02
v -6.82408E+02 -4.06287E+00 -2.68807E+02
v -5.52064E+02 -4.06287E+00 -2.68807E+02
v -5.52064E+02 -4.06287E+00 -5.66185E+02
v -6.82408E+02 -4.06287E+00 -5.66185E+02
g vc_55
f  441 442 443 444
f  441 442 446 445
f  443 442 446 447
f  444 443 447 448
f  444 441 445 448
f  445 446 447 448
v -8.87064E+02  2.19389E+02 -2.68807E+02
v -6.82408E+02  2.19389E+02 -2.68807E+02
v -6.82408E+02  2.19389E+02 -5.66185E+02
v -8.87064E+02  2.19389E+02 -5.66185E+02
v -8.87064E+02 -4.06287E+00 -2.68807E+02
v -6.82408E+02 -4.06287E+00 -2.68807E+02
v -6.82408E+02 -4.06287E+00 -5.66185E+02
v -8.87064E+02 -4.06287E+00 -5.66185E+02
g vc_56
f  449 450 451 452
f  449 450 454 453
f  451 450 454 455
f  452 451 455 456
f  452 449 453 456
f  453 454 455 456
v  7.80876E+01  2.19389E+02 -8.46185E+02
v  3.82936E+02  2.19389E+02 -8.46185E+02
v  3.82936E+02  2.19389E+02 -1.22119E+03
v  7.80876E+01  2.19389E+02 -1.22119E+03
v  7.80876E+01 -4.06287E+00 -8.46185E+02
v  3.82936E+02 -4.06287E+00 -8.46185E+02
v  3.82936E+02 -4.06287E+00 -1.22119E+03
v  7.80876E+01 -4.06287E+00 -1.22119E+03
g vc_57
f  457 458 459 460
f  457 458 462 461
f  459 458 462 463
f  460 459 463 464
f  460 457 461 464
f  461 462 463 464
v -2.02064E+02  2.19389E+02 -8.46185E+02
v  7.80876E+01  2.19389E+02 -8.46185E+02
v  7.80876E+01  2.19389E+02 -1.22119E+03
v -2.02064E+02  2.19389E+02 -1.22119E+03
v -2.02064E+02 -4.06287E+00 -8.46185E+02
v  7.80876E+01 -4.06287E+00 -8.46185E+02
v  7.80876E+01 -4.06287E+00 -1.22119E+03
v -2.02064E+02 -4.06287E+00 -1.22119E+03
g vc_58
f  465 466 467 468
f  465 466 470 469
f  467 466 470 471
f  468 467 471 472
f  468 465 469 472
f  469 470 471 472
v -8.87064E+02  2.19389E+02  4.02667E+02
v -5.52064E+02  2.19389E+02  4.02667E+02
v -5.52064E+02  2.19389E+02  2.70657E+02
v -8.87064E+02  2.19389E+02  2.70657E+02
v -8.87064E+02 -4.06287E+00  4.02667E+02
v -5.52064E+02 -4.06287E+00  4.02667E+02
v -5.52064E+02 -4.06287E+00  2.70657E+02
v -8.87064E+02 -4.06287E+00  2.70657E+02
g vc_59
f  473 474 475 476
f  473 474 478 477
f  475 474 478 479
f  476 475 479 480
f  476 473 477 480
f  477 478 479 480
v -8.87064E+02  2.19389E+02  2.70657E+02
v -5.52064E+02  2.19389E+02  2.70657E+02
v -5.52064E+02  2.19389E+02 -4.79819E+01
v -8.87064E+02  2.19389E+02 -4.79819E+01
v -8.87064E+02 -4.06287E+00  2.70657E+02
v -5.52064E+02 -4.06287E+00  2.70657E+02
v -5.52064E+02 -4.06287E+00 -4.79819E+01
v -8.87064E+02 -4.06287E+00 -4.79819E+01
g vc_60
f  481 482 483 484
f  481 482 486 485
f  483 482 486 487
f  484 483 487 488
f  484 481 485 488
f  485 486 487 488
v -2.02064E+02  2.19389E+02  4.02667E+02
v  1.34777E+02  2.19389E+02  4.02667E+02
v  1.34777E+02  2.19389E+02  2.82131E+02
v -2.02064E+02  2.19389E+02  2.82131E+02
v -2.02064E+02 -4.06287E+00  4.02667E+02
v  1.34777E+02 -4.06287E+00  4.02667E+02
v  1.34777E+02 -4.06287E+00  2.82131E+02
v -2.02064E+02 -4.06287E+00  2.82131E+02
g vc_61
f  489 490 491 492
f  489 490 494 493
f  491 490 494 495
f  492 491 495 496
f  492 489 493 496
f  493 494 495 496
v -2.02064E+02  2.19389E+02  2.82131E+02
v  1.34777E+02  2.19389E+02  2.82131E+02
v  1.34777E+02  2.19389E+02  1.98004E+01
v -2.02064E+02  2.19389E+02  1.98004E+01
v -2.02064E+02 -4.06287E+00  2.82131E+02
v  1.34777E+02 -4.06287E+00  2.82131E+02
v  1.34777E+02 -4.06287E+00  1.98004E+01
v -2.02064E+02 -4.06287E+00  1.98004E+01
g vc_62
f  497 498 499 500
f  497 498 502 501
f  499 498 502 503
f  500 499 503 504
f  500 497 501 504
f  501 502 503 504
v -2.02064E+02  2.19389E+02  1.98004E+01
v  1.34777E+02  2.19389E+02  1.98004E+01
v  1.34777E+02  2.19389E+02 -1.69673E+02
v -2.02064E+02  2.19389E+02 -1.69673E+02
v -2.02064E+02 -4.06287E+00  1.98004E+01
v  1.34777E+02 -4.06287E+00  1.98004E+01
v  1.34777E+02 -4.06287E+00 -1.69673E+02
v -2.02064E+02 -4.06287E+00 -1.69673E+02
g vc_63
f  505 506 507 508
f  505 506 510 509
f  507 506 510 511
f  508 507 511 512
f  508 505 509 512
f  509 510 511 512
v -2.02064E+02  2.19389E+02 -1.69673E+02
v  1.34777E+02  2.19389E+02 -1.69673E+02
v  1.34777E+02  2.19389E+02 -3.56185E+02
v -2.02064E+02  2.19389E+02 -3.56185E+02
v -2.02064E+02 -4.06287E+00 -1.69673E+02
v  1.34777E+02 -4.06287E+00 -1.69673E+02
v  1.34777E+02 -4.06287E+00 -3.56185E+02
v -2.02064E+02 -4.06287E+00 -3.56185E+02
g vc_64
f  513 514 515 516
f  513 514 518 517
f  515 514 518 519
f  516 515 519 520
f  516 513 517 520
f  517 518 519 520
v -3.43097E+00  2.19389E+02 -6.46185E+02
v  3.82936E+02  2.19389E+02 -6.46185E+02
v  3.82936E+02  2.19389E+02 -8.46185E+02
v -3.43097E+00  2.19389E+02 -8.46185E+02
v -3.43097E+00 -4.06287E+00 -6.46185E+02
v  3.82936E+02 -4.06287E+00 -6.46185E+02
v  3.82936E+02 -4.06287E+00 -8.46185E+02
v -3.43097E+00 -4.06287E+00 -8.46185E+02
g vc_65
f  521 522 523 524
f  521 522 526 525
f  523 522 526 527
f  524 523 527 528
f  524 521 525 528
f  525 526 527 528
v -2.02064E+02  2.19389E+02 -6.46185E+02
v -3.43097E+00  2.19389E+02 -6.46185E+02
v -3.43097E+00  2.19389E+02 -8.46185E+02
v -2.02064E+02  2.19389E+02 -8.46185E+02
v -2.02064E+02 -4.06287E+00 -6.46185E+02
v -3.43097E+00 -4.06287E+00 -6.46185E+02
v -3.43097E+00 -4.06287E+00 -8.46185E+02
v -2.02064E+02 -4.06287E+00 -8.46185E+02
g vc_66
f  529 530 531 532
f  529 530 534 533
f  531 530 534 535
f  532 531 535 536
f  532 529 533 536
f  533 534 535 536
v -5.52064E+02  2.19389E+02 -2.43187E+02
v -2.02064E+02  2.19389E+02 -2.43187E+02
v -2.02064E+02  2.19389E+02 -4.55470E+02
v -5.52064E+02  2.19389E+02 -4.55470E+02
v -5.52064E+02 -4.06287E+00 -2.43187E+02
v -2.02064E+02 -4.06287E+00 -2.43187E+02
v -2.02064E+02 -4.06287E+00 -4.55470E+02
v -5.52064E+02 -4.06287E+00 -4.55470E+02
g vc_67
f  537 538 539 540
f  537 538 542 541
f  539 538 542 543
f  540 539 543 544
f  540 537 541 544
f  541 542 543 544
v -5.52064E+02  2.19389E+02 -4.55470E+02
v -2.02064E+02  2.19389E+02 -4.55470E+02
v -2.02064E+02  2.19389E+02 -5.66185E+02
v -5.52064E+02  2.19389E+02 -5.66185E+02
v -5.52064E+02 -4.06287E+00 -4.55470E+02
v -2.02064E+02 -4.06287E+00 -4.55470E+02
v -2.02064E+02 -4.06287E+00 -5.66185E+02
v -5.52064E+02 -4.06287E+00 -5.66185E+02
g vc_68
f  545 546 547 548
f  545 546 550 549
f  547 546 550 551
f  548 547 551 552
f  548 545 549 552
f  549 550 551 552
v -8.87064E+02  2.19389E+02 -5.66185E+02
v -5.41679E+02  2.19389E+02 -5.66185E+02
v -5.41679E+02  2.19389E+02 -7.37277E+02
v -8.87064E+02  2.19389E+02 -7.37277E+02
v -8.87064E+02 -4.06287E+00 -5.66185E+02
v -5.41679E+02 -4.06287E+00 -5.66185E+02
v -5.41679E+02 -4.06287E+00 -7.37277E+02
v -8.87064E+02 -4.06287E+00 -7.37277E+02
g vc_69
f  553 554 555 556
f  553 554 558 557
f  555 554 558 559
f  556 555 559 560
f  556 553 557 560
f  557 558 559 560
v -8.87064E+02  2.19389E+02 -7.37277E+02
v -5.41679E+02  2.19389E+02 -7.37277E+02
v -5.41679E+02  2.19389E+02 -8.57696E+02
v -8.87064E+02  2.19389E+02 -8.57696E+02
v -8.87064E+02 -4.06287E+00 -7.37277E+02
v -5.41679E+02 -4.06287E+00 -7.37277E+02
v -5.41679E+02 -4.06287E+00 -8.57696E+02
v -8.87064E+02 -4.06287E+00 -8.57696E+02
g vc_70
f  561 562 563 564
f  561 562 566 565
f  563 562 566 567
f  564 563 567 568
f  564 561 565 568
f  565 566 567 568
v  3.82936E+02  2.19389E+02 -6.46185E+02
v  6.28370E+02  2.19389E+02 -6.46185E+02
v  6.28370E+02  2.19389E+02 -8.41530E+02
v  3.82936E+02  2.19389E+02 -8.41530E+02
v  3.82936E+02 -4.06287E+00 -6.46185E+02
v  6.28370E+02 -4.06287E+00 -6.46185E+02
v  6.28370E+02 -4.06287E+00 -8.41530E+02
v  3.82936E+02 -4.06287E+00 -8.41530E+02
g vc_71
f  569 570 571 572
f  569 570 574 573
f  571 570 574 575
f  572 571 575 576
f  572 569 573 576
f  573 574 575 576
v  3.82936E+02  2.19389E+02 -8.41530E+02
v  6.28370E+02  2.19389E+02 -8.41530E+02
v  6.28370E+02  2.19389E+02 -1.04214E+03
v  3.82936E+02  2.19389E+02 -1.04214E+03
v  3.82936E+02 -4.06287E+00 -8.41530E+02
v  6.28370E+02 -4.06287E+00 -8.41530E+02
v  6.28370E+02 -4.06287E+00 -1.04214E+03
v  3.82936E+02 -4.06287E+00 -1.04214E+03
g vc_72
f  577 578 579 580
f  577 578 582 581
f  579 578 582 583
f  580 579 583 584
f  580 577 581 584
f  581 582 583 584
v -5.52064E+02  2.19389E+02  4.02667E+02
v -3.39808E+02  2.19389E+02  4.02667E+02
v -3.39808E+02  2.19389E+02  2.45266E+02
v -5.52064E+02  2.19389E+02  2.45266E+02
v -5.52064E+02 -4.06287E+00  4.02667E+02
v -3.39808E+02 -4.06287E+00  4.02667E+02
v -3.39808E+02 -4.06287E+00  2.45266E+02
v -5.52064E+02 -4.06287E+00  2.45266E+02
g vc_73
f  585 586 587 588
f  585 586 590 589
f  587 586 590 591
f  588 587 591 592
f  588 585 589 592
f  589 590 591 592
v -5.52064E+02  2.19389E+02  2.45266E+02
v -3.39808E+02  2.19389E+02  2.45266E+02
v -3.39808E+02  2.19389E+02 -4.01597E+01
v -5.52064E+02  2.19389E+02 -4.01597E+01
v -5.52064E+02 -4.06287E+00  2.45266E+02
v -3.39808E+02 -4.06287E+00  2.45266E+02
v -3.39808E+02 -4.06287E+00 -4.01597E+01
v -5.52064E+02 -4.06287E+00 -4.01597E+01
g vc_74
f  593 594 595 596
f  593 594 598 597
f  595 594 598 599
f  596 595 599 600
f  596 593 597 600
f  597 598 599 600
v  3.22936E+02  2.19389E+02  4.02667E+02
v  5.39236E+02  2.19389E+02  4.02667E+02
v  5.39236E+02  2.19389E+02  1.55506E+02
v  3.22936E+02  2.19389E+02  1.55506E+02
v  3.22936E+02 -4.06287E+00  4.02667E+02
v  5.39236E+02 -4.06287E+00  4.02667E+02
v  5.39236E+02 -4.06287E+00  1.55506E+02
v  3.22936E+02 -4.06287E+00  1.55506E+02
g vc_75
f  601 602 603 604
f  601 602 606 605
f  603 602 606 607
f  604 603 607 608
f  604 601 605 608
f  605 606 607 608
v  3.22936E+02  2.19389E+02  1.55506E+02
v  5.39236E+02  2.19389E+02  1.55506E+02
v  5.39236E+02  2.19389E+02 -9.88779E+00
v  3.22936E+02  2.19389E+02 -9.88779E+00
v  3.22936E+02 -4.06287E+00  1.55506E+02
v  5.39236E+02 -4.06287E+00  1.55506E+02
v  5.39236E+02 -4.06287E+00 -9.88779E+00
v  3.22936E+02 -4.06287E+00 -9.88779E+00
g vc_76
f  609 610 611 612
f  609 610 614 613
f  611 610 614 615
f  612 611 615 616
f  612 609 613 616
f  613 614 615 616
v  4.26852E+02  2.19389E+02 -4.65218E+02
v  6.28370E+02  2.19389E+02 -4.65218E+02
v  6.28370E+02  2.19389E+02 -6.46185E+02
v  4.26852E+02  2.19389E+02 -6.46185E+02
v  4.26852E+02 -4.06287E+00 -4.65218E+02
v  6.28370E+02 -4.06287E+00 -4.65218E+02
v  6.28370E+02 -4.06287E+00 -6.46185E+02
v  4.26852E+02 -4.06287E+00 -6.46185E+02
g vc_77
f  617 618 619 620
f  617 618 622 621
f  619 618 622 623
f  620 619 623 624
f  620 617 621 624
f  621 622 623 624
v  2.18493E+02  2.19389E+02 -4.65218E+02
v  4.26852E+02  2.19389E+02 -4.65218E+02
v  4.26852E+02  2.19389E+02 -6.46185E+02
v  2.18493E+02  2.19389E+02 -6.46185E+02
v  2.18493E+02 -4.06287E+00 -4.65218E+02
v  4.26852E+02 -4.06287E+00 -4.65218E+02
v  4.26852E+02 -4.06287E+00 -6.46185E+02
v  2.18493E+02 -4.06287E+00 -6.46185E+02
g vc_78
f  625 626 627 628
f  625 626 630 629
f  627 626 630 631
f  628 627 631 632
f  628 625 629 632
f  629 630 631 632
v -7.61368E+02  2.19389E+02 -4.79819E+01
v -5.52064E+02  2.19389E+02 -4.79819E+01
v -5.52064E+02  2.19389E+02 -2.68807E+02
v -7.61368E+02  2.19389E+02 -2.68807E+02
v -7.61368E+02 -4.06287E+00 -4.79819E+01
v -5.52064E+02 -4.06287E+00 -4.79819E+01
v -5.52064E+02 -4.06287E+00 -2.68807E+02
v -7.61368E+02 -4.06287E+00 -2.68807E+02
g vc_79
f  633 634 635 636
f  633 634 638 637
f  635 634 638 639
f  636 635 639 640
f  636 633 637 640
f  637 638 639 640
v -8.87064E+02  2.19389E+02 -4.79819E+01
v -7.61368E+02  2.19389E+02 -4.79819E+01
v -7.61368E+02  2.19389E+02 -2.68807E+02
v -8.87064E+02  2.19389E+02 -2.68807E+02
v -8.87064E+02 -4.06287E+00 -4.79819E+01
v -7.61368E+02 -4.06287E+00 -4.79819E+01
v -7.61368E+02 -4.06287E+00 -2.68807E+02
v -8.87064E+02 -4.06287E+00 -2.68807E+02
g vc_80
f  641 642 643 644
f  641 642 646 645
f  643 642 646 647
f  644 643 647 648
f  644 641 645 648
f  645 646 647 648
v -3.31981E+01  2.19389E+02 -3.56185E+02
v  2.18493E+02  2.19389E+02 -3.56185E+02
v  2.18493E+02  2.19389E+02 -5.46639E+02
v -3.31981E+01  2.19389E+02 -5.46639E+02
v -3.31981E+01 -4.06287E+00 -3.56185E+02
v  2.18493E+02 -4.06287E+00 -3.56185E+02
v  2.18493E+02 -4.06287E+00 -5.46639E+02
v -3.31981E+01 -4.06287E+00 -5.46639E+02
g vc_81
f  649 650 651 652
f  649 650 654 653
f  651 650 654 655
f  652 651 655 656
f  652 649 653 656
f  653 654 655 656
v -3.31981E+01  2.19389E+02 -5.46639E+02
v  2.18493E+02  2.19389E+02 -5.46639E+02
v  2.18493E+02  2.19389E+02 -6.46185E+02
v -3.31981E+01  2.19389E+02 -6.46185E+02
v -3.31981E+01 -4.06287E+00 -5.46639E+02
v  2.18493E+02 -4.06287E+00 -5.46639E+02
v  2.18493E+02 -4.06287E+00 -6.46185E+02
v -3.31981E+01 -4.06287E+00 -6.46185E+02
g vc_82
f  657 658 659 660
f  657 658 662 661
f  659 658 662 663
f  660 659 663 664
f  660 657 661 664
f  661 662 663 664
v -5.41679E+02  2.19389E+02 -5.66185E+02
v -3.53630E+02  2.19389E+02 -5.66185E+02
v -3.53630E+02  2.19389E+02 -7.77475E+02
v -5.41679E+02  2.19389E+02 -7.77475E+02
v -5.41679E+02 -4.06287E+00 -5.66185E+02
v -3.53630E+02 -4.06287E+00 -5.66185E+02
v -3.53630E+02 -4.06287E+00 -7.77475E+02
v -5.41679E+02 -4.06287E+00 -7.77475E+02
g vc_83
f  665 666 667 668
f  665 666 670 669
f  667 666 670 671
f  668 667 671 672
f  668 665 669 672
f  669 670 671 672
v -5.41679E+02  2.19389E+02 -7.77475E+02
v -3.53630E+02  2.19389E+02 -7.77475E+02
v -3.53630E+02  2.19389E+02 -9.47710E+02
v -5.41679E+02  2.19389E+02 -9.47710E+02
v -5.41679E+02 -4.06287E+00 -7.77475E+02
v -3.53630E+02 -4.06287E+00 -7.77475E+02
v -3.53630E+02 -4.06287E+00 -9.47710E+02
v -5.41679E+02 -4.06287E+00 -9.47710E+02
g vc_84
f  673 674 675 676
f  673 674 678 677
f  675 674 678 679
f  676 675 679 680
f  676 673 677 680
f  677 678 679 680
v -3.14736E+02  2.19389E+02 -4.01597E+01
v -2.02064E+02  2.19389E+02 -4.01597E+01
v -2.02064E+02  2.19389E+02 -2.43187E+02
v -3.14736E+02  2.19389E+02 -2.43187E+02
v -3.14736E+02 -4.06287E+00 -4.01597E+01
v -2.02064E+02 -4.06287E+00 -4.01597E+01
v -2.02064E+02 -4.06287E+00 -2.43187E+02
v -3.14736E+02 -4.06287E+00 -2.43187E+02
g vc_85
f  681 682 683 684
f  681 682 686 685
f  683 682 686 687
f  684 683 687 688
f  684 681 685 688
f  685 686 687 688
v -5.52064E+02  2.19389E+02 -4.01597E+01
v -3.14736E+02  2.19389E+02 -4.01597E+01
v -3.14736E+02  2.19389E+02 -2.43187E+02
v -5.52064E+02  2.19389E+02 -2.43187E+02
v -5.52064E+02 -4.06287E+00 -4.01597E+01
v -3.14736E+02 -4.06287E+00 -4.01597E+01
v -3.14736E+02 -4.06287E+00 -2.43187E+02
v -5.52064E+02 -4.06287E+00 -2.43187E+02
g vc_86
f  689 690 691 692
f  689 690 694 693
f  691 690 694 695
f  692 691 695 696
f  692 689 693 696
f  693 694 695 696
v  4.28750E+02  2.19389E+02 -9.88779E+00
v  6.28370E+02  2.19389E+02 -9.88779E+00
v  6.28370E+02  2.19389E+02 -1.61439E+02
v  4.28750E+02  2.19389E+02 -1.61439E+02
v  4.28750E+02 -4.06287E+00 -9.88779E+00
v  6.28370E+02 -4.06287E+00 -9.88779E+00
v  6.28370E+02 -4.06287E+00 -1.61439E+02
v  4.28750E+02 -4.06287E+00 -1.61439E+02
g vc_87
f  697 698 699 700
f  697 698 702 701
f  699 698 702 703
f  700 699 703 704
f  700 697 701 704
f  701 702 703 704
v  4.28750E+02  2.19389E+02 -1.61439E+02
v  6.28370E+02  2.19389E+02 -1.61439E+02
v  6.28370E+02  2.19389E+02 -3.56185E+02
v  4.28750E+02  2.19389E+02 -3.56185E+02
v  4.28750E+02 -4.06287E+00 -1.61439E+02
v  6.28370E+02 -4.06287E+00 -1.61439E+02
v  6.28370E+02 -4.06287E+00 -3.56185E+02
v  4.28750E+02 -4.06287E+00 -3.56185E+02
g vc_88
f  705 706 707 708
f  705 706 710 709
f  707 706 710 711
f  708 707 711 712
f  708 705 709 712
f  709 710 711 712
v -3.39808E+02  2.19389E+02  4.02667E+02
v -2.02064E+02  2.19389E+02  4.02667E+02
v -2.02064E+02  2.19389E+02  1.69623E+02
v -3.39808E+02  2.19389E+02  1.69623E+02
v -3.39808E+02 -4.06287E+00  4.02667E+02
v -2.02064E+02 -4.06287E+00  4.02667E+02
v -2.02064E+02 -4.06287E+00  1.69623E+02
v -3.39808E+02 -4.06287E+00  1.69623E+02
g vc_89
f  713 714 715 716
f  713 714 718 717
f  715 714 718 719
f  716 715 719 720
f  716 713 717 720
f  717 718 719 720
v -3.39808E+02  2.19389E+02  1.69623E+02
v -2.02064E+02  2.19389E+02  1.69623E+02
v -2.02064E+02  2.19389E+02 -4.01597E+01
v -3.39808E+02  2.19389E+02 -4.01597E+01
v -3.39808E+02 -4.06287E+00  1.69623E+02
v -2.02064E+02 -4.06287E+00  1.69623E+02
v -2.02064E+02 -4.06287E+00 -4.01597E+01
v -3.39808E+02 -4.06287E+00 -4.01597E+01
g vc_90
f  721 722 723 724
f  721 722 726 725
f  723 722 726 727
f  724 723 727 728
f  724 721 725 728
f  725 726 727 728
v -8.31165E+02  2.19389E+02 -2.68807E+02
v -6.82408E+02  2.19389E+02 -2.68807E+02
v -6.82408E+02  2.19389E+02 -5.66185E+02
v -8.31165E+02  2.19389E+02 -5.66185E+02
v -8.31165E+02 -4.06287E+00 -2.68807E+02
v -6.82408E+02 -4.06287E+00 -2.68807E+02
v -6.82408E+02 -4.06287E+00 -5.66185E+02
v -8.31165E+02 -4.06287E+00 -5.66185E+02
g vc_91
f  729 730 731 732
f  729 730 734 733
f  731 730 734 735
f  732 731 735 736
f  732 729 733 736
f  733 734 735 736
v -8.87064E+02  2.19389E+02 -2.68807E+02
v -8.31165E+02  2.19389E+02 -2.68807E+02
v -8.31165E+02  2.19389E+02 -5.66185E+02
v -8.87064E+02  2.19389E+02 -5.66185E+02
v -8.87064E+02 -4.06287E+00 -2.68807E+02
v -8.31165E+02 -4.06287E+00 -2.68807E+02
v -8.31165E+02 -4.06287E+00 -5.66185E+02
v -8.87064E+02 -4.06287E+00 -5.66185E+02
g vc_92
f  737 738 739 740
f  737 738 742 741
f  739 738 742 743
f  740 739 743 744
f  740 737 741 744
f  741 742 743 744
v -3.53630E+02  2.19389E+02 -5.66185E+02
v -2.02064E+02  2.19389E+02 -5.66185E+02
v -2.02064E+02  2.19389E+02 -9.47710E+02
v -3.53630E+02  2.19389E+02 -9.47710E+02
v -3.53630E+02  1.17241E+02 -5.66185E+02
v -2.02064E+02  1.17241E+02 -5.66185E+02
v -2.02064E+02  1.17241E+02 -9.47710E+02
v -3.53630E+02  1.17241E+02 -9.47710E+02
g vc_93
f  745 746 747 748
f  745 746 750 749
f  747 746 750 751
f  748 747 751 752
f  748 745 749 752
f  749 750 751 752
v -3.53630E+02  1.17241E+02 -5.66185E+02
v -2.02064E+02  1.17241E+02 -5.66185E+02
v -2.02064E+02  1.17241E+02 -9.47710E+02
v -3.53630E+02  1.17241E+02 -9.47710E+02
v -3.53630E+02 -4.06287E+00 -5.66185E+02
v -2.02064E+02 -4.06287E+00 -5.66185E+02
v -2.02064E+02 -4.06287E+00 -9.47710E+02
v -3.53630E+02 -4.06287E+00 -9.47710E+02
g vc_94
f  753 754 755 756
f  753 754 758 757
f  755 754 758 759
f  756 755 759 760
f  756 753 757 760
f  757 758 759 760
v  1.34777E+02  2.19389E+02  4.02667E+02
v  3.22936E+02  2.19389E+02  4.02667E+02
v  3.22936E+02  2.19389E+02  3.29775E+02
v  1.34777E+02  2.19389E+02  3.29775E+02
v  1.34777E+02 -4.06287E+00  4.02667E+02
v  3.22936E+02 -4.06287E+00  4.02667E+02
v  3.22936E+02 -4.06287E+00  3.29775E+02
v  1.34777E+02 -4.06287E+00  3.29775E+02
g vc_95
f  761 762 763 764
f  761 762 766 765
f  763 762 766 767
f  764 763 767 768
f  764 761 765 768
f  765 766 767 768
v  1.34777E+02  2.19389E+02  3.29775E+02
v  3.22936E+02  2.19389E+02  3.29775E+02
v  3.22936E+02  2.19389E+02  1.15149E+02
v  1.34777E+02  2.19389E+02  1.15149E+02
v  1.34777E+02 -4.06287E+00  3.29775E+02
v  3.22936E+02 -4.06287E+00  3.29775E+02
v  3.22936E+02 -4.06287E+00  1.15149E+02
v  1.34777E+02 -4.06287E+00  1.15149E+02
g vc_96
f  769 770 771 772
f  769 770 774 773
f  771 770 774 775
f  772 771 775 776
f  772 769 773 776
f  773 774 775 776
v  4.24527E+02  2.19389E+02 -3.56185E+02
v  6.28370E+02  2.19389E+02 -3.56185E+02
v  6.28370E+02  2.19389E+02 -4.65218E+02
v  4.24527E+02  2.19389E+02 -4.65218E+02
v  4.24527E+02 -4.06287E+00 -3.56185E+02
v  6.28370E+02 -4.06287E+00 -3.56185E+02
v  6.28370E+02 -4.06287E+00 -4.65218E+02
v  4.24527E+02 -4.06287E+00 -4.65218E+02
g vc_97
f  777 778 779 780
f  777 778 782 781
f  779 778 782 783
f  780 779 783 784
f  780 777 781 784
f  781 782 783 784
v  2.18493E+02  2.19389E+02 -3.56185E+02
v  4.24527E+02  2.19389E+02 -3.56185E+02
v  4.24527E+02  2.19389E+02 -4.65218E+02
v  2.18493E+02  2.19389E+02 -4.65218E+02
v  2.18493E+02 -4.06287E+00 -3.56185E+02
v  4.24527E+02 -4.06287E+00 -3.56185E+02
v  4.24527E+02 -4.06287E+00 -4.65218E+02
v  2.18493E+02 -4.06287E+00 -4.65218E+02
g vc_98
f  785 786 787 788
f  785 786 790 789
f  787 786 790 791
f  788 787 791 792
f  788 785 789 792
f  789 790 791 792
v  3.82936E+02  2.19389E+02 -1.04214E+03
v  6.28370E+02  2.19389E+02 -1.04214E+03
v  6.28370E+02  2.19389E+02 -1.14289E+03
v  3.82936E+02  2.19389E+02 -1.14289E+03
v  3.82936E+02 -4.06287E+00 -1.04214E+03
v  6.28370E+02 -4.06287E+00 -1.04214E+03
v  6.28370E+02 -4.06287E+00 -1.14289E+03
v  3.82936E+02 -4.06287E+00 -1.14289E+03
g vc_99
f  793 794 795 796
f  793 794 798 797
f  795 794 798 799
f  796 795 799 800
f  796 793 797 800
f  797 798 799 800
v  3.82936E+02  2.19389E+02 -1.14289E+03
v  6.28370E+02  2.19389E+02 -1.14289E+03
v  6.28370E+02  2.19389E+02 -1.22119E+03
v  3.82936E+02  2.19389E+02 -1.22119E+03
v  3.82936E+02 -4.06287E+00 -1.14289E+03
v  6.28370E+02 -4.06287E+00 -1.14289E+03
v  6.28370E+02 -4.06287E+00 -1.22119E+03
v  3.82936E+02 -4.06287E+00 -1.22119E+03
g vc_100
f  801 802 803 804
f  801 802 806 805
f  803 802 806 807
f  804 803 807 808
f  804 801 805 808
f  805 806 807 808
v  2.57603E+02  2.19389E+02 -8.46185E+02
v  3.82936E+02  2.19389E+02 -8.46185E+02
v  3.82936E+02  2.19389E+02 -1.22119E+03
v  2.57603E+02  2.19389E+02 -1.22119E+03
v  2.57603E+02 -4.06287E+00 -8.46185E+02
v  3.82936E+02 -4.06287E+00 -8.46185E+02
v  3.82936E+02 -4.06287E+00 -1.22119E+03
v  2.57603E+02 -4.06287E+00 -1.22119E+03
g vc_101
f  809 810 811 812
f  809 810 814 813
f  811 810 814 815
f  812 811 815 816
f  812 809 813 816
f  813 814 815 816
v  7.80876E+01  2.19389E+02 -8.46185E+02
v  2.57603E+02  2.19389E+02 -8.46185E+02
v  2.57603E+02  2.19389E+02 -1.22119E+03
v  7.80876E+01  2.19389E+02 -1.22119E+03
v  7.80876E+01 -4.06287E+00 -8.46185E+02
v  2.57603E+02 -4.06287E+00 -8.46185E+02
v  2.57603E+02 -4.06287E+00 -1.22119E+03
v  7.80876E+01 -4.06287E+00 -1.22119E+03
g vc_102
f  817 818 819 820
f  817 818 822 821
f  819 818 822 823
f  820 819 823 824
f  820 817 821 824
f  821 822 823 824
v -7.83444E+02  2.19389E+02  2.70657E+02
v -5.52064E+02  2.19389E+02  2.70657E+02
v -5.52064E+02  2.19389E+02 -4.79819E+01
v -7.83444E+02  2.19389E+02 -4.79819E+01
v -7.83444E+02 -4.06287E+00  2.70657E+02
v -5.52064E+02 -4.06287E+00  2.70657E+02
v -5.52064E+02 -4.06287E+00 -4.79819E+01
v -7.83444E+02 -4.06287E+00 -4.79819E+01
g vc_103
f  825 826 827 828
f  825 826 830 829
f  827 826 830 831
f  828 827 831 832
f  828 825 829 832
f  829 830 831 832
v -8.87064E+02  2.19389E+02  2.70657E+02
v -7.83444E+02  2.19389E+02  2.70657E+02
v -7.83444E+02  2.19389E+02 -4.79819E+01
v -8.87064E+02  2.19389E+02 -4.79819E+01
v -8.87064E+02 -4.06287E+00  2.70657E+02
v -7.83444E+02 -4.06287E+00  2.70657E+02
v -7.83444E+02 -4.06287E+00 -4.79819E+01
v -8.87064E+02 -4.06287E+00 -4.79819E+01
g vc_104
f  833 834 835 836
f  833 834 838 837
f  835 834 838 839
f  836 835 839 840
f  836 833 837 840
f  837 838 839 840
v -9.12617E+01  2.19389E+02 -8.46185E+02
v  7.80876E+01  2.19389E+02 -8.46185E+02
v  7.80876E+01  2.19389E+02 -1.22119E+03
v -9.12617E+01  2.19389E+02 -1.22119E+03
v -9.12617E+01 -4.06287E+00 -8.46185E+02
v  7.80876E+01 -4.06287E+00 -8.46185E+02
v  7.80876E+01 -4.06287E+00 -1.22119E+03
v -9.12617E+01 -4.06287E+00 -1.22119E+03
g vc_105
f  841 842 843 844
f  841 842 846 845
f  843 842 846 847
f  844 843 847 848
f  844 841 845 848
f  845 846 847 848
v -2.02064E+02  2.19389E+02 -8.46185E+02
v -9.12617E+01  2.19389E+02 -8.46185E+02
v -9.12617E+01  2.19389E+02 -1.22119E+03
v -2.02064E+02  2.19389E+02 -1.22119E+03
v -2.02064E+02 -4.06287E+00 -8.46185E+02
v -9.12617E+01 -4.06287E+00 -8.46185E+02
v -9.12617E+01 -4.06287E+00 -1.22119E+03
v -2.02064E+02 -4.06287E+00 -1.22119E+03
g vc_106
f  849 850 851 852
f  849 850 854 853
f  851 850 854 855
f  852 851 855 856
f  852 849 853 856
f  853 854 855 856
v -8.90872E+01  2.19389E+02  2.82131E+02
v  1.34777E+02  2.19389E+02  2.82131E+02
v  1.34777E+02  2.19389E+02  1.98004E+01
v -8.90872E+01  2.19389E+02  1.98004E+01
v -8.90872E+01 -4.06287E+00  2.82131E+02
v  1.34777E+02 -4.06287E+00  2.82131E+02
v  1.34777E+02 -4.06287E+00  1.98004E+01
v -8.90872E+01 -4.06287E+00  1.98004E+01
g vc_107
f  857 858 859 860
f  857 858 862 861
f  859 858 862 863
f  860 859 863 864
f  860 857 861 864
f  861 862 863 864
v -2.02064E+02  2.19389E+02  2.82131E+02
v -8.90872E+01  2.19389E+02  2.82131E+02
v -8.90872E+01  2.19389E+02  1.98004E+01
v -2.02064E+02  2.19389E+02  1.98004E+01
v -2.02064E+02 -4.06287E+00  2.82131E+02
v -8.90872E+01 -4.06287E+00  2.82131E+02
v -8.90872E+01 -4.06287E+00  1.98004E+01
v -2.02064E+02 -4.06287E+00  1.98004E+01
g vc_108
f  865 866 867 868
f  865 866 870 869
f  867 866 870 871
f  868 867 871 872
f  868 865 869 872
f  869 870 871 872
v  1.91686E+02  2.19389E+02 -6.46185E+02
v  3.82936E+02  2.19389E+02 -6.46185E+02
v  3.82936E+02  2.19389E+02 -8.46185E+02
v  1.91686E+02  2.19389E+02 -8.46185E+02
v  1.91686E+02 -4.06287E+00 -6.46185E+02
v  3.82936E+02 -4.06287E+00 -6.46185E+02
v  3.82936E+02 -4.06287E+00 -8.46185E+02
v  1.91686E+02 -4.06287E+00 -8.46185E+02
g vc_109
f  873 874 875 876
f  873 874 878 877
f  875 874 878 879
f  876 875 879 880
f  876 873 877 880
f  877 878 879 880
v -3.43097E+00  2.19389E+02 -6.46185E+02
v  1.91686E+02  2.19389E+02 -6.46185E+02
v  1.91686E+02  2.19389E+02 -8.46185E+02
v -3.43097E+00  2.19389E+02 -8.46185E+02
v -3.43097E+00 -4.06287E+00 -6.46185E+02
v  1.91686E+02 -4.06287E+00 -6.46185E+02
v  1.91686E+02 -4.06287E+00 -8.46185E+02
v -3.43097E+00 -4.06287E+00 -8.46185E+02
g vc_110
f  881 882 883 884
f  881 882 886 885
f  883 882 886 887
f  884 883 887 888
f  884 881 885 888
f  885 886 887 888
v -4.34520E+02  2.19389E+02 -2.43187E+02
v -2.02064E+02  2.19389E+02 -2.43187E+02
v -2.02064E+02  2.19389E+02 -4.55470E+02
v -4.34520E+02  2.19389E+02 -4.55470E+02
v -4.34520E+02 -4.06287E+00 -2.43187E+02
v -2.02064E+02 -4.06287E+00 -2.43187E+02
v -2.02064E+02 -4.06287E+00 -4.55470E+02
v -4.34520E+02 -4.06287E+00 -4.55470E+02
g vc_111
f  889 890 891 892
f  889 890 894 893
f  891 890 894 895
f  892 891 895 896
f  892 889 893 896
f  893 894 895 896
v -5.52064E+02  2.19389E+02 -2.43187E+02
v -4.34520E+02  2.19389E+02 -2.43187E+02
v -4.34520E+02  2.19389E+02 -4.55470E+02
v -5.52064E+02  2.19389E+02 -4.55470E+02
v -5.52064E+02 -4.06287E+00 -2.43187E+02
v -4.34520E+02 -4.06287E+00 -2.43187E+02
v -4.34520E+02 -4.06287E+00 -4.55470E+02
v -5.52064E+02 -4.06287E+00 -4.55470E+02
g vc_112
f  897 898 899 900
f  897 898 902 901
f  899 898 902 903
f  900 899 903 904
f  900 897 901 904
f  901 902 903 904
v -9.71505E+01  2.19389E+02  1.98004E+01
v  1.34777E+02  2.19389E+02  1.98004E+01
v  1.34777E+02  2.19389E+02 -1.69673E+02
v -9.71505E+01  2.19389E+02 -1.69673E+02
v -9.71505E+01 -4.06287E+00  1.98004E+01
v  1.34777E+02 -4.06287E+00  1.98004E+01
v  1.34777E+02 -4.06287E+00 -1.69673E+02
v -9.71505E+01 -4.06287E+00 -1.69673E+02
g vc_113
f  905 906 907 908
f  905 906 910 909
f  907 906 910 911
f  908 907 911 912
f  908 905 909 912
f  909 910 911 912
v -2.02064E+02  2.19389E+02  1.98004E+01
v -9.71505E+01  2.19389E+02  1.98004E+01
v -9.71505E+01  2.19389E+02 -1.69673E+02
v -2.02064E+02  2.19389E+02 -1.69673E+02
v -2.02064E+02 -4.06287E+00  1.98004E+01
v -9.71505E+01 -4.06287E+00  1.98004E+01
v -9.71505E+01 -4.06287E+00 -1.69673E+02
v -2.02064E+02 -4.06287E+00 -1.69673E+02
g vc_114
f  913 914 915 916
f  913 914 918 917
f  915 914 918 919
f  916 915 919 920
f  916 913 917 920
f  917 918 919 920
v -7.94701E+01  2.19389E+02 -1.69673E+02
v  1.34777E+02  2.19389E+02 -1.69673E+02
v  1.34777E+02  2.19389E+02 -3.56185E+02
v -7.94701E+01  2.19389E+02 -3.56185E+02
v -7.94701E+01 -4.06287E+00 -1.69673E+02
v  1.34777E+02 -4.06287E+00 -1.69673E+02
v  1.34777E+02 -4.06287E+00 -3.56185E+02
v -7.94701E+01 -4.06287E+00 -3.56185E+02
g vc_115
f  921 922 923 924
f  921 922 926 925
f  923 922 926 927
f  924 923 927 928
f  924 921 925 928
f  925 926 927 928
v -2.02064E+02  2.19389E+02 -1.69673E+02
v -7.94701E+01  2.19389E+02 -1.69673E+02
v -7.94701E+01  2.19389E+02 -3.56185E+02
v -2.02064E+02  2.19389E+02 -3.56185E+02
v -2.02064E+02 -4.06287E+00 -1.69673E+02
v -7.94701E+01 -4.06287E+00 -1.69673E+02
v -7.94701E+01 -4.06287E+00 -3.56185E+02
v -2.02064E+02 -4.06287E+00 -3.56185E+02
g vc_116
f  929 930 931 932
f  929 930 934 933
f  931 930 934 935
f  932 931 935 936
f  932 929 933 936
f  933 934 935 936
v -4.68115E+02  2.19389E+02  2.45266E+02
v -3.39808E+02  2.19389E+02  2.45266E+02
v -3.39808E+02  2.19389E+02 -4.01597E+01
v -4.68115E+02  2.19389E+02 -4.01597E+01
v -4.68115E+02 -4.06287E+00  2.45266E+02
v -3.39808E+02 -4.06287E+00  2.45266E+02
v -3.39808E+02 -4.06287E+00 -4.01597E+01
v -4.68115E+02 -4.06287E+00 -4.01597E+01
g vc_117
f  937 938 939 940
f  937 938 942 941
f  939 938 942 943
f  940 939 943 944
f  940 937 941 944
f  941 942 943 944
v -5.52064E+02  2.19389E+02  2.45266E+02
v -4.68115E+02  2.19389E+02  2.45266E+02
v -4.68115E+02  2.19389E+02 -4.01597E+01
v -5.52064E+02  2.19389E+02 -4.01597E+01
v -5.52064E+02 -4.06287E+00  2.45266E+02
v -4.68115E+02 -4.06287E+00  2.45266E+02
v -4.68115E+02 -4.06287E+00 -4.01597E+01
v -5.52064E+02 -4.06287E+00 -4.01597E+01
g vc_118
f  945 946 947 948
f  945 946 950 949
f  947 946 950 951
f  948 947 951 952
f  948 945 949 952
f  949 950 951 952
v -6.81052E+02  2.19389E+02 -5.66185E+02
v -5.41679E+02  2.19389E+02 -5.66185E+02
v -5.41679E+02  2.19389E+02 -7.37277E+02
v -6.81052E+02  2.19389E+02 -7.37277E+02
v -6.81052E+02 -4.06287E+00 -5.66185E+02
v -5.41679E+02 -4.06287E+00 -5.66185E+02
v -5.41679E+02 -4.06287E+00 -7.37277E+02
v -6.81052E+02 -4.06287E+00 -7.37277E+02
g vc_119
f  953 954 955 956
f  953 954 958 957
f  955 954 958 959
f  956 955 959 960
f  956 953 957 960
f  957 958 959 960
v -8.87064E+02  2.19389E+02 -5.66185E+02
v -6.81052E+02  2.19389E+02 -5.66185E+02
v -6.81052E+02  2.19389E+02 -7.37277E+02
v -8.87064E+02  2.19389E+02 -7.37277E+02
v -8.87064E+02 -4.06287E+00 -5.66185E+02
v -6.81052E+02 -4.06287E+00 -5.66185E+02
v -6.81052E+02 -4.06287E+00 -7.37277E+02
v -8.87064E+02 -4.06287E+00 -7.37277E+02
g vc_120
f  961 962 963 964
f  961 962 966 965
f  963 962 966 967
f  964 963 967 968
f  964 961 965 968
f  965 966 967 968
v  3.22936E+02  2.19389E+02  4.02667E+02
v  5.39236E+02  2.19389E+02  4.02667E+02
v  5.39236E+02  2.19389E+02  3.24701E+02
v  3.22936E+02  2.19389E+02  3.24701E+02
v  3.22936E+02 -4.06287E+00  4.02667E+02
v  5.39236E+02 -4.06287E+00  4.02667E+02
v  5.39236E+02 -4.06287E+00  3.24701E+02
v  3.22936E+02 -4.06287E+00  3.24701E+02
g vc_121
f  969 970 971 972
f  969 970 974 973
f  971 970 974 975
f  972 971 975 976
f  972 969 973 976
f  973 974 975 976
v  3.22936E+02  2.19389E+02  3.24701E+02
v  5.39236E+02  2.19389E+02  3.24701E+02
v  5.39236E+02  2.19389E+02  1.55506E+02
v  3.22936E+02  2.19389E+02  1.55506E+02
v  3.22936E+02 -4.06287E+00  3.24701E+02
v  5.39236E+02 -4.06287E+00  3.24701E+02
v  5.39236E+02 -4.06287E+00  1.55506E+02
v  3.22936E+02 -4.06287E+00  1.55506E+02
g vc_122
f  977 978 979 980
f  977 978 982 981
f  979 978 982 983
f  980 979 983 984
f  980 977 981 984
f  981 982 983 984
v  5.08124E+02  2.19389E+02 -8.41530E+02
v  6.28370E+02  2.19389E+02 -8.41530E+02
v  6.28370E+02  2.19389E+02 -1.04214E+03
v  5.08124E+02  2.19389E+02 -1.04214E+03
v  5.08124E+02 -4.06287E+00 -8.41530E+02
v  6.28370E+02 -4.06287E+00 -8.41530E+02
v  6.28370E+02 -4.06287E+00 -1.04214E+03
v  5.08124E+02 -4.06287E+00 -1.04214E+03
g vc_123
f  985 986 987 988
f  985 986 990 989
f  987 986 990 991
f  988 987 991 992
f  988 985 989 992
f  989 990 991 992
v  3.82936E+02  2.19389E+02 -8.41530E+02
v  5.08124E+02  2.19389E+02 -8.41530E+02
v  5.08124E+02  2.19389E+02 -1.04214E+03
v  3.82936E+02  2.19389E+02 -1.04214E+03
v  3.82936E+02 -4.06287E+00 -8.41530E+02
v  5.08124E+02 -4.06287E+00 -8.41530E+02
v  5.08124E+02 -4.06287E+00 -1.04214E+03
v  3.82936E+02 -4.06287E+00 -1.04214E+03
g vc_124
f  993 994 995 996
f  993 994 998 997
f  995 994 998 999
f  996 995 999 1000
f  996 993 997 1000
f  997 998 999 1000
v -5.52064E+02  2.19389E+02 -4.01597E+01
v -3.14736E+02  2.19389E+02 -4.01597E+01
v -3.14736E+02  2.19389E+02 -1.20062E+02
v -5.52064E+02  2.19389E+02 -1.20062E+02
v -5.52064E+02 -4.06287E+00 -4.01597E+01
v -3.14736E+02 -4.06287E+00 -4.01597E+01
v -3.14736E+02 -4.06287E+00 -1.20062E+02
v -5.52064E+02 -4.06287E+00 -1.20062E+02
g vc_125
f  1001 1002 1003 1004
f  1001 1002 1006 1005
f  1003 1002 1006 1007
f  1004 1003 1007 1008
f  1004 1001 1005 1008
f  1005 1006 1007 1008
v -5.52064E+02  2.19389E+02 -1.20062E+02
v -3.14736E+02  2.19389E+02 -1.20062E+02
v -3.14736E+02  2.19389E+02 -2.43187E+02
v -5.52064E+02  2.19389E+02 -2.43187E+02
v -5.52064E+02 -4.06287E+00 -1.20062E+02
v -3.14736E+02 -4.06287E+00 -1.20062E+02
v -3.14736E+02 -4.06287E+00 -2.43187E+02
v -5.52064E+02 -4.06287E+00 -2.43187E+02
g vc_126
f  1009 1010 1011 1012
f  1009 1010 1014 1013
f  1011 1010 1014 1015
f  1012 1011 1015 1016
f  1012 1009 1013 1016
f  1013 1014 1015 1016
v  5.08270E+02  2.19389E+02 -6.46185E+02
v  6.28370E+02  2.19389E+02 -6.46185E+02
v  6.28370E+02  2.19389E+02 -8.41530E+02
v  5.08270E+02  2.19389E+02 -8.41530E+02
v  5.08270E+02 -4.06287E+00 -6.46185E+02
v  6.28370E+02 -4.06287E+00 -6.46185E+02
v  6.28370E+02 -4.06287E+00 -8.41530E+02
v  5.08270E+02 -4.06287E+00 -8.41530E+02
g vc_127
f  1017 1018 1019 1020
f  1017 1018 1022 1021
f  1019 1018 1022 1023
f  1020 1019 1023 1024
f  1020 1017 1021 1024
f  1021 1022 1023 1024
v  3.82936E+02  2.19389E+02 -6.46185E+02
v  5.08270E+02  2.19389E+02 -6.46185E+02
v  5.08270E+02  2.19389E+02 -8.41530E+02
v  3.82936E+02  2.19389E+02 -8.41530E+02
v  3.82936E+02 -4.06287E+00 -6.46185E+02
v  5.08270E+02 -4.06287E+00 -6.46185E+02
v  5.08270E+02 -4.06287E+00 -8.41530E+02
v  3.82936E+02 -4.06287E+00 -8.41530E+02
g vc_128
f  1025 1026 1027 1028
f  1025 1026 1030 1029
f  1027 1026 1030 1031
f  1028 1027 1031 1032
f  1028 1025 1029 1032
f  1029 1030 1031 1032
v  1.32519E+02  2.19389E+02 -3.56185E+02
v  2.18493E+02  2.19389E+02 -3.56185E+02
v  2.18493E+02  2.19389E+02 -5.46639E+02
v  1.32519E+02  2.19389E+02 -5.46639E+02
v  1.32519E+02 -4.06287E+00 -3.56185E+02
v  2.18493E+02 -4.06287E+00 -3.56185E+02
v  2.18493E+02 -4.06287E+00 -5.46639E+02
v  1.32519E+02 -4.06287E+00 -5.46639E+02
g vc_129
f  1033 1034 1035 1036
f  1033 1034 1038 1037
f  1035 1034 1038 1039
f  1036 1035 1039 1040
f  1036 1033 1037 1040
f  1037 1038 1039 1040
v -3.31981E+01  2.19389E+02 -3.56185E+02
v  1.32519E+02  2.19389E+02 -3.56185E+02
v  1.32519E+02  2.19389E+02 -5.46639E+02
v -3.31981E+01  2.19389E+02 -5.46639E+02
v -3.31981E+01 -4.06287E+00 -3.56185E+02
v  1.32519E+02 -4.06287E+00 -3.56185E+02
v  1.32519E+02 -4.06287E+00 -5.46639E+02
v -3.31981E+01 -4.06287E+00 -5.46639E+02
g vc_130
f  1041 1042 1043 1044
f  1041 1042 1046 1045
f  1043 1042 1046 1047
f  1044 1043 1047 1048
f  1044 1041 1045 1048
f  1045 1046 1047 1048
v -6.02902E+02  2.19389E+02 -4.79819E+01
v -5.52064E+02  2.19389E+02 -4.79819E+01
v -5.52064E+02  2.19389E+02 -2.68807E+02
v -6.02902E+02  2.19389E+02 -2.68807E+02
v -6.02902E+02 -4.06287E+00 -4.79819E+01
v -5.52064E+02 -4.06287E+00 -4.79819E+01
v -5.52064E+02 -4.06287E+00 -2.68807E+02
v -6.02902E+02 -4.06287E+00 -2.68807E+02
g vc_131
f  1049 1050 1051 1052
f  1049 1050 1054 1053
f  1051 1050 1054 1055
f  1052 1051 1055 1056
f  1052 1049 1053 1056
f  1053 1054 1055 1056
v -7.61368E+02  2.19389E+02 -4.79819E+01
v -6.02902E+02  2.19389E+02 -4.79819E+01
v -6.02902E+02  2.19389E+02 -2.68807E+02
v -7.61368E+02  2.19389E+02 -2.68807E+02
v -7.61368E+02 -4.06287E+00 -4.79819E+01
v -6.02902E+02 -4.06287E+00 -4.79819E+01
v -6.02902E+02 -4.06287E+00 -2.68807E+02
v -7.61368E+02 -4.06287E+00 -2.68807E+02
g vc_132
f  1057 1058 1059 1060
f  1057 1058 1062 1061
f  1059 1058 1062 1063
f  1060 1059 1063 1064
f  1060 1057 1061 1064
f  1061 1062 1063 1064
v -8.31165E+02  2.19389E+02 -2.68807E+02
v -6.82408E+02  2.19389E+02 -2.68807E+02
v -6.82408E+02  2.19389E+02 -4.52438E+02
v -8.31165E+02  2.19389E+02 -4.52438E+02
v -8.31165E+02 -4.06287E+00 -2.68807E+02
v -6.82408E+02 -4.06287E+00 -2.68807E+02
v -6.82408E+02 -4.06287E+00 -4.52438E+02
v -8.31165E+02 -4.06287E+00 -4.52438E+02
g vc_133
f  1065 1066 1067 1068
f  1065 1066 1070 1069
f  1067 1066 1070 1071
f  1068 1067 1071 1072
f  1068 1065 1069 1072
f  1069 1070 1071 1072
v -8.31165E+02  2.19389E+02 -4.52438E+02
v -6.82408E+02  2.19389E+02 -4.52438E+02
v -6.82408E+02  2.19389E+02 -5.66185E+02
v -8.31165E+02  2.19389E+02 -5.66185E+02
v -8.31165E+02 -4.06287E+00 -4.52438E+02
v -6.82408E+02 -4.06287E+00 -4.52438E+02
v -6.82408E+02 -4.06287E+00 -5.66185E+02
v -8.31165E+02 -4.06287E+00 -5.66185E+02
g vc_134
f  1073 1074 1075 1076
f  1073 1074 1078 1077
f  1075 1074 1078 1079
f  1076 1075 1079 1080
f  1076 1073 1077 1080
f  1077 1078 1079 1080
v -7.25517E+02  2.19389E+02 -7.37277E+02
v -5.41679E+02  2.19389E+02 -7.37277E+02
v -5.41679E+02  2.19389E+02 -8.57696E+02
v -7.25517E+02  2.19389E+02 -8.57696E+02
v -7.25517E+02 -4.06287E+00 -7.37277E+02
v -5.41679E+02 -4.06287E+00 -7.37277E+02
v -5.41679E+02 -4.06287E+00 -8.57696E+02
v -7.25517E+02 -4.06287E+00 -8.57696E+02
g vc_135
f  1081 1082 1083 1084
f  1081 1082 1086 1085
f  1083 1082 1086 1087
f  1084 1083 1087 1088
f  1084 1081 1085 1088
f  1085 1086 1087 1088
v -8.87064E+02  2.19389E+02 -7.37277E+02
v -7.25517E+02  2.19389E+02 -7.37277E+02
v -7.25517E+02  2.19389E+02 -8.57696E+02
v -8.87064E+02  2.19389E+02 -8.57696E+02
v -8.87064E+02 -4.06287E+00 -7.37277E+02
v -7.25517E+02 -4.06287E+00 -7.37277E+02
v -7.25517E+02 -4.06287E+00 -8.57696E+02
v -8.87064E+02 -4.06287E+00 -8.57696E+02
g vc_136
f  1089 1090 1091 1092
f  1089 1090 1094 1093
f  1091 1090 1094 1095
f  1092 1091 1095 1096
f  1092 1089 1093 1096
f  1093 1094 1095 1096
v  2.65423E+02  2.19389E+02  3.29775E+02
v  3.22936E+02  2.19389E+02  3.29775E+02
v  3.22936E+02  2.19389E+02  1.15149E+02
v  2.65423E+02  2.19389E+02  1.15149E+02
v  2.65423E+02 -4.06287E+00  3.29775E+02
v  3.22936E+02 -4.06287E+00  3.29775E+02
v  3.22936E+02 -4.06287E+00  1.15149E+02
v  2.65423E+02 -4.06287E+00  1.15149E+02
g vc_137
f  1097 1098 1099 1100
f  1097 1098 1102 1101
f  1099 1098 1102 1103
f  1100 1099 1103 1104
f  1100 1097 1101 1104
f  1101 1102 1103 1104
v  1.34777E+02  2.19389E+02  3.29775E+02
v  2.65423E+02  2.19389E+02  3.29775E+02
v  2.65423E+02  2.19389E+02  1.15149E+02
v  1.34777E+02  2.19389E+02  1.15149E+02
v  1.34777E+02 -4.06287E+00  3.29775E+02
v  2.65423E+02 -4.06287E+00  3.29775E+02
v  2.65423E+02 -4.06287E+00  1.15149E+02
v  1.34777E+02 -4.06287E+00  1.15149E+02
g vc_138
f  1105 1106 1107 1108
f  1105 1106 1110 1109
f  1107 1106 1110 1111
f  1108 1107 1111 1112
f  1108 1105 1109 1112
f  1109 1110 1111 1112
v -5.41679E+02  2.19389E+02 -5.66185E+02
v -3.53630E+02  2.19389E+02 -5.66185E+02
v -3.53630E+02  2.19389E+02 -6.53517E+02
v -5.41679E+02  2.19389E+02 -6.53517E+02
v -5.41679E+02 -4.06287E+00 -5.66185E+02
v -3.53630E+02 -4.06287E+00 -5.66185E+02
v -3.53630E+02 -4.06287E+00 -6.53517E+02
v -5.41679E+02 -4.06287E+00 -6.53517E+02
g vc_139
f  1113 1114 1115 1116
f  1113 1114 1118 1117
f  1115 1114 1118 1119
f  1116 1115 1119 1120
f  1116 1113 1117 1120
f  1117 1118 1119 1120
v -5.41679E+02  2.19389E+02 -6.53517E+02
v -3.53630E+02  2.19389E+02 -6.53517E+02
v -3.53630E+02  2.19389E+02 -7.77475E+02
v -5.41679E+02  2.19389E+02 -7.77475E+02
v -5.41679E+02 -4.06287E+00 -6.53517E+02
v -3.53630E+02 -4.06287E+00 -6.53517E+02
v -3.53630E+02 -4.06287E+00 -7.77475E+02
v -5.41679E+02 -4.06287E+00 -7.77475E+02
g vc_140
f  1121 1122 1123 1124
f  1121 1122 1126 1125
f  1123 1122 1126 1127
f  1124 1123 1127 1128
f  1124 1121 1125 1128
f  1125 1126 1127 1128
v -1.16728E+02  2.19389E+02 -6.46185E+02
v -3.43097E+00  2.19389E+02 -6.46185E+02
v -3.43097E+00  2.19389E+02 -8.46185E+02
v -1.16728E+02  2.19389E+02 -8.46185E+02
v -1.16728E+02 -4.06287E+00 -6.46185E+02
v -3.43097E+00 -4.06287E+00 -6.46185E+02
v -3.43097E+00 -4.06287E+00 -8.46185E+02
v -1.16728E+02 -4.06287E+00 -8.46185E+02
g vc_141
f  1129 1130 1131 1132
f  1129 1130 1134 1133
f  1131 1130 1134 1135
f  1132 1131 1135 1136
f  1132 1129 1133 1136
f  1133 1134 1135 1136
v -2.02064E+02  2.19389E+02 -6.46185E+02
v -1.16728E+02  2.19389E+02 -6.46185E+02
v -1.16728E+02  2.19389E+02 -8.46185E+02
v -2.02064E+02  2.19389E+02 -8.46185E+02
v -2.02064E+02 -4.06287E+00 -6.46185E+02
v -1.16728E+02 -4.06287E+00 -6.46185E+02
v -1.16728E+02 -4.06287E+00 -8.46185E+02
v -2.02064E+02 -4.06287E+00 -8.46185E+02
g vc_142
f  1137 1138 1139 1140
f  1137 1138 1142 1141
f  1139 1138 1142 1143
f  1140 1139 1143 1144
f  1140 1137 1141 1144
f  1141 1142 1143 1144
v  4.28750E+02  2.19389E+02 -1.61439E+02
v  6.28370E+02  2.19389E+02 -1.61439E+02
v  6.28370E+02  2.19389E+02 -2.89431E+02
v  4.28750E+02  2.19389E+02 -2.89431E+02
v  4.28750E+02 -4.06287E+00 -1.61439E+02
v  6.28370E+02 -4.06287E+00 -1.61439E+02
v  6.28370E+02 -4.06287E+00 -2.89431E+02
v  4.28750E+02 -4.06287E+00 -2.89431E+02
g vc_143
f  1145 1146 1147 1148
f  1145 1146 1150 1149
f  1147 1146 1150 1151
f  1148 1147 1151 1152
f  1148 1145 1149 1152
f  1149 1150 1151 1152
v  4.28750E+02  2.19389E+02 -2.89431E+02
v  6.28370E+02  2.19389E+02 -2.89431E+02
v  6.28370E+02  2.19389E+02 -3.56185E+02
v  4.28750E+02  2.19389E+02 -3.56185E+02
v  4.28750E+02 -4.06287E+00 -2.89431E+02
v  6.28370E+02 -4.06287E+00 -2.89431E+02
v  6.28370E+02 -4.06287E+00 -3.56185E+02
v  4.28750E+02 -4.06287E+00 -3.56185E+02
g vc_144
f  1153 1154 1155 1156
f  1153 1154 1158 1157
f  1155 1154 1158 1159
f  1156 1155 1159 1160
f  1156 1153 1157 1160
f  1157 1158 1159 1160
v -4.34117E+02  2.19389E+02 -4.55470E+02
v -2.02064E+02  2.19389E+02 -4.55470E+02
v -2.02064E+02  2.19389E+02 -5.66185E+02
v -4.34117E+02  2.19389E+02 -5.66185E+02
v -4.34117E+02 -4.06287E+00 -4.55470E+02
v -2.02064E+02 -4.06287E+00 -4.55470E+02
v -2.02064E+02 -4.06287E+00 -5.66185E+02
v -4.34117E+02 -4.06287E+00 -5.66185E+02
g vc_145
f  1161 1162 1163 1164
f  1161 1162 1166 1165
f  1163 1162 1166 1167
f  1164 1163 1167 1168
f  1164 1161 1165 1168
f  1165 1166 1167 1168
v -5.52064E+02  2.19389E+02 -4.55470E+02
v -4.34117E+02  2.19389E+02 -4.55470E+02
v -4.34117E+02  2.19389E+02 -5.66185E+02
v -5.52064E+02  2.19389E+02 -5.66185E+02
v -5.52064E+02 -4.06287E+00 -4.55470E+02
v -4.34117E+02 -4.06287E+00 -4.55470E+02
v -4.34117E+02 -4.06287E+00 -5.66185E+02
v -5.52064E+02 -4.06287E+00 -5.66185E+02
g vc_146
f  1169 1170 1171 1172
f  1169 1170 1174 1173
f  1171 1170 1174 1175
f  1172 1171 1175 1176
f  1172 1169 1173 1176
f  1173 1174 1175 1176
v  2.18493E+02  2.19389E+02 -4.65218E+02
v  4.26852E+02  2.19389E+02 -4.65218E+02
v  4.26852E+02  2.19389E+02 -6.46185E+02
v  2.18493E+02  2.19389E+02 -6.46185E+02
v  2.18493E+02  4.19032E+01 -4.65218E+02
v  4.26852E+02  4.19032E+01 -4.65218E+02
v  4.26852E+02  4.19032E+01 -6.46185E+02
v  2.18493E+02  4.19032E+01 -6.46185E+02
g vc_147
f  1177 1178 1179 1180
f  1177 1178 1182 1181
f  1179 1178 1182 1183
f  1180 1179 1183 1184
f  1180 1177 1181 1184
f  1181 1182 1183 1184
v  2.18493E+02  4.19032E+01 -4.65218E+02
v  4.26852E+02  4.19032E+01 -4.65218E+02
v  4.26852E+02  4.19032E+01 -6.46185E+02
v  2.18493E+02  4.19032E+01 -6.46185E+02
v  2.18493E+02 -4.06287E+00 -4.65218E+02
v  4.26852E+02 -4.06287E+00 -4.65218E+02
v  4.26852E+02 -4.06287E+00 -6.46185E+02
v  2.18493E+02 -4.06287E+00 -6.46185E+02
g vc_148
f  1185 1186 1187 1188
f  1185 1186 1190 1189
f  1187 1186 1190 1191
f  1188 1187 1191 1192
f  1188 1185 1189 1192
f  1189 1190 1191 1192
v  4.26852E+02  2.19389E+02 -4.65218E+02
v  6.28370E+02  2.19389E+02 -4.65218E+02
v  6.28370E+02  2.19389E+02 -5.26895E+02
v  4.26852E+02  2.19389E+02 -5.26895E+02
v  4.26852E+02 -4.06287E+00 -4.65218E+02
v  6.28370E+02 -4.06287E+00 -4.65218E+02
v  6.28370E+02 -4.06287E+00 -5.26895E+02
v  4.26852E+02 -4.06287E+00 -5.26895E+02
g vc_149
f  1193 1194 1195 1196
f  1193 1194 1198 1197
f  1195 1194 1198 1199
f  1196 1195 1199 1200
f  1196 1193 1197 1200
f  1197 1198 1199 1200
v  4.26852E+02  2.19389E+02 -5.26895E+02
v  6.28370E+02  2.19389E+02 -5.26895E+02
v  6.28370E+02  2.19389E+02 -6.46185E+02
v  4.26852E+02  2.19389E+02 -6.46185E+02
v  4.26852E+02 -4.06287E+00 -5.26895E+02
v  6.28370E+02 -4.06287E+00 -5.26895E+02
v  6.28370E+02 -4.06287E+00 -6.46185E+02
v  4.26852E+02 -4.06287E+00 -6.46185E+02
g vc_150
f  1201 1202 1203 1204
f  1201 1202 1206 1205
f  1203 1202 1206 1207
f  1204 1203 1207 1208
f  1204 1201 1205 1208
f  1205 1206 1207 1208
v  3.99604E+02  2.19389E+02  1.55506E+02
v  5.39236E+02  2.19389E+02  1.55506E+02
v  5.39236E+02  2.19389E+02 -9.88779E+00
v  3.99604E+02  2.19389E+02 -9.88779E+00
v  3.99604E+02 -4.06287E+00  1.55506E+02
v  5.39236E+02 -4.06287E+00  1.55506E+02
v  5.39236E+02 -4.06287E+00 -9.88779E+00
v  3.99604E+02 -4.06287E+00 -9.88779E+00
g vc_151
f  1209 1210 1211 1212
f  1209 1210 1214 1213
f  1211 1210 1214 1215
f  1212 1211 1215 1216
f  1212 1209 1213 1216
f  1213 1214 1215 1216
v  3.22936E+02  2.19389E+02  1.55506E+02
v  3.99604E+02  2.19389E+02  1.55506E+02
v  3.99604E+02  2.19389E+02 -9.88779E+00
v  3.22936E+02  2.19389E+02 -9.88779E+00
v  3.22936E+02 -4.06287E+00  1.55506E+02
v  3.99604E+02 -4.06287E+00  1.55506E+02
v  3.99604E+02 -4.06287E+00 -9.88779E+00
v  3.22936E+02 -4.06287E+00 -9.88779E+00
g vc_152
f  1217 1218 1219 1220
f  1217 1218 1222 1221
f  1219 1218 1222 1223
f  1220 1219 1223 1224
f  1220 1217 1221 1224
f  1221 1222 1223 1224
v -4.16021E+02  2.19389E+02  4.02667E+02
v -3.39808E+02  2.19389E+02  4.02667E+02
v -3.39808E+02  2.19389E+02  2.45266E+02
v -4.16021E+02  2.19389E+02  2.45266E+02
v -4.16021E+02 -4.06287E+00  4.02667E+02
v -3.39808E+02 -4.06287E+00  4.02667E+02
v -3.39808E+02 -4.06287E+00  2.45266E+02
v -4.16021E+02 -4.06287E+00  2.45266E+02
g vc_153
f  1225 1226 1227 1228
f  1225 1226 1230 1229
f  1227 1226 1230 1231
f  1228 1227 1231 1232
f  1228 1225 1229 1232
f  1229 1230 1231 1232
v -5.52064E+02  2.19389E+02  4.02667E+02
v -4.16021E+02  2.19389E+02  4.02667E+02
v -4.16021E+02  2.19389E+02  2.45266E+02
v -5.52064E+02  2.19389E+02  2.45266E+02
v -5.52064E+02 -4.06287E+00  4.02667E+02
v -4.16021E+02 -4.06287E+00  4.02667E+02
v -4.16021E+02 -4.06287E+00  2.45266E+02
v -5.52064E+02 -4.06287E+00  2.45266E+02
g vc_154
f  1233 1234 1235 1236
f  1233 1234 1238 1237
f  1235 1234 1238 1239
f  1236 1235 1239 1240
f  1236 1233 1237 1240
f  1237 1238 1239 1240
v -4.32404E+02  2.19389E+02 -7.77475E+02
v -3.53630E+02  2.19389E+02 -7.77475E+02
v -3.53630E+02  2.19389E+02 -9.47710E+02
v -4.32404E+02  2.19389E+02 -9.47710E+02
v -4.32404E+02 -4.06287E+00 -7.77475E+02
v -3.53630E+02 -4.06287E+00 -7.77475E+02
v -3.53630E+02 -4.06287E+00 -9.47710E+02
v -4.32404E+02 -4.06287E+00 -9.47710E+02
g vc_155
f  1241 1242 1243 1244
f  1241 1242 1246 1245
f  1243 1242 1246 1247
f  1244 1243 1247 1248
f  1244 1241 1245 1248
f  1245 1246 1247 1248
v -5.41679E+02  2.19389E+02 -7.77475E+02
v -4.32404E+02  2.19389E+02 -7.77475E+02
v -4.32404E+02  2.19389E+02 -9.47710E+02
v -5.41679E+02  2.19389E+02 -9.47710E+02
v -5.41679E+02 -4.06287E+00 -7.77475E+02
v -4.32404E+02 -4.06287E+00 -7.77475E+02
v -4.32404E+02 -4.06287E+00 -9.47710E+02
v -5.41679E+02 -4.06287E+00 -9.47710E+02
g vc_156
f  1249 1250 1251 1252
f  1249 1250 1254 1253
f  1251 1250 1254 1255
f  1252 1251 1255 1256
f  1252 1249 1253 1256
f  1253 1254 1255 1256
v  5.50662E+02  2.19389E+02 -9.88779E+00
v  6.28370E+02  2.19389E+02 -9.88779E+00
v  6.28370E+02  2.19389E+02 -1.61439E+02
v  5.50662E+02  2.19389E+02 -1.61439E+02
v  5.50662E+02 -4.06287E+00 -9.88779E+00
v  6.28370E+02 -4.06287E+00 -9.88779E+00
v  6.28370E+02 -4.06287E+00 -1.61439E+02
v  5.50662E+02 -4.06287E+00 -1.61439E+02
g vc_157
f  1257 1258 1259 1260
f  1257 1258 1262 1261
f  1259 1258 1262 1263
f  1260 1259 1263 1264
f  1260 1257 1261 1264
f  1261 1262 1263 1264
v  4.28750E+02  2.19389E+02 -9.88779E+00
v  5.50662E+02  2.19389E+02 -9.88779E+00
v  5.50662E+02  2.19389E+02 -1.61439E+02
v  4.28750E+02  2.19389E+02 -1.61439E+02
v  4.28750E+02 -4.06287E+00 -9.88779E+00
v  5.50662E+02 -4.06287E+00 -9.88779E+00
v  5.50662E+02 -4.06287E+00 -1.61439E+02
v  4.28750E+02 -4.06287E+00 -1.61439E+02
g vc_158
f  1265 1266 1267 1268
f  1265 1266 1270 1269
f  1267 1266 1270 1271
f  1268 1267 1271 1272
f  1268 1265 1269 1272
f  1269 1270 1271 1272
v -3.39808E+02  2.19389E+02  1.69623E+02
v -2.02064E+02  2.19389E+02  1.69623E+02
v -2.02064E+02  2.19389E+02  3.62510E+01
v -3.39808E+02  2.19389E+02  3.62510E+01
v -3.39808E+02 -4.06287E+00  1.69623E+02
v -2.02064E+02 -4.06287E+00  1.69623E+02
v -2.02064E+02 -4.06287E+00  3.62510E+01
v -3.39808E+02 -4.06287E+00  3.62510E+01
g vc_159
f  1273 1274 1275 1276
f  1273 1274 1278 1277
f  1275 1274 1278 1279
f  1276 1275 1279 1280
f  1276 1273 1277 1280
f  1277 1278 1279 1280
v -3.39808E+02  2.19389E+02  3.62510E+01
v -2.02064E+02  2.19389E+02  3.62510E+01
v -2.02064E+02  2.19389E+02 -4.01597E+01
v -3.39808E+02  2.19389E+02 -4.01597E+01
v -3.39808E+02 -4.06287E+00  3.62510E+01
v -2.02064E+02 -4.06287E+00  3.62510E+01
v -2.02064E+02 -4.06287E+00 -4.01597E+01
v -3.39808E+02 -4.06287E+00 -4.01597E+01
g vc_160
f  1281 1282 1283 1284
f  1281 1282 1286 1285
f  1283 1282 1286 1287
f  1284 1283 1287 1288
f  1284 1281 1285 1288
f  1285 1286 1287 1288
v  4.46692E+01  2.19389E+02 -5.46639E+02
v  2.18493E+02  2.19389E+02 -5.46639E+02
v  2.18493E+02  2.19389E+02 -6.46185E+02
v  4.46692E+01  2.19389E+02 -6.46185E+02
v  4.46692E+01 -4.06287E+00 -5.46639E+02
v  2.18493E+02 -4.06287E+00 -5.46639E+02
v  2.18493E+02 -4.06287E+00 -6.46185E+02
v  4.46692E+01 -4.06287E+00 -6.46185E+02
g vc_161
f  1289 1290 1291 1292
f  1289 1290 1294 1293
f  1291 1290 1294 1295
f  1292 1291 1295 1296
f  1292 1289 1293 1296
f  1293 1294 1295 1296
v -3.31981E+01  2.19389E+02 -5.46639E+02
v  4.46692E+01  2.19389E+02 -5.46639E+02
v  4.46692E+01  2.19389E+02 -6.46185E+02
v -3.31981E+01  2.19389E+02 -6.46185E+02
v -3.31981E+01 -4.06287E+00 -5.46639E+02
v  4.46692E+01 -4.06287E+00 -5.46639E+02
v  4.46692E+01 -4.06287E+00 -6.46185E+02
v -3.31981E+01 -4.06287E+00 -6.46185E+02
g vc_162
f  1297 1298 1299 1300
f  1297 1298 1302 1301
f  1299 1298 1302 1303
f  1300 1299 1303 1304
f  1300 1297 1301 1304
f  1301 1302 1303 1304
v  5.36117E+02  2.19389E+02 -1.04214E+03
v  6.28370E+02  2.19389E+02 -1.04214E+03
v  6.28370E+02  2.19389E+02 -1.14289E+03
v  5.36117E+02  2.19389E+02 -1.14289E+03
v  5.36117E+02 -4.06287E+00 -1.04214E+03
v  6.28370E+02 -4.06287E+00 -1.04214E+03
v  6.28370E+02 -4.06287E+00 -1.14289E+03
v  5.36117E+02 -4.06287E+00 -1.14289E+03
g vc_163
f  1305 1306 1307 1308
f  1305 1306 1310 1309
f  1307 1306 1310 1311
f  1308 1307 1311 1312
f  1308 1305 1309 1312
f  1309 1310 1311 1312
v  3.82936E+02  2.19389E+02 -1.04214E+03
v  5.36117E+02  2.19389E+02 -1.04214E+03
v  5.36117E+02  2.19389E+02 -1.14289E+03
v  3.82936E+02  2.19389E+02 -1.14289E+03
v  3.82936E+02 -4.06287E+00 -1.04214E+03
v  5.36117E+02 -4.06287E+00 -1.04214E+03
v  5.36117E+02 -4.06287E+00 -1.14289E+03
v  3.82936E+02 -4.06287E+00 -1.14289E+03
g vc_164
f  1313 1314 1315 1316
f  1313 1314 1318 1317
f  1315 1314 1318 1319
f  1316 1315 1319 1320
f  1316 1313 1317 1320
f  1317 1318 1319 1320
v -3.14736E+02  2.19389E+02 -4.01597E+01
v -2.02064E+02  2.19389E+02 -4.01597E+01
v -2.02064E+02  2.19389E+02 -1.68916E+02
v -3.14736E+02  2.19389E+02 -1.68916E+02
v -3.14736E+02 -4.06287E+00 -4.01597E+01
v -2.02064E+02 -4.06287E+00 -4.01597E+01
v -2.02064E+02 -4.06287E+00 -1.68916E+02
v -3.14736E+02 -4.06287E+00 -1.68916E+02
g vc_165
f  1321 1322 1323 1324
f  1321 1322 1326 1325
f  1323 1322 1326 1327
f  1324 1323 1327 1328
f  1324 1321 1325 1328
f  1325 1326 1327 1328
v -3.14736E+02  2.19389E+02 -1.68916E+02
v -2.02064E+02  2.19389E+02 -1.68916E+02
v -2.02064E+02  2.19389E+02 -2.43187E+02
v -3.14736E+02  2.19389E+02 -2.43187E+02
v -3.14736E+02 -4.06287E+00 -1.68916E+02
v -2.02064E+02 -4.06287E+00 -1.68916E+02
v -2.02064E+02 -4.06287E+00 -2.43187E+02
v -3.14736E+02 -4.06287E+00 -2.43187E+02
g vc_166
f  1329 1330 1331 1332
f  1329 1330 1334 1333
f  1331 1330 1334 1335
f  1332 1331 1335 1336
f  1332 1329 1333 1336
f  1333 1334 1335 1336
v  2.18493E+02  2.19389E+02 -3.56185E+02
v  4.24527E+02  2.19389E+02 -3.56185E+02
v  4.24527E+02  2.19389E+02 -4.06556E+02
v  2.18493E+02  2.19389E+02 -4.06556E+02
v  2.18493E+02 -4.06287E+00 -3.56185E+02
v  4.24527E+02 -4.06287E+00 -3.56185E+02
v  4.24527E+02 -4.06287E+00 -4.06556E+02
v  2.18493E+02 -4.06287E+00 -4.06556E+02
g vc_167
f  1337 1338 1339 1340
f  1337 1338 1342 1341
f  1339 1338 1342 1343
f  1340 1339 1343 1344
f  1340 1337 1341 1344
f  1341 1342 1343 1344
v  2.18493E+02  2.19389E+02 -4.06556E+02
v  4.24527E+02  2.19389E+02 -4.06556E+02
v  4.24527E+02  2.19389E+02 -4.65218E+02
v  2.18493E+02  2.19389E+02 -4.65218E+02
v  2.18493E+02 -4.06287E+00 -4.06556E+02
v  4.24527E+02 -4.06287E+00 -4.06556E+02
v  4.24527E+02 -4.06287E+00 -4.65218E+02
v  2.18493E+02 -4.06287E+00 -4.65218E+02
g vc_168
f  1345 1346 1347 1348
f  1345 1346 1350 1349
f  1347 1346 1350 1351
f  1348 1347 1351 1352
f  1348 1345 1349 1352
f  1349 1350 1351 1352
v  5.62448E+02  2.19389E+02 -3.56185E+02
v  6.28370E+02  2.19389E+02 -3.56185E+02
v  6.28370E+02  2.19389E+02 -4.65218E+02
v  5.62448E+02  2.19389E+02 -4.65218E+02
v  5.62448E+02 -4.06287E+00 -3.56185E+02
v  6.28370E+02 -4.06287E+00 -3.56185E+02
v  6.28370E+02 -4.06287E+00 -4.65218E+02
v  5.62448E+02 -4.06287E+00 -4.65218E+02
g vc_169
f  1353 1354 1355 1356
f  1353 1354 1358 1357
f  1355 1354 1358 1359
f  1356 1355 1359 1360
f  1356 1353 1357 1360
f  1357 1358 1359 1360
v  4.24527E+02  2.19389E+02 -3.56185E+02
v  5.62448E+02  2.19389E+02 -3.56185E+02
v  5.62448E+02  2.19389E+02 -4.65218E+02
v  4.24527E+02  2.19389E+02 -4.65218E+02
v  4.24527E+02 -4.06287E+00 -3.56185E+02
v  5.62448E+02 -4.06287E+00 -3.56185E+02
v  5.62448E+02 -4.06287E+00 -4.65218E+02
v  4.24527E+02 -4.06287E+00 -4.65218E+02
g vc_170
f  1361 1362 1363 1364
f  1361 1362 1366 1365
f  1363 1362 1366 1367
f  1364 1363 1367 1368
f  1364 1361 1365 1368
f  1365 1366 1367 1368
v -7.83444E+02  2.19389E+02  2.70657E+02
v -5.52064E+02  2.19389E+02  2.70657E+02
v -5.52064E+02  2.19389E+02  1.61480E+02
v -7.83444E+02  2.19389E+02  1.61480E+02
v -7.83444E+02 -4.06287E+00  2.70657E+02
v -5.52064E+02 -4.06287E+00  2.70657E+02
v -5.52064E+02 -4.06287E+00  1.61480E+02
v -7.83444E+02 -4.06287E+00  1.61480E+02
g vc_171
f  1369 1370 1371 1372
f  1369 1370 1374 1373
f  1371 1370 1374 1375
f  1372 1371 1375 1376
f  1372 1369 1373 1376
f  1373 1374 1375 1376
v -7.83444E+02  2.19389E+02  1.61480E+02
v -5.52064E+02  2.19389E+02  1.61480E+02
v -5.52064E+02  2.19389E+02 -4.79819E+01
v -7.83444E+02  2.19389E+02 -4.79819E+01
v -7.83444E+02 -4.06287E+00  1.61480E+02
v -5.52064E+02 -4.06287E+00  1.61480E+02
v -5.52064E+02 -4.06287E+00 -4.79819E+01
v -7.83444E+02 -4.06287E+00 -4.79819E+01
g vc_172
f  1377 1378 1379 1380
f  1377 1378 1382 1381
f  1379 1378 1382 1383
f  1380 1379 1383 1384
f  1380 1377 1381 1384
f  1381 1382 1383 1384
v  7.80876E+01  2.19389E+02 -8.46185E+02
v  2.57603E+02  2.19389E+02 -8.46185E+02
v  2.57603E+02  2.19389E+02 -1.03343E+03
v  7.80876E+01  2.19389E+02 -1.03343E+03
v  7.80876E+01 -4.06287E+00 -8.46185E+02
v  2.57603E+02 -4.06287E+00 -8.46185E+02
v  2.57603E+02 -4.06287E+00 -1.03343E+03
v  7.80876E+01 -4.06287E+00 -1.03343E+03
g vc_173
f  1385 1386 1387 1388
f  1385 1386 1390 1389
f  1387 1386 1390 1391
f  1388 1387 1391 1392
f  1388 1385 1389 1392
f  1389 1390 1391 1392
v  7.80876E+01  2.19389E+02 -1.03343E+03
v  2.57603E+02  2.19389E+02 -1.03343E+03
v  2.57603E+02  2.19389E+02 -1.22119E+03
v  7.80876E+01  2.19389E+02 -1.22119E+03
v  7.80876E+01 -4.06287E+00 -1.03343E+03
v  2.57603E+02 -4.06287E+00 -1.03343E+03
v  2.57603E+02 -4.06287E+00 -1.22119E+03
v  7.80876E+01 -4.06287E+00 -1.22119E+03
g vc_174
f  1393 1394 1395 1396
f  1393 1394 1398 1397
f  1395 1394 1398 1399
f  1396 1395 1399 1400
f  1396 1393 1397 1400
f  1397 1398 1399 1400
v -9.12617E+01  2.19389E+02 -8.46185E+02
v  7.80876E+01  2.19389E+02 -8.46185E+02
v  7.80876E+01  2.19389E+02 -1.03216E+03
v -9.12617E+01  2.19389E+02 -1.03216E+03
v -9.12617E+01 -4.06287E+00 -8.46185E+02
v  7.80876E+01 -4.06287E+00 -8.46185E+02
v  7.80876E+01 -4.06287E+00 -1.03216E+03
v -9.12617E+01 -4.06287E+00 -1.03216E+03
g vc_175
f  1401 1402 1403 1404
f  1401 1402 1406 1405
f  1403 1402 1406 1407
f  1404 1403 1407 1408
f  1404 1401 1405 1408
f  1405 1406 1407 1408
v -9.12617E+01  2.19389E+02 -1.03216E+03
v  7.80876E+01  2.19389E+02 -1.03216E+03
v  7.80876E+01  2.19389E+02 -1.22119E+03
v -9.12617E+01  2.19389E+02 -1.22119E+03
v -9.12617E+01 -4.06287E+00 -1.03216E+03
v  7.80876E+01 -4.06287E+00 -1.03216E+03
v  7.80876E+01 -4.06287E+00 -1.22119E+03
v -9.12617E+01 -4.06287E+00 -1.22119E+03
g vc_176
f  1409 1410 1411 1412
f  1409 1410 1414 1413
f  1411 1410 1414 1415
f  1412 1411 1415 1416
f  1412 1409 1413 1416
f  1413 1414 1415 1416
v  6.24147E+01  2.19389E+02  2.82131E+02
v  1.34777E+02  2.19389E+02  2.82131E+02
v  1.34777E+02  2.19389E+02  1.98004E+01
v  6.24147E+01  2.19389E+02  1.98004E+01
v  6.24147E+01 -4.06287E+00  2.82131E+02
v  1.34777E+02 -4.06287E+00  2.82131E+02
v  1.34777E+02 -4.06287E+00  1.98004E+01
v  6.24147E+01 -4.06287E+00  1.98004E+01
g vc_177
f  1417 1418 1419 1420
f  1417 1418 1422 1421
f  1419 1418 1422 1423
f  1420 1419 1423 1424
f  1420 1417 1421 1424
f  1421 1422 1423 1424
v -8.90872E+01  2.19389E+02  2.82131E+02
v  6.24147E+01  2.19389E+02  2.82131E+02
v  6.24147E+01  2.19389E+02  1.98004E+01
v -8.90872E+01  2.19389E+02  1.98004E+01
v -8.90872E+01 -4.06287E+00  2.82131E+02
v  6.24147E+01 -4.06287E+00  2.82131E+02
v  6.24147E+01 -4.06287E+00  1.98004E+01
v -8.90872E+01 -4.06287E+00  1.98004E+01
g vc_178
f  1425 1426 1427 1428
f  1425 1426 1430 1429
f  1427 1426 1430 1431
f  1428 1427 1431 1432
f  1428 1425 1429 1432
f  1429 1430 1431 1432
v -2.75930E+02  2.19389E+02 -2.43187E+02
v -2.02064E+02  2.19389E+02 -2.43187E+02
v -2.02064E+02  2.19389E+02 -4.55470E+02
v -2.75930E+02  2.19389E+02 -4.55470E+02
v -2.75930E+02 -4.06287E+00 -2.43187E+02
v -2.02064E+02 -4.06287E+00 -2.43187E+02
v -2.02064E+02 -4.06287E+00 -4.55470E+02
v -2.75930E+02 -4.06287E+00 -4.55470E+02
g vc_179
f  1433 1434 1435 1436
f  1433 1434 1438 1437
f  1435 1434 1438 1439
f  1436 1435 1439 1440
f  1436 1433 1437 1440
f  1437 1438 1439 1440
v -4.34520E+02  2.19389E+02 -2.43187E+02
v -2.75930E+02  2.19389E+02 -2.43187E+02
v -2.75930E+02  2.19389E+02 -4.55470E+02
v -4.34520E+02  2.19389E+02 -4.55470E+02
v -4.34520E+02 -4.06287E+00 -2.43187E+02
v -2.75930E+02 -4.06287E+00 -2.43187E+02
v -2.75930E+02 -4.06287E+00 -4.55470E+02
v -4.34520E+02 -4.06287E+00 -4.55470E+02
g vc_180
f  1441 1442 1443 1444
f  1441 1442 1446 1445
f  1443 1442 1446 1447
f  1444 1443 1447 1448
f  1444 1441 1445 1448
f  1445 1446 1447 1448
v  2.57603E+02  2.19389E+02 -8.46185E+02
v  3.82936E+02  2.19389E+02 -8.46185E+02
v  3.82936E+02  2.19389E+02 -1.03061E+03
v  2.57603E+02  2.19389E+02 -1.03061E+03
v  2.57603E+02 -4.06287E+00 -8.46185E+02
v  3.82936E+02 -4.06287E+00 -8.46185E+02
v  3.82936E+02 -4.06287E+00 -1.03061E+03
v  2.57603E+02 -4.06287E+00 -1.03061E+03
g vc_181
f  1449 1450 1451 1452
f  1449 1450 1454 1453
f  1451 1450 1454 1455
f  1452 1451 1455 1456
f  1452 1449 1453 1456
f  1453 1454 1455 1456
v  2.57603E+02  2.19389E+02 -1.03061E+03
v  3.82936E+02  2.19389E+02 -1.03061E+03
v  3.82936E+02  2.19389E+02 -1.22119E+03
v  2.57603E+02  2.19389E+02 -1.22119E+03
v  2.57603E+02 -4.06287E+00 -1.03061E+03
v  3.82936E+02 -4.06287E+00 -1.03061E+03
v  3.82936E+02 -4.06287E+00 -1.22119E+03
v  2.57603E+02 -4.06287E+00 -1.22119E+03
g vc_182
f  1457 1458 1459 1460
f  1457 1458 1462 1461
f  1459 1458 1462 1463
f  1460 1459 1463 1464
f  1460 1457 1461 1464
f  1461 1462 1463 1464
v  6.77131E+01  2.19389E+02  1.98004E+01
v  1.34777E+02  2.19389E+02  1.98004E+01
v  1.34777E+02  2.19389E+02 -1.69673E+02
v  6.77131E+01  2.19389E+02 -1.69673E+02
v  6.77131E+01 -4.06287E+00  1.98004E+01
v  1.34777E+02 -4.06287E+00  1.98004E+01
v  1.34777E+02 -4.06287E+00 -1.69673E+02
v  6.77131E+01 -4.06287E+00 -1.69673E+02
g vc_183
f  1465 1466 1467 1468
f  1465 1466 1470 1469
f  1467 1466 1470 1471
f  1468 1467 1471 1472
f  1468 1465 1469 1472
f  1469 1470 1471 1472
v -9.71505E+01  2.19389E+02  1.98004E+01
v  6.77131E+01  2.19389E+02  1.98004E+01
v  6.77131E+01  2.19389E+02 -1.69673E+02
v -9.71505E+01  2.19389E+02 -1.69673E+02
v -9.71505E+01 -4.06287E+00  1.98004E+01
v  6.77131E+01 -4.06287E+00  1.98004E+01
v  6.77131E+01 -4.06287E+00 -1.69673E+02
v -9.71505E+01 -4.06287E+00 -1.69673E+02
g vc_184
f  1473 1474 1475 1476
f  1473 1474 1478 1477
f  1475 1474 1478 1479
f  1476 1475 1479 1480
f  1476 1473 1477 1480
f  1477 1478 1479 1480
v -2.02064E+02  2.19389E+02 -8.46185E+02
v -9.12617E+01  2.19389E+02 -8.46185E+02
v -9.12617E+01  2.19389E+02 -1.14187E+03
v -2.02064E+02  2.19389E+02 -1.14187E+03
v -2.02064E+02 -4.06287E+00 -8.46185E+02
v -9.12617E+01 -4.06287E+00 -8.46185E+02
v -9.12617E+01 -4.06287E+00 -1.14187E+03
v -2.02064E+02 -4.06287E+00 -1.14187E+03
g vc_185
f  1481 1482 1483 1484
f  1481 1482 1486 1485
f  1483 1482 1486 1487
f  1484 1483 1487 1488
f  1484 1481 1485 1488
f  1485 1486 1487 1488
v -2.02064E+02  2.19389E+02 -1.14187E+03
v -9.12617E+01  2.19389E+02 -1.14187E+03
v -9.12617E+01  2.19389E+02 -1.22119E+03
v -2.02064E+02  2.19389E+02 -1.22119E+03
v -2.02064E+02 -4.06287E+00 -1.14187E+03
v -9.12617E+01 -4.06287E+00 -1.14187E+03
v -9.12617E+01 -4.06287E+00 -1.22119E+03
v -2.02064E+02 -4.06287E+00 -1.22119E+03
g vc_186
f  1489 1490 1491 1492
f  1489 1490 1494 1493
f  1491 1490 1494 1495
f  1492 1491 1495 1496
f  1492 1489 1493 1496
f  1493 1494 1495 1496
v -7.94701E+01  2.19389E+02 -1.69673E+02
v  1.34777E+02  2.19389E+02 -1.69673E+02
v  1.34777E+02  2.19389E+02 -2.92254E+02
v -7.94701E+01  2.19389E+02 -2.92254E+02
v -7.94701E+01 -4.06287E+00 -1.69673E+02
v  1.34777E+02 -4.06287E+00 -1.69673E+02
v  1.34777E+02 -4.06287E+00 -2.92254E+02
v -7.94701E+01 -4.06287E+00 -2.92254E+02
g vc_187
f  1497 1498 1499 1500
f  1497 1498 1502 1501
f  1499 1498 1502 1503
f  1500 1499 1503 1504
f  1500 1497 1501 1504
f  1501 1502 1503 1504
v -7.94701E+01  2.19389E+02 -2.92254E+02
v  1.34777E+02  2.19389E+02 -2.92254E+02
v  1.34777E+02  2.19389E+02 -3.56185E+02
v -7.94701E+01  2.19389E+02 -3.56185E+02
v -7.94701E+01 -4.06287E+00 -2.92254E+02
v  1.34777E+02 -4.06287E+00 -2.92254E+02
v  1.34777E+02 -4.06287E+00 -3.56185E+02
v -7.94701E+01 -4.06287E+00 -3.56185E+02
g vc_188
f  1505 1506 1507 1508
f  1505 1506 1510 1509
f  1507 1506 1510 1511
f  1508 1507 1511 1512
f  1508 1505 1509 1512
f  1509 1510 1511 1512
v -3.43097E+00  2.19389E+02 -6.46185E+02
v  1.91686E+02  2.19389E+02 -6.46185E+02
v  1.91686E+02  2.19389E+02 -7.45006E+02
v -3.43097E+00  2.19389E+02 -7.45006E+02
v -3.43097E+00 -4.06287E+00 -6.46185E+02
v  1.91686E+02 -4.06287E+00 -6.46185E+02
v  1.91686E+02 -4.06287E+00 -7.45006E+02
v -3.43097E+00 -4.06287E+00 -7.45006E+02
g vc_189
f  1513 1514 1515 1516
f  1513 1514 1518 1517
f  1515 1514 1518 1519
f  1516 1515 1519 1520
f  1516 1513 1517 1520
f  1517 1518 1519 1520
v -3.43097E+00  2.19389E+02 -7.45006E+02
v  1.91686E+02  2.19389E+02 -7.45006E+02
v  1.91686E+02  2.19389E+02 -8.46185E+02
v -3.43097E+00  2.19389E+02 -8.46185E+02
v -3.43097E+00 -4.06287E+00 -7.45006E+02
v  1.91686E+02 -4.06287E+00 -7.45006E+02
v  1.91686E+02 -4.06287E+00 -8.46185E+02
v -3.43097E+00 -4.06287E+00 -8.46185E+02
g vc_190
f  1521 1522 1523 1524
f  1521 1522 1526 1525
f  1523 1522 1526 1527
f  1524 1523 1527 1528
f  1524 1521 1525 1528
f  1525 1526 1527 1528
v  1.91686E+02  2.19389E+02 -6.46185E+02
v  3.82936E+02  2.19389E+02 -6.46185E+02
v  3.82936E+02  2.19389E+02 -8.46185E+02
v  1.91686E+02  2.19389E+02 -8.46185E+02
v  1.91686E+02  3.94461E+01 -6.46185E+02
v  3.82936E+02  3.94461E+01 -6.46185E+02
v  3.82936E+02  3.94461E+01 -8.46185E+02
v  1.91686E+02  3.94461E+01 -8.46185E+02
g vc_191
f  1529 1530 1531 1532
f  1529 1530 1534 1533
f  1531 1530 1534 1535
f  1532 1531 1535 1536
f  1532 1529 1533 1536
f  1533 1534 1535 1536
v  1.91686E+02  3.94461E+01 -6.46185E+02
v  3.82936E+02  3.94461E+01 -6.46185E+02
v  3.82936E+02  3.94461E+01 -8.46185E+02
v  1.91686E+02  3.94461E+01 -8.46185E+02
v  1.91686E+02 -4.06287E+00 -6.46185E+02
v  3.82936E+02 -4.06287E+00 -6.46185E+02
v  3.82936E+02 -4.06287E+00 -8.46185E+02
v  1.91686E+02 -4.06287E+00 -8.46185E+02
g vc_192
f  1537 1538 1539 1540
f  1537 1538 1542 1541
f  1539 1538 1542 1543
f  1540 1539 1543 1544
f  1540 1537 1541 1544
f  1541 1542 1543 1544
v -4.68115E+02  2.19389E+02  2.45266E+02
v -3.39808E+02  2.19389E+02  2.45266E+02
v -3.39808E+02  2.19389E+02  1.59443E+02
v -4.68115E+02  2.19389E+02  1.59443E+02
v -4.68115E+02 -4.06287E+00  2.45266E+02
v -3.39808E+02 -4.06287E+00  2.45266E+02
v -3.39808E+02 -4.06287E+00  1.59443E+02
v -4.68115E+02 -4.06287E+00  1.59443E+02
g vc_193
f  1545 1546 1547 1548
f  1545 1546 1550 1549
f  1547 1546 1550 1551
f  1548 1547 1551 1552
f  1548 1545 1549 1552
f  1549 1550 1551 1552
v -4.68115E+02  2.19389E+02  1.59443E+02
v -3.39808E+02  2.19389E+02  1.59443E+02
v -3.39808E+02  2.19389E+02 -4.01597E+01
v -4.68115E+02  2.19389E+02 -4.01597E+01
v -4.68115E+02 -4.06287E+00  1.59443E+02
v -3.39808E+02 -4.06287E+00  1.59443E+02
v -3.39808E+02 -4.06287E+00 -4.01597E+01
v -4.68115E+02 -4.06287E+00 -4.01597E+01
g vc_194
f  1553 1554 1555 1556
f  1553 1554 1558 1557
f  1555 1554 1558 1559
f  1556 1555 1559 1560
f  1556 1553 1557 1560
f  1557 1558 1559 1560
v  4.34466E+02  2.19389E+02  3.24701E+02
v  5.39236E+02  2.19389E+02  3.24701E+02
v  5.39236E+02  2.19389E+02  1.55506E+02
v  4.34466E+02  2.19389E+02  1.55506E+02
v  4.34466E+02 -4.06287E+00  3.24701E+02
v  5.39236E+02 -4.06287E+00  3.24701E+02
v  5.39236E+02 -4.06287E+00  1.55506E+02
v  4.34466E+02 -4.06287E+00  1.55506E+02
g vc_195
f  1561 1562 1563 1564
f  1561 1562 1566 1565
f  1563 1562 1566 1567
f  1564 1563 1567 1568
f  1564 1561 1565 1568
f  1565 1566 1567 1568
v  3.22936E+02  2.19389E+02  3.24701E+02
v  4.34466E+02  2.19389E+02  3.24701E+02
v  4.34466E+02  2.19389E+02  1.55506E+02
v  3.22936E+02  2.19389E+02  1.55506E+02
v  3.22936E+02 -4.06287E+00  3.24701E+02
v  4.34466E+02 -4.06287E+00  3.24701E+02
v  4.34466E+02 -4.06287E+00  1.55506E+02
v  3.22936E+02 -4.06287E+00  1.55506E+02
g vc_196
f  1569 1570 1571 1572
f  1569 1570 1574 1573
f  1571 1570 1574 1575
f  1572 1571 1575 1576
f  1572 1569 1573 1576
f  1573 1574 1575 1576
v -8.21939E+02  2.19389E+02 -5.66185E+02
v -6.81052E+02  2.19389E+02 -5.66185E+02
v -6.81052E+02  2.19389E+02 -7.37277E+02
v -8.21939E+02  2.19389E+02 -7.37277E+02
v -8.21939E+02 -4.06287E+00 -5.66185E+02
v -6.81052E+02 -4.06287E+00 -5.66185E+02
v -6.81052E+02 -4.06287E+00 -7.37277E+02
v -8.21939E+02 -4.06287E+00 -7.37277E+02
g vc_197
f  1577 1578 1579 1580
f  1577 1578 1582 1581
f  1579 1578 1582 1583
f  1580 1579 1583 1584
f  1580 1577 1581 1584
f  1581 1582 1583 1584
v -8.87064E+02  2.19389E+02 -5.66185E+02
v -8.21939E+02  2.19389E+02 -5.66185E+02
v -8.21939E+02  2.19389E+02 -7.37277E+02
v -8.87064E+02  2.19389E+02 -7.37277E+02
v -8.87064E+02 -4.06287E+00 -5.66185E+02
v -8.21939E+02 -4.06287E+00 -5.66185E+02
v -8.21939E+02 -4.06287E+00 -7.37277E+02
v -8.87064E+02 -4.06287E+00 -7.37277E+02
g vc_198
f  1585 1586 1587 1588
f  1585 1586 1590 1589
f  1587 1586 1590 1591
f  1588 1587 1591 1592
f  1588 1585 1589 1592
f  1589 1590 1591 1592
v -7.61368E+02  2.19389E+02 -4.79819E+01
v -6.02902E+02  2.19389E+02 -4.79819E+01
v -6.02902E+02  2.19389E+02 -1.78278E+02
v -7.61368E+02  2.19389E+02 -1.78278E+02
v -7.61368E+02 -4.06287E+00 -4.79819E+01
v -6.02902E+02 -4.06287E+00 -4.79819E+01
v -6.02902E+02 -4.06287E+00 -1.78278E+02
v -7.61368E+02 -4.06287E+00 -1.78278E+02
g vc_199
f  1593 1594 1595 1596
f  1593 1594 1598 1597
f  1595 1594 1598 1599
f  1596 1595 1599 1600
f  1596 1593 1597 1600
f  1597 1598 1599 1600
v -7.61368E+02  2.19389E+02 -1.78278E+02
v -6.02902E+02  2.19389E+02 -1.78278E+02
v -6.02902E+02  2.19389E+02 -2.68807E+02
v -7.61368E+02  2.19389E+02 -2.68807E+02
v -7.61368E+02 -4.06287E+00 -1.78278E+02
v -6.02902E+02 -4.06287E+00 -1.78278E+02
v -6.02902E+02 -4.06287E+00 -2.68807E+02
v -7.61368E+02 -4.06287E+00 -2.68807E+02
g vc_200
f  1601 1602 1603 1604
f  1601 1602 1606 1605
f  1603 1602 1606 1607
f  1604 1603 1607 1608
f  1604 1601 1605 1608
f  1605 1606 1607 1608
v -8.87064E+02  2.19389E+02  2.70657E+02
v -7.83444E+02  2.19389E+02  2.70657E+02
v -7.83444E+02  2.19389E+02  1.98092E+02
v -8.87064E+02  2.19389E+02  1.98092E+02
v -8.87064E+02 -4.06287E+00  2.70657E+02
v -7.83444E+02 -4.06287E+00  2.70657E+02
v -7.83444E+02 -4.06287E+00  1.98092E+02
v -8.87064E+02 -4.06287E+00  1.98092E+02
g vc_201
f  1609 1610 1611 1612
f  1609 1610 1614 1613
f  1611 1610 1614 1615
f  1612 1611 1615 1616
f  1612 1609 1613 1616
f  1613 1614 1615 1616
v -8.87064E+02  2.19389E+02  1.98092E+02
v -7.83444E+02  2.19389E+02  1.98092E+02
v -7.83444E+02  2.19389E+02 -4.79819E+01
v -8.87064E+02  2.19389E+02 -4.79819E+01
v -8.87064E+02 -4.06287E+00  1.98092E+02
v -7.83444E+02 -4.06287E+00  1.98092E+02
v -7.83444E+02 -4.06287E+00 -4.79819E+01
v -8.87064E+02 -4.06287E+00 -4.79819E+01
g vc_202
f  1617 1618 1619 1620
f  1617 1618 1622 1621
f  1619 1618 1622 1623
f  1620 1619 1623 1624
f  1620 1617 1621 1624
f  1621 1622 1623 1624
v -3.31981E+01  2.19389E+02 -3.56185E+02
v  1.32519E+02  2.19389E+02 -3.56185E+02
v  1.32519E+02  2.19389E+02 -4.49054E+02
v -3.31981E+01  2.19389E+02 -4.49054E+02
v -3.31981E+01 -4.06287E+00 -3.56185E+02
v  1.32519E+02 -4.06287E+00 -3.56185E+02
v  1.32519E+02 -4.06287E+00 -4.49054E+02
v -3.31981E+01 -4.06287E+00 -4.49054E+02
g vc_203
f  1625 1626 1627 1628
f  1625 1626 1630 1629
f  1627 1626 1630 1631
f  1628 1627 1631 1632
f  1628 1625 1629 1632
f  1629 1630 1631 1632
v -3.31981E+01  2.19389E+02 -4.49054E+02
v  1.32519E+02  2.19389E+02 -4.49054E+02
v  1.32519E+02  2.19389E+02 -5.46639E+02
v -3.31981E+01  2.19389E+02 -5.46639E+02
v -3.31981E+01 -4.06287E+00 -4.49054E+02
v  1.32519E+02 -4.06287E+00 -4.49054E+02
v  1.32519E+02 -4.06287E+00 -5.46639E+02
v -3.31981E+01 -4.06287E+00 -5.46639E+02
g vc_204
f  1633 1634 1635 1636
f  1633 1634 1638 1637
f  1635 1634 1638 1639
f  1636 1635 1639 1640
f  1636 1633 1637 1640
f  1637 1638 1639 1640
v -2.02064E+02  2.19389E+02  2.82131E+02
v -8.90872E+01  2.19389E+02  2.82131E+02
v -8.90872E+01  2.19389E+02  1.45196E+02
v -2.02064E+02  2.19389E+02  1.45196E+02
v -2.02064E+02 -4.06287E+00  2.82131E+02
v -8.90872E+01 -4.06287E+00  2.82131E+02
v -8.90872E+01 -4.06287E+00  1.45196E+02
v -2.02064E+02 -4.06287E+00  1.45196E+02
g vc_205
f  1641 1642 1643 1644
f  1641 1642 1646 1645
f  1643 1642 1646 1647
f  1644 1643 1647 1648
f  1644 1641 1645 1648
f  1645 1646 1647 1648
v -2.02064E+02  2.19389E+02  1.45196E+02
v -8.90872E+01  2.19389E+02  1.45196E+02
v -8.90872E+01  2.19389E+02  1.98004E+01
v -2.02064E+02  2.19389E+02  1.98004E+01
v -2.02064E+02 -4.06287E+00  1.45196E+02
v -8.90872E+01 -4.06287E+00  1.45196E+02
v -8.90872E+01 -4.06287E+00  1.98004E+01
v -2.02064E+02 -4.06287E+00  1.98004E+01
g vc_206
f  1649 1650 1651 1652
f  1649 1650 1654 1653
f  1651 1650 1654 1655
f  1652 1651 1655 1656
f  1652 1649 1653 1656
f  1653 1654 1655 1656
v -4.31945E+02  2.19389E+02 -1.20062E+02
v -3.14736E+02  2.19389E+02 -1.20062E+02
v -3.14736E+02  2.19389E+02 -2.43187E+02
v -4.31945E+02  2.19389E+02 -2.43187E+02
v -4.31945E+02 -4.06287E+00 -1.20062E+02
v -3.14736E+02 -4.06287E+00 -1.20062E+02
v -3.14736E+02 -4.06287E+00 -2.43187E+02
v -4.31945E+02 -4.06287E+00 -2.43187E+02
g vc_207
f  1657 1658 1659 1660
f  1657 1658 1662 1661
f  1659 1658 1662 1663
f  1660 1659 1663 1664
f  1660 1657 1661 1664
f  1661 1662 1663 1664
v -5.52064E+02  2.19389E+02 -1.20062E+02
v -4.31945E+02  2.19389E+02 -1.20062E+02
v -4.31945E+02  2.19389E+02 -2.43187E+02
v -5.52064E+02  2.19389E+02 -2.43187E+02
v -5.52064E+02 -4.06287E+00 -1.20062E+02
v -4.31945E+02 -4.06287E+00 -1.20062E+02
v -4.31945E+02 -4.06287E+00 -2.43187E+02
v -5.52064E+02 -4.06287E+00 -2.43187E+02
g vc_208
f  1665 1666 1667 1668
f  1665 1666 1670 1669
f  1667 1666 1670 1671
f  1668 1667 1671 1672
f  1668 1665 1669 1672
f  1669 1670 1671 1672
v  1.34777E+02  2.19389E+02  3.29775E+02
v  2.65423E+02  2.19389E+02  3.29775E+02
v  2.65423E+02  2.19389E+02  1.96675E+02
v  1.34777E+02  2.19389E+02  1.96675E+02
v  1.34777E+02 -4.06287E+00  3.29775E+02
v  2.65423E+02 -4.06287E+00  3.29775E+02
v  2.65423E+02 -4.06287E+00  1.96675E+02
v  1.34777E+02 -4.06287E+00  1.96675E+02
g vc_209
f  1673 1674 1675 1676
f  1673 1674 1678 1677
f  1675 1674 1678 1679
f  1676 1675 1679 1680
f  1676 1673 1677 1680
f  1677 1678 1679 1680
v  1.34777E+02  2.19389E+02  1.96675E+02
v  2.65423E+02  2.19389E+02  1.96675E+02
v  2.65423E+02  2.19389E+02  1.15149E+02
v  1.34777E+02  2.19389E+02  1.15149E+02
v  1.34777E+02 -4.06287E+00  1.96675E+02
v  2.65423E+02 -4.06287E+00  1.96675E+02
v  2.65423E+02 -4.06287E+00  1.15149E+02
v  1.34777E+02 -4.06287E+00  1.15149E+02
g vc_210
f  1681 1682 1683 1684
f  1681 1682 1686 1685
f  1683 1682 1686 1687
f  1684 1683 1687 1688
f  1684 1681 1685 1688
f  1685 1686 1687 1688
v -7.82790E+02  2.19389E+02 -2.68807E+02
v -6.82408E+02  2.19389E+02 -2.68807E+02
v -6.82408E+02  2.19389E+02 -4.52438E+02
v -7.82790E+02  2.19389E+02 -4.52438E+02
v -7.82790E+02 -4.06287E+00 -2.68807E+02
v -6.82408E+02 -4.06287E+00 -2.68807E+02
v -6.82408E+02 -4.06287E+00 -4.52438E+02
v -7.82790E+02 -4.06287E+00 -4.52438E+02
g vc_211
f  1689 1690 1691 1692
f  1689 1690 1694 1693
f  1691 1690 1694 1695
f  1692 1691 1695 1696
f  1692 1689 1693 1696
f  1693 1694 1695 1696
v -8.31165E+02  2.19389E+02 -2.68807E+02
v -7.82790E+02  2.19389E+02 -2.68807E+02
v -7.82790E+02  2.19389E+02 -4.52438E+02
v -8.31165E+02  2.19389E+02 -4.52438E+02
v -8.31165E+02 -4.06287E+00 -2.68807E+02
v -7.82790E+02 -4.06287E+00 -2.68807E+02
v -7.82790E+02 -4.06287E+00 -4.52438E+02
v -8.31165E+02 -4.06287E+00 -4.52438E+02
g vc_212
f  1697 1698 1699 1700
f  1697 1698 1702 1701
f  1699 1698 1702 1703
f  1700 1699 1703 1704
f  1700 1697 1701 1704
f  1701 1702 1703 1704
v -2.75505E+02  2.19389E+02 -4.55470E+02
v -2.02064E+02  2.19389E+02 -4.55470E+02
v -2.02064E+02  2.19389E+02 -5.66185E+02
v -2.75505E+02  2.19389E+02 -5.66185E+02
v -2.75505E+02 -4.06287E+00 -4.55470E+02
v -2.02064E+02 -4.06287E+00 -4.55470E+02
v -2.02064E+02 -4.06287E+00 -5.66185E+02
v -2.75505E+02 -4.06287E+00 -5.66185E+02
g vc_213
f  1705 1706 1707 1708
f  1705 1706 1710 1709
f  1707 1706 1710 1711
f  1708 1707 1711 1712
f  1708 1705 1709 1712
f  1709 1710 1711 1712
v -4.34117E+02  2.19389E+02 -4.55470E+02
v -2.75505E+02  2.19389E+02 -4.55470E+02
v -2.75505E+02  2.19389E+02 -5.66185E+02
v -4.34117E+02  2.19389E+02 -5.66185E+02
v -4.34117E+02 -4.06287E+00 -4.55470E+02
v -2.75505E+02 -4.06287E+00 -4.55470E+02
v -2.75505E+02 -4.06287E+00 -5.66185E+02
v -4.34117E+02 -4.06287E+00 -5.66185E+02
g vc_214
f  1713 1714 1715 1716
f  1713 1714 1718 1717
f  1715 1714 1718 1719
f  1716 1715 1719 1720
f  1716 1713 1717 1720
f  1717 1718 1719 1720
v  5.51368E+02  2.19389E+02 -1.61439E+02
v  6.28370E+02  2.19389E+02 -1.61439E+02
v  6.28370E+02  2.19389E+02 -2.89431E+02
v  5.51368E+02  2.19389E+02 -2.89431E+02
v  5.51368E+02 -4.06287E+00 -1.61439E+02
v  6.28370E+02 -4.06287E+00 -1.61439E+02
v  6.28370E+02 -4.06287E+00 -2.89431E+02
v  5.51368E+02 -4.06287E+00 -2.89431E+02
g vc_215
f  1721 1722 1723 1724
f  1721 1722 1726 1725
f  1723 1722 1726 1727
f  1724 1723 1727 1728
f  1724 1721 1725 1728
f  1725 1726 1727 1728
v  4.28750E+02  2.19389E+02 -1.61439E+02
v  5.51368E+02  2.19389E+02 -1.61439E+02
v  5.51368E+02  2.19389E+02 -2.89431E+02
v  4.28750E+02  2.19389E+02 -2.89431E+02
v  4.28750E+02 -4.06287E+00 -1.61439E+02
v  5.51368E+02 -4.06287E+00 -1.61439E+02
v  5.51368E+02 -4.06287E+00 -2.89431E+02
v  4.28750E+02 -4.06287E+00 -2.89431E+02
g vc_216
f  1729 1730 1731 1732
f  1729 1730 1734 1733
f  1731 1730 1734 1735
f  1732 1731 1735 1736
f  1732 1729 1733 1736
f  1733 1734 1735 1736
v  3.82936E+02  2.19389E+02 -8.41530E+02
v  5.08124E+02  2.19389E+02 -8.41530E+02
v  5.08124E+02  2.19389E+02 -1.04214E+03
v  3.82936E+02  2.19389E+02 -1.04214E+03
v  3.82936E+02  2.89940E+01 -8.41530E+02
v  5.08124E+02  2.89940E+01 -8.41530E+02
v  5.08124E+02  2.89940E+01 -1.04214E+03
v  3.82936E+02  2.89940E+01 -1.04214E+03
g vc_217
f  1737 1738 1739 1740
f  1737 1738 1742 1741
f  1739 1738 1742 1743
f  1740 1739 1743 1744
f  1740 1737 1741 1744
f  1741 1742 1743 1744
v  3.82936E+02  2.89940E+01 -8.41530E+02
v  5.08124E+02  2.89940E+01 -8.41530E+02
v  5.08124E+02  2.89940E+01 -1.04214E+03
v  3.82936E+02  2.89940E+01 -1.04214E+03
v  3.82936E+02 -4.06287E+00 -8.41530E+02
v  5.08124E+02 -4.06287E+00 -8.41530E+02
v  5.08124E+02 -4.06287E+00 -1.04214E+03
v  3.82936E+02 -4.06287E+00 -1.04214E+03
g vc_218
f  1745 1746 1747 1748
f  1745 1746 1750 1749
f  1747 1746 1750 1751
f  1748 1747 1751 1752
f  1748 1745 1749 1752
f  1749 1750 1751 1752
v -4.86997E+02  2.19389E+02 -2.43187E+02
v -4.34520E+02  2.19389E+02 -2.43187E+02
v -4.34520E+02  2.19389E+02 -4.55470E+02
v -4.86997E+02  2.19389E+02 -4.55470E+02
v -4.86997E+02 -4.06287E+00 -2.43187E+02
v -4.34520E+02 -4.06287E+00 -2.43187E+02
v -4.34520E+02 -4.06287E+00 -4.55470E+02
v -4.86997E+02 -4.06287E+00 -4.55470E+02
g vc_219
f  1753 1754 1755 1756
f  1753 1754 1758 1757
f  1755 1754 1758 1759
f  1756 1755 1759 1760
f  1756 1753 1757 1760
f  1757 1758 1759 1760
v -5.52064E+02  2.19389E+02 -2.43187E+02
v -4.86997E+02  2.19389E+02 -2.43187E+02
v -4.86997E+02  2.19389E+02 -4.55470E+02
v -5.52064E+02  2.19389E+02 -4.55470E+02
v -5.52064E+02 -4.06287E+00 -2.43187E+02
v -4.86997E+02 -4.06287E+00 -2.43187E+02
v -4.86997E+02 -4.06287E+00 -4.55470E+02
v -5.52064E+02 -4.06287E+00 -4.55470E+02
g vc_220
f  1761 1762 1763 1764
f  1761 1762 1766 1765
f  1763 1762 1766 1767
f  1764 1763 1767 1768
f  1764 1761 1765 1768
f  1765 1766 1767 1768
v  3.82936E+02  2.19389E+02 -6.46185E+02
v  5.08270E+02  2.19389E+02 -6.46185E+02
v  5.08270E+02  2.19389E+02 -8.41530E+02
v  3.82936E+02  2.19389E+02 -8.41530E+02
v  3.82936E+02  4.07236E+01 -6.46185E+02
v  5.08270E+02  4.07236E+01 -6.46185E+02
v  5.08270E+02  4.07236E+01 -8.41530E+02
v  3.82936E+02  4.07236E+01 -8.41530E+02
g vc_221
f  1769 1770 1771 1772
f  1769 1770 1774 1773
f  1771 1770 1774 1775
f  1772 1771 1775 1776
f  1772 1769 1773 1776
f  1773 1774 1775 1776
v  3.82936E+02  4.07236E+01 -6.46185E+02
v  5.08270E+02  4.07236E+01 -6.46185E+02
v  5.08270E+02  4.07236E+01 -8.41530E+02
v  3.82936E+02  4.07236E+01 -8.41530E+02
v  3.82936E+02 -4.06287E+00 -6.46185E+02
v  5.08270E+02 -4.06287E+00 -6.46185E+02
v  5.08270E+02 -4.06287E+00 -8.41530E+02
v  3.82936E+02 -4.06287E+00 -8.41530E+02
g vc_222
f  1777 1778 1779 1780
f  1777 1778 1782 1781
f  1779 1778 1782 1783
f  1780 1779 1783 1784
f  1780 1777 1781 1784
f  1781 1782 1783 1784
v  5.08124E+02  2.19389E+02 -8.41530E+02
v  6.28370E+02  2.19389E+02 -8.41530E+02
v  6.28370E+02  2.19389E+02 -9.41742E+02
v  5.08124E+02  2.19389E+02 -9.41742E+02
v  5.08124E+02 -4.06287E+00 -8.41530E+02
v  6.28370E+02 -4.06287E+00 -8.41530E+02
v  6.28370E+02 -4.06287E+00 -9.41742E+02
v  5.08124E+02 -4.06287E+00 -9.41742E+02
g vc_223
f  1785 1786 1787 1788
f  1785 1786 1790 1789
f  1787 1786 1790 1791
f  1788 1787 1791 1792
f  1788 1785 1789 1792
f  1789 1790 1791 1792
v  5.08124E+02  2.19389E+02 -9.41742E+02
v  6.28370E+02  2.19389E+02 -9.41742E+02
v  6.28370E+02  2.19389E+02 -1.04214E+03
v  5.08124E+02  2.19389E+02 -1.04214E+03
v  5.08124E+02 -4.06287E+00 -9.41742E+02
v  6.28370E+02 -4.06287E+00 -9.41742E+02
v  6.28370E+02 -4.06287E+00 -1.04214E+03
v  5.08124E+02 -4.06287E+00 -1.04214E+03
g vc_224
f  1793 1794 1795 1796
f  1793 1794 1798 1797
f  1795 1794 1798 1799
f  1796 1795 1799 1800
f  1796 1793 1797 1800
f  1797 1798 1799 1800
v  5.30648E+02  2.19389E+02 -5.26895E+02
v  6.28370E+02  2.19389E+02 -5.26895E+02
v  6.28370E+02  2.19389E+02 -6.46185E+02
v  5.30648E+02  2.19389E+02 -6.46185E+02
v  5.30648E+02 -4.06287E+00 -5.26895E+02
v  6.28370E+02 -4.06287E+00 -5.26895E+02
v  6.28370E+02 -4.06287E+00 -6.46185E+02
v  5.30648E+02 -4.06287E+00 -6.46185E+02
g vc_225
f  1801 1802 1803 1804
f  1801 1802 1806 1805
f  1803 1802 1806 1807
f  1804 1803 1807 1808
f  1804 1801 1805 1808
f  1805 1806 1807 1808
v  4.26852E+02  2.19389E+02 -5.26895E+02
v  5.30648E+02  2.19389E+02 -5.26895E+02
v  5.30648E+02  2.19389E+02 -6.46185E+02
v  4.26852E+02  2.19389E+02 -6.46185E+02
v  4.26852E+02 -4.06287E+00 -5.26895E+02
v  5.30648E+02 -4.06287E+00 -5.26895E+02
v  5.30648E+02 -4.06287E+00 -6.46185E+02
v  4.26852E+02 -4.06287E+00 -6.46185E+02
g vc_226
f  1809 1810 1811 1812
f  1809 1810 1814 1813
f  1811 1810 1814 1815
f  1812 1811 1815 1816
f  1812 1809 1813 1816
f  1813 1814 1815 1816
v -5.52064E+02  2.19389E+02  2.45266E+02
v -4.68115E+02  2.19389E+02  2.45266E+02
v -4.68115E+02  2.19389E+02  1.19950E+02
v -5.52064E+02  2.19389E+02  1.19950E+02
v -5.52064E+02 -4.06287E+00  2.45266E+02
v -4.68115E+02 -4.06287E+00  2.45266E+02
v -4.68115E+02 -4.06287E+00  1.19950E+02
v -5.52064E+02 -4.06287E+00  1.19950E+02
g vc_227
f  1817 1818 1819 1820
f  1817 1818 1822 1821
f  1819 1818 1822 1823
f  1820 1819 1823 1824
f  1820 1817 1821 1824
f  1821 1822 1823 1824
v -5.52064E+02  2.19389E+02  1.19950E+02
v -4.68115E+02  2.19389E+02  1.19950E+02
v -4.68115E+02  2.19389E+02 -4.01597E+01
v -5.52064E+02  2.19389E+02 -4.01597E+01
v -5.52064E+02 -4.06287E+00  1.19950E+02
v -4.68115E+02 -4.06287E+00  1.19950E+02
v -4.68115E+02 -4.06287E+00 -4.01597E+01
v -5.52064E+02 -4.06287E+00 -4.01597E+01
g vc_228
f  1825 1826 1827 1828
f  1825 1826 1830 1829
f  1827 1826 1830 1831
f  1828 1827 1831 1832
f  1828 1825 1829 1832
f  1829 1830 1831 1832
v -6.01430E+02  2.19389E+02 -5.66185E+02
v -5.41679E+02  2.19389E+02 -5.66185E+02
v -5.41679E+02  2.19389E+02 -7.37277E+02
v -6.01430E+02  2.19389E+02 -7.37277E+02
v -6.01430E+02 -4.06287E+00 -5.66185E+02
v -5.41679E+02 -4.06287E+00 -5.66185E+02
v -5.41679E+02 -4.06287E+00 -7.37277E+02
v -6.01430E+02 -4.06287E+00 -7.37277E+02
g vc_229
f  1833 1834 1835 1836
f  1833 1834 1838 1837
f  1835 1834 1838 1839
f  1836 1835 1839 1840
f  1836 1833 1837 1840
f  1837 1838 1839 1840
v -6.81052E+02  2.19389E+02 -5.66185E+02
v -6.01430E+02  2.19389E+02 -5.66185E+02
v -6.01430E+02  2.19389E+02 -7.37277E+02
v -6.81052E+02  2.19389E+02 -7.37277E+02
v -6.81052E+02 -4.06287E+00 -5.66185E+02
v -6.01430E+02 -4.06287E+00 -5.66185E+02
v -6.01430E+02 -4.06287E+00 -7.37277E+02
v -6.81052E+02 -4.06287E+00 -7.37277E+02
g vc_230
f  1841 1842 1843 1844
f  1841 1842 1846 1845
f  1843 1842 1846 1847
f  1844 1843 1847 1848
f  1844 1841 1845 1848
f  1845 1846 1847 1848
v  5.08270E+02  2.19389E+02 -6.46185E+02
v  6.28370E+02  2.19389E+02 -6.46185E+02
v  6.28370E+02  2.19389E+02 -7.43362E+02
v  5.08270E+02  2.19389E+02 -7.43362E+02
v  5.08270E+02 -4.06287E+00 -6.46185E+02
v  6.28370E+02 -4.06287E+00 -6.46185E+02
v  6.28370E+02 -4.06287E+00 -7.43362E+02
v  5.08270E+02 -4.06287E+00 -7.43362E+02
g vc_231
f  1849 1850 1851 1852
f  1849 1850 1854 1853
f  1851 1850 1854 1855
f  1852 1851 1855 1856
f  1852 1849 1853 1856
f  1853 1854 1855 1856
v  5.08270E+02  2.19389E+02 -7.43362E+02
v  6.28370E+02  2.19389E+02 -7.43362E+02
v  6.28370E+02  2.19389E+02 -8.41530E+02
v  5.08270E+02  2.19389E+02 -8.41530E+02
v  5.08270E+02 -4.06287E+00 -7.43362E+02
v  6.28370E+02 -4.06287E+00 -7.43362E+02
v  6.28370E+02 -4.06287E+00 -8.41530E+02
v  5.08270E+02 -4.06287E+00 -8.41530E+02
g vc_232
f  1857 1858 1859 1860
f  1857 1858 1862 1861
f  1859 1858 1862 1863
f  1860 1859 1863 1864
f  1860 1857 1861 1864
f  1861 1862 1863 1864
v -5.41679E+02  2.19389E+02 -6.53517E+02
v -3.53630E+02  2.19389E+02 -6.53517E+02
v -3.53630E+02  2.19389E+02 -7.77475E+02
v -5.41679E+02  2.19389E+02 -7.77475E+02
v -5.41679E+02  1.16540E+02 -6.53517E+02
v -3.53630E+02  1.16540E+02 -6.53517E+02
v -3.53630E+02  1.16540E+02 -7.77475E+02
v -5.41679E+02  1.16540E+02 -7.77475E+02
g vc_233
f  1865 1866 1867 1868
f  1865 1866 1870 1869
f  1867 1866 1870 1871
f  1868 1867 1871 1872
f  1868 1865 1869 1872
f  1869 1870 1871 1872
v -5.41679E+02  1.16540E+02 -6.53517E+02
v -3.53630E+02  1.16540E+02 -6.53517E+02
v -3.53630E+02  1.16540E+02 -7.77475E+02
v -5.41679E+02  1.16540E+02 -7.77475E+02
v -5.41679E+02 -4.06287E+00 -6.53517E+02
v -3.53630E+02 -4.06287E+00 -6.53517E+02
v -3.53630E+02 -4.06287E+00 -7.77475E+02
v -5.41679E+02 -4.06287E+00 -7.77475E+02
g vc_234
f  1873 1874 1875 1876
f  1873 1874 1878 1877
f  1875 1874 1878 1879
f  1876 1875 1879 1880
f  1876 1873 1877 1880
f  1877 1878 1879 1880
v  3.99604E+02  2.19389E+02  1.55506E+02
v  5.39236E+02  2.19389E+02  1.55506E+02
v  5.39236E+02  2.19389E+02  7.97006E+01
v  3.99604E+02  2.19389E+02  7.97006E+01
v  3.99604E+02 -4.06287E+00  1.55506E+02
v  5.39236E+02 -4.06287E+00  1.55506E+02
v  5.39236E+02 -4.06287E+00  7.97006E+01
v  3.99604E+02 -4.06287E+00  7.97006E+01
g vc_235
f  1881 1882 1883 1884
f  1881 1882 1886 1885
f  1883 1882 1886 1887
f  1884 1883 1887 1888
f  1884 1881 1885 1888
f  1885 1886 1887 1888
v  3.99604E+02  2.19389E+02  7.97006E+01
v  5.39236E+02  2.19389E+02  7.97006E+01
v  5.39236E+02  2.19389E+02 -9.88779E+00
v  3.99604E+02  2.19389E+02 -9.88779E+00
v  3.99604E+02 -4.06287E+00  7.97006E+01
v  5.39236E+02 -4.06287E+00  7.97006E+01
v  5.39236E+02 -4.06287E+00 -9.88779E+00
v  3.99604E+02 -4.06287E+00 -9.88779E+00
g vc_236
f  1889 1890 1891 1892
f  1889 1890 1894 1893
f  1891 1890 1894 1895
f  1892 1891 1895 1896
f  1892 1889 1893 1896
f  1893 1894 1895 1896
v -1.16728E+02  2.19389E+02 -6.46185E+02
v -3.43097E+00  2.19389E+02 -6.46185E+02
v -3.43097E+00  2.19389E+02 -7.25697E+02
v -1.16728E+02  2.19389E+02 -7.25697E+02
v -1.16728E+02 -4.06287E+00 -6.46185E+02
v -3.43097E+00 -4.06287E+00 -6.46185E+02
v -3.43097E+00 -4.06287E+00 -7.25697E+02
v -1.16728E+02 -4.06287E+00 -7.25697E+02
g vc_237
f  1897 1898 1899 1900
f  1897 1898 1902 1901
f  1899 1898 1902 1903
f  1900 1899 1903 1904
f  1900 1897 1901 1904
f  1901 1902 1903 1904
v -1.16728E+02  2.19389E+02 -7.25697E+02
v -3.43097E+00  2.19389E+02 -7.25697E+02
v -3.43097E+00  2.19389E+02 -8.46185E+02
v -1.16728E+02  2.19389E+02 -8.46185E+02
v -1.16728E+02 -4.06287E+00 -7.25697E+02
v -3.43097E+00 -4.06287E+00 -7.25697E+02
v -3.43097E+00 -4.06287E+00 -8.46185E+02
v -1.16728E+02 -4.06287E+00 -8.46185E+02
g vc_238
f  1905 1906 1907 1908
f  1905 1906 1910 1909
f  1907 1906 1910 1911
f  1908 1907 1911 1912
f  1908 1905 1909 1912
f  1909 1910 1911 1912
v -6.38309E+02  2.19389E+02 -7.37277E+02
v -5.41679E+02  2.19389E+02 -7.37277E+02
v -5.41679E+02  2.19389E+02 -8.57696E+02
v -6.38309E+02  2.19389E+02 -8.57696E+02
v -6.38309E+02 -4.06287E+00 -7.37277E+02
v -5.41679E+02 -4.06287E+00 -7.37277E+02
v -5.41679E+02 -4.06287E+00 -8.57696E+02
v -6.38309E+02 -4.06287E+00 -8.57696E+02
g vc_239
f  1913 1914 1915 1916
f  1913 1914 1918 1917
f  1915 1914 1918 1919
f  1916 1915 1919 1920
f  1916 1913 1917 1920
f  1917 1918 1919 1920
v -7.25517E+02  2.19389E+02 -7.37277E+02
v -6.38309E+02  2.19389E+02 -7.37277E+02
v -6.38309E+02  2.19389E+02 -8.57696E+02
v -7.25517E+02  2.19389E+02 -8.57696E+02
v -7.25517E+02 -4.06287E+00 -7.37277E+02
v -6.38309E+02 -4.06287E+00 -7.37277E+02
v -6.38309E+02 -4.06287E+00 -8.57696E+02
v -7.25517E+02 -4.06287E+00 -8.57696E+02
g vc_240
f  1921 1922 1923 1924
f  1921 1922 1926 1925
f  1923 1922 1926 1927
f  1924 1923 1927 1928
f  1924 1921 1925 1928
f  1925 1926 1927 1928
v -5.52064E+02  2.19389E+02  4.02667E+02
v -4.16021E+02  2.19389E+02  4.02667E+02
v -4.16021E+02  2.19389E+02  2.45266E+02
v -5.52064E+02  2.19389E+02  2.45266E+02
v -5.52064E+02  9.82261E+01  4.02667E+02
v -4.16021E+02  9.82261E+01  4.02667E+02
v -4.16021E+02  9.82261E+01  2.45266E+02
v -5.52064E+02  9.82261E+01  2.45266E+02
g vc_241
f  1929 1930 1931 1932
f  1929 1930 1934 1933
f  1931 1930 1934 1935
f  1932 1931 1935 1936
f  1932 1929 1933 1936
f  1933 1934 1935 1936
v -5.52064E+02  9.82261E+01  4.02667E+02
v -4.16021E+02  9.82261E+01  4.02667E+02
v -4.16021E+02  9.82261E+01  2.45266E+02
v -5.52064E+02  9.82261E+01  2.45266E+02
v -5.52064E+02 -4.06287E+00  4.02667E+02
v -4.16021E+02 -4.06287E+00  4.02667E+02
v -4.16021E+02 -4.06287E+00  2.45266E+02
v -5.52064E+02 -4.06287E+00  2.45266E+02
g vc_242
f  1937 1938 1939 1940
f  1937 1938 1942 1941
f  1939 1938 1942 1943
f  1940 1939 1943 1944
f  1940 1937 1941 1944
f  1941 1942 1943 1944
v -2.02064E+02  2.19389E+02  1.98004E+01
v -9.71505E+01  2.19389E+02  1.98004E+01
v -9.71505E+01  2.19389E+02 -4.15022E+01
v -2.02064E+02  2.19389E+02 -4.15022E+01
v -2.02064E+02 -4.06287E+00  1.98004E+01
v -9.71505E+01 -4.06287E+00  1.98004E+01
v -9.71505E+01 -4.06287E+00 -4.15022E+01
v -2.02064E+02 -4.06287E+00 -4.15022E+01
g vc_243
f  1945 1946 1947 1948
f  1945 1946 1950 1949
f  1947 1946 1950 1951
f  1948 1947 1951 1952
f  1948 1945 1949 1952
f  1949 1950 1951 1952
v -2.02064E+02  2.19389E+02 -4.15022E+01
v -9.71505E+01  2.19389E+02 -4.15022E+01
v -9.71505E+01  2.19389E+02 -1.69673E+02
v -2.02064E+02  2.19389E+02 -1.69673E+02
v -2.02064E+02 -4.06287E+00 -4.15022E+01
v -9.71505E+01 -4.06287E+00 -4.15022E+01
v -9.71505E+01 -4.06287E+00 -1.69673E+02
v -2.02064E+02 -4.06287E+00 -1.69673E+02
g vc_244
f  1953 1954 1955 1956
f  1953 1954 1958 1957
f  1955 1954 1958 1959
f  1956 1955 1959 1960
f  1956 1953 1957 1960
f  1957 1958 1959 1960
v -4.90849E+02  2.19389E+02 -4.01597E+01
v -3.14736E+02  2.19389E+02 -4.01597E+01
v -3.14736E+02  2.19389E+02 -1.20062E+02
v -4.90849E+02  2.19389E+02 -1.20062E+02
v -4.90849E+02 -4.06287E+00 -4.01597E+01
v -3.14736E+02 -4.06287E+00 -4.01597E+01
v -3.14736E+02 -4.06287E+00 -1.20062E+02
v -4.90849E+02 -4.06287E+00 -1.20062E+02
g vc_245
f  1961 1962 1963 1964
f  1961 1962 1966 1965
f  1963 1962 1966 1967
f  1964 1963 1967 1968
f  1964 1961 1965 1968
f  1965 1966 1967 1968
v -5.52064E+02  2.19389E+02 -4.01597E+01
v -4.90849E+02  2.19389E+02 -4.01597E+01
v -4.90849E+02  2.19389E+02 -1.20062E+02
v -5.52064E+02  2.19389E+02 -1.20062E+02
v -5.52064E+02 -4.06287E+00 -4.01597E+01
v -4.90849E+02 -4.06287E+00 -4.01597E+01
v -4.90849E+02 -4.06287E+00 -1.20062E+02
v -5.52064E+02 -4.06287E+00 -1.20062E+02
g vc_246
f  1969 1970 1971 1972
f  1969 1970 1974 1973
f  1971 1970 1974 1975
f  1972 1971 1975 1976
f  1972 1969 1973 1976
f  1973 1974 1975 1976
v  4.28750E+02  2.19389E+02 -9.88779E+00
v  5.50662E+02  2.19389E+02 -9.88779E+00
v  5.50662E+02  2.19389E+02 -8.75057E+01
v  4.28750E+02  2.19389E+02 -8.75057E+01
v  4.28750E+02 -4.06287E+00 -9.88779E+00
v  5.50662E+02 -4.06287E+00 -9.88779E+00
v  5.50662E+02 -4.06287E+00 -8.75057E+01
v  4.28750E+02 -4.06287E+00 -8.75057E+01
g vc_247
f  1977 1978 1979 1980
f  1977 1978 1982 1981
f  1979 1978 1982 1983
f  1980 1979 1983 1984
f  1980 1977 1981 1984
f  1981 1982 1983 1984
v  4.28750E+02  2.19389E+02 -8.75057E+01
v  5.50662E+02  2.19389E+02 -8.75057E+01
v  5.50662E+02  2.19389E+02 -1.61439E+02
v  4.28750E+02  2.19389E+02 -1.61439E+02
v  4.28750E+02 -4.06287E+00 -8.75057E+01
v  5.50662E+02 -4.06287E+00 -8.75057E+01
v  5.50662E+02 -4.06287E+00 -1.61439E+02
v  4.28750E+02 -4.06287E+00 -1.61439E+02
g vc_248
f  1985 1986 1987 1988
f  1985 1986 1990 1989
f  1987 1986 1990 1991
f  1988 1987 1991 1992
f  1988 1985 1989 1992
f  1989 1990 1991 1992
v -3.39808E+02  2.19389E+02  1.69623E+02
v -2.02064E+02  2.19389E+02  1.69623E+02
v -2.02064E+02  2.19389E+02  1.28856E+02
v -3.39808E+02  2.19389E+02  1.28856E+02
v -3.39808E+02 -4.06287E+00  1.69623E+02
v -2.02064E+02 -4.06287E+00  1.69623E+02
v -2.02064E+02 -4.06287E+00  1.28856E+02
v -3.39808E+02 -4.06287E+00  1.28856E+02
g vc_249
f  1993 1994 1995 1996
f  1993 1994 1998 1997
f  1995 1994 1998 1999
f  1996 1995 1999 2000
f  1996 1993 1997 2000
f  1997 1998 1999 2000
v -3.39808E+02  2.19389E+02  1.28856E+02
v -2.02064E+02  2.19389E+02  1.28856E+02
v -2.02064E+02  2.19389E+02  3.62510E+01
v -3.39808E+02  2.19389E+02  3.62510E+01
v -3.39808E+02 -4.06287E+00  1.28856E+02
v -2.02064E+02 -4.06287E+00  1.28856E+02
v -2.02064E+02 -4.06287E+00  3.62510E+01
v -3.39808E+02 -4.06287E+00  3.62510E+01
g vc_250
f  2001 2002 2003 2004
f  2001 2002 2006 2005
f  2003 2002 2006 2007
f  2004 2003 2007 2008
f  2004 2001 2005 2008
f  2005 2006 2007 2008
v  1.33036E+02  2.19389E+02 -5.46639E+02
v  2.18493E+02  2.19389E+02 -5.46639E+02
v  2.18493E+02  2.19389E+02 -6.46185E+02
v  1.33036E+02  2.19389E+02 -6.46185E+02
v  1.33036E+02 -4.06287E+00 -5.46639E+02
v  2.18493E+02 -4.06287E+00 -5.46639E+02
v  2.18493E+02 -4.06287E+00 -6.46185E+02
v  1.33036E+02 -4.06287E+00 -6.46185E+02
g vc_251
f  2009 2010 2011 2012
f  2009 2010 2014 2013
f  2011 2010 2014 2015
f  2012 2011 2015 2016
f  2012 2009 2013 2016
f  2013 2014 2015 2016
v  4.46692E+01  2.19389E+02 -5.46639E+02
v  1.33036E+02  2.19389E+02 -5.46639E+02
v  1.33036E+02  2.19389E+02 -6.46185E+02
v  4.46692E+01  2.19389E+02 -6.46185E+02
v  4.46692E+01 -4.06287E+00 -5.46639E+02
v  1.33036E+02 -4.06287E+00 -5.46639E+02
v  1.33036E+02 -4.06287E+00 -6.46185E+02
v  4.46692E+01 -4.06287E+00 -6.46185E+02
g vc_252
f  2017 2018 2019 2020
f  2017 2018 2022 2021
f  2019 2018 2022 2023
f  2020 2019 2023 2024
f  2020 2017 2021 2024
f  2021 2022 2023 2024
v -7.42189E+02  2.19389E+02 -4.52438E+02
v -6.82408E+02  2.19389E+02 -4.52438E+02
v -6.82408E+02  2.19389E+02 -5.66185E+02
v -7.42189E+02  2.19389E+02 -5.66185E+02
v -7.42189E+02 -4.06287E+00 -4.52438E+02
v -6.82408E+02 -4.06287E+00 -4.52438E+02
v -6.82408E+02 -4.06287E+00 -5.66185E+02
v -7.42189E+02 -4.06287E+00 -5.66185E+02
g vc_253
f  2025 2026 2027 2028
f  2025 2026 2030 2029
f  2027 2026 2030 2031
f  2028 2027 2031 2032
f  2028 2025 2029 2032
f  2029 2030 2031 2032
v -8.31165E+02  2.19389E+02 -4.52438E+02
v -7.42189E+02  2.19389E+02 -4.52438E+02
v -7.42189E+02  2.19389E+02 -5.66185E+02
v -8.31165E+02  2.19389E+02 -5.66185E+02
v -8.31165E+02 -4.06287E+00 -4.52438E+02
v -7.42189E+02 -4.06287E+00 -4.52438E+02
v -7.42189E+02 -4.06287E+00 -5.66185E+02
v -8.31165E+02 -4.06287E+00 -5.66185E+02
g vc_254
f  2033 2034 2035 2036
f  2033 2034 2038 2037
f  2035 2034 2038 2039
f  2036 2035 2039 2040
f  2036 2033 2037 2040
f  2037 2038 2039 2040
v  4.61255E+02  2.19389E+02  4.02667E+02
v  5.39236E+02  2.19389E+02  4.02667E+02
v  5.39236E+02  2.19389E+02  3.24701E+02
v  4.61255E+02  2.19389E+02  3.24701E+02
v  4.61255E+02 -4.06287E+00  4.02667E+02
v  5.39236E+02 -4.06287E+00  4.02667E+02
v  5.39236E+02 -4.06287E+00  3.24701E+02
v  4.61255E+02 -4.06287E+00  3.24701E+02
g vc_255
f  2041 2042 2043 2044
f  2041 2042 2046 2045
f  2043 2042 2046 2047
f  2044 2043 2047 2048
f  2044 2041 2045 2048
f  2045 2046 2047 2048
v  3.22936E+02  2.19389E+02  4.02667E+02
v  4.61255E+02  2.19389E+02  4.02667E+02
v  4.61255E+02  2.19389E+02  3.24701E+02
v  3.22936E+02  2.19389E+02  3.24701E+02
v  3.22936E+02 -4.06287E+00  4.02667E+02
v  4.61255E+02 -4.06287E+00  4.02667E+02
v  4.61255E+02 -4.06287E+00  3.24701E+02
v  3.22936E+02 -4.06287E+00  3.24701E+02
g vc_256
f  2049 2050 2051 2052
f  2049 2050 2054 2053
f  2051 2050 2054 2055
f  2052 2051 2055 2056
f  2052 2049 2053 2056
f  2053 2054 2055 2056
v -4.39592E+02  2.19389E+02 -5.66185E+02
v -3.53630E+02  2.19389E+02 -5.66185E+02
v -3.53630E+02  2.19389E+02 -6.53517E+02
v -4.39592E+02  2.19389E+02 -6.53517E+02
v -4.39592E+02 -4.06287E+00 -5.66185E+02
v -3.53630E+02 -4.06287E+00 -5.66185E+02
v -3.53630E+02 -4.06287E+00 -6.53517E+02
v -4.39592E+02 -4.06287E+00 -6.53517E+02
g vc_257
f  2057 2058 2059 2060
f  2057 2058 2062 2061
f  2059 2058 2062 2063
f  2060 2059 2063 2064
f  2060 2057 2061 2064
f  2061 2062 2063 2064
v -5.41679E+02  2.19389E+02 -5.66185E+02
v -4.39592E+02  2.19389E+02 -5.66185E+02
v -4.39592E+02  2.19389E+02 -6.53517E+02
v -5.41679E+02  2.19389E+02 -6.53517E+02
v -5.41679E+02 -4.06287E+00 -5.66185E+02
v -4.39592E+02 -4.06287E+00 -5.66185E+02
v -4.39592E+02 -4.06287E+00 -6.53517E+02
v -5.41679E+02 -4.06287E+00 -6.53517E+02
g vc_258
f  2065 2066 2067 2068
f  2065 2066 2070 2069
f  2067 2066 2070 2071
f  2068 2067 2071 2072
f  2068 2065 2069 2072
f  2069 2070 2071 2072
v  1.32519E+02  2.19389E+02 -3.56185E+02
v  2.18493E+02  2.19389E+02 -3.56185E+02
v  2.18493E+02  2.19389E+02 -4.06149E+02
v  1.32519E+02  2.19389E+02 -4.06149E+02
v  1.32519E+02 -4.06287E+00 -3.56185E+02
v  2.18493E+02 -4.06287E+00 -3.56185E+02
v  2.18493E+02 -4.06287E+00 -4.06149E+02
v  1.32519E+02 -4.06287E+00 -4.06149E+02
g vc_259
f  2073 2074 2075 2076
f  2073 2074 2078 2077
f  2075 2074 2078 2079
f  2076 2075 2079 2080
f  2076 2073 2077 2080
f  2077 2078 2079 2080
v  1.32519E+02  2.19389E+02 -4.06149E+02
v  2.18493E+02  2.19389E+02 -4.06149E+02
v  2.18493E+02  2.19389E+02 -5.46639E+02
v  1.32519E+02  2.19389E+02 -5.46639E+02
v  1.32519E+02 -4.06287E+00 -4.06149E+02
v  2.18493E+02 -4.06287E+00 -4.06149E+02
v  2.18493E+02 -4.06287E+00 -5.46639E+02
v  1.32519E+02 -4.06287E+00 -5.46639E+02
g vc_260
f  2081 2082 2083 2084
f  2081 2082 2086 2085
f  2083 2082 2086 2087
f  2084 2083 2087 2088
f  2084 2081 2085 2088
f  2085 2086 2087 2088
v  4.65282E+02  2.19389E+02 -1.04214E+03
v  5.36117E+02  2.19389E+02 -1.04214E+03
v  5.36117E+02  2.19389E+02 -1.14289E+03
v  4.65282E+02  2.19389E+02 -1.14289E+03
v  4.65282E+02 -4.06287E+00 -1.04214E+03
v  5.36117E+02 -4.06287E+00 -1.04214E+03
v  5.36117E+02 -4.06287E+00 -1.14289E+03
v  4.65282E+02 -4.06287E+00 -1.14289E+03
g vc_261
f  2089 2090 2091 2092
f  2089 2090 2094 2093
f  2091 2090 2094 2095
f  2092 2091 2095 2096
f  2092 2089 2093 2096
f  2093 2094 2095 2096
v  3.82936E+02  2.19389E+02 -1.04214E+03
v  4.65282E+02  2.19389E+02 -1.04214E+03
v  4.65282E+02  2.19389E+02 -1.14289E+03
v  3.82936E+02  2.19389E+02 -1.14289E+03
v  3.82936E+02 -4.06287E+00 -1.04214E+03
v  4.65282E+02 -4.06287E+00 -1.04214E+03
v  4.65282E+02 -4.06287E+00 -1.14289E+03
v  3.82936E+02 -4.06287E+00 -1.14289E+03
g vc_262
f  2097 2098 2099 2100
f  2097 2098 2102 2101
f  2099 2098 2102 2103
f  2100 2099 2103 2104
f  2100 2097 2101 2104
f  2101 2102 2103 2104
v  4.24527E+02  2.19389E+02 -3.56185E+02
v  5.62448E+02  2.19389E+02 -3.56185E+02
v  5.62448E+02  2.19389E+02 -4.04845E+02
v  4.24527E+02  2.19389E+02 -4.04845E+02
v  4.24527E+02 -4.06287E+00 -3.56185E+02
v  5.62448E+02 -4.06287E+00 -3.56185E+02
v  5.62448E+02 -4.06287E+00 -4.04845E+02
v  4.24527E+02 -4.06287E+00 -4.04845E+02
g vc_263
f  2105 2106 2107 2108
f  2105 2106 2110 2109
f  2107 2106 2110 2111
f  2108 2107 2111 2112
f  2108 2105 2109 2112
f  2109 2110 2111 2112
v  4.24527E+02  2.19389E+02 -4.04845E+02
v  5.62448E+02  2.19389E+02 -4.04845E+02
v  5.62448E+02  2.19389E+02 -4.65218E+02
v  4.24527E+02  2.19389E+02 -4.65218E+02
v  4.24527E+02 -4.06287E+00 -4.04845E+02
v  5.62448E+02 -4.06287E+00 -4.04845E+02
v  5.62448E+02 -4.06287E+00 -4.65218E+02
v  4.24527E+02 -4.06287E+00 -4.65218E+02
g vc_264
f  2113 2114 2115 2116
f  2113 2114 2118 2117
f  2115 2114 2118 2119
f  2116 2115 2119 2120
f  2116 2113 2117 2120
f  2117 2118 2119 2120
v -2.58290E+02  2.19389E+02 -4.01597E+01
v -2.02064E+02  2.19389E+02 -4.01597E+01
v -2.02064E+02  2.19389E+02 -1.68916E+02
v -2.58290E+02  2.19389E+02 -1.68916E+02
v -2.58290E+02 -4.06287E+00 -4.01597E+01
v -2.02064E+02 -4.06287E+00 -4.01597E+01
v -2.02064E+02 -4.06287E+00 -1.68916E+02
v -2.58290E+02 -4.06287E+00 -1.68916E+02
g vc_265
f  2121 2122 2123 2124
f  2121 2122 2126 2125
f  2123 2122 2126 2127
f  2124 2123 2127 2128
f  2124 2121 2125 2128
f  2125 2126 2127 2128
v -3.14736E+02  2.19389E+02 -4.01597E+01
v -2.58290E+02  2.19389E+02 -4.01597E+01
v -2.58290E+02  2.19389E+02 -1.68916E+02
v -3.14736E+02  2.19389E+02 -1.68916E+02
v -3.14736E+02 -4.06287E+00 -4.01597E+01
v -2.58290E+02 -4.06287E+00 -4.01597E+01
v -2.58290E+02 -4.06287E+00 -1.68916E+02
v -3.14736E+02 -4.06287E+00 -1.68916E+02
g vc_266
f  2129 2130 2131 2132
f  2129 2130 2134 2133
f  2131 2130 2134 2135
f  2132 2131 2135 2136
f  2132 2129 2133 2136
f  2133 2134 2135 2136
v -4.32404E+02  2.19389E+02 -7.77475E+02
v -3.53630E+02  2.19389E+02 -7.77475E+02
v -3.53630E+02  2.19389E+02 -9.47710E+02
v -4.32404E+02  2.19389E+02 -9.47710E+02
v -4.32404E+02  6.72190E+01 -7.77475E+02
v -3.53630E+02  6.72190E+01 -7.77475E+02
v -3.53630E+02  6.72190E+01 -9.47710E+02
v -4.32404E+02  6.72190E+01 -9.47710E+02
g vc_267
f  2137 2138 2139 2140
f  2137 2138 2142 2141
f  2139 2138 2142 2143
f  2140 2139 2143 2144
f  2140 2137 2141 2144
f  2141 2142 2143 2144
v -4.32404E+02  6.72190E+01 -7.77475E+02
v -3.53630E+02  6.72190E+01 -7.77475E+02
v -3.53630E+02  6.72190E+01 -9.47710E+02
v -4.32404E+02  6.72190E+01 -9.47710E+02
v -4.32404E+02 -4.06287E+00 -7.77475E+02
v -3.53630E+02 -4.06287E+00 -7.77475E+02
v -3.53630E+02 -4.06287E+00 -9.47710E+02
v -4.32404E+02 -4.06287E+00 -9.47710E+02
g vc_268
f  2145 2146 2147 2148
f  2145 2146 2150 2149
f  2147 2146 2150 2151
f  2148 2147 2151 2152
f  2148 2145 2149 2152
f  2149 2150 2151 2152
v  5.72557E+02  2.19389E+02 -2.89431E+02
v  6.28370E+02  2.19389E+02 -2.89431E+02
v  6.28370E+02  2.19389E+02 -3.56185E+02
v  5.72557E+02  2.19389E+02 -3.56185E+02
v  5.72557E+02 -4.06287E+00 -2.89431E+02
v  6.28370E+02 -4.06287E+00 -2.89431E+02
v  6.28370E+02 -4.06287E+00 -3.56185E+02
v  5.72557E+02 -4.06287E+00 -3.56185E+02
g vc_269
f  2153 2154 2155 2156
f  2153 2154 2158 2157
f  2155 2154 2158 2159
f  2156 2155 2159 2160
f  2156 2153 2157 2160
f  2157 2158 2159 2160
v  4.28750E+02  2.19389E+02 -2.89431E+02
v  5.72557E+02  2.19389E+02 -2.89431E+02
v  5.72557E+02  2.19389E+02 -3.56185E+02
v  4.28750E+02  2.19389E+02 -3.56185E+02
v  4.28750E+02 -4.06287E+00 -2.89431E+02
v  5.72557E+02 -4.06287E+00 -2.89431E+02
v  5.72557E+02 -4.06287E+00 -3.56185E+02
v  4.28750E+02 -4.06287E+00 -3.56185E+02
g vc_270
f  2161 2162 2163 2164
f  2161 2162 2166 2165
f  2163 2162 2166 2167
f  2164 2163 2167 2168
f  2164 2161 2165 2168
f  2165 2166 2167 2168
v  5.34727E+02  2.19389E+02 -4.65218E+02
v  6.28370E+02  2.19389E+02 -4.65218E+02
v  6.28370E+02  2.19389E+02 -5.26895E+02
v  5.34727E+02  2.19389E+02 -5.26895E+02
v  5.34727E+02 -4.06287E+00 -4.65218E+02
v  6.28370E+02 -4.06287E+00 -4.65218E+02
v  6.28370E+02 -4.06287E+00 -5.26895E+02
v  5.34727E+02 -4.06287E+00 -5.26895E+02
g vc_271
f  2169 2170 2171 2172
f  2169 2170 2174 2173
f  2171 2170 2174 2175
f  2172 2171 2175 2176
f  2172 2169 2173 2176
f  2173 2174 2175 2176
v  4.26852E+02  2.19389E+02 -4.65218E+02
v  5.34727E+02  2.19389E+02 -4.65218E+02
v  5.34727E+02  2.19389E+02 -5.26895E+02
v  4.26852E+02  2.19389E+02 -5.26895E+02
v  4.26852E+02 -4.06287E+00 -4.65218E+02
v  5.34727E+02 -4.06287E+00 -4.65218E+02
v  5.34727E+02 -4.06287E+00 -5.26895E+02
v  4.26852E+02 -4.06287E+00 -5.26895E+02
g vc_272
f  2177 2178 2179 2180
f  2177 2178 2182 2181
f  2179 2178 2182 2183
f  2180 2179 2183 2184
f  2180 2177 2181 2184
f  2181 2182 2183 2184
v  2.65423E+02  2.19389E+02  3.29775E+02
v  3.22936E+02  2.19389E+02  3.29775E+02
v  3.22936E+02  2.19389E+02  1.98612E+02
v  2.65423E+02  2.19389E+02  1.98612E+02
v  2.65423E+02 -4.06287E+00  3.29775E+02
v  3.22936E+02 -4.06287E+00  3.29775E+02
v  3.22936E+02 -4.06287E+00  1.98612E+02
v  2.65423E+02 -4.06287E+00  1.98612E+02
g vc_273
f  2185 2186 2187 2188
f  2185 2186 2190 2189
f  2187 2186 2190 2191
f  2188 2187 2191 2192
f  2188 2185 2189 2192
f  2189 2190 2191 2192
v  2.65423E+02  2.19389E+02  1.98612E+02
v  3.22936E+02  2.19389E+02  1.98612E+02
v  3.22936E+02  2.19389E+02  1.15149E+02
v  2.65423E+02  2.19389E+02  1.15149E+02
v  2.65423E+02 -4.06287E+00  1.98612E+02
v  3.22936E+02 -4.06287E+00  1.98612E+02
v  3.22936E+02 -4.06287E+00  1.15149E+02
v  2.65423E+02 -4.06287E+00  1.15149E+02
g vc_274
f  2193 2194 2195 2196
f  2193 2194 2198 2197
f  2195 2194 2198 2199
f  2196 2195 2199 2200
f  2196 2193 2197 2200
f  2197 2198 2199 2200
v  2.18493E+02  2.19389E+02 -4.06556E+02
v  4.24527E+02  2.19389E+02 -4.06556E+02
v  4.24527E+02  2.19389E+02 -4.65218E+02
v  2.18493E+02  2.19389E+02 -4.65218E+02
v  2.18493E+02  5.22849E+01 -4.06556E+02
v  4.24527E+02  5.22849E+01 -4.06556E+02
v  4.24527E+02  5.22849E+01 -4.65218E+02
v  2.18493E+02  5.22849E+01 -4.65218E+02
g vc_275
f  2201 2202 2203 2204
f  2201 2202 2206 2205
f  2203 2202 2206 2207
f  2204 2203 2207 2208
f  2204 2201 2205 2208
f  2205 2206 2207 2208
v  2.18493E+02  5.22849E+01 -4.06556E+02
v  4.24527E+02  5.22849E+01 -4.06556E+02
v  4.24527E+02  5.22849E+01 -4.65218E+02
v  2.18493E+02  5.22849E+01 -4.65218E+02
v  2.18493E+02 -4.06287E+00 -4.06556E+02
v  4.24527E+02 -4.06287E+00 -4.06556E+02
v  4.24527E+02 -4.06287E+00 -4.65218E+02
v  2.18493E+02 -4.06287E+00 -4.65218E+02
g vc_276
f  2209 2210 2211 2212
f  2209 2210 2214 2213
f  2211 2210 2214 2215
f  2212 2211 2215 2216
f  2212 2209 2213 2216
f  2213 2214 2215 2216
v  5.96928E+02  2.19389E+02 -1.04214E+03
v  6.28370E+02  2.19389E+02 -1.04214E+03
v  6.28370E+02  2.19389E+02 -1.14289E+03
v  5.96928E+02  2.19389E+02 -1.14289E+03
v  5.96928E+02 -4.06287E+00 -1.04214E+03
v  6.28370E+02 -4.06287E+00 -1.04214E+03
v  6.28370E+02 -4.06287E+00 -1.14289E+03
v  5.96928E+02 -4.06287E+00 -1.14289E+03
g vc_277
f  2217 2218 2219 2220
f  2217 2218 2222 2221
f  2219 2218 2222 2223
f  2220 2219 2223 2224
f  2220 2217 2221 2224
f  2221 2222 2223 2224
v  5.36117E+02  2.19389E+02 -1.04214E+03
v  5.96928E+02  2.19389E+02 -1.04214E+03
v  5.96928E+02  2.19389E+02 -1.14289E+03
v  5.36117E+02  2.19389E+02 -1.14289E+03
v  5.36117E+02 -4.06287E+00 -1.04214E+03
v  5.96928E+02 -4.06287E+00 -1.04214E+03
v  5.96928E+02 -4.06287E+00 -1.14289E+03
v  5.36117E+02 -4.06287E+00 -1.14289E+03
g vc_278
f  2225 2226 2227 2228
f  2225 2226 2230 2229
f  2227 2226 2230 2231
f  2228 2227 2231 2232
f  2228 2225 2229 2232
f  2229 2230 2231 2232
v -3.14736E+02  2.19389E+02 -1.68916E+02
v -2.02064E+02  2.19389E+02 -1.68916E+02
v -2.02064E+02  2.19389E+02 -2.06649E+02
v -3.14736E+02  2.19389E+02 -2.06649E+02
v -3.14736E+02 -4.06287E+00 -1.68916E+02
v -2.02064E+02 -4.06287E+00 -1.68916E+02
v -2.02064E+02 -4.06287E+00 -2.06649E+02
v -3.14736E+02 -4.06287E+00 -2.06649E+02
g vc_279
f  2233 2234 2235 2236
f  2233 2234 2238 2237
f  2235 2234 2238 2239
f  2236 2235 2239 2240
f  2236 2233 2237 2240
f  2237 2238 2239 2240
v -3.14736E+02  2.19389E+02 -2.06649E+02
v -2.02064E+02  2.19389E+02 -2.06649E+02
v -2.02064E+02  2.19389E+02 -2.43187E+02
v -3.14736E+02  2.19389E+02 -2.43187E+02
v -3.14736E+02 -4.06287E+00 -2.06649E+02
v -2.02064E+02 -4.06287E+00 -2.06649E+02
v -2.02064E+02 -4.06287E+00 -2.43187E+02
v -3.14736E+02 -4.06287E+00 -2.43187E+02
g vc_280
f  2241 2242 2243 2244
f  2241 2242 2246 2245
f  2243 2242 2246 2247
f  2244 2243 2247 2248
f  2244 2241 2245 2248
f  2245 2246 2247 2248
v  2.18493E+02  4.19032E+01 -4.65218E+02
v  4.26852E+02  4.19032E+01 -4.65218E+02
v  4.26852E+02  4.19032E+01 -6.46185E+02
v  2.18493E+02  4.19032E+01 -6.46185E+02
v  2.18493E+02  2.90077E+01 -4.65218E+02
v  4.26852E+02  2.90077E+01 -4.65218E+02
v  4.26852E+02  2.90077E+01 -6.46185E+02
v  2.18493E+02  2.90077E+01 -6.46185E+02
g vc_281
f  2249 2250 2251 2252
f  2249 2250 2254 2253
f  2251 2250 2254 2255
f  2252 2251 2255 2256
f  2252 2249 2253 2256
f  2253 2254 2255 2256
v  2.18493E+02  2.90077E+01 -4.65218E+02
v  4.26852E+02  2.90077E+01 -4.65218E+02
v  4.26852E+02  2.90077E+01 -6.46185E+02
v  2.18493E+02  2.90077E+01 -6.46185E+02
v  2.18493E+02 -4.06287E+00 -4.65218E+02
v  4.26852E+02 -4.06287E+00 -4.65218E+02
v  4.26852E+02 -4.06287E+00 -6.46185E+02
v  2.18493E+02 -4.06287E+00 -6.46185E+02
g vc_282
f  2257 2258 2259 2260
f  2257 2258 2262 2261
f  2259 2258 2262 2263
f  2260 2259 2263 2264
f  2260 2257 2261 2264
f  2261 2262 2263 2264
v -3.31981E+01  2.19389E+02 -5.46639E+02
v  4.46692E+01  2.19389E+02 -5.46639E+02
v  4.46692E+01  2.19389E+02 -6.18302E+02
v -3.31981E+01  2.19389E+02 -6.18302E+02
v -3.31981E+01 -4.06287E+00 -5.46639E+02
v  4.46692E+01 -4.06287E+00 -5.46639E+02
v  4.46692E+01 -4.06287E+00 -6.18302E+02
v -3.31981E+01 -4.06287E+00 -6.18302E+02
g vc_283
f  2265 2266 2267 2268
f  2265 2266 2270 2269
f  2267 2266 2270 2271
f  2268 2267 2271 2272
f  2268 2265 2269 2272
f  2269 2270 2271 2272
v -3.31981E+01  2.19389E+02 -6.18302E+02
v  4.46692E+01  2.19389E+02 -6.18302E+02
v  4.46692E+01  2.19389E+02 -6.46185E+02
v -3.31981E+01  2.19389E+02 -6.46185E+02
v -3.31981E+01 -4.06287E+00 -6.18302E+02
v  4.46692E+01 -4.06287E+00 -6.18302E+02
v  4.46692E+01 -4.06287E+00 -6.46185E+02
v -3.31981E+01 -4.06287E+00 -6.46185E+02
g vc_284
f  2273 2274 2275 2276
f  2273 2274 2278 2277
f  2275 2274 2278 2279
f  2276 2275 2279 2280
f  2276 2273 2277 2280
f  2277 2278 2279 2280
v -7.25836E+02  2.19389E+02  1.61480E+02
v -5.52064E+02  2.19389E+02  1.61480E+02
v -5.52064E+02  2.19389E+02 -4.79819E+01
v -7.25836E+02  2.19389E+02 -4.79819E+01
v -7.25836E+02 -4.06287E+00  1.61480E+02
v -5.52064E+02 -4.06287E+00  1.61480E+02
v -5.52064E+02 -4.06287E+00 -4.79819E+01
v -7.25836E+02 -4.06287E+00 -4.79819E+01
g vc_285
f  2281 2282 2283 2284
f  2281 2282 2286 2285
f  2283 2282 2286 2287
f  2284 2283 2287 2288
f  2284 2281 2285 2288
f  2285 2286 2287 2288
v -7.83444E+02  2.19389E+02  1.61480E+02
v -7.25836E+02  2.19389E+02  1.61480E+02
v -7.25836E+02  2.19389E+02 -4.79819E+01
v -7.83444E+02  2.19389E+02 -4.79819E+01
v -7.83444E+02 -4.06287E+00  1.61480E+02
v -7.25836E+02 -4.06287E+00  1.61480E+02
v -7.25836E+02 -4.06287E+00 -4.79819E+01
v -7.83444E+02 -4.06287E+00 -4.79819E+01
g vc_286
f  2289 2290 2291 2292
f  2289 2290 2294 2293
f  2291 2290 2294 2295
f  2292 2291 2295 2296
f  2292 2289 2293 2296
f  2293 2294 2295 2296
v -8.90872E+01  2.19389E+02  2.82131E+02
v  6.24147E+01  2.19389E+02  2.82131E+02
v  6.24147E+01  2.19389E+02  2.02224E+02
v -8.90872E+01  2.19389E+02  2.02224E+02
v -8.90872E+01 -4.06287E+00  2.82131E+02
v  6.24147E+01 -4.06287E+00  2.82131E+02
v  6.24147E+01 -4.06287E+00  2.02224E+02
v -8.90872E+01 -4.06287E+00  2.02224E+02
g vc_287
f  2297 2298 2299 2300
f  2297 2298 2302 2301
f  2299 2298 2302 2303
f  2300 2299 2303 2304
f  2300 2297 2301 2304
f  2301 2302 2303 2304
v -8.90872E+01  2.19389E+02  2.02224E+02
v  6.24147E+01  2.19389E+02  2.02224E+02
v  6.24147E+01  2.19389E+02  1.98004E+01
v -8.90872E+01  2.19389E+02  1.98004E+01
v -8.90872E+01 -4.06287E+00  2.02224E+02
v  6.24147E+01 -4.06287E+00  2.02224E+02
v  6.24147E+01 -4.06287E+00  1.98004E+01
v -8.90872E+01 -4.06287E+00  1.98004E+01
g vc_288
f  2305 2306 2307 2308
f  2305 2306 2310 2309
f  2307 2306 2310 2311
f  2308 2307 2311 2312
f  2308 2305 2309 2312
f  2309 2310 2311 2312
v  1.71176E+02  2.19389E+02 -1.03343E+03
v  2.57603E+02  2.19389E+02 -1.03343E+03
v  2.57603E+02  2.19389E+02 -1.22119E+03
v  1.71176E+02  2.19389E+02 -1.22119E+03
v  1.71176E+02 -4.06287E+00 -1.03343E+03
v  2.57603E+02 -4.06287E+00 -1.03343E+03
v  2.57603E+02 -4.06287E+00 -1.22119E+03
v  1.71176E+02 -4.06287E+00 -1.22119E+03
g vc_289
f  2313 2314 2315 2316
f  2313 2314 2318 2317
f  2315 2314 2318 2319
f  2316 2315 2319 2320
f  2316 2313 2317 2320
f  2317 2318 2319 2320
v  7.80876E+01  2.19389E+02 -1.03343E+03
v  1.71176E+02  2.19389E+02 -1.03343E+03
v  1.71176E+02  2.19389E+02 -1.22119E+03
v  7.80876E+01  2.19389E+02 -1.22119E+03
v  7.80876E+01 -4.06287E+00 -1.03343E+03
v  1.71176E+02 -4.06287E+00 -1.03343E+03
v  1.71176E+02 -4.06287E+00 -1.22119E+03
v  7.80876E+01 -4.06287E+00 -1.22119E+03
g vc_290
f  2321 2322 2323 2324
f  2321 2322 2326 2325
f  2323 2322 2326 2327
f  2324 2323 2327 2328
f  2324 2321 2325 2328
f  2325 2326 2327 2328
v -4.34520E+02  2.19389E+02 -2.43187E+02
v -2.75930E+02  2.19389E+02 -2.43187E+02
v -2.75930E+02  2.19389E+02 -3.45355E+02
v -4.34520E+02  2.19389E+02 -3.45355E+02
v -4.34520E+02 -4.06287E+00 -2.43187E+02
v -2.75930E+02 -4.06287E+00 -2.43187E+02
v -2.75930E+02 -4.06287E+00 -3.45355E+02
v -4.34520E+02 -4.06287E+00 -3.45355E+02
g vc_291
f  2329 2330 2331 2332
f  2329 2330 2334 2333
f  2331 2330 2334 2335
f  2332 2331 2335 2336
f  2332 2329 2333 2336
f  2333 2334 2335 2336
v -4.34520E+02  2.19389E+02 -3.45355E+02
v -2.75930E+02  2.19389E+02 -3.45355E+02
v -2.75930E+02  2.19389E+02 -4.55470E+02
v -4.34520E+02  2.19389E+02 -4.55470E+02
v -4.34520E+02 -4.06287E+00 -3.45355E+02
v -2.75930E+02 -4.06287E+00 -3.45355E+02
v -2.75930E+02 -4.06287E+00 -4.55470E+02
v -4.34520E+02 -4.06287E+00 -4.55470E+02
g vc_292
f  2337 2338 2339 2340
f  2337 2338 2342 2341
f  2339 2338 2342 2343
f  2340 2339 2343 2344
f  2340 2337 2341 2344
f  2341 2342 2343 2344
v  7.80876E+01  2.19389E+02 -8.46185E+02
v  2.57603E+02  2.19389E+02 -8.46185E+02
v  2.57603E+02  2.19389E+02 -1.03343E+03
v  7.80876E+01  2.19389E+02 -1.03343E+03
v  7.80876E+01  3.04617E+01 -8.46185E+02
v  2.57603E+02  3.04617E+01 -8.46185E+02
v  2.57603E+02  3.04617E+01 -1.03343E+03
v  7.80876E+01  3.04617E+01 -1.03343E+03
g vc_293
f  2345 2346 2347 2348
f  2345 2346 2350 2349
f  2347 2346 2350 2351
f  2348 2347 2351 2352
f  2348 2345 2349 2352
f  2349 2350 2351 2352
v  7.80876E+01  3.04617E+01 -8.46185E+02
v  2.57603E+02  3.04617E+01 -8.46185E+02
v  2.57603E+02  3.04617E+01 -1.03343E+03
v  7.80876E+01  3.04617E+01 -1.03343E+03
v  7.80876E+01 -4.06287E+00 -8.46185E+02
v  2.57603E+02 -4.06287E+00 -8.46185E+02
v  2.57603E+02 -4.06287E+00 -1.03343E+03
v  7.80876E+01 -4.06287E+00 -1.03343E+03
g vc_294
f  2353 2354 2355 2356
f  2353 2354 2358 2357
f  2355 2354 2358 2359
f  2356 2355 2359 2360
f  2356 2353 2357 2360
f  2357 2358 2359 2360
v -2.02064E+02  2.19389E+02 -8.46185E+02
v -9.12617E+01  2.19389E+02 -8.46185E+02
v -9.12617E+01  2.19389E+02 -9.34438E+02
v -2.02064E+02  2.19389E+02 -9.34438E+02
v -2.02064E+02 -4.06287E+00 -8.46185E+02
v -9.12617E+01 -4.06287E+00 -8.46185E+02
v -9.12617E+01 -4.06287E+00 -9.34438E+02
v -2.02064E+02 -4.06287E+00 -9.34438E+02
g vc_295
f  2361 2362 2363 2364
f  2361 2362 2366 2365
f  2363 2362 2366 2367
f  2364 2363 2367 2368
f  2364 2361 2365 2368
f  2365 2366 2367 2368
v -2.02064E+02  2.19389E+02 -9.34438E+02
v -9.12617E+01  2.19389E+02 -9.34438E+02
v -9.12617E+01  2.19389E+02 -1.14187E+03
v -2.02064E+02  2.19389E+02 -1.14187E+03
v -2.02064E+02 -4.06287E+00 -9.34438E+02
v -9.12617E+01 -4.06287E+00 -9.34438E+02
v -9.12617E+01 -4.06287E+00 -1.14187E+03
v -2.02064E+02 -4.06287E+00 -1.14187E+03
g vc_296
f  2369 2370 2371 2372
f  2369 2370 2374 2373
f  2371 2370 2374 2375
f  2372 2371 2375 2376
f  2372 2369 2373 2376
f  2373 2374 2375 2376
v -3.61901E+01  2.19389E+02 -1.03216E+03
v  7.80876E+01  2.19389E+02 -1.03216E+03
v  7.80876E+01  2.19389E+02 -1.22119E+03
v -3.61901E+01  2.19389E+02 -1.22119E+03
v -3.61901E+01 -4.06287E+00 -1.03216E+03
v  7.80876E+01 -4.06287E+00 -1.03216E+03
v  7.80876E+01 -4.06287E+00 -1.22119E+03
v -3.61901E+01 -4.06287E+00 -1.22119E+03
g vc_297
f  2377 2378 2379 2380
f  2377 2378 2382 2381
f  2379 2378 2382 2383
f  2380 2379 2383 2384
f  2380 2377 2381 2384
f  2381 2382 2383 2384
v -9.12617E+01  2.19389E+02 -1.03216E+03
v -3.61901E+01  2.19389E+02 -1.03216E+03
v -3.61901E+01  2.19389E+02 -1.22119E+03
v -9.12617E+01  2.19389E+02 -1.22119E+03
v -9.12617E+01 -4.06287E+00 -1.03216E+03
v -3.61901E+01 -4.06287E+00 -1.03216E+03
v -3.61901E+01 -4.06287E+00 -1.22119E+03
v -9.12617E+01 -4.06287E+00 -1.22119E+03
g vc_298
f  2385 2386 2387 2388
f  2385 2386 2390 2389
f  2387 2386 2390 2391
f  2388 2387 2391 2392
f  2388 2385 2389 2392
f  2389 2390 2391 2392
v -9.12617E+01  2.19389E+02 -8.46185E+02
v  7.80876E+01  2.19389E+02 -8.46185E+02
v  7.80876E+01  2.19389E+02 -9.38385E+02
v -9.12617E+01  2.19389E+02 -9.38385E+02
v -9.12617E+01 -4.06287E+00 -8.46185E+02
v  7.80876E+01 -4.06287E+00 -8.46185E+02
v  7.80876E+01 -4.06287E+00 -9.38385E+02
v -9.12617E+01 -4.06287E+00 -9.38385E+02
g vc_299
f  2393 2394 2395 2396
f  2393 2394 2398 2397
f  2395 2394 2398 2399
f  2396 2395 2399 2400
f  2396 2393 2397 2400
f  2397 2398 2399 2400
v -9.12617E+01  2.19389E+02 -9.38385E+02
v  7.80876E+01  2.19389E+02 -9.38385E+02
v  7.80876E+01  2.19389E+02 -1.03216E+03
v -9.12617E+01  2.19389E+02 -1.03216E+03
v -9.12617E+01 -4.06287E+00 -9.38385E+02
v  7.80876E+01 -4.06287E+00 -9.38385E+02
v  7.80876E+01 -4.06287E+00 -1.03216E+03
v -9.12617E+01 -4.06287E+00 -1.03216E+03
g vc_300
f  2401 2402 2403 2404
f  2401 2402 2406 2405
f  2403 2402 2406 2407
f  2404 2403 2407 2408
f  2404 2401 2405 2408
f  2405 2406 2407 2408
v -3.77417E+01  2.19389E+02  1.98004E+01
v  6.77131E+01  2.19389E+02  1.98004E+01
v  6.77131E+01  2.19389E+02 -1.69673E+02
v -3.77417E+01  2.19389E+02 -1.69673E+02
v -3.77417E+01 -4.06287E+00  1.98004E+01
v  6.77131E+01 -4.06287E+00  1.98004E+01
v  6.77131E+01 -4.06287E+00 -1.69673E+02
v -3.77417E+01 -4.06287E+00 -1.69673E+02
g vc_301
f  2409 2410 2411 2412
f  2409 2410 2414 2413
f  2411 2410 2414 2415
f  2412 2411 2415 2416
f  2412 2409 2413 2416
f  2413 2414 2415 2416
v -9.71505E+01  2.19389E+02  1.98004E+01
v -3.77417E+01  2.19389E+02  1.98004E+01
v -3.77417E+01  2.19389E+02 -1.69673E+02
v -9.71505E+01  2.19389E+02 -1.69673E+02
v -9.71505E+01 -4.06287E+00  1.98004E+01
v -3.77417E+01 -4.06287E+00  1.98004E+01
v -3.77417E+01 -4.06287E+00 -1.69673E+02
v -9.71505E+01 -4.06287E+00 -1.69673E+02
g vc_302
f  2417 2418 2419 2420
f  2417 2418 2422 2421
f  2419 2418 2422 2423
f  2420 2419 2423 2424
f  2420 2417 2421 2424
f  2421 2422 2423 2424
v  7.02845E+01  2.19389E+02 -1.69673E+02
v  1.34777E+02  2.19389E+02 -1.69673E+02
v  1.34777E+02  2.19389E+02 -2.92254E+02
v  7.02845E+01  2.19389E+02 -2.92254E+02
v  7.02845E+01 -4.06287E+00 -1.69673E+02
v  1.34777E+02 -4.06287E+00 -1.69673E+02
v  1.34777E+02 -4.06287E+00 -2.92254E+02
v  7.02845E+01 -4.06287E+00 -2.92254E+02
g vc_303
f  2425 2426 2427 2428
f  2425 2426 2430 2429
f  2427 2426 2430 2431
f  2428 2427 2431 2432
f  2428 2425 2429 2432
f  2429 2430 2431 2432
v -7.94701E+01  2.19389E+02 -1.69673E+02
v  7.02845E+01  2.19389E+02 -1.69673E+02
v  7.02845E+01  2.19389E+02 -2.92254E+02
v -7.94701E+01  2.19389E+02 -2.92254E+02
v -7.94701E+01 -4.06287E+00 -1.69673E+02
v  7.02845E+01 -4.06287E+00 -1.69673E+02
v  7.02845E+01 -4.06287E+00 -2.92254E+02
v -7.94701E+01 -4.06287E+00 -2.92254E+02
g vc_304
f  2433 2434 2435 2436
f  2433 2434 2438 2437
f  2435 2434 2438 2439
f  2436 2435 2439 2440
f  2436 2433 2437 2440
f  2437 2438 2439 2440
v -4.68115E+02  2.19389E+02  1.59443E+02
v -3.39808E+02  2.19389E+02  1.59443E+02
v -3.39808E+02  2.19389E+02  2.63745E+01
v -4.68115E+02  2.19389E+02  2.63745E+01
v -4.68115E+02 -4.06287E+00  1.59443E+02
v -3.39808E+02 -4.06287E+00  1.59443E+02
v -3.39808E+02 -4.06287E+00  2.63745E+01
v -4.68115E+02 -4.06287E+00  2.63745E+01
g vc_305
f  2441 2442 2443 2444
f  2441 2442 2446 2445
f  2443 2442 2446 2447
f  2444 2443 2447 2448
f  2444 2441 2445 2448
f  2445 2446 2447 2448
v -4.68115E+02  2.19389E+02  2.63745E+01
v -3.39808E+02  2.19389E+02  2.63745E+01
v -3.39808E+02  2.19389E+02 -4.01597E+01
v -4.68115E+02  2.19389E+02 -4.01597E+01
v -4.68115E+02 -4.06287E+00  2.63745E+01
v -3.39808E+02 -4.06287E+00  2.63745E+01
v -3.39808E+02 -4.06287E+00 -4.01597E+01
v -4.68115E+02 -4.06287E+00 -4.01597E+01
g vc_306
f  2449 2450 2451 2452
f  2449 2450 2454 2453
f  2451 2450 2454 2455
f  2452 2451 2455 2456
f  2452 2449 2453 2456
f  2453 2454 2455 2456
v -6.42389E+02  2.19389E+02  2.70657E+02
v -5.52064E+02  2.19389E+02  2.70657E+02
v -5.52064E+02  2.19389E+02  1.61480E+02
v -6.42389E+02  2.19389E+02  1.61480E+02
v -6.42389E+02 -4.06287E+00  2.70657E+02
v -5.52064E+02 -4.06287E+00  2.70657E+02
v -5.52064E+02 -4.06287E+00  1.61480E+02
v -6.42389E+02 -4.06287E+00  1.61480E+02
g vc_307
f  2457 2458 2459 2460
f  2457 2458 2462 2461
f  2459 2458 2462 2463
f  2460 2459 2463 2464
f  2460 2457 2461 2464
f  2461 2462 2463 2464
v -7.83444E+02  2.19389E+02  2.70657E+02
v -6.42389E+02  2.19389E+02  2.70657E+02
v -6.42389E+02  2.19389E+02  1.61480E+02
v -7.83444E+02  2.19389E+02  1.61480E+02
v -7.83444E+02 -4.06287E+00  2.70657E+02
v -6.42389E+02 -4.06287E+00  2.70657E+02
v -6.42389E+02 -4.06287E+00  1.61480E+02
v -7.83444E+02 -4.06287E+00  1.61480E+02
g vc_308
f  2465 2466 2467 2468
f  2465 2466 2470 2469
f  2467 2466 2470 2471
f  2468 2467 2471 2472
f  2468 2465 2469 2472
f  2469 2470 2471 2472
v -7.68694E+02  2.19389E+02 -5.66185E+02
v -6.81052E+02  2.19389E+02 -5.66185E+02
v -6.81052E+02  2.19389E+02 -7.37277E+02
v -7.68694E+02  2.19389E+02 -7.37277E+02
v -7.68694E+02 -4.06287E+00 -5.66185E+02
v -6.81052E+02 -4.06287E+00 -5.66185E+02
v -6.81052E+02 -4.06287E+00 -7.37277E+02
v -7.68694E+02 -4.06287E+00 -7.37277E+02
g vc_309
f  2473 2474 2475 2476
f  2473 2474 2478 2477
f  2475 2474 2478 2479
f  2476 2475 2479 2480
f  2476 2473 2477 2480
f  2477 2478 2479 2480
v -8.21939E+02  2.19389E+02 -5.66185E+02
v -7.68694E+02  2.19389E+02 -5.66185E+02
v -7.68694E+02  2.19389E+02 -7.37277E+02
v -8.21939E+02  2.19389E+02 -7.37277E+02
v -8.21939E+02 -4.06287E+00 -5.66185E+02
v -7.68694E+02 -4.06287E+00 -5.66185E+02
v -7.68694E+02 -4.06287E+00 -7.37277E+02
v -8.21939E+02 -4.06287E+00 -7.37277E+02
g vc_310
f  2481 2482 2483 2484
f  2481 2482 2486 2485
f  2483 2482 2486 2487
f  2484 2483 2487 2488
f  2484 2481 2485 2488
f  2485 2486 2487 2488
v  2.57603E+02  2.19389E+02 -1.03061E+03
v  3.82936E+02  2.19389E+02 -1.03061E+03
v  3.82936E+02  2.19389E+02 -1.16150E+03
v  2.57603E+02  2.19389E+02 -1.16150E+03
v  2.57603E+02 -4.06287E+00 -1.03061E+03
v  3.82936E+02 -4.06287E+00 -1.03061E+03
v  3.82936E+02 -4.06287E+00 -1.16150E+03
v  2.57603E+02 -4.06287E+00 -1.16150E+03
g vc_311
f  2489 2490 2491 2492
f  2489 2490 2494 2493
f  2491 2490 2494 2495
f  2492 2491 2495 2496
f  2492 2489 2493 2496
f  2493 2494 2495 2496
v  2.57603E+02  2.19389E+02 -1.16150E+03
v  3.82936E+02  2.19389E+02 -1.16150E+03
v  3.82936E+02  2.19389E+02 -1.22119E+03
v  2.57603E+02  2.19389E+02 -1.22119E+03
v  2.57603E+02 -4.06287E+00 -1.16150E+03
v  3.82936E+02 -4.06287E+00 -1.16150E+03
v  3.82936E+02 -4.06287E+00 -1.22119E+03
v  2.57603E+02 -4.06287E+00 -1.22119E+03
g vc_312
f  2497 2498 2499 2500
f  2497 2498 2502 2501
f  2499 2498 2502 2503
f  2500 2499 2503 2504
f  2500 2497 2501 2504
f  2501 2502 2503 2504
v  2.57603E+02  2.19389E+02 -8.46185E+02
v  3.82936E+02  2.19389E+02 -8.46185E+02
v  3.82936E+02  2.19389E+02 -1.03061E+03
v  2.57603E+02  2.19389E+02 -1.03061E+03
v  2.57603E+02  2.95027E+01 -8.46185E+02
v  3.82936E+02  2.95027E+01 -8.46185E+02
v  3.82936E+02  2.95027E+01 -1.03061E+03
v  2.57603E+02  2.95027E+01 -1.03061E+03
g vc_313
f  2505 2506 2507 2508
f  2505 2506 2510 2509
f  2507 2506 2510 2511
f  2508 2507 2511 2512
f  2508 2505 2509 2512
f  2509 2510 2511 2512
v  2.57603E+02  2.95027E+01 -8.46185E+02
v  3.82936E+02  2.95027E+01 -8.46185E+02
v  3.82936E+02  2.95027E+01 -1.03061E+03
v  2.57603E+02  2.95027E+01 -1.03061E+03
v  2.57603E+02 -4.06287E+00 -8.46185E+02
v  3.82936E+02 -4.06287E+00 -8.46185E+02
v  3.82936E+02 -4.06287E+00 -1.03061E+03
v  2.57603E+02 -4.06287E+00 -1.03061E+03
g vc_314
f  2513 2514 2515 2516
f  2513 2514 2518 2517
f  2515 2514 2518 2519
f  2516 2515 2519 2520
f  2516 2513 2517 2520
f  2517 2518 2519 2520
v -7.61368E+02  2.19389E+02 -4.79819E+01
v -6.02902E+02  2.19389E+02 -4.79819E+01
v -6.02902E+02  2.19389E+02 -1.13003E+02
v -7.61368E+02  2.19389E+02 -1.13003E+02
v -7.61368E+02 -4.06287E+00 -4.79819E+01
v -6.02902E+02 -4.06287E+00 -4.79819E+01
v -6.02902E+02 -4.06287E+00 -1.13003E+02
v -7.61368E+02 -4.06287E+00 -1.13003E+02
g vc_315
f  2521 2522 2523 2524
f  2521 2522 2526 2525
f  2523 2522 2526 2527
f  2524 2523 2527 2528
f  2524 2521 2525 2528
f  2525 2526 2527 2528
v -7.61368E+02  2.19389E+02 -1.13003E+02
v -6.02902E+02  2.19389E+02 -1.13003E+02
v -6.02902E+02  2.19389E+02 -1.78278E+02
v -7.61368E+02  2.19389E+02 -1.78278E+02
v -7.61368E+02 -4.06287E+00 -1.13003E+02
v -6.02902E+02 -4.06287E+00 -1.13003E+02
v -6.02902E+02 -4.06287E+00 -1.78278E+02
v -7.61368E+02 -4.06287E+00 -1.78278E+02
g vc_316
f  2529 2530 2531 2532
f  2529 2530 2534 2533
f  2531 2530 2534 2535
f  2532 2531 2535 2536
f  2532 2529 2533 2536
f  2533 2534 2535 2536
v  9.52778E+01  2.19389E+02 -7.45006E+02
v  1.91686E+02  2.19389E+02 -7.45006E+02
v  1.91686E+02  2.19389E+02 -8.46185E+02
v  9.52778E+01  2.19389E+02 -8.46185E+02
v  9.52778E+01 -4.06287E+00 -7.45006E+02
v  1.91686E+02 -4.06287E+00 -7.45006E+02
v  1.91686E+02 -4.06287E+00 -8.46185E+02
v  9.52778E+01 -4.06287E+00 -8.46185E+02
g vc_317
f  2537 2538 2539 2540
f  2537 2538 2542 2541
f  2539 2538 2542 2543
f  2540 2539 2543 2544
f  2540 2537 2541 2544
f  2541 2542 2543 2544
v -3.43097E+00  2.19389E+02 -7.45006E+02
v  9.52778E+01  2.19389E+02 -7.45006E+02
v  9.52778E+01  2.19389E+02 -8.46185E+02
v -3.43097E+00  2.19389E+02 -8.46185E+02
v -3.43097E+00 -4.06287E+00 -7.45006E+02
v  9.52778E+01 -4.06287E+00 -7.45006E+02
v  9.52778E+01 -4.06287E+00 -8.46185E+02
v -3.43097E+00 -4.06287E+00 -8.46185E+02
g vc_318
f  2545 2546 2547 2548
f  2545 2546 2550 2549
f  2547 2546 2550 2551
f  2548 2547 2551 2552
f  2548 2545 2549 2552
f  2549 2550 2551 2552
v  9.64516E+01  2.19389E+02 -6.46185E+02
v  1.91686E+02  2.19389E+02 -6.46185E+02
v  1.91686E+02  2.19389E+02 -7.45006E+02
v  9.64516E+01  2.19389E+02 -7.45006E+02
v  9.64516E+01 -4.06287E+00 -6.46185E+02
v  1.91686E+02 -4.06287E+00 -6.46185E+02
v  1.91686E+02 -4.06287E+00 -7.45006E+02
v  9.64516E+01 -4.06287E+00 -7.45006E+02
g vc_319
f  2553 2554 2555 2556
f  2553 2554 2558 2557
f  2555 2554 2558 2559
f  2556 2555 2559 2560
f  2556 2553 2557 2560
f  2557 2558 2559 2560
v -3.43097E+00  2.19389E+02 -6.46185E+02
v  9.64516E+01  2.19389E+02 -6.46185E+02
v  9.64516E+01  2.19389E+02 -7.45006E+02
v -3.43097E+00  2.19389E+02 -7.45006E+02
v -3.43097E+00 -4.06287E+00 -6.46185E+02
v  9.64516E+01 -4.06287E+00 -6.46185E+02
v  9.64516E+01 -4.06287E+00 -7.45006E+02
v -3.43097E+00 -4.06287E+00 -7.45006E+02
g vc_320
f  2561 2562 2563 2564
f  2561 2562 2566 2565
f  2563 2562 2566 2567
f  2564 2563 2567 2568
f  2564 2561 2565 2568
f  2565 2566 2567 2568
v  6.24147E+01  2.19389E+02  2.82131E+02
v  1.34777E+02  2.19389E+02  2.82131E+02
v  1.34777E+02  2.19389E+02  9.58305E+01
v  6.24147E+01  2.19389E+02  9.58305E+01
v  6.24147E+01 -4.06287E+00  2.82131E+02
v  1.34777E+02 -4.06287E+00  2.82131E+02
v  1.34777E+02 -4.06287E+00  9.58305E+01
v  6.24147E+01 -4.06287E+00  9.58305E+01
g vc_321
f  2569 2570 2571 2572
f  2569 2570 2574 2573
f  2571 2570 2574 2575
f  2572 2571 2575 2576
f  2572 2569 2573 2576
f  2573 2574 2575 2576
v  6.24147E+01  2.19389E+02  9.58305E+01
v  1.34777E+02  2.19389E+02  9.58305E+01
v  1.34777E+02  2.19389E+02  1.98004E+01
v  6.24147E+01  2.19389E+02  1.98004E+01
v  6.24147E+01 -4.06287E+00  9.58305E+01
v  1.34777E+02 -4.06287E+00  9.58305E+01
v  1.34777E+02 -4.06287E+00  1.98004E+01
v  6.24147E+01 -4.06287E+00  1.98004E+01
g vc_322
f  2577 2578 2579 2580
f  2577 2578 2582 2581
f  2579 2578 2582 2583
f  2580 2579 2583 2584
f  2580 2577 2581 2584
f  2581 2582 2583 2584
v  3.22936E+02  2.19389E+02  3.24701E+02
v  4.34466E+02  2.19389E+02  3.24701E+02
v  4.34466E+02  2.19389E+02  2.64313E+02
v  3.22936E+02  2.19389E+02  2.64313E+02
v  3.22936E+02 -4.06287E+00  3.24701E+02
v  4.34466E+02 -4.06287E+00  3.24701E+02
v  4.34466E+02 -4.06287E+00  2.64313E+02
v  3.22936E+02 -4.06287E+00  2.64313E+02
g vc_323
f  2585 2586 2587 2588
f  2585 2586 2590 2589
f  2587 2586 2590 2591
f  2588 2587 2591 2592
f  2588 2585 2589 2592
f  2589 2590 2591 2592
v  3.22936E+02  2.19389E+02  2.64313E+02
v  4.34466E+02  2.19389E+02  2.64313E+02
v  4.34466E+02  2.19389E+02  1.55506E+02
v  3.22936E+02  2.19389E+02  1.55506E+02
v  3.22936E+02 -4.06287E+00  2.64313E+02
v  4.34466E+02 -4.06287E+00  2.64313E+02
v  4.34466E+02 -4.06287E+00  1.55506E+02
v  3.22936E+02 -4.06287E+00  1.55506E+02
g vc_324
f  2593 2594 2595 2596
f  2593 2594 2598 2597
f  2595 2594 2598 2599
f  2596 2595 2599 2600
f  2596 2593 2597 2600
f  2597 2598 2599 2600
v -7.82790E+02  2.19389E+02 -2.68807E+02
v -6.82408E+02  2.19389E+02 -2.68807E+02
v -6.82408E+02  2.19389E+02 -3.59800E+02
v -7.82790E+02  2.19389E+02 -3.59800E+02
v -7.82790E+02 -4.06287E+00 -2.68807E+02
v -6.82408E+02 -4.06287E+00 -2.68807E+02
v -6.82408E+02 -4.06287E+00 -3.59800E+02
v -7.82790E+02 -4.06287E+00 -3.59800E+02
g vc_325
f  2601 2602 2603 2604
f  2601 2602 2606 2605
f  2603 2602 2606 2607
f  2604 2603 2607 2608
f  2604 2601 2605 2608
f  2605 2606 2607 2608
v -7.82790E+02  2.19389E+02 -3.59800E+02
v -6.82408E+02  2.19389E+02 -3.59800E+02
v -6.82408E+02  2.19389E+02 -4.52438E+02
v -7.82790E+02  2.19389E+02 -4.52438E+02
v -7.82790E+02 -4.06287E+00 -3.59800E+02
v -6.82408E+02 -4.06287E+00 -3.59800E+02
v -6.82408E+02 -4.06287E+00 -4.52438E+02
v -7.82790E+02 -4.06287E+00 -4.52438E+02
g vc_326
f  2609 2610 2611 2612
f  2609 2610 2614 2613
f  2611 2610 2614 2615
f  2612 2611 2615 2616
f  2612 2609 2613 2616
f  2613 2614 2615 2616
v  4.34466E+02  2.19389E+02  3.24701E+02
v  5.39236E+02  2.19389E+02  3.24701E+02
v  5.39236E+02  2.19389E+02  1.55506E+02
v  4.34466E+02  2.19389E+02  1.55506E+02
v  4.34466E+02  8.35942E+01  3.24701E+02
v  5.39236E+02  8.35942E+01  3.24701E+02
v  5.39236E+02  8.35942E+01  1.55506E+02
v  4.34466E+02  8.35942E+01  1.55506E+02
g vc_327
f  2617 2618 2619 2620
f  2617 2618 2622 2621
f  2619 2618 2622 2623
f  2620 2619 2623 2624
f  2620 2617 2621 2624
f  2621 2622 2623 2624
v  4.34466E+02  8.35942E+01  3.24701E+02
v  5.39236E+02  8.35942E+01  3.24701E+02
v  5.39236E+02  8.35942E+01  1.55506E+02
v  4.34466E+02  8.35942E+01  1.55506E+02
v  4.34466E+02 -4.06287E+00  3.24701E+02
v  5.39236E+02 -4.06287E+00  3.24701E+02
v  5.39236E+02 -4.06287E+00  1.55506E+02
v  4.34466E+02 -4.06287E+00  1.55506E+02
g vc_328
f  2625 2626 2627 2628
f  2625 2626 2630 2629
f  2627 2626 2630 2631
f  2628 2627 2631 2632
f  2628 2625 2629 2632
f  2629 2630 2631 2632
v -4.34117E+02  2.19389E+02 -4.55470E+02
v -2.75505E+02  2.19389E+02 -4.55470E+02
v -2.75505E+02  2.19389E+02 -5.10719E+02
v -4.34117E+02  2.19389E+02 -5.10719E+02
v -4.34117E+02 -4.06287E+00 -4.55470E+02
v -2.75505E+02 -4.06287E+00 -4.55470E+02
v -2.75505E+02 -4.06287E+00 -5.10719E+02
v -4.34117E+02 -4.06287E+00 -5.10719E+02
g vc_329
f  2633 2634 2635 2636
f  2633 2634 2638 2637
f  2635 2634 2638 2639
f  2636 2635 2639 2640
f  2636 2633 2637 2640
f  2637 2638 2639 2640
v -4.34117E+02  2.19389E+02 -5.10719E+02
v -2.75505E+02  2.19389E+02 -5.10719E+02
v -2.75505E+02  2.19389E+02 -5.66185E+02
v -4.34117E+02  2.19389E+02 -5.66185E+02
v -4.34117E+02 -4.06287E+00 -5.10719E+02
v -2.75505E+02 -4.06287E+00 -5.10719E+02
v -2.75505E+02 -4.06287E+00 -5.66185E+02
v -4.34117E+02 -4.06287E+00 -5.66185E+02
g vc_330
f  2641 2642 2643 2644
f  2641 2642 2646 2645
f  2643 2642 2646 2647
f  2644 2643 2647 2648
f  2644 2641 2645 2648
f  2645 2646 2647 2648
v  2.00227E+02  2.19389E+02  3.29775E+02
v  2.65423E+02  2.19389E+02  3.29775E+02
v  2.65423E+02  2.19389E+02  1.96675E+02
v  2.00227E+02  2.19389E+02  1.96675E+02
v  2.00227E+02 -4.06287E+00  3.29775E+02
v  2.65423E+02 -4.06287E+00  3.29775E+02
v  2.65423E+02 -4.06287E+00  1.96675E+02
v  2.00227E+02 -4.06287E+00  1.96675E+02
g vc_331
f  2649 2650 2651 2652
f  2649 2650 2654 2653
f  2651 2650 2654 2655
f  2652 2651 2655 2656
f  2652 2649 2653 2656
f  2653 2654 2655 2656
v  1.34777E+02  2.19389E+02  3.29775E+02
v  2.00227E+02  2.19389E+02  3.29775E+02
v  2.00227E+02  2.19389E+02  1.96675E+02
v  1.34777E+02  2.19389E+02  1.96675E+02
v  1.34777E+02 -4.06287E+00  3.29775E+02
v  2.00227E+02 -4.06287E+00  3.29775E+02
v  2.00227E+02 -4.06287E+00  1.96675E+02
v  1.34777E+02 -4.06287E+00  1.96675E+02
g vc_332
f  2657 2658 2659 2660
f  2657 2658 2662 2661
f  2659 2658 2662 2663
f  2660 2659 2663 2664
f  2660 2657 2661 2664
f  2661 2662 2663 2664
v  4.48513E+01  2.19389E+02 -4.49054E+02
v  1.32519E+02  2.19389E+02 -4.49054E+02
v  1.32519E+02  2.19389E+02 -5.46639E+02
v  4.48513E+01  2.19389E+02 -5.46639E+02
v  4.48513E+01 -4.06287E+00 -4.49054E+02
v  1.32519E+02 -4.06287E+00 -4.49054E+02
v  1.32519E+02 -4.06287E+00 -5.46639E+02
v  4.48513E+01 -4.06287E+00 -5.46639E+02
g vc_333
f  2665 2666 2667 2668
f  2665 2666 2670 2669
f  2667 2666 2670 2671
f  2668 2667 2671 2672
f  2668 2665 2669 2672
f  2669 2670 2671 2672
v -3.31981E+01  2.19389E+02 -4.49054E+02
v  4.48513E+01  2.19389E+02 -4.49054E+02
v  4.48513E+01  2.19389E+02 -5.46639E+02
v -3.31981E+01  2.19389E+02 -5.46639E+02
v -3.31981E+01 -4.06287E+00 -4.49054E+02
v  4.48513E+01 -4.06287E+00 -4.49054E+02
v  4.48513E+01 -4.06287E+00 -5.46639E+02
v -3.31981E+01 -4.06287E+00 -5.46639E+02
g vc_334
f  2673 2674 2675 2676
f  2673 2674 2678 2677
f  2675 2674 2678 2679
f  2676 2675 2679 2680
f  2676 2673 2677 2680
f  2677 2678 2679 2680
v  4.72935E+02  2.19389E+02 -1.61439E+02
v  5.51368E+02  2.19389E+02 -1.61439E+02
v  5.51368E+02  2.19389E+02 -2.89431E+02
v  4.72935E+02  2.19389E+02 -2.89431E+02
v  4.72935E+02 -4.06287E+00 -1.61439E+02
v  5.51368E+02 -4.06287E+00 -1.61439E+02
v  5.51368E+02 -4.06287E+00 -2.89431E+02
v  4.72935E+02 -4.06287E+00 -2.89431E+02
g vc_335
f  2681 2682 2683 2684
f  2681 2682 2686 2685
f  2683 2682 2686 2687
f  2684 2683 2687 2688
f  2684 2681 2685 2688
f  2685 2686 2687 2688
v  4.28750E+02  2.19389E+02 -1.61439E+02
v  4.72935E+02  2.19389E+02 -1.61439E+02
v  4.72935E+02  2.19389E+02 -2.89431E+02
v  4.28750E+02  2.19389E+02 -2.89431E+02
v  4.28750E+02 -4.06287E+00 -1.61439E+02
v  4.72935E+02 -4.06287E+00 -1.61439E+02
v  4.72935E+02 -4.06287E+00 -2.89431E+02
v  4.28750E+02 -4.06287E+00 -2.89431E+02
g vc_336
f  2689 2690 2691 2692
f  2689 2690 2694 2693
f  2691 2690 2694 2695
f  2692 2691 2695 2696
f  2692 2689 2693 2696
f  2693 2694 2695 2696
v -2.35467E+02  2.19389E+02 -2.43187E+02
v -2.02064E+02  2.19389E+02 -2.43187E+02
v -2.02064E+02  2.19389E+02 -4.55470E+02
v -2.35467E+02  2.19389E+02 -4.55470E+02
v -2.35467E+02 -4.06287E+00 -2.43187E+02
v -2.02064E+02 -4.06287E+00 -2.43187E+02
v -2.02064E+02 -4.06287E+00 -4.55470E+02
v -2.35467E+02 -4.06287E+00 -4.55470E+02
g vc_337
f  2697 2698 2699 2700
f  2697 2698 2702 2701
f  2699 2698 2702 2703
f  2700 2699 2703 2704
f  2700 2697 2701 2704
f  2701 2702 2703 2704
v -2.75930E+02  2.19389E+02 -2.43187E+02
v -2.35467E+02  2.19389E+02 -2.43187E+02
v -2.35467E+02  2.19389E+02 -4.55470E+02
v -2.75930E+02  2.19389E+02 -4.55470E+02
v -2.75930E+02 -4.06287E+00 -2.43187E+02
v -2.35467E+02 -4.06287E+00 -2.43187E+02
v -2.35467E+02 -4.06287E+00 -4.55470E+02
v -2.75930E+02 -4.06287E+00 -4.55470E+02
g vc_338
f  2705 2706 2707 2708
f  2705 2706 2710 2709
f  2707 2706 2710 2711
f  2708 2707 2711 2712
f  2708 2705 2709 2712
f  2709 2710 2711 2712
v  5.08734E+01  2.19389E+02 -3.56185E+02
v  1.32519E+02  2.19389E+02 -3.56185E+02
v  1.32519E+02  2.19389E+02 -4.49054E+02
v  5.08734E+01  2.19389E+02 -4.49054E+02
v  5.08734E+01 -4.06287E+00 -3.56185E+02
v  1.32519E+02 -4.06287E+00 -3.56185E+02
v  1.32519E+02 -4.06287E+00 -4.49054E+02
v  5.08734E+01 -4.06287E+00 -4.49054E+02
g vc_339
f  2713 2714 2715 2716
f  2713 2714 2718 2717
f  2715 2714 2718 2719
f  2716 2715 2719 2720
f  2716 2713 2717 2720
f  2717 2718 2719 2720
v -3.31981E+01  2.19389E+02 -3.56185E+02
v  5.08734E+01  2.19389E+02 -3.56185E+02
v  5.08734E+01  2.19389E+02 -4.49054E+02
v -3.31981E+01  2.19389E+02 -4.49054E+02
v -3.31981E+01 -4.06287E+00 -3.56185E+02
v  5.08734E+01 -4.06287E+00 -3.56185E+02
v  5.08734E+01 -4.06287E+00 -4.49054E+02
v -3.31981E+01 -4.06287E+00 -4.49054E+02
g vc_340
f  2721 2722 2723 2724
f  2721 2722 2726 2725
f  2723 2722 2726 2727
f  2724 2723 2727 2728
f  2724 2721 2725 2728
f  2725 2726 2727 2728
v -5.01661E+02  2.19389E+02 -1.20062E+02
v -4.31945E+02  2.19389E+02 -1.20062E+02
v -4.31945E+02  2.19389E+02 -2.43187E+02
v -5.01661E+02  2.19389E+02 -2.43187E+02
v -5.01661E+02 -4.06287E+00 -1.20062E+02
v -4.31945E+02 -4.06287E+00 -1.20062E+02
v -4.31945E+02 -4.06287E+00 -2.43187E+02
v -5.01661E+02 -4.06287E+00 -2.43187E+02
g vc_341
f  2729 2730 2731 2732
f  2729 2730 2734 2733
f  2731 2730 2734 2735
f  2732 2731 2735 2736
f  2732 2729 2733 2736
f  2733 2734 2735 2736
v -5.52064E+02  2.19389E+02 -1.20062E+02
v -5.01661E+02  2.19389E+02 -1.20062E+02
v -5.01661E+02  2.19389E+02 -2.43187E+02
v -5.52064E+02  2.19389E+02 -2.43187E+02
v -5.52064E+02 -4.06287E+00 -1.20062E+02
v -5.01661E+02 -4.06287E+00 -1.20062E+02
v -5.01661E+02 -4.06287E+00 -2.43187E+02
v -5.52064E+02 -4.06287E+00 -2.43187E+02
g vc_342
f  2737 2738 2739 2740
f  2737 2738 2742 2741
f  2739 2738 2742 2743
f  2740 2739 2743 2744
f  2740 2737 2741 2744
f  2741 2742 2743 2744
v -4.31945E+02  2.19389E+02 -1.20062E+02
v -3.14736E+02  2.19389E+02 -1.20062E+02
v -3.14736E+02  2.19389E+02 -1.80348E+02
v -4.31945E+02  2.19389E+02 -1.80348E+02
v -4.31945E+02 -4.06287E+00 -1.20062E+02
v -3.14736E+02 -4.06287E+00 -1.20062E+02
v -3.14736E+02 -4.06287E+00 -1.80348E+02
v -4.31945E+02 -4.06287E+00 -1.80348E+02
g vc_343
f  2745 2746 2747 2748
f  2745 2746 2750 2749
f  2747 2746 2750 2751
f  2748 2747 2751 2752
f  2748 2745 2749 2752
f  2749 2750 2751 2752
v -4.31945E+02  2.19389E+02 -1.80348E+02
v -3.14736E+02  2.19389E+02 -1.80348E+02
v -3.14736E+02  2.19389E+02 -2.43187E+02
v -4.31945E+02  2.19389E+02 -2.43187E+02
v -4.31945E+02 -4.06287E+00 -1.80348E+02
v -3.14736E+02 -4.06287E+00 -1.80348E+02
v -3.14736E+02 -4.06287E+00 -2.43187E+02
v -4.31945E+02 -4.06287E+00 -2.43187E+02
g vc_344
f  2753 2754 2755 2756
f  2753 2754 2758 2757
f  2755 2754 2758 2759
f  2756 2755 2759 2760
f  2756 2753 2757 2760
f  2757 2758 2759 2760
v -6.42694E+02  2.19389E+02 -1.78278E+02
v -6.02902E+02  2.19389E+02 -1.78278E+02
v -6.02902E+02  2.19389E+02 -2.68807E+02
v -6.42694E+02  2.19389E+02 -2.68807E+02
v -6.42694E+02 -4.06287E+00 -1.78278E+02
v -6.02902E+02 -4.06287E+00 -1.78278E+02
v -6.02902E+02 -4.06287E+00 -2.68807E+02
v -6.42694E+02 -4.06287E+00 -2.68807E+02
g vc_345
f  2761 2762 2763 2764
f  2761 2762 2766 2765
f  2763 2762 2766 2767
f  2764 2763 2767 2768
f  2764 2761 2765 2768
f  2765 2766 2767 2768
v -7.61368E+02  2.19389E+02 -1.78278E+02
v -6.42694E+02  2.19389E+02 -1.78278E+02
v -6.42694E+02  2.19389E+02 -2.68807E+02
v -7.61368E+02  2.19389E+02 -2.68807E+02
v -7.61368E+02 -4.06287E+00 -1.78278E+02
v -6.42694E+02 -4.06287E+00 -1.78278E+02
v -6.42694E+02 -4.06287E+00 -2.68807E+02
v -7.61368E+02 -4.06287E+00 -2.68807E+02
g vc_346
f  2769 2770 2771 2772
f  2769 2770 2774 2773
f  2771 2770 2774 2775
f  2772 2771 2775 2776
f  2772 2769 2773 2776
f  2773 2774 2775 2776
v -1.57381E+02  2.19389E+02  1.45196E+02
v -8.90872E+01  2.19389E+02  1.45196E+02
v -8.90872E+01  2.19389E+02  1.98004E+01
v -1.57381E+02  2.19389E+02  1.98004E+01
v -1.57381E+02 -4.06287E+00  1.45196E+02
v -8.90872E+01 -4.06287E+00  1.45196E+02
v -8.90872E+01 -4.06287E+00  1.98004E+01
v -1.57381E+02 -4.06287E+00  1.98004E+01
g vc_347
f  2777 2778 2779 2780
f  2777 2778 2782 2781
f  2779 2778 2782 2783
f  2780 2779 2783 2784
f  2780 2777 2781 2784
f  2781 2782 2783 2784
v -2.02064E+02  2.19389E+02  1.45196E+02
v -1.57381E+02  2.19389E+02  1.45196E+02
v -1.57381E+02  2.19389E+02  1.98004E+01
v -2.02064E+02  2.19389E+02  1.98004E+01
v -2.02064E+02 -4.06287E+00  1.45196E+02
v -1.57381E+02 -4.06287E+00  1.45196E+02
v -1.57381E+02 -4.06287E+00  1.98004E+01
v -2.02064E+02 -4.06287E+00  1.98004E+01
g vc_348
f  2785 2786 2787 2788
f  2785 2786 2790 2789
f  2787 2786 2790 2791
f  2788 2787 2791 2792
f  2788 2785 2789 2792
f  2789 2790 2791 2792
v -4.90849E+02  2.19389E+02 -4.01597E+01
v -3.14736E+02  2.19389E+02 -4.01597E+01
v -3.14736E+02  2.19389E+02 -1.20062E+02
v -4.90849E+02  2.19389E+02 -1.20062E+02
v -4.90849E+02  9.16763E+01 -4.01597E+01
v -3.14736E+02  9.16763E+01 -4.01597E+01
v -3.14736E+02  9.16763E+01 -1.20062E+02
v -4.90849E+02  9.16763E+01 -1.20062E+02
g vc_349
f  2793 2794 2795 2796
f  2793 2794 2798 2797
f  2795 2794 2798 2799
f  2796 2795 2799 2800
f  2796 2793 2797 2800
f  2797 2798 2799 2800
v -4.90849E+02  9.16763E+01 -4.01597E+01
v -3.14736E+02  9.16763E+01 -4.01597E+01
v -3.14736E+02  9.16763E+01 -1.20062E+02
v -4.90849E+02  9.16763E+01 -1.20062E+02
v -4.90849E+02 -4.06287E+00 -4.01597E+01
v -3.14736E+02 -4.06287E+00 -4.01597E+01
v -3.14736E+02 -4.06287E+00 -1.20062E+02
v -4.90849E+02 -4.06287E+00 -1.20062E+02
g vc_350
f  2801 2802 2803 2804
f  2801 2802 2806 2805
f  2803 2802 2806 2807
f  2804 2803 2807 2808
f  2804 2801 2805 2808
f  2805 2806 2807 2808
v  2.89762E+01  2.19389E+02 -2.92254E+02
v  1.34777E+02  2.19389E+02 -2.92254E+02
v  1.34777E+02  2.19389E+02 -3.56185E+02
v  2.89762E+01  2.19389E+02 -3.56185E+02
v  2.89762E+01 -4.06287E+00 -2.92254E+02
v  1.34777E+02 -4.06287E+00 -2.92254E+02
v  1.34777E+02 -4.06287E+00 -3.56185E+02
v  2.89762E+01 -4.06287E+00 -3.56185E+02
g vc_351
f  2809 2810 2811 2812
f  2809 2810 2814 2813
f  2811 2810 2814 2815
f  2812 2811 2815 2816
f  2812 2809 2813 2816
f  2813 2814 2815 2816
v -7.94701E+01  2.19389E+02 -2.92254E+02
v  2.89762E+01  2.19389E+02 -2.92254E+02
v  2.89762E+01  2.19389E+02 -3.56185E+02
v -7.94701E+01  2.19389E+02 -3.56185E+02
v -7.94701E+01 -4.06287E+00 -2.92254E+02
v  2.89762E+01 -4.06287E+00 -2.92254E+02
v  2.89762E+01 -4.06287E+00 -3.56185E+02
v -7.94701E+01 -4.06287E+00 -3.56185E+02
g vc_352
f  2817 2818 2819 2820
f  2817 2818 2822 2821
f  2819 2818 2822 2823
f  2820 2819 2823 2824
f  2820 2817 2821 2824
f  2821 2822 2823 2824
v -1.16728E+02  2.19389E+02 -7.25697E+02
v -3.43097E+00  2.19389E+02 -7.25697E+02
v -3.43097E+00  2.19389E+02 -7.73494E+02
v -1.16728E+02  2.19389E+02 -7.73494E+02
v -1.16728E+02 -4.06287E+00 -7.25697E+02
v -3.43097E+00 -4.06287E+00 -7.25697E+02
v -3.43097E+00 -4.06287E+00 -7.73494E+02
v -1.16728E+02 -4.06287E+00 -7.73494E+02
g vc_353
f  2825 2826 2827 2828
f  2825 2826 2830 2829
f  2827 2826 2830 2831
f  2828 2827 2831 2832
f  2828 2825 2829 2832
f  2829 2830 2831 2832
v -1.16728E+02  2.19389E+02 -7.73494E+02
v -3.43097E+00  2.19389E+02 -7.73494E+02
v -3.43097E+00  2.19389E+02 -8.46185E+02
v -1.16728E+02  2.19389E+02 -8.46185E+02
v -1.16728E+02 -4.06287E+00 -7.73494E+02
v -3.43097E+00 -4.06287E+00 -7.73494E+02
v -3.43097E+00 -4.06287E+00 -8.46185E+02
v -1.16728E+02 -4.06287E+00 -8.46185E+02
g vc_354
f  2833 2834 2835 2836
f  2833 2834 2838 2837
f  2835 2834 2838 2839
f  2836 2835 2839 2840
f  2836 2833 2837 2840
f  2837 2838 2839 2840
v -6.81052E+02  2.19389E+02 -5.66185E+02
v -6.01430E+02  2.19389E+02 -5.66185E+02
v -6.01430E+02  2.19389E+02 -6.49801E+02
v -6.81052E+02  2.19389E+02 -6.49801E+02
v -6.81052E+02 -4.06287E+00 -5.66185E+02
v -6.01430E+02 -4.06287E+00 -5.66185E+02
v -6.01430E+02 -4.06287E+00 -6.49801E+02
v -6.81052E+02 -4.06287E+00 -6.49801E+02
g vc_355
f  2841 2842 2843 2844
f  2841 2842 2846 2845
f  2843 2842 2846 2847
f  2844 2843 2847 2848
f  2844 2841 2845 2848
f  2845 2846 2847 2848
v -6.81052E+02  2.19389E+02 -6.49801E+02
v -6.01430E+02  2.19389E+02 -6.49801E+02
v -6.01430E+02  2.19389E+02 -7.37277E+02
v -6.81052E+02  2.19389E+02 -7.37277E+02
v -6.81052E+02 -4.06287E+00 -6.49801E+02
v -6.01430E+02 -4.06287E+00 -6.49801E+02
v -6.01430E+02 -4.06287E+00 -7.37277E+02
v -6.81052E+02 -4.06287E+00 -7.37277E+02
g vc_356
f  2849 2850 2851 2852
f  2849 2850 2854 2853
f  2851 2850 2854 2855
f  2852 2851 2855 2856
f  2852 2849 2853 2856
f  2853 2854 2855 2856
v -2.02064E+02  2.19389E+02 -4.15022E+01
v -9.71505E+01  2.19389E+02 -4.15022E+01
v -9.71505E+01  2.19389E+02 -1.30023E+02
v -2.02064E+02  2.19389E+02 -1.30023E+02
v -2.02064E+02 -4.06287E+00 -4.15022E+01
v -9.71505E+01 -4.06287E+00 -4.15022E+01
v -9.71505E+01 -4.06287E+00 -1.30023E+02
v -2.02064E+02 -4.06287E+00 -1.30023E+02
g vc_357
f  2857 2858 2859 2860
f  2857 2858 2862 2861
f  2859 2858 2862 2863
f  2860 2859 2863 2864
f  2860 2857 2861 2864
f  2861 2862 2863 2864
v -2.02064E+02  2.19389E+02 -1.30023E+02
v -9.71505E+01  2.19389E+02 -1.30023E+02
v -9.71505E+01  2.19389E+02 -1.69673E+02
v -2.02064E+02  2.19389E+02 -1.69673E+02
v -2.02064E+02 -4.06287E+00 -1.30023E+02
v -9.71505E+01 -4.06287E+00 -1.30023E+02
v -9.71505E+01 -4.06287E+00 -1.69673E+02
v -2.02064E+02 -4.06287E+00 -1.69673E+02
g vc_358
f  2865 2866 2867 2868
f  2865 2866 2870 2869
f  2867 2866 2870 2871
f  2868 2867 2871 2872
f  2868 2865 2869 2872
f  2869 2870 2871 2872
v -5.52064E+02  2.19389E+02  1.19950E+02
v -4.68115E+02  2.19389E+02  1.19950E+02
v -4.68115E+02  2.19389E+02  2.32596E+01
v -5.52064E+02  2.19389E+02  2.32596E+01
v -5.52064E+02 -4.06287E+00  1.19950E+02
v -4.68115E+02 -4.06287E+00  1.19950E+02
v -4.68115E+02 -4.06287E+00  2.32596E+01
v -5.52064E+02 -4.06287E+00  2.32596E+01
g vc_359
f  2873 2874 2875 2876
f  2873 2874 2878 2877
f  2875 2874 2878 2879
f  2876 2875 2879 2880
f  2876 2873 2877 2880
f  2877 2878 2879 2880
v -5.52064E+02  2.19389E+02  2.32596E+01
v -4.68115E+02  2.19389E+02  2.32596E+01
v -4.68115E+02  2.19389E+02 -4.01597E+01
v -5.52064E+02  2.19389E+02 -4.01597E+01
v -5.52064E+02 -4.06287E+00  2.32596E+01
v -4.68115E+02 -4.06287E+00  2.32596E+01
v -4.68115E+02 -4.06287E+00 -4.01597E+01
v -5.52064E+02 -4.06287E+00 -4.01597E+01
g vc_360
f  2881 2882 2883 2884
f  2881 2882 2886 2885
f  2883 2882 2886 2887
f  2884 2883 2887 2888
f  2884 2881 2885 2888
f  2885 2886 2887 2888
v -2.57603E+02  2.19389E+02  1.28856E+02
v -2.02064E+02  2.19389E+02  1.28856E+02
v -2.02064E+02  2.19389E+02  3.62510E+01
v -2.57603E+02  2.19389E+02  3.62510E+01
v -2.57603E+02 -4.06287E+00  1.28856E+02
v -2.02064E+02 -4.06287E+00  1.28856E+02
v -2.02064E+02 -4.06287E+00  3.62510E+01
v -2.57603E+02 -4.06287E+00  3.62510E+01
g vc_361
f  2889 2890 2891 2892
f  2889 2890 2894 2893
f  2891 2890 2894 2895
f  2892 2891 2895 2896
f  2892 2889 2893 2896
f  2893 2894 2895 2896
v -3.39808E+02  2.19389E+02  1.28856E+02
v -2.57603E+02  2.19389E+02  1.28856E+02
v -2.57603E+02  2.19389E+02  3.62510E+01
v -3.39808E+02  2.19389E+02  3.62510E+01
v -3.39808E+02 -4.06287E+00  1.28856E+02
v -2.57603E+02 -4.06287E+00  1.28856E+02
v -2.57603E+02 -4.06287E+00  3.62510E+01
v -3.39808E+02 -4.06287E+00  3.62510E+01
g vc_362
f  2897 2898 2899 2900
f  2897 2898 2902 2901
f  2899 2898 2902 2903
f  2900 2899 2903 2904
f  2900 2897 2901 2904
f  2901 2902 2903 2904
v  9.04447E+01  2.19389E+02  1.98004E+01
v  1.34777E+02  2.19389E+02  1.98004E+01
v  1.34777E+02  2.19389E+02 -1.69673E+02
v  9.04447E+01  2.19389E+02 -1.69673E+02
v  9.04447E+01 -4.06287E+00  1.98004E+01
v  1.34777E+02 -4.06287E+00  1.98004E+01
v  1.34777E+02 -4.06287E+00 -1.69673E+02
v  9.04447E+01 -4.06287E+00 -1.69673E+02
g vc_363
f  2905 2906 2907 2908
f  2905 2906 2910 2909
f  2907 2906 2910 2911
f  2908 2907 2911 2912
f  2908 2905 2909 2912
f  2909 2910 2911 2912
v  6.77131E+01  2.19389E+02  1.98004E+01
v  9.04447E+01  2.19389E+02  1.98004E+01
v  9.04447E+01  2.19389E+02 -1.69673E+02
v  6.77131E+01  2.19389E+02 -1.69673E+02
v  6.77131E+01 -4.06287E+00  1.98004E+01
v  9.04447E+01 -4.06287E+00  1.98004E+01
v  9.04447E+01 -4.06287E+00 -1.69673E+02
v  6.77131E+01 -4.06287E+00 -1.69673E+02
g vc_364
f  2913 2914 2915 2916
f  2913 2914 2918 2917
f  2915 2914 2918 2919
f  2916 2915 2919 2920
f  2916 2913 2917 2920
f  2917 2918 2919 2920
v  4.71257E+02  2.19389E+02  7.97006E+01
v  5.39236E+02  2.19389E+02  7.97006E+01
v  5.39236E+02  2.19389E+02 -9.88779E+00
v  4.71257E+02  2.19389E+02 -9.88779E+00
v  4.71257E+02 -4.06287E+00  7.97006E+01
v  5.39236E+02 -4.06287E+00  7.97006E+01
v  5.39236E+02 -4.06287E+00 -9.88779E+00
v  4.71257E+02 -4.06287E+00 -9.88779E+00
g vc_365
f  2921 2922 2923 2924
f  2921 2922 2926 2925
f  2923 2922 2926 2927
f  2924 2923 2927 2928
f  2924 2921 2925 2928
f  2925 2926 2927 2928
v  3.99604E+02  2.19389E+02  7.97006E+01
v  4.71257E+02  2.19389E+02  7.97006E+01
v  4.71257E+02  2.19389E+02 -9.88779E+00
v  3.99604E+02  2.19389E+02 -9.88779E+00
v  3.99604E+02 -4.06287E+00  7.97006E+01
v  4.71257E+02 -4.06287E+00  7.97006E+01
v  4.71257E+02 -4.06287E+00 -9.88779E+00
v  3.99604E+02 -4.06287E+00 -9.88779E+00
g vc_366
f  2929 2930 2931 2932
f  2929 2930 2934 2933
f  2931 2930 2934 2935
f  2932 2931 2935 2936
f  2932 2929 2933 2936
f  2933 2934 2935 2936
v  4.26852E+02  2.19389E+02 -5.26895E+02
v  5.30648E+02  2.19389E+02 -5.26895E+02
v  5.30648E+02  2.19389E+02 -5.85063E+02
v  4.26852E+02  2.19389E+02 -5.85063E+02
v  4.26852E+02 -4.06287E+00 -5.26895E+02
v  5.30648E+02 -4.06287E+00 -5.26895E+02
v  5.30648E+02 -4.06287E+00 -5.85063E+02
v  4.26852E+02 -4.06287E+00 -5.85063E+02
g vc_367
f  2937 2938 2939 2940
f  2937 2938 2942 2941
f  2939 2938 2942 2943
f  2940 2939 2943 2944
f  2940 2937 2941 2944
f  2941 2942 2943 2944
v  4.26852E+02  2.19389E+02 -5.85063E+02
v  5.30648E+02  2.19389E+02 -5.85063E+02
v  5.30648E+02  2.19389E+02 -6.46185E+02
v  4.26852E+02  2.19389E+02 -6.46185E+02
v  4.26852E+02 -4.06287E+00 -5.85063E+02
v  5.30648E+02 -4.06287E+00 -5.85063E+02
v  5.30648E+02 -4.06287E+00 -6.46185E+02
v  4.26852E+02 -4.06287E+00 -6.46185E+02
g vc_368
f  2945 2946 2947 2948
f  2945 2946 2950 2949
f  2947 2946 2950 2951
f  2948 2947 2951 2952
f  2948 2945 2949 2952
f  2949 2950 2951 2952
v  1.32519E+02  2.19389E+02 -4.06149E+02
v  2.18493E+02  2.19389E+02 -4.06149E+02
v  2.18493E+02  2.19389E+02 -5.46639E+02
v  1.32519E+02  2.19389E+02 -5.46639E+02
v  1.32519E+02  4.74568E+01 -4.06149E+02
v  2.18493E+02  4.74568E+01 -4.06149E+02
v  2.18493E+02  4.74568E+01 -5.46639E+02
v  1.32519E+02  4.74568E+01 -5.46639E+02
g vc_369
f  2953 2954 2955 2956
f  2953 2954 2958 2957
f  2955 2954 2958 2959
f  2956 2955 2959 2960
f  2956 2953 2957 2960
f  2957 2958 2959 2960
v  1.32519E+02  4.74568E+01 -4.06149E+02
v  2.18493E+02  4.74568E+01 -4.06149E+02
v  2.18493E+02  4.74568E+01 -5.46639E+02
v  1.32519E+02  4.74568E+01 -5.46639E+02
v  1.32519E+02 -4.06287E+00 -4.06149E+02
v  2.18493E+02 -4.06287E+00 -4.06149E+02
v  2.18493E+02 -4.06287E+00 -5.46639E+02
v  1.32519E+02 -4.06287E+00 -5.46639E+02
g vc_370
f  2961 2962 2963 2964
f  2961 2962 2966 2965
f  2963 2962 2966 2967
f  2964 2963 2967 2968
f  2964 2961 2965 2968
f  2965 2966 2967 2968
v  5.08124E+02  2.19389E+02 -9.41742E+02
v  6.28370E+02  2.19389E+02 -9.41742E+02
v  6.28370E+02  2.19389E+02 -9.91845E+02
v  5.08124E+02  2.19389E+02 -9.91845E+02
v  5.08124E+02 -4.06287E+00 -9.41742E+02
v  6.28370E+02 -4.06287E+00 -9.41742E+02
v  6.28370E+02 -4.06287E+00 -9.91845E+02
v  5.08124E+02 -4.06287E+00 -9.91845E+02
g vc_371
f  2969 2970 2971 2972
f  2969 2970 2974 2973
f  2971 2970 2974 2975
f  2972 2971 2975 2976
f  2972 2969 2973 2976
f  2973 2974 2975 2976
v  5.08124E+02  2.19389E+02 -9.91845E+02
v  6.28370E+02  2.19389E+02 -9.91845E+02
v  6.28370E+02  2.19389E+02 -1.04214E+03
v  5.08124E+02  2.19389E+02 -1.04214E+03
v  5.08124E+02 -4.06287E+00 -9.91845E+02
v  6.28370E+02 -4.06287E+00 -9.91845E+02
v  6.28370E+02 -4.06287E+00 -1.04214E+03
v  5.08124E+02 -4.06287E+00 -1.04214E+03
g vc_372
f  2977 2978 2979 2980
f  2977 2978 2982 2981
f  2979 2978 2982 2983
f  2980 2979 2983 2984
f  2980 2977 2981 2984
f  2981 2982 2983 2984
v  5.68897E+02  2.19389E+02 -8.41530E+02
v  6.28370E+02  2.19389E+02 -8.41530E+02
v  6.28370E+02  2.19389E+02 -9.41742E+02
v  5.68897E+02  2.19389E+02 -9.41742E+02
v  5.68897E+02 -4.06287E+00 -8.41530E+02
v  6.28370E+02 -4.06287E+00 -8.41530E+02
v  6.28370E+02 -4.06287E+00 -9.41742E+02
v  5.68897E+02 -4.06287E+00 -9.41742E+02
g vc_373
f  2985 2986 2987 2988
f  2985 2986 2990 2989
f  2987 2986 2990 2991
f  2988 2987 2991 2992
f  2988 2985 2989 2992
f  2989 2990 2991 2992
v  5.08124E+02  2.19389E+02 -8.41530E+02
v  5.68897E+02  2.19389E+02 -8.41530E+02
v  5.68897E+02  2.19389E+02 -9.41742E+02
v  5.08124E+02  2.19389E+02 -9.41742E+02
v  5.08124E+02 -4.06287E+00 -8.41530E+02
v  5.68897E+02 -4.06287E+00 -8.41530E+02
v  5.68897E+02 -4.06287E+00 -9.41742E+02
v  5.08124E+02 -4.06287E+00 -9.41742E+02
g vc_374
f  2993 2994 2995 2996
f  2993 2994 2998 2997
f  2995 2994 2998 2999
f  2996 2995 2999 3000
f  2996 2993 2997 3000
f  2997 2998 2999 3000
v  5.69529E+02  2.19389E+02 -7.43362E+02
v  6.28370E+02  2.19389E+02 -7.43362E+02
v  6.28370E+02  2.19389E+02 -8.41530E+02
v  5.69529E+02  2.19389E+02 -8.41530E+02
v  5.69529E+02 -4.06287E+00 -7.43362E+02
v  6.28370E+02 -4.06287E+00 -7.43362E+02
v  6.28370E+02 -4.06287E+00 -8.41530E+02
v  5.69529E+02 -4.06287E+00 -8.41530E+02
g vc_375
f  3001 3002 3003 3004
f  3001 3002 3006 3005
f  3003 3002 3006 3007
f  3004 3003 3007 3008
f  3004 3001 3005 3008
f  3005 3006 3007 3008
v  5.08270E+02  2.19389E+02 -7.43362E+02
v  5.69529E+02  2.19389E+02 -7.43362E+02
v  5.69529E+02  2.19389E+02 -8.41530E+02
v  5.08270E+02  2.19389E+02 -8.41530E+02
v  5.08270E+02 -4.06287E+00 -7.43362E+02
v  5.69529E+02 -4.06287E+00 -7.43362E+02
v  5.69529E+02 -4.06287E+00 -8.41530E+02
v  5.08270E+02 -4.06287E+00 -8.41530E+02
g vc_376
f  3009 3010 3011 3012
f  3009 3010 3014 3013
f  3011 3010 3014 3015
f  3012 3011 3015 3016
f  3012 3009 3013 3016
f  3013 3014 3015 3016
v  5.70619E+02  2.19389E+02 -6.46185E+02
v  6.28370E+02  2.19389E+02 -6.46185E+02
v  6.28370E+02  2.19389E+02 -7.43362E+02
v  5.70619E+02  2.19389E+02 -7.43362E+02
v  5.70619E+02 -4.06287E+00 -6.46185E+02
v  6.28370E+02 -4.06287E+00 -6.46185E+02
v  6.28370E+02 -4.06287E+00 -7.43362E+02
v  5.70619E+02 -4.06287E+00 -7.43362E+02
g vc_377
f  3017 3018 3019 3020
f  3017 3018 3022 3021
f  3019 3018 3022 3023
f  3020 3019 3023 3024
f  3020 3017 3021 3024
f  3021 3022 3023 3024
v  5.08270E+02  2.19389E+02 -6.46185E+02
v  5.70619E+02  2.19389E+02 -6.46185E+02
v  5.70619E+02  2.19389E+02 -7.43362E+02
v  5.08270E+02  2.19389E+02 -7.43362E+02
v  5.08270E+02 -4.06287E+00 -6.46185E+02
v  5.70619E+02 -4.06287E+00 -6.46185E+02
v  5.70619E+02 -4.06287E+00 -7.43362E+02
v  5.08270E+02 -4.06287E+00 -7.43362E+02
g vc_378
f  3025 3026 3027 3028
f  3025 3026 3030 3029
f  3027 3026 3030 3031
f  3028 3027 3031 3032
f  3028 3025 3029 3032
f  3029 3030 3031 3032
v  5.96782E+02  2.19389E+02 -5.26895E+02
v  6.28370E+02  2.19389E+02 -5.26895E+02
v  6.28370E+02  2.19389E+02 -6.46185E+02
v  5.96782E+02  2.19389E+02 -6.46185E+02
v  5.96782E+02 -4.06287E+00 -5.26895E+02
v  6.28370E+02 -4.06287E+00 -5.26895E+02
v  6.28370E+02 -4.06287E+00 -6.46185E+02
v  5.96782E+02 -4.06287E+00 -6.46185E+02
g vc_379
f  3033 3034 3035 3036
f  3033 3034 3038 3037
f  3035 3034 3038 3039
f  3036 3035 3039 3040
f  3036 3033 3037 3040
f  3037 3038 3039 3040
v  5.30648E+02  2.19389E+02 -5.26895E+02
v  5.96782E+02  2.19389E+02 -5.26895E+02
v  5.96782E+02  2.19389E+02 -6.46185E+02
v  5.30648E+02  2.19389E+02 -6.46185E+02
v  5.30648E+02 -4.06287E+00 -5.26895E+02
v  5.96782E+02 -4.06287E+00 -5.26895E+02
v  5.96782E+02 -4.06287E+00 -6.46185E+02
v  5.30648E+02 -4.06287E+00 -6.46185E+02
g vc_380
f  3041 3042 3043 3044
f  3041 3042 3046 3045
f  3043 3042 3046 3047
f  3044 3043 3047 3048
f  3044 3041 3045 3048
f  3045 3046 3047 3048
v -5.52064E+02  2.19389E+02  4.02667E+02
v -4.16021E+02  2.19389E+02  4.02667E+02
v -4.16021E+02  2.19389E+02  2.45266E+02
v -5.52064E+02  2.19389E+02  2.45266E+02
v -5.52064E+02  1.60242E+02  4.02667E+02
v -4.16021E+02  1.60242E+02  4.02667E+02
v -4.16021E+02  1.60242E+02  2.45266E+02
v -5.52064E+02  1.60242E+02  2.45266E+02
g vc_381
f  3049 3050 3051 3052
f  3049 3050 3054 3053
f  3051 3050 3054 3055
f  3052 3051 3055 3056
f  3052 3049 3053 3056
f  3053 3054 3055 3056
v -5.52064E+02  1.60242E+02  4.02667E+02
v -4.16021E+02  1.60242E+02  4.02667E+02
v -4.16021E+02  1.60242E+02  2.45266E+02
v -5.52064E+02  1.60242E+02  2.45266E+02
v -5.52064E+02  9.82261E+01  4.02667E+02
v -4.16021E+02  9.82261E+01  4.02667E+02
v -4.16021E+02  9.82261E+01  2.45266E+02
v -5.52064E+02  9.82261E+01  2.45266E+02
g vc_382
f  3057 3058 3059 3060
f  3057 3058 3062 3061
f  3059 3058 3062 3063
f  3060 3059 3063 3064
f  3060 3057 3061 3064
f  3061 3062 3063 3064
v -4.86997E+02  2.19389E+02 -2.43187E+02
v -4.34520E+02  2.19389E+02 -2.43187E+02
v -4.34520E+02  2.19389E+02 -4.55470E+02
v -4.86997E+02  2.19389E+02 -4.55470E+02
v -4.86997E+02  8.95674E+01 -2.43187E+02
v -4.34520E+02  8.95674E+01 -2.43187E+02
v -4.34520E+02  8.95674E+01 -4.55470E+02
v -4.86997E+02  8.95674E+01 -4.55470E+02
g vc_383
f  3065 3066 3067 3068
f  3065 3066 3070 3069
f  3067 3066 3070 3071
f  3068 3067 3071 3072
f  3068 3065 3069 3072
f  3069 3070 3071 3072
v -4.86997E+02  8.95674E+01 -2.43187E+02
v -4.34520E+02  8.95674E+01 -2.43187E+02
v -4.34520E+02  8.95674E+01 -4.55470E+02
v -4.86997E+02  8.95674E+01 -4.55470E+02
v -4.86997E+02 -4.06287E+00 -2.43187E+02
v -4.34520E+02 -4.06287E+00 -2.43187E+02
v -4.34520E+02 -4.06287E+00 -4.55470E+02
v -4.86997E+02 -4.06287E+00 -4.55470E+02
g vc_384
f  3073 3074 3075 3076
f  3073 3074 3078 3077
f  3075 3074 3078 3079
f  3076 3075 3079 3080
f  3076 3073 3077 3080
f  3077 3078 3079 3080
v -4.68115E+02  2.19389E+02  2.45266E+02
v -3.39808E+02  2.19389E+02  2.45266E+02
v -3.39808E+02  2.19389E+02  1.59443E+02
v -4.68115E+02  2.19389E+02  1.59443E+02
v -4.68115E+02  9.79461E+01  2.45266E+02
v -3.39808E+02  9.79461E+01  2.45266E+02
v -3.39808E+02  9.79461E+01  1.59443E+02
v -4.68115E+02  9.79461E+01  1.59443E+02
g vc_385
f  3081 3082 3083 3084
f  3081 3082 3086 3085
f  3083 3082 3086 3087
f  3084 3083 3087 3088
f  3084 3081 3085 3088
f  3085 3086 3087 3088
v -4.68115E+02  9.79461E+01  2.45266E+02
v -3.39808E+02  9.79461E+01  2.45266E+02
v -3.39808E+02  9.79461E+01  1.59443E+02
v -4.68115E+02  9.79461E+01  1.59443E+02
v -4.68115E+02 -4.06287E+00  2.45266E+02
v -3.39808E+02 -4.06287E+00  2.45266E+02
v -3.39808E+02 -4.06287E+00  1.59443E+02
v -4.68115E+02 -4.06287E+00  1.59443E+02
g vc_386
f  3089 3090 3091 3092
f  3089 3090 3094 3093
f  3091 3090 3094 3095
f  3092 3091 3095 3096
f  3092 3089 3093 3096
f  3093 3094 3095 3096
v  2.10013E+02  2.19389E+02  1.96675E+02
v  2.65423E+02  2.19389E+02  1.96675E+02
v  2.65423E+02  2.19389E+02  1.15149E+02
v  2.10013E+02  2.19389E+02  1.15149E+02
v  2.10013E+02 -4.06287E+00  1.96675E+02
v  2.65423E+02 -4.06287E+00  1.96675E+02
v  2.65423E+02 -4.06287E+00  1.15149E+02
v  2.10013E+02 -4.06287E+00  1.15149E+02
g vc_387
f  3097 3098 3099 3100
f  3097 3098 3102 3101
f  3099 3098 3102 3103
f  3100 3099 3103 3104
f  3100 3097 3101 3104
f  3101 3102 3103 3104
v  1.34777E+02  2.19389E+02  1.96675E+02
v  2.10013E+02  2.19389E+02  1.96675E+02
v  2.10013E+02  2.19389E+02  1.15149E+02
v  1.34777E+02  2.19389E+02  1.15149E+02
v  1.34777E+02 -4.06287E+00  1.96675E+02
v  2.10013E+02 -4.06287E+00  1.96675E+02
v  2.10013E+02 -4.06287E+00  1.15149E+02
v  1.34777E+02 -4.06287E+00  1.15149E+02
g vc_388
f  3105 3106 3107 3108
f  3105 3106 3110 3109
f  3107 3106 3110 3111
f  3108 3107 3111 3112
f  3108 3105 3109 3112
f  3109 3110 3111 3112
v  4.69560E+02  2.19389E+02  1.55506E+02
v  5.39236E+02  2.19389E+02  1.55506E+02
v  5.39236E+02  2.19389E+02  7.97006E+01
v  4.69560E+02  2.19389E+02  7.97006E+01
v  4.69560E+02 -4.06287E+00  1.55506E+02
v  5.39236E+02 -4.06287E+00  1.55506E+02
v  5.39236E+02 -4.06287E+00  7.97006E+01
v  4.69560E+02 -4.06287E+00  7.97006E+01
g vc_389
f  3113 3114 3115 3116
f  3113 3114 3118 3117
f  3115 3114 3118 3119
f  3116 3115 3119 3120
f  3116 3113 3117 3120
f  3117 3118 3119 3120
v  3.99604E+02  2.19389E+02  1.55506E+02
v  4.69560E+02  2.19389E+02  1.55506E+02
v  4.69560E+02  2.19389E+02  7.97006E+01
v  3.99604E+02  2.19389E+02  7.97006E+01
v  3.99604E+02 -4.06287E+00  1.55506E+02
v  4.69560E+02 -4.06287E+00  1.55506E+02
v  4.69560E+02 -4.06287E+00  7.97006E+01
v  3.99604E+02 -4.06287E+00  7.97006E+01
g vc_390
f  3121 3122 3123 3124
f  3121 3122 3126 3125
f  3123 3122 3126 3127
f  3124 3123 3127 3128
f  3124 3121 3125 3128
f  3125 3126 3127 3128
v -4.88676E+02  2.19389E+02  2.45266E+02
v -4.68115E+02  2.19389E+02  2.45266E+02
v -4.68115E+02  2.19389E+02  1.19950E+02
v -4.88676E+02  2.19389E+02  1.19950E+02
v -4.88676E+02 -4.06287E+00  2.45266E+02
v -4.68115E+02 -4.06287E+00  2.45266E+02
v -4.68115E+02 -4.06287E+00  1.19950E+02
v -4.88676E+02 -4.06287E+00  1.19950E+02
g vc_391
f  3129 3130 3131 3132
f  3129 3130 3134 3133
f  3131 3130 3134 3135
f  3132 3131 3135 3136
f  3132 3129 3133 3136
f  3133 3134 3135 3136
v -5.52064E+02  2.19389E+02  2.45266E+02
v -4.88676E+02  2.19389E+02  2.45266E+02
v -4.88676E+02  2.19389E+02  1.19950E+02
v -5.52064E+02  2.19389E+02  1.19950E+02
v -5.52064E+02 -4.06287E+00  2.45266E+02
v -4.88676E+02 -4.06287E+00  2.45266E+02
v -4.88676E+02 -4.06287E+00  1.19950E+02
v -5.52064E+02 -4.06287E+00  1.19950E+02
g vc_392
f  3137 3138 3139 3140
f  3137 3138 3142 3141
f  3139 3138 3142 3143
f  3140 3139 3143 3144
f  3140 3137 3141 3144
f  3141 3142 3143 3144
v -7.25517E+02  2.19389E+02 -7.37277E+02
v -6.38309E+02  2.19389E+02 -7.37277E+02
v -6.38309E+02  2.19389E+02 -8.57696E+02
v -7.25517E+02  2.19389E+02 -8.57696E+02
v -7.25517E+02  1.01850E+02 -7.37277E+02
v -6.38309E+02  1.01850E+02 -7.37277E+02
v -6.38309E+02  1.01850E+02 -8.57696E+02
v -7.25517E+02  1.01850E+02 -8.57696E+02
g vc_393
f  3145 3146 3147 3148
f  3145 3146 3150 3149
f  3147 3146 3150 3151
f  3148 3147 3151 3152
f  3148 3145 3149 3152
f  3149 3150 3151 3152
v -7.25517E+02  1.01850E+02 -7.37277E+02
v -6.38309E+02  1.01850E+02 -7.37277E+02
v -6.38309E+02  1.01850E+02 -8.57696E+02
v -7.25517E+02  1.01850E+02 -8.57696E+02
v -7.25517E+02 -4.06287E+00 -7.37277E+02
v -6.38309E+02 -4.06287E+00 -7.37277E+02
v -6.38309E+02 -4.06287E+00 -8.57696E+02
v -7.25517E+02 -4.06287E+00 -8.57696E+02
g vc_394
f  3153 3154 3155 3156
f  3153 3154 3158 3157
f  3155 3154 3158 3159
f  3156 3155 3159 3160
f  3156 3153 3157 3160
f  3157 3158 3159 3160
v -6.01430E+02  2.19389E+02 -5.66185E+02
v -5.41679E+02  2.19389E+02 -5.66185E+02
v -5.41679E+02  2.19389E+02 -6.85710E+02
v -6.01430E+02  2.19389E+02 -6.85710E+02
v -6.01430E+02 -4.06287E+00 -5.66185E+02
v -5.41679E+02 -4.06287E+00 -5.66185E+02
v -5.41679E+02 -4.06287E+00 -6.85710E+02
v -6.01430E+02 -4.06287E+00 -6.85710E+02
g vc_395
f  3161 3162 3163 3164
f  3161 3162 3166 3165
f  3163 3162 3166 3167
f  3164 3163 3167 3168
f  3164 3161 3165 3168
f  3165 3166 3167 3168
v -6.01430E+02  2.19389E+02 -6.85710E+02
v -5.41679E+02  2.19389E+02 -6.85710E+02
v -5.41679E+02  2.19389E+02 -7.37277E+02
v -6.01430E+02  2.19389E+02 -7.37277E+02
v -6.01430E+02 -4.06287E+00 -6.85710E+02
v -5.41679E+02 -4.06287E+00 -6.85710E+02
v -5.41679E+02 -4.06287E+00 -7.37277E+02
v -6.01430E+02 -4.06287E+00 -7.37277E+02
g vc_396
f  3169 3170 3171 3172
f  3169 3170 3174 3173
f  3171 3170 3174 3175
f  3172 3171 3175 3176
f  3172 3169 3173 3176
f  3173 3174 3175 3176
v -8.31165E+02  2.19389E+02 -4.52438E+02
v -7.42189E+02  2.19389E+02 -4.52438E+02
v -7.42189E+02  2.19389E+02 -4.88766E+02
v -8.31165E+02  2.19389E+02 -4.88766E+02
v -8.31165E+02 -4.06287E+00 -4.52438E+02
v -7.42189E+02 -4.06287E+00 -4.52438E+02
v -7.42189E+02 -4.06287E+00 -4.88766E+02
v -8.31165E+02 -4.06287E+00 -4.88766E+02
g vc_397
f  3177 3178 3179 3180
f  3177 3178 3182 3181
f  3179 3178 3182 3183
f  3180 3179 3183 3184
f  3180 3177 3181 3184
f  3181 3182 3183 3184
v -8.31165E+02  2.19389E+02 -4.88766E+02
v -7.42189E+02  2.19389E+02 -4.88766E+02
v -7.42189E+02  2.19389E+02 -5.66185E+02
v -8.31165E+02  2.19389E+02 -5.66185E+02
v -8.31165E+02 -4.06287E+00 -4.88766E+02
v -7.42189E+02 -4.06287E+00 -4.88766E+02
v -7.42189E+02 -4.06287E+00 -5.66185E+02
v -8.31165E+02 -4.06287E+00 -5.66185E+02
g vc_398
f  3185 3186 3187 3188
f  3185 3186 3190 3189
f  3187 3186 3190 3191
f  3188 3187 3191 3192
f  3188 3185 3189 3192
f  3189 3190 3191 3192
v  5.92936E+02  2.19389E+02 -1.61439E+02
v  6.28370E+02  2.19389E+02 -1.61439E+02
v  6.28370E+02  2.19389E+02 -2.89431E+02
v  5.92936E+02  2.19389E+02 -2.89431E+02
v  5.92936E+02 -4.06287E+00 -1.61439E+02
v  6.28370E+02 -4.06287E+00 -1.61439E+02
v  6.28370E+02 -4.06287E+00 -2.89431E+02
v  5.92936E+02 -4.06287E+00 -2.89431E+02
g vc_399
f  3193 3194 3195 3196
f  3193 3194 3198 3197
f  3195 3194 3198 3199
f  3196 3195 3199 3200
f  3196 3193 3197 3200
f  3197 3198 3199 3200
v  5.51368E+02  2.19389E+02 -1.61439E+02
v  5.92936E+02  2.19389E+02 -1.61439E+02
v  5.92936E+02  2.19389E+02 -2.89431E+02
v  5.51368E+02  2.19389E+02 -2.89431E+02
v  5.51368E+02 -4.06287E+00 -1.61439E+02
v  5.92936E+02 -4.06287E+00 -1.61439E+02
v  5.92936E+02 -4.06287E+00 -2.89431E+02
v  5.51368E+02 -4.06287E+00 -2.89431E+02
g vc_400
f  3201 3202 3203 3204
f  3201 3202 3206 3205
f  3203 3202 3206 3207
f  3204 3203 3207 3208
f  3204 3201 3205 3208
f  3205 3206 3207 3208
v  4.73926E+02  2.19389E+02 -2.89431E+02
v  5.72557E+02  2.19389E+02 -2.89431E+02
v  5.72557E+02  2.19389E+02 -3.56185E+02
v  4.73926E+02  2.19389E+02 -3.56185E+02
v  4.73926E+02 -4.06287E+00 -2.89431E+02
v  5.72557E+02 -4.06287E+00 -2.89431E+02
v  5.72557E+02 -4.06287E+00 -3.56185E+02
v  4.73926E+02 -4.06287E+00 -3.56185E+02
g vc_401
f  3209 3210 3211 3212
f  3209 3210 3214 3213
f  3211 3210 3214 3215
f  3212 3211 3215 3216
f  3212 3209 3213 3216
f  3213 3214 3215 3216
v  4.28750E+02  2.19389E+02 -2.89431E+02
v  4.73926E+02  2.19389E+02 -2.89431E+02
v  4.73926E+02  2.19389E+02 -3.56185E+02
v  4.28750E+02  2.19389E+02 -3.56185E+02
v  4.28750E+02 -4.06287E+00 -2.89431E+02
v  4.73926E+02 -4.06287E+00 -2.89431E+02
v  4.73926E+02 -4.06287E+00 -3.56185E+02
v  4.28750E+02 -4.06287E+00 -3.56185E+02
g vc_402
f  3217 3218 3219 3220
f  3217 3218 3222 3221
f  3219 3218 3222 3223
f  3220 3219 3223 3224
f  3220 3217 3221 3224
f  3221 3222 3223 3224
v  4.90829E+02  2.19389E+02 -9.88779E+00
v  5.50662E+02  2.19389E+02 -9.88779E+00
v  5.50662E+02  2.19389E+02 -8.75057E+01
v  4.90829E+02  2.19389E+02 -8.75057E+01
v  4.90829E+02 -4.06287E+00 -9.88779E+00
v  5.50662E+02 -4.06287E+00 -9.88779E+00
v  5.50662E+02 -4.06287E+00 -8.75057E+01
v  4.90829E+02 -4.06287E+00 -8.75057E+01
g vc_403
f  3225 3226 3227 3228
f  3225 3226 3230 3229
f  3227 3226 3230 3231
f  3228 3227 3231 3232
f  3228 3225 3229 3232
f  3229 3230 3231 3232
v  4.28750E+02  2.19389E+02 -9.88779E+00
v  4.90829E+02  2.19389E+02 -9.88779E+00
v  4.90829E+02  2.19389E+02 -8.75057E+01
v  4.28750E+02  2.19389E+02 -8.75057E+01
v  4.28750E+02 -4.06287E+00 -9.88779E+00
v  4.90829E+02 -4.06287E+00 -9.88779E+00
v  4.90829E+02 -4.06287E+00 -8.75057E+01
v  4.28750E+02 -4.06287E+00 -8.75057E+01
g vc_404
f  3233 3234 3235 3236
f  3233 3234 3238 3237
f  3235 3234 3238 3239
f  3236 3235 3239 3240
f  3236 3233 3237 3240
f  3237 3238 3239 3240
v  4.90481E+02  2.19389E+02 -8.75057E+01
v  5.50662E+02  2.19389E+02 -8.75057E+01
v  5.50662E+02  2.19389E+02 -1.61439E+02
v  4.90481E+02  2.19389E+02 -1.61439E+02
v  4.90481E+02 -4.06287E+00 -8.75057E+01
v  5.50662E+02 -4.06287E+00 -8.75057E+01
v  5.50662E+02 -4.06287E+00 -1.61439E+02
v  4.90481E+02 -4.06287E+00 -1.61439E+02
g vc_405
f  3241 3242 3243 3244
f  3241 3242 3246 3245
f  3243 3242 3246 3247
f  3244 3243 3247 3248
f  3244 3241 3245 3248
f  3245 3246 3247 3248
v  4.28750E+02  2.19389E+02 -8.75057E+01
v  4.90481E+02  2.19389E+02 -8.75057E+01
v  4.90481E+02  2.19389E+02 -1.61439E+02
v  4.28750E+02  2.19389E+02 -1.61439E+02
v  4.28750E+02 -4.06287E+00 -8.75057E+01
v  4.90481E+02 -4.06287E+00 -8.75057E+01
v  4.90481E+02 -4.06287E+00 -1.61439E+02
v  4.28750E+02 -4.06287E+00 -1.61439E+02
g vc_406
f  3249 3250 3251 3252
f  3249 3250 3254 3253
f  3251 3250 3254 3255
f  3252 3251 3255 3256
f  3252 3249 3253 3256
f  3253 3254 3255 3256
v -3.51085E+01  2.19389E+02 -6.46185E+02
v -3.43097E+00  2.19389E+02 -6.46185E+02
v -3.43097E+00  2.19389E+02 -7.25697E+02
v -3.51085E+01  2.19389E+02 -7.25697E+02
v -3.51085E+01 -4.06287E+00 -6.46185E+02
v -3.43097E+00 -4.06287E+00 -6.46185E+02
v -3.43097E+00 -4.06287E+00 -7.25697E+02
v -3.51085E+01 -4.06287E+00 -7.25697E+02
g vc_407
f  3257 3258 3259 3260
f  3257 3258 3262 3261
f  3259 3258 3262 3263
f  3260 3259 3263 3264
f  3260 3257 3261 3264
f  3261 3262 3263 3264
v -1.16728E+02  2.19389E+02 -6.46185E+02
v -3.51085E+01  2.19389E+02 -6.46185E+02
v -3.51085E+01  2.19389E+02 -7.25697E+02
v -1.16728E+02  2.19389E+02 -7.25697E+02
v -1.16728E+02 -4.06287E+00 -6.46185E+02
v -3.51085E+01 -4.06287E+00 -6.46185E+02
v -3.51085E+01 -4.06287E+00 -7.25697E+02
v -1.16728E+02 -4.06287E+00 -7.25697E+02
g vc_408
f  3265 3266 3267 3268
f  3265 3266 3270 3269
f  3267 3266 3270 3271
f  3268 3267 3271 3272
f  3268 3265 3269 3272
f  3269 3270 3271 3272
v -5.41679E+02  2.19389E+02 -5.66185E+02
v -4.39592E+02  2.19389E+02 -5.66185E+02
v -4.39592E+02  2.19389E+02 -5.92879E+02
v -5.41679E+02  2.19389E+02 -5.92879E+02
v -5.41679E+02 -4.06287E+00 -5.66185E+02
v -4.39592E+02 -4.06287E+00 -5.66185E+02
v -4.39592E+02 -4.06287E+00 -5.92879E+02
v -5.41679E+02 -4.06287E+00 -5.92879E+02
g vc_409
f  3273 3274 3275 3276
f  3273 3274 3278 3277
f  3275 3274 3278 3279
f  3276 3275 3279 3280
f  3276 3273 3277 3280
f  3277 3278 3279 3280
v -5.41679E+02  2.19389E+02 -5.92879E+02
v -4.39592E+02  2.19389E+02 -5.92879E+02
v -4.39592E+02  2.19389E+02 -6.53517E+02
v -5.41679E+02  2.19389E+02 -6.53517E+02
v -5.41679E+02 -4.06287E+00 -5.92879E+02
v -4.39592E+02 -4.06287E+00 -5.92879E+02
v -4.39592E+02 -4.06287E+00 -6.53517E+02
v -5.41679E+02 -4.06287E+00 -6.53517E+02
g vc_410
f  3281 3282 3283 3284
f  3281 3282 3286 3285
f  3283 3282 3286 3287
f  3284 3283 3287 3288
f  3284 3281 3285 3288
f  3285 3286 3287 3288
v -8.31165E+02  2.19389E+02 -2.68807E+02
v -7.82790E+02  2.19389E+02 -2.68807E+02
v -7.82790E+02  2.19389E+02 -3.67745E+02
v -8.31165E+02  2.19389E+02 -3.67745E+02
v -8.31165E+02 -4.06287E+00 -2.68807E+02
v -7.82790E+02 -4.06287E+00 -2.68807E+02
v -7.82790E+02 -4.06287E+00 -3.67745E+02
v -8.31165E+02 -4.06287E+00 -3.67745E+02
g vc_411
f  3289 3290 3291 3292
f  3289 3290 3294 3293
f  3291 3290 3294 3295
f  3292 3291 3295 3296
f  3292 3289 3293 3296
f  3293 3294 3295 3296
v -8.31165E+02  2.19389E+02 -3.67745E+02
v -7.82790E+02  2.19389E+02 -3.67745E+02
v -7.82790E+02  2.19389E+02 -4.52438E+02
v -8.31165E+02  2.19389E+02 -4.52438E+02
v -8.31165E+02 -4.06287E+00 -3.67745E+02
v -7.82790E+02 -4.06287E+00 -3.67745E+02
v -7.82790E+02 -4.06287E+00 -4.52438E+02
v -8.31165E+02 -4.06287E+00 -4.52438E+02
g vc_412
f  3297 3298 3299 3300
f  3297 3298 3302 3301
f  3299 3298 3302 3303
f  3300 3299 3303 3304
f  3300 3297 3301 3304
f  3301 3302 3303 3304
v  4.46692E+01  2.19389E+02 -5.46639E+02
v  1.33036E+02  2.19389E+02 -5.46639E+02
v  1.33036E+02  2.19389E+02 -5.95702E+02
v  4.46692E+01  2.19389E+02 -5.95702E+02
v  4.46692E+01 -4.06287E+00 -5.46639E+02
v  1.33036E+02 -4.06287E+00 -5.46639E+02
v  1.33036E+02 -4.06287E+00 -5.95702E+02
v  4.46692E+01 -4.06287E+00 -5.95702E+02
g vc_413
f  3305 3306 3307 3308
f  3305 3306 3310 3309
f  3307 3306 3310 3311
f  3308 3307 3311 3312
f  3308 3305 3309 3312
f  3309 3310 3311 3312
v  4.46692E+01  2.19389E+02 -5.95702E+02
v  1.33036E+02  2.19389E+02 -5.95702E+02
v  1.33036E+02  2.19389E+02 -6.46185E+02
v  4.46692E+01  2.19389E+02 -6.46185E+02
v  4.46692E+01 -4.06287E+00 -5.95702E+02
v  1.33036E+02 -4.06287E+00 -5.95702E+02
v  1.33036E+02 -4.06287E+00 -6.46185E+02
v  4.46692E+01 -4.06287E+00 -6.46185E+02
g vc_414
f  3313 3314 3315 3316
f  3313 3314 3318 3317
f  3315 3314 3318 3319
f  3316 3315 3319 3320
f  3316 3313 3317 3320
f  3317 3318 3319 3320
v  1.33036E+02  2.19389E+02 -5.46639E+02
v  2.18493E+02  2.19389E+02 -5.46639E+02
v  2.18493E+02  2.19389E+02 -6.46185E+02
v  1.33036E+02  2.19389E+02 -6.46185E+02
v  1.33036E+02  3.99862E+01 -5.46639E+02
v  2.18493E+02  3.99862E+01 -5.46639E+02
v  2.18493E+02  3.99862E+01 -6.46185E+02
v  1.33036E+02  3.99862E+01 -6.46185E+02
g vc_415
f  3321 3322 3323 3324
f  3321 3322 3326 3325
f  3323 3322 3326 3327
f  3324 3323 3327 3328
f  3324 3321 3325 3328
f  3325 3326 3327 3328
v  1.33036E+02  3.99862E+01 -5.46639E+02
v  2.18493E+02  3.99862E+01 -5.46639E+02
v  2.18493E+02  3.99862E+01 -6.46185E+02
v  1.33036E+02  3.99862E+01 -6.46185E+02
v  1.33036E+02 -4.06287E+00 -5.46639E+02
v  2.18493E+02 -4.06287E+00 -5.46639E+02
v  2.18493E+02 -4.06287E+00 -6.46185E+02
v  1.33036E+02 -4.06287E+00 -6.46185E+02
g vc_416
f  3329 3330 3331 3332
f  3329 3330 3334 3333
f  3331 3330 3334 3335
f  3332 3331 3335 3336
f  3332 3329 3333 3336
f  3333 3334 3335 3336
v  4.94039E+02  2.19389E+02 -4.04845E+02
v  5.62448E+02  2.19389E+02 -4.04845E+02
v  5.62448E+02  2.19389E+02 -4.65218E+02
v  4.94039E+02  2.19389E+02 -4.65218E+02
v  4.94039E+02 -4.06287E+00 -4.04845E+02
v  5.62448E+02 -4.06287E+00 -4.04845E+02
v  5.62448E+02 -4.06287E+00 -4.65218E+02
v  4.94039E+02 -4.06287E+00 -4.65218E+02
g vc_417
f  3337 3338 3339 3340
f  3337 3338 3342 3341
f  3339 3338 3342 3343
f  3340 3339 3343 3344
f  3340 3337 3341 3344
f  3341 3342 3343 3344
v  4.24527E+02  2.19389E+02 -4.04845E+02
v  4.94039E+02  2.19389E+02 -4.04845E+02
v  4.94039E+02  2.19389E+02 -4.65218E+02
v  4.24527E+02  2.19389E+02 -4.65218E+02
v  4.24527E+02 -4.06287E+00 -4.04845E+02
v  4.94039E+02 -4.06287E+00 -4.04845E+02
v  4.94039E+02 -4.06287E+00 -4.65218E+02
v  4.24527E+02 -4.06287E+00 -4.65218E+02
g vc_418
f  3345 3346 3347 3348
f  3345 3346 3350 3349
f  3347 3346 3350 3351
f  3348 3347 3351 3352
f  3348 3345 3349 3352
f  3349 3350 3351 3352
v  4.11162E+02  2.19389E+02 -1.04214E+03
v  4.65282E+02  2.19389E+02 -1.04214E+03
v  4.65282E+02  2.19389E+02 -1.14289E+03
v  4.11162E+02  2.19389E+02 -1.14289E+03
v  4.11162E+02 -4.06287E+00 -1.04214E+03
v  4.65282E+02 -4.06287E+00 -1.04214E+03
v  4.65282E+02 -4.06287E+00 -1.14289E+03
v  4.11162E+02 -4.06287E+00 -1.14289E+03
g vc_419
f  3353 3354 3355 3356
f  3353 3354 3358 3357
f  3355 3354 3358 3359
f  3356 3355 3359 3360
f  3356 3353 3357 3360
f  3357 3358 3359 3360
v  3.82936E+02  2.19389E+02 -1.04214E+03
v  4.11162E+02  2.19389E+02 -1.04214E+03
v  4.11162E+02  2.19389E+02 -1.14289E+03
v  3.82936E+02  2.19389E+02 -1.14289E+03
v  3.82936E+02 -4.06287E+00 -1.04214E+03
v  4.11162E+02 -4.06287E+00 -1.04214E+03
v  4.11162E+02 -4.06287E+00 -1.14289E+03
v  3.82936E+02 -4.06287E+00 -1.14289E+03
g vc_420
f  3361 3362 3363 3364
f  3361 3362 3366 3365
f  3363 3362 3366 3367
f  3364 3363 3367 3368
f  3364 3361 3365 3368
f  3365 3366 3367 3368
v -2.35469E+02  2.19389E+02 -4.55470E+02
v -2.02064E+02  2.19389E+02 -4.55470E+02
v -2.02064E+02  2.19389E+02 -5.66185E+02
v -2.35469E+02  2.19389E+02 -5.66185E+02
v -2.35469E+02 -4.06287E+00 -4.55470E+02
v -2.02064E+02 -4.06287E+00 -4.55470E+02
v -2.02064E+02 -4.06287E+00 -5.66185E+02
v -2.35469E+02 -4.06287E+00 -5.66185E+02
g vc_421
f  3369 3370 3371 3372
f  3369 3370 3374 3373
f  3371 3370 3374 3375
f  3372 3371 3375 3376
f  3372 3369 3373 3376
f  3373 3374 3375 3376
v -2.75505E+02  2.19389E+02 -4.55470E+02
v -2.35469E+02  2.19389E+02 -4.55470E+02
v -2.35469E+02  2.19389E+02 -5.66185E+02
v -2.75505E+02  2.19389E+02 -5.66185E+02
v -2.75505E+02 -4.06287E+00 -4.55470E+02
v -2.35469E+02 -4.06287E+00 -4.55470E+02
v -2.35469E+02 -4.06287E+00 -5.66185E+02
v -2.75505E+02 -4.06287E+00 -5.66185E+02
g vc_422
f  3377 3378 3379 3380
f  3377 3378 3382 3381
f  3379 3378 3382 3383
f  3380 3379 3383 3384
f  3380 3377 3381 3384
f  3381 3382 3383 3384
v  2.65423E+02  2.19389E+02  3.29775E+02
v  3.22936E+02  2.19389E+02  3.29775E+02
v  3.22936E+02  2.19389E+02  2.64831E+02
v  2.65423E+02  2.19389E+02  2.64831E+02
v  2.65423E+02 -4.06287E+00  3.29775E+02
v  3.22936E+02 -4.06287E+00  3.29775E+02
v  3.22936E+02 -4.06287E+00  2.64831E+02
v  2.65423E+02 -4.06287E+00  2.64831E+02
g vc_423
f  3385 3386 3387 3388
f  3385 3386 3390 3389
f  3387 3386 3390 3391
f  3388 3387 3391 3392
f  3388 3385 3389 3392
f  3389 3390 3391 3392
v  2.65423E+02  2.19389E+02  2.64831E+02
v  3.22936E+02  2.19389E+02  2.64831E+02
v  3.22936E+02  2.19389E+02  1.98612E+02
v  2.65423E+02  2.19389E+02  1.98612E+02
v  2.65423E+02 -4.06287E+00  2.64831E+02
v  3.22936E+02 -4.06287E+00  2.64831E+02
v  3.22936E+02 -4.06287E+00  1.98612E+02
v  2.65423E+02 -4.06287E+00  1.98612E+02
g vc_424
f  3393 3394 3395 3396
f  3393 3394 3398 3397
f  3395 3394 3398 3399
f  3396 3395 3399 3400
f  3396 3393 3397 3400
f  3397 3398 3399 3400
v -8.87064E+02  2.19389E+02  2.70657E+02
v -7.83444E+02  2.19389E+02  2.70657E+02
v -7.83444E+02  2.19389E+02  1.98092E+02
v -8.87064E+02  2.19389E+02  1.98092E+02
v -8.87064E+02  1.47699E+02  2.70657E+02
v -7.83444E+02  1.47699E+02  2.70657E+02
v -7.83444E+02  1.47699E+02  1.98092E+02
v -8.87064E+02  1.47699E+02  1.98092E+02
g vc_425
f  3401 3402 3403 3404
f  3401 3402 3406 3405
f  3403 3402 3406 3407
f  3404 3403 3407 3408
f  3404 3401 3405 3408
f  3405 3406 3407 3408
v -8.87064E+02  1.47699E+02  2.70657E+02
v -7.83444E+02  1.47699E+02  2.70657E+02
v -7.83444E+02  1.47699E+02  1.98092E+02
v -8.87064E+02  1.47699E+02  1.98092E+02
v -8.87064E+02 -4.06287E+00  2.70657E+02
v -7.83444E+02 -4.06287E+00  2.70657E+02
v -7.83444E+02 -4.06287E+00  1.98092E+02
v -8.87064E+02 -4.06287E+00  1.98092E+02
g vc_426
f  3409 3410 3411 3412
f  3409 3410 3414 3413
f  3411 3410 3414 3415
f  3412 3411 3415 3416
f  3412 3409 3413 3416
f  3413 3414 3415 3416
v -4.39592E+02  2.19389E+02 -5.66185E+02
v -3.53630E+02  2.19389E+02 -5.66185E+02
v -3.53630E+02  2.19389E+02 -6.16258E+02
v -4.39592E+02  2.19389E+02 -6.16258E+02
v -4.39592E+02 -4.06287E+00 -5.66185E+02
v -3.53630E+02 -4.06287E+00 -5.66185E+02
v -3.53630E+02 -4.06287E+00 -6.16258E+02
v -4.39592E+02 -4.06287E+00 -6.16258E+02
g vc_427
f  3417 3418 3419 3420
f  3417 3418 3422 3421
f  3419 3418 3422 3423
f  3420 3419 3423 3424
f  3420 3417 3421 3424
f  3421 3422 3423 3424
v -4.39592E+02  2.19389E+02 -6.16258E+02
v -3.53630E+02  2.19389E+02 -6.16258E+02
v -3.53630E+02  2.19389E+02 -6.53517E+02
v -4.39592E+02  2.19389E+02 -6.53517E+02
v -4.39592E+02 -4.06287E+00 -6.16258E+02
v -3.53630E+02 -4.06287E+00 -6.16258E+02
v -3.53630E+02 -4.06287E+00 -6.53517E+02
v -4.39592E+02 -4.06287E+00 -6.53517E+02
g vc_428
f  3425 3426 3427 3428
f  3425 3426 3430 3429
f  3427 3426 3430 3431
f  3428 3427 3431 3432
f  3428 3425 3429 3432
f  3429 3430 3431 3432
v  1.91686E+02  3.94461E+01 -6.46185E+02
v  3.82936E+02  3.94461E+01 -6.46185E+02
v  3.82936E+02  3.94461E+01 -8.46185E+02
v  1.91686E+02  3.94461E+01 -8.46185E+02
v  1.91686E+02  6.28684E+00 -6.46185E+02
v  3.82936E+02  6.28684E+00 -6.46185E+02
v  3.82936E+02  6.28684E+00 -8.46185E+02
v  1.91686E+02  6.28684E+00 -8.46185E+02
g vc_429
f  3433 3434 3435 3436
f  3433 3434 3438 3437
f  3435 3434 3438 3439
f  3436 3435 3439 3440
f  3436 3433 3437 3440
f  3437 3438 3439 3440
v  1.91686E+02  6.28684E+00 -6.46185E+02
v  3.82936E+02  6.28684E+00 -6.46185E+02
v  3.82936E+02  6.28684E+00 -8.46185E+02
v  1.91686E+02  6.28684E+00 -8.46185E+02
v  1.91686E+02 -4.06287E+00 -6.46185E+02
v  3.82936E+02 -4.06287E+00 -6.46185E+02
v  3.82936E+02 -4.06287E+00 -8.46185E+02
v  1.91686E+02 -4.06287E+00 -8.46185E+02
g vc_430
f  3441 3442 3443 3444
f  3441 3442 3446 3445
f  3443 3442 3446 3447
f  3444 3443 3447 3448
f  3444 3441 3445 3448
f  3445 3446 3447 3448
v -3.14736E+02  2.19389E+02 -4.01597E+01
v -2.58290E+02  2.19389E+02 -4.01597E+01
v -2.58290E+02  2.19389E+02 -8.34158E+01
v -3.14736E+02  2.19389E+02 -8.34158E+01
v -3.14736E+02 -4.06287E+00 -4.01597E+01
v -2.58290E+02 -4.06287E+00 -4.01597E+01
v -2.58290E+02 -4.06287E+00 -8.34158E+01
v -3.14736E+02 -4.06287E+00 -8.34158E+01
g vc_431
f  3449 3450 3451 3452
f  3449 3450 3454 3453
f  3451 3450 3454 3455
f  3452 3451 3455 3456
f  3452 3449 3453 3456
f  3453 3454 3455 3456
v -3.14736E+02  2.19389E+02 -8.34158E+01
v -2.58290E+02  2.19389E+02 -8.34158E+01
v -2.58290E+02  2.19389E+02 -1.68916E+02
v -3.14736E+02  2.19389E+02 -1.68916E+02
v -3.14736E+02 -4.06287E+00 -8.34158E+01
v -2.58290E+02 -4.06287E+00 -8.34158E+01
v -2.58290E+02 -4.06287E+00 -1.68916E+02
v -3.14736E+02 -4.06287E+00 -1.68916E+02
g vc_432
f  3457 3458 3459 3460
f  3457 3458 3462 3461
f  3459 3458 3462 3463
f  3460 3459 3463 3464
f  3460 3457 3461 3464
f  3461 3462 3463 3464
v -2.58290E+02  2.19389E+02 -4.01597E+01
v -2.02064E+02  2.19389E+02 -4.01597E+01
v -2.02064E+02  2.19389E+02 -1.03416E+02
v -2.58290E+02  2.19389E+02 -1.03416E+02
v -2.58290E+02 -4.06287E+00 -4.01597E+01
v -2.02064E+02 -4.06287E+00 -4.01597E+01
v -2.02064E+02 -4.06287E+00 -1.03416E+02
v -2.58290E+02 -4.06287E+00 -1.03416E+02
g vc_433
f  3465 3466 3467 3468
f  3465 3466 3470 3469
f  3467 3466 3470 3471
f  3468 3467 3471 3472
f  3468 3465 3469 3472
f  3469 3470 3471 3472
v -2.58290E+02  2.19389E+02 -1.03416E+02
v -2.02064E+02  2.19389E+02 -1.03416E+02
v -2.02064E+02  2.19389E+02 -1.68916E+02
v -2.58290E+02  2.19389E+02 -1.68916E+02
v -2.58290E+02 -4.06287E+00 -1.03416E+02
v -2.02064E+02 -4.06287E+00 -1.03416E+02
v -2.02064E+02 -4.06287E+00 -1.68916E+02
v -2.58290E+02 -4.06287E+00 -1.68916E+02
g vc_434
f  3473 3474 3475 3476
f  3473 3474 3478 3477
f  3475 3474 3478 3479
f  3476 3475 3479 3480
f  3476 3473 3477 3480
f  3477 3478 3479 3480
v  5.00769E+02  2.19389E+02 -1.04214E+03
v  5.36117E+02  2.19389E+02 -1.04214E+03
v  5.36117E+02  2.19389E+02 -1.14289E+03
v  5.00769E+02  2.19389E+02 -1.14289E+03
v  5.00769E+02 -4.06287E+00 -1.04214E+03
v  5.36117E+02 -4.06287E+00 -1.04214E+03
v  5.36117E+02 -4.06287E+00 -1.14289E+03
v  5.00769E+02 -4.06287E+00 -1.14289E+03
g vc_435
f  3481 3482 3483 3484
f  3481 3482 3486 3485
f  3483 3482 3486 3487
f  3484 3483 3487 3488
f  3484 3481 3485 3488
f  3485 3486 3487 3488
v  4.65282E+02  2.19389E+02 -1.04214E+03
v  5.00769E+02  2.19389E+02 -1.04214E+03
v  5.00769E+02  2.19389E+02 -1.14289E+03
v  4.65282E+02  2.19389E+02 -1.14289E+03
v  4.65282E+02 -4.06287E+00 -1.04214E+03
v  5.00769E+02 -4.06287E+00 -1.04214E+03
v  5.00769E+02 -4.06287E+00 -1.14289E+03
v  4.65282E+02 -4.06287E+00 -1.14289E+03
g vc_436
f  3489 3490 3491 3492
f  3489 3490 3494 3493
f  3491 3490 3494 3495
f  3492 3491 3495 3496
f  3492 3489 3493 3496
f  3493 3494 3495 3496
v -7.42189E+02  2.19389E+02 -4.52438E+02
v -6.82408E+02  2.19389E+02 -4.52438E+02
v -6.82408E+02  2.19389E+02 -5.30479E+02
v -7.42189E+02  2.19389E+02 -5.30479E+02
v -7.42189E+02 -4.06287E+00 -4.52438E+02
v -6.82408E+02 -4.06287E+00 -4.52438E+02
v -6.82408E+02 -4.06287E+00 -5.30479E+02
v -7.42189E+02 -4.06287E+00 -5.30479E+02
g vc_437
f  3497 3498 3499 3500
f  3497 3498 3502 3501
f  3499 3498 3502 3503
f  3500 3499 3503 3504
f  3500 3497 3501 3504
f  3501 3502 3503 3504
v -7.42189E+02  2.19389E+02 -5.30479E+02
v -6.82408E+02  2.19389E+02 -5.30479E+02
v -6.82408E+02  2.19389E+02 -5.66185E+02
v -7.42189E+02  2.19389E+02 -5.66185E+02
v -7.42189E+02 -4.06287E+00 -5.30479E+02
v -6.82408E+02 -4.06287E+00 -5.30479E+02
v -6.82408E+02 -4.06287E+00 -5.66185E+02
v -7.42189E+02 -4.06287E+00 -5.66185E+02
g vc_438
f  3505 3506 3507 3508
f  3505 3506 3510 3509
f  3507 3506 3510 3511
f  3508 3507 3511 3512
f  3508 3505 3509 3512
f  3509 3510 3511 3512
v  4.94027E+02  2.19389E+02 -3.56185E+02
v  5.62448E+02  2.19389E+02 -3.56185E+02
v  5.62448E+02  2.19389E+02 -4.04845E+02
v  4.94027E+02  2.19389E+02 -4.04845E+02
v  4.94027E+02 -4.06287E+00 -3.56185E+02
v  5.62448E+02 -4.06287E+00 -3.56185E+02
v  5.62448E+02 -4.06287E+00 -4.04845E+02
v  4.94027E+02 -4.06287E+00 -4.04845E+02
g vc_439
f  3513 3514 3515 3516
f  3513 3514 3518 3517
f  3515 3514 3518 3519
f  3516 3515 3519 3520
f  3516 3513 3517 3520
f  3517 3518 3519 3520
v  4.24527E+02  2.19389E+02 -3.56185E+02
v  4.94027E+02  2.19389E+02 -3.56185E+02
v  4.94027E+02  2.19389E+02 -4.04845E+02
v  4.24527E+02  2.19389E+02 -4.04845E+02
v  4.24527E+02 -4.06287E+00 -3.56185E+02
v  4.94027E+02 -4.06287E+00 -3.56185E+02
v  4.94027E+02 -4.06287E+00 -4.04845E+02
v  4.24527E+02 -4.06287E+00 -4.04845E+02
g vc_440
f  3521 3522 3523 3524
f  3521 3522 3526 3525
f  3523 3522 3526 3527
f  3524 3523 3527 3528
f  3524 3521 3525 3528
f  3525 3526 3527 3528
v  4.81603E+02  2.19389E+02 -4.65218E+02
v  5.34727E+02  2.19389E+02 -4.65218E+02
v  5.34727E+02  2.19389E+02 -5.26895E+02
v  4.81603E+02  2.19389E+02 -5.26895E+02
v  4.81603E+02 -4.06287E+00 -4.65218E+02
v  5.34727E+02 -4.06287E+00 -4.65218E+02
v  5.34727E+02 -4.06287E+00 -5.26895E+02
v  4.81603E+02 -4.06287E+00 -5.26895E+02
g vc_441
f  3529 3530 3531 3532
f  3529 3530 3534 3533
f  3531 3530 3534 3535
f  3532 3531 3535 3536
f  3532 3529 3533 3536
f  3533 3534 3535 3536
v  4.26852E+02  2.19389E+02 -4.65218E+02
v  4.81603E+02  2.19389E+02 -4.65218E+02
v  4.81603E+02  2.19389E+02 -5.26895E+02
v  4.26852E+02  2.19389E+02 -5.26895E+02
v  4.26852E+02 -4.06287E+00 -4.65218E+02
v  4.81603E+02 -4.06287E+00 -4.65218E+02
v  4.81603E+02 -4.06287E+00 -5.26895E+02
v  4.26852E+02 -4.06287E+00 -5.26895E+02
g vc_442
f  3537 3538 3539 3540
f  3537 3538 3542 3541
f  3539 3538 3542 3543
f  3540 3539 3543 3544
f  3540 3537 3541 3544
f  3541 3542 3543 3544
v -2.02064E+02  2.19389E+02  1.98004E+01
v -9.71505E+01  2.19389E+02  1.98004E+01
v -9.71505E+01  2.19389E+02 -4.15022E+01
v -2.02064E+02  2.19389E+02 -4.15022E+01
v -2.02064E+02  8.47801E+01  1.98004E+01
v -9.71505E+01  8.47801E+01  1.98004E+01
v -9.71505E+01  8.47801E+01 -4.15022E+01
v -2.02064E+02  8.47801E+01 -4.15022E+01
g vc_443
f  3545 3546 3547 3548
f  3545 3546 3550 3549
f  3547 3546 3550 3551
f  3548 3547 3551 3552
f  3548 3545 3549 3552
f  3549 3550 3551 3552
v -2.02064E+02  8.47801E+01  1.98004E+01
v -9.71505E+01  8.47801E+01  1.98004E+01
v -9.71505E+01  8.47801E+01 -4.15022E+01
v -2.02064E+02  8.47801E+01 -4.15022E+01
v -2.02064E+02 -4.06287E+00  1.98004E+01
v -9.71505E+01 -4.06287E+00  1.98004E+01
v -9.71505E+01 -4.06287E+00 -4.15022E+01
v -2.02064E+02 -4.06287E+00 -4.15022E+01
g vc_444
f  3553 3554 3555 3556
f  3553 3554 3558 3557
f  3555 3554 3558 3559
f  3556 3555 3559 3560
f  3556 3553 3557 3560
f  3557 3558 3559 3560
v  5.36117E+02  2.19389E+02 -1.04214E+03
v  5.96928E+02  2.19389E+02 -1.04214E+03
v  5.96928E+02  2.19389E+02 -1.09425E+03
v  5.36117E+02  2.19389E+02 -1.09425E+03
v  5.36117E+02 -4.06287E+00 -1.04214E+03
v  5.96928E+02 -4.06287E+00 -1.04214E+03
v  5.96928E+02 -4.06287E+00 -1.09425E+03
v  5.36117E+02 -4.06287E+00 -1.09425E+03
g vc_445
f  3561 3562 3563 3564
f  3561 3562 3566 3565
f  3563 3562 3566 3567
f  3564 3563 3567 3568
f  3564 3561 3565 3568
f  3565 3566 3567 3568
v  5.36117E+02  2.19389E+02 -1.09425E+03
v  5.96928E+02  2.19389E+02 -1.09425E+03
v  5.96928E+02  2.19389E+02 -1.14289E+03
v  5.36117E+02  2.19389E+02 -1.14289E+03
v  5.36117E+02 -4.06287E+00 -1.09425E+03
v  5.96928E+02 -4.06287E+00 -1.09425E+03
v  5.96928E+02 -4.06287E+00 -1.14289E+03
v  5.36117E+02 -4.06287E+00 -1.14289E+03
g vc_446
f  3569 3570 3571 3572
f  3569 3570 3574 3573
f  3571 3570 3574 3575
f  3572 3571 3575 3576
f  3572 3569 3573 3576
f  3573 3574 3575 3576
v  4.61255E+02  2.19389E+02  4.02667E+02
v  5.39236E+02  2.19389E+02  4.02667E+02
v  5.39236E+02  2.19389E+02  3.24701E+02
v  4.61255E+02  2.19389E+02  3.24701E+02
v  4.61255E+02  9.78547E+01  4.02667E+02
v  5.39236E+02  9.78547E+01  4.02667E+02
v  5.39236E+02  9.78547E+01  3.24701E+02
v  4.61255E+02  9.78547E+01  3.24701E+02
g vc_447
f  3577 3578 3579 3580
f  3577 3578 3582 3581
f  3579 3578 3582 3583
f  3580 3579 3583 3584
f  3580 3577 3581 3584
f  3581 3582 3583 3584
v  4.61255E+02  9.78547E+01  4.02667E+02
v  5.39236E+02  9.78547E+01  4.02667E+02
v  5.39236E+02  9.78547E+01  3.24701E+02
v  4.61255E+02  9.78547E+01  3.24701E+02
v  4.61255E+02 -4.06287E+00  4.02667E+02
v  5.39236E+02 -4.06287E+00  4.02667E+02
v  5.39236E+02 -4.06287E+00  3.24701E+02
v  4.61255E+02 -4.06287E+00  3.24701E+02
g vc_448
f  3585 3586 3587 3588
f  3585 3586 3590 3589
f  3587 3586 3590 3591
f  3588 3587 3591 3592
f  3588 3585 3589 3592
f  3589 3590 3591 3592
v  5.95431E+02  2.19389E+02 -4.65218E+02
v  6.28370E+02  2.19389E+02 -4.65218E+02
v  6.28370E+02  2.19389E+02 -5.26895E+02
v  5.95431E+02  2.19389E+02 -5.26895E+02
v  5.95431E+02 -4.06287E+00 -4.65218E+02
v  6.28370E+02 -4.06287E+00 -4.65218E+02
v  6.28370E+02 -4.06287E+00 -5.26895E+02
v  5.95431E+02 -4.06287E+00 -5.26895E+02
g vc_449
f  3593 3594 3595 3596
f  3593 3594 3598 3597
f  3595 3594 3598 3599
f  3596 3595 3599 3600
f  3596 3593 3597 3600
f  3597 3598 3599 3600
v  5.34727E+02  2.19389E+02 -4.65218E+02
v  5.95431E+02  2.19389E+02 -4.65218E+02
v  5.95431E+02  2.19389E+02 -5.26895E+02
v  5.34727E+02  2.19389E+02 -5.26895E+02
v  5.34727E+02 -4.06287E+00 -4.65218E+02
v  5.95431E+02 -4.06287E+00 -4.65218E+02
v  5.95431E+02 -4.06287E+00 -5.26895E+02
v  5.34727E+02 -4.06287E+00 -5.26895E+02
g vc_450
f  3601 3602 3603 3604
f  3601 3602 3606 3605
f  3603 3602 3606 3607
f  3604 3603 3607 3608
f  3604 3601 3605 3608
f  3605 3606 3607 3608
v -2.77431E+02  2.19389E+02  1.69623E+02
v -2.02064E+02  2.19389E+02  1.69623E+02
v -2.02064E+02  2.19389E+02  1.28856E+02
v -2.77431E+02  2.19389E+02  1.28856E+02
v -2.77431E+02 -4.06287E+00  1.69623E+02
v -2.02064E+02 -4.06287E+00  1.69623E+02
v -2.02064E+02 -4.06287E+00  1.28856E+02
v -2.77431E+02 -4.06287E+00  1.28856E+02
g vc_451
f  3609 3610 3611 3612
f  3609 3610 3614 3613
f  3611 3610 3614 3615
f  3612 3611 3615 3616
f  3612 3609 3613 3616
f  3613 3614 3615 3616
v -3.39808E+02  2.19389E+02  1.69623E+02
v -2.77431E+02  2.19389E+02  1.69623E+02
v -2.77431E+02  2.19389E+02  1.28856E+02
v -3.39808E+02  2.19389E+02  1.28856E+02
v -3.39808E+02 -4.06287E+00  1.69623E+02
v -2.77431E+02 -4.06287E+00  1.69623E+02
v -2.77431E+02 -4.06287E+00  1.28856E+02
v -3.39808E+02 -4.06287E+00  1.28856E+02
g vc_452
f  3617 3618 3619 3620
f  3617 3618 3622 3621
f  3619 3618 3622 3623
f  3620 3619 3623 3624
f  3620 3617 3621 3624
f  3621 3622 3623 3624
v  3.82936E+02  4.07236E+01 -6.46185E+02
v  5.08270E+02  4.07236E+01 -6.46185E+02
v  5.08270E+02  4.07236E+01 -8.41530E+02
v  3.82936E+02  4.07236E+01 -8.41530E+02
v  3.82936E+02  5.31244E+00 -6.46185E+02
v  5.08270E+02  5.31244E+00 -6.46185E+02
v  5.08270E+02  5.31244E+00 -8.41530E+02
v  3.82936E+02  5.31244E+00 -8.41530E+02
g vc_453
f  3625 3626 3627 3628
f  3625 3626 3630 3629
f  3627 3626 3630 3631
f  3628 3627 3631 3632
f  3628 3625 3629 3632
f  3629 3630 3631 3632
v  3.82936E+02  5.31244E+00 -6.46185E+02
v  5.08270E+02  5.31244E+00 -6.46185E+02
v  5.08270E+02  5.31244E+00 -8.41530E+02
v  3.82936E+02  5.31244E+00 -8.41530E+02
v  3.82936E+02 -4.06287E+00 -6.46185E+02
v  5.08270E+02 -4.06287E+00 -6.46185E+02
v  5.08270E+02 -4.06287E+00 -8.41530E+02
v  3.82936E+02 -4.06287E+00 -8.41530E+02
g vc_454
f  3633 3634 3635 3636
f  3633 3634 3638 3637
f  3635 3634 3638 3639
f  3636 3635 3639 3640
f  3636 3633 3637 3640
f  3637 3638 3639 3640
v -2.36960E+02  2.19389E+02 -1.68916E+02
v -2.02064E+02  2.19389E+02 -1.68916E+02
v -2.02064E+02  2.19389E+02 -2.06649E+02
v -2.36960E+02  2.19389E+02 -2.06649E+02
v -2.36960E+02 -4.06287E+00 -1.68916E+02
v -2.02064E+02 -4.06287E+00 -1.68916E+02
v -2.02064E+02 -4.06287E+00 -2.06649E+02
v -2.36960E+02 -4.06287E+00 -2.06649E+02
g vc_455
f  3641 3642 3643 3644
f  3641 3642 3646 3645
f  3643 3642 3646 3647
f  3644 3643 3647 3648
f  3644 3641 3645 3648
f  3645 3646 3647 3648
v -3.14736E+02  2.19389E+02 -1.68916E+02
v -2.36960E+02  2.19389E+02 -1.68916E+02
v -2.36960E+02  2.19389E+02 -2.06649E+02
v -3.14736E+02  2.19389E+02 -2.06649E+02
v -3.14736E+02 -4.06287E+00 -1.68916E+02
v -2.36960E+02 -4.06287E+00 -1.68916E+02
v -2.36960E+02 -4.06287E+00 -2.06649E+02
v -3.14736E+02 -4.06287E+00 -2.06649E+02
g vc_456
f  3649 3650 3651 3652
f  3649 3650 3654 3653
f  3651 3650 3654 3655
f  3652 3651 3655 3656
f  3652 3649 3653 3656
f  3653 3654 3655 3656
v  5.96928E+02  2.19389E+02 -1.04214E+03
v  6.28370E+02  2.19389E+02 -1.04214E+03
v  6.28370E+02  2.19389E+02 -1.05930E+03
v  5.96928E+02  2.19389E+02 -1.05930E+03
v  5.96928E+02 -4.06287E+00 -1.04214E+03
v  6.28370E+02 -4.06287E+00 -1.04214E+03
v  6.28370E+02 -4.06287E+00 -1.05930E+03
v  5.96928E+02 -4.06287E+00 -1.05930E+03
g vc_457
f  3657 3658 3659 3660
f  3657 3658 3662 3661
f  3659 3658 3662 3663
f  3660 3659 3663 3664
f  3660 3657 3661 3664
f  3661 3662 3663 3664
v  5.96928E+02  2.19389E+02 -1.05930E+03
v  6.28370E+02  2.19389E+02 -1.05930E+03
v  6.28370E+02  2.19389E+02 -1.14289E+03
v  5.96928E+02  2.19389E+02 -1.14289E+03
v  5.96928E+02 -4.06287E+00 -1.05930E+03
v  6.28370E+02 -4.06287E+00 -1.05930E+03
v  6.28370E+02 -4.06287E+00 -1.14289E+03
v  5.96928E+02 -4.06287E+00 -1.14289E+03
g vc_458
f  3665 3666 3667 3668
f  3665 3666 3670 3669
f  3667 3666 3670 3671
f  3668 3667 3671 3672
f  3668 3665 3669 3672
f  3669 3670 3671 3672
v  2.18493E+02  5.22849E+01 -4.06556E+02
v  4.24527E+02  5.22849E+01 -4.06556E+02
v  4.24527E+02  5.22849E+01 -4.65218E+02
v  2.18493E+02  5.22849E+01 -4.65218E+02
v  2.18493E+02  3.45107E+01 -4.06556E+02
v  4.24527E+02  3.45107E+01 -4.06556E+02
v  4.24527E+02  3.45107E+01 -4.65218E+02
v  2.18493E+02  3.45107E+01 -4.65218E+02
g vc_459
f  3673 3674 3675 3676
f  3673 3674 3678 3677
f  3675 3674 3678 3679
f  3676 3675 3679 3680
f  3676 3673 3677 3680
f  3677 3678 3679 3680
v  2.18493E+02  3.45107E+01 -4.06556E+02
v  4.24527E+02  3.45107E+01 -4.06556E+02
v  4.24527E+02  3.45107E+01 -4.65218E+02
v  2.18493E+02  3.45107E+01 -4.65218E+02
v  2.18493E+02 -4.06287E+00 -4.06556E+02
v  4.24527E+02 -4.06287E+00 -4.06556E+02
v  4.24527E+02 -4.06287E+00 -4.65218E+02
v  2.18493E+02 -4.06287E+00 -4.65218E+02
g vc_460
f  3681 3682 3683 3684
f  3681 3682 3686 3685
f  3683 3682 3686 3687
f  3684 3683 3687 3688
f  3684 3681 3685 3688
f  3685 3686 3687 3688
v  5.66496E+00  2.19389E+02 -6.18302E+02
v  4.46692E+01  2.19389E+02 -6.18302E+02
v  4.46692E+01  2.19389E+02 -6.46185E+02
v  5.66496E+00  2.19389E+02 -6.46185E+02
v  5.66496E+00 -4.06287E+00 -6.18302E+02
v  4.46692E+01 -4.06287E+00 -6.18302E+02
v  4.46692E+01 -4.06287E+00 -6.46185E+02
v  5.66496E+00 -4.06287E+00 -6.46185E+02
g vc_461
f  3689 3690 3691 3692
f  3689 3690 3694 3693
f  3691 3690 3694 3695
f  3692 3691 3695 3696
f  3692 3689 3693 3696
f  3693 3694 3695 3696
v -3.31981E+01  2.19389E+02 -6.18302E+02
v  5.66496E+00  2.19389E+02 -6.18302E+02
v  5.66496E+00  2.19389E+02 -6.46185E+02
v -3.31981E+01  2.19389E+02 -6.46185E+02
v -3.31981E+01 -4.06287E+00 -6.18302E+02
v  5.66496E+00 -4.06287E+00 -6.18302E+02
v  5.66496E+00 -4.06287E+00 -6.46185E+02
v -3.31981E+01 -4.06287E+00 -6.46185E+02
g vc_462
f  3697 3698 3699 3700
f  3697 3698 3702 3701
f  3699 3698 3702 3703
f  3700 3699 3703 3704
f  3700 3697 3701 3704
f  3701 3702 3703 3704
v -7.25836E+02  2.19389E+02  1.61480E+02
v -5.52064E+02  2.19389E+02  1.61480E+02
v -5.52064E+02  2.19389E+02  2.07462E+01
v -7.25836E+02  2.19389E+02  2.07462E+01
v -7.25836E+02 -4.06287E+00  1.61480E+02
v -5.52064E+02 -4.06287E+00  1.61480E+02
v -5.52064E+02 -4.06287E+00  2.07462E+01
v -7.25836E+02 -4.06287E+00  2.07462E+01
g vc_463
f  3705 3706 3707 3708
f  3705 3706 3710 3709
f  3707 3706 3710 3711
f  3708 3707 3711 3712
f  3708 3705 3709 3712
f  3709 3710 3711 3712
v -7.25836E+02  2.19389E+02  2.07462E+01
v -5.52064E+02  2.19389E+02  2.07462E+01
v -5.52064E+02  2.19389E+02 -4.79819E+01
v -7.25836E+02  2.19389E+02 -4.79819E+01
v -7.25836E+02 -4.06287E+00  2.07462E+01
v -5.52064E+02 -4.06287E+00  2.07462E+01
v -5.52064E+02 -4.06287E+00 -4.79819E+01
v -7.25836E+02 -4.06287E+00 -4.79819E+01
g vc_464
f  3713 3714 3715 3716
f  3713 3714 3718 3717
f  3715 3714 3718 3719
f  3716 3715 3719 3720
f  3716 3713 3717 3720
f  3717 3718 3719 3720
v -3.71564E+01  2.19389E+02  2.02224E+02
v  6.24147E+01  2.19389E+02  2.02224E+02
v  6.24147E+01  2.19389E+02  1.98004E+01
v -3.71564E+01  2.19389E+02  1.98004E+01
v -3.71564E+01 -4.06287E+00  2.02224E+02
v  6.24147E+01 -4.06287E+00  2.02224E+02
v  6.24147E+01 -4.06287E+00  1.98004E+01
v -3.71564E+01 -4.06287E+00  1.98004E+01
g vc_465
f  3721 3722 3723 3724
f  3721 3722 3726 3725
f  3723 3722 3726 3727
f  3724 3723 3727 3728
f  3724 3721 3725 3728
f  3725 3726 3727 3728
v -8.90872E+01  2.19389E+02  2.02224E+02
v -3.71564E+01  2.19389E+02  2.02224E+02
v -3.71564E+01  2.19389E+02  1.98004E+01
v -8.90872E+01  2.19389E+02  1.98004E+01
v -8.90872E+01 -4.06287E+00  2.02224E+02
v -3.71564E+01 -4.06287E+00  2.02224E+02
v -3.71564E+01 -4.06287E+00  1.98004E+01
v -8.90872E+01 -4.06287E+00  1.98004E+01
g vc_466
f  3729 3730 3731 3732
f  3729 3730 3734 3733
f  3731 3730 3734 3735
f  3732 3731 3735 3736
f  3732 3729 3733 3736
f  3733 3734 3735 3736
v -2.02064E+02  2.19389E+02 -9.34438E+02
v -9.12617E+01  2.19389E+02 -9.34438E+02
v -9.12617E+01  2.19389E+02 -1.06104E+03
v -2.02064E+02  2.19389E+02 -1.06104E+03
v -2.02064E+02 -4.06287E+00 -9.34438E+02
v -9.12617E+01 -4.06287E+00 -9.34438E+02
v -9.12617E+01 -4.06287E+00 -1.06104E+03
v -2.02064E+02 -4.06287E+00 -1.06104E+03
g vc_467
f  3737 3738 3739 3740
f  3737 3738 3742 3741
f  3739 3738 3742 3743
f  3740 3739 3743 3744
f  3740 3737 3741 3744
f  3741 3742 3743 3744
v -2.02064E+02  2.19389E+02 -1.06104E+03
v -9.12617E+01  2.19389E+02 -1.06104E+03
v -9.12617E+01  2.19389E+02 -1.14187E+03
v -2.02064E+02  2.19389E+02 -1.14187E+03
v -2.02064E+02 -4.06287E+00 -1.06104E+03
v -9.12617E+01 -4.06287E+00 -1.06104E+03
v -9.12617E+01 -4.06287E+00 -1.14187E+03
v -2.02064E+02 -4.06287E+00 -1.14187E+03
g vc_468
f  3745 3746 3747 3748
f  3745 3746 3750 3749
f  3747 3746 3750 3751
f  3748 3747 3751 3752
f  3748 3745 3749 3752
f  3749 3750 3751 3752
v -3.61901E+01  2.19389E+02 -1.03216E+03
v  7.80876E+01  2.19389E+02 -1.03216E+03
v  7.80876E+01  2.19389E+02 -1.12577E+03
v -3.61901E+01  2.19389E+02 -1.12577E+03
v -3.61901E+01 -4.06287E+00 -1.03216E+03
v  7.80876E+01 -4.06287E+00 -1.03216E+03
v  7.80876E+01 -4.06287E+00 -1.12577E+03
v -3.61901E+01 -4.06287E+00 -1.12577E+03
g vc_469
f  3753 3754 3755 3756
f  3753 3754 3758 3757
f  3755 3754 3758 3759
f  3756 3755 3759 3760
f  3756 3753 3757 3760
f  3757 3758 3759 3760
v -3.61901E+01  2.19389E+02 -1.12577E+03
v  7.80876E+01  2.19389E+02 -1.12577E+03
v  7.80876E+01  2.19389E+02 -1.22119E+03
v -3.61901E+01  2.19389E+02 -1.22119E+03
v -3.61901E+01 -4.06287E+00 -1.12577E+03
v  7.80876E+01 -4.06287E+00 -1.12577E+03
v  7.80876E+01 -4.06287E+00 -1.22119E+03
v -3.61901E+01 -4.06287E+00 -1.22119E+03
g vc_470
f  3761 3762 3763 3764
f  3761 3762 3766 3765
f  3763 3762 3766 3767
f  3764 3763 3767 3768
f  3764 3761 3765 3768
f  3765 3766 3767 3768
v -3.77417E+01  2.19389E+02  1.98004E+01
v  6.77131E+01  2.19389E+02  1.98004E+01
v  6.77131E+01  2.19389E+02 -4.26943E+01
v -3.77417E+01  2.19389E+02 -4.26943E+01
v -3.77417E+01 -4.06287E+00  1.98004E+01
v  6.77131E+01 -4.06287E+00  1.98004E+01
v  6.77131E+01 -4.06287E+00 -4.26943E+01
v -3.77417E+01 -4.06287E+00 -4.26943E+01
g vc_471
f  3769 3770 3771 3772
f  3769 3770 3774 3773
f  3771 3770 3774 3775
f  3772 3771 3775 3776
f  3772 3769 3773 3776
f  3773 3774 3775 3776
v -3.77417E+01  2.19389E+02 -4.26943E+01
v  6.77131E+01  2.19389E+02 -4.26943E+01
v  6.77131E+01  2.19389E+02 -1.69673E+02
v -3.77417E+01  2.19389E+02 -1.69673E+02
v -3.77417E+01 -4.06287E+00 -4.26943E+01
v  6.77131E+01 -4.06287E+00 -4.26943E+01
v  6.77131E+01 -4.06287E+00 -1.69673E+02
v -3.77417E+01 -4.06287E+00 -1.69673E+02
g vc_472
f  3777 3778 3779 3780
f  3777 3778 3782 3781
f  3779 3778 3782 3783
f  3780 3779 3783 3784
f  3780 3777 3781 3784
f  3781 3782 3783 3784
v -7.94701E+01  2.19389E+02 -1.69673E+02
v  7.02845E+01  2.19389E+02 -1.69673E+02
v  7.02845E+01  2.19389E+02 -2.48081E+02
v -7.94701E+01  2.19389E+02 -2.48081E+02
v -7.94701E+01 -4.06287E+00 -1.69673E+02
v  7.02845E+01 -4.06287E+00 -1.69673E+02
v  7.02845E+01 -4.06287E+00 -2.48081E+02
v -7.94701E+01 -4.06287E+00 -2.48081E+02
g vc_473
f  3785 3786 3787 3788
f  3785 3786 3790 3789
f  3787 3786 3790 3791
f  3788 3787 3791 3792
f  3788 3785 3789 3792
f  3789 3790 3791 3792
v -7.94701E+01  2.19389E+02 -2.48081E+02
v  7.02845E+01  2.19389E+02 -2.48081E+02
v  7.02845E+01  2.19389E+02 -2.92254E+02
v -7.94701E+01  2.19389E+02 -2.92254E+02
v -7.94701E+01 -4.06287E+00 -2.48081E+02
v  7.02845E+01 -4.06287E+00 -2.48081E+02
v  7.02845E+01 -4.06287E+00 -2.92254E+02
v -7.94701E+01 -4.06287E+00 -2.92254E+02
g vc_474
f  3793 3794 3795 3796
f  3793 3794 3798 3797
f  3795 3794 3798 3799
f  3796 3795 3799 3800
f  3796 3793 3797 3800
f  3797 3798 3799 3800
v  7.80876E+01  2.19389E+02 -1.03343E+03
v  1.71176E+02  2.19389E+02 -1.03343E+03
v  1.71176E+02  2.19389E+02 -1.12546E+03
v  7.80876E+01  2.19389E+02 -1.12546E+03
v  7.80876E+01 -4.06287E+00 -1.03343E+03
v  1.71176E+02 -4.06287E+00 -1.03343E+03
v  1.71176E+02 -4.06287E+00 -1.12546E+03
v  7.80876E+01 -4.06287E+00 -1.12546E+03
g vc_475
f  3801 3802 3803 3804
f  3801 3802 3806 3805
f  3803 3802 3806 3807
f  3804 3803 3807 3808
f  3804 3801 3805 3808
f  3805 3806 3807 3808
v  7.80876E+01  2.19389E+02 -1.12546E+03
v  1.71176E+02  2.19389E+02 -1.12546E+03
v  1.71176E+02  2.19389E+02 -1.22119E+03
v  7.80876E+01  2.19389E+02 -1.22119E+03
v  7.80876E+01 -4.06287E+00 -1.12546E+03
v  1.71176E+02 -4.06287E+00 -1.12546E+03
v  1.71176E+02 -4.06287E+00 -1.22119E+03
v  7.80876E+01 -4.06287E+00 -1.22119E+03
g vc_476
f  3809 3810 3811 3812
f  3809 3810 3814 3813
f  3811 3810 3814 3815
f  3812 3811 3815 3816
f  3812 3809 3813 3816
f  3813 3814 3815 3816
v -3.54192E+02  2.19389E+02 -3.45355E+02
v -2.75930E+02  2.19389E+02 -3.45355E+02
v -2.75930E+02  2.19389E+02 -4.55470E+02
v -3.54192E+02  2.19389E+02 -4.55470E+02
v -3.54192E+02 -4.06287E+00 -3.45355E+02
v -2.75930E+02 -4.06287E+00 -3.45355E+02
v -2.75930E+02 -4.06287E+00 -4.55470E+02
v -3.54192E+02 -4.06287E+00 -4.55470E+02
g vc_477
f  3817 3818 3819 3820
f  3817 3818 3822 3821
f  3819 3818 3822 3823
f  3820 3819 3823 3824
f  3820 3817 3821 3824
f  3821 3822 3823 3824
v -4.34520E+02  2.19389E+02 -3.45355E+02
v -3.54192E+02  2.19389E+02 -3.45355E+02
v -3.54192E+02  2.19389E+02 -4.55470E+02
v -4.34520E+02  2.19389E+02 -4.55470E+02
v -4.34520E+02 -4.06287E+00 -3.45355E+02
v -3.54192E+02 -4.06287E+00 -3.45355E+02
v -3.54192E+02 -4.06287E+00 -4.55470E+02
v -4.34520E+02 -4.06287E+00 -4.55470E+02
g vc_478
f  3825 3826 3827 3828
f  3825 3826 3830 3829
f  3827 3826 3830 3831
f  3828 3827 3831 3832
f  3828 3825 3829 3832
f  3829 3830 3831 3832
v -4.68115E+02  2.19389E+02  1.59443E+02
v -3.39808E+02  2.19389E+02  1.59443E+02
v -3.39808E+02  2.19389E+02  1.19973E+02
v -4.68115E+02  2.19389E+02  1.19973E+02
v -4.68115E+02 -4.06287E+00  1.59443E+02
v -3.39808E+02 -4.06287E+00  1.59443E+02
v -3.39808E+02 -4.06287E+00  1.19973E+02
v -4.68115E+02 -4.06287E+00  1.19973E+02
g vc_479
f  3833 3834 3835 3836
f  3833 3834 3838 3837
f  3835 3834 3838 3839
f  3836 3835 3839 3840
f  3836 3833 3837 3840
f  3837 3838 3839 3840
v -4.68115E+02  2.19389E+02  1.19973E+02
v -3.39808E+02  2.19389E+02  1.19973E+02
v -3.39808E+02  2.19389E+02  2.63745E+01
v -4.68115E+02  2.19389E+02  2.63745E+01
v -4.68115E+02 -4.06287E+00  1.19973E+02
v -3.39808E+02 -4.06287E+00  1.19973E+02
v -3.39808E+02 -4.06287E+00  2.63745E+01
v -4.68115E+02 -4.06287E+00  2.63745E+01
g vc_480
f  3841 3842 3843 3844
f  3841 3842 3846 3845
f  3843 3842 3846 3847
f  3844 3843 3847 3848
f  3844 3841 3845 3848
f  3845 3846 3847 3848
v  3.33611E+02  2.19389E+02 -1.03061E+03
v  3.82936E+02  2.19389E+02 -1.03061E+03
v  3.82936E+02  2.19389E+02 -1.16150E+03
v  3.33611E+02  2.19389E+02 -1.16150E+03
v  3.33611E+02 -4.06287E+00 -1.03061E+03
v  3.82936E+02 -4.06287E+00 -1.03061E+03
v  3.82936E+02 -4.06287E+00 -1.16150E+03
v  3.33611E+02 -4.06287E+00 -1.16150E+03
g vc_481
f  3849 3850 3851 3852
f  3849 3850 3854 3853
f  3851 3850 3854 3855
f  3852 3851 3855 3856
f  3852 3849 3853 3856
f  3853 3854 3855 3856
v  2.57603E+02  2.19389E+02 -1.03061E+03
v  3.33611E+02  2.19389E+02 -1.03061E+03
v  3.33611E+02  2.19389E+02 -1.16150E+03
v  2.57603E+02  2.19389E+02 -1.16150E+03
v  2.57603E+02 -4.06287E+00 -1.03061E+03
v  3.33611E+02 -4.06287E+00 -1.03061E+03
v  3.33611E+02 -4.06287E+00 -1.16150E+03
v  2.57603E+02 -4.06287E+00 -1.16150E+03
g vc_482
f  3857 3858 3859 3860
f  3857 3858 3862 3861
f  3859 3858 3862 3863
f  3860 3859 3863 3864
f  3860 3857 3861 3864
f  3861 3862 3863 3864
v  1.71176E+02  2.19389E+02 -1.03343E+03
v  2.57603E+02  2.19389E+02 -1.03343E+03
v  2.57603E+02  2.19389E+02 -1.16270E+03
v  1.71176E+02  2.19389E+02 -1.16270E+03
v  1.71176E+02 -4.06287E+00 -1.03343E+03
v  2.57603E+02 -4.06287E+00 -1.03343E+03
v  2.57603E+02 -4.06287E+00 -1.16270E+03
v  1.71176E+02 -4.06287E+00 -1.16270E+03
g vc_483
f  3865 3866 3867 3868
f  3865 3866 3870 3869
f  3867 3866 3870 3871
f  3868 3867 3871 3872
f  3868 3865 3869 3872
f  3869 3870 3871 3872
v  1.71176E+02  2.19389E+02 -1.16270E+03
v  2.57603E+02  2.19389E+02 -1.16270E+03
v  2.57603E+02  2.19389E+02 -1.22119E+03
v  1.71176E+02  2.19389E+02 -1.22119E+03
v  1.71176E+02 -4.06287E+00 -1.16270E+03
v  2.57603E+02 -4.06287E+00 -1.16270E+03
v  2.57603E+02 -4.06287E+00 -1.22119E+03
v  1.71176E+02 -4.06287E+00 -1.22119E+03
g vc_484
f  3873 3874 3875 3876
f  3873 3874 3878 3877
f  3875 3874 3878 3879
f  3876 3875 3879 3880
f  3876 3873 3877 3880
f  3877 3878 3879 3880
v -3.52806E+02  2.19389E+02 -2.43187E+02
v -2.75930E+02  2.19389E+02 -2.43187E+02
v -2.75930E+02  2.19389E+02 -3.45355E+02
v -3.52806E+02  2.19389E+02 -3.45355E+02
v -3.52806E+02 -4.06287E+00 -2.43187E+02
v -2.75930E+02 -4.06287E+00 -2.43187E+02
v -2.75930E+02 -4.06287E+00 -3.45355E+02
v -3.52806E+02 -4.06287E+00 -3.45355E+02
g vc_485
f  3881 3882 3883 3884
f  3881 3882 3886 3885
f  3883 3882 3886 3887
f  3884 3883 3887 3888
f  3884 3881 3885 3888
f  3885 3886 3887 3888
v -4.34520E+02  2.19389E+02 -2.43187E+02
v -3.52806E+02  2.19389E+02 -2.43187E+02
v -3.52806E+02  2.19389E+02 -3.45355E+02
v -4.34520E+02  2.19389E+02 -3.45355E+02
v -4.34520E+02 -4.06287E+00 -2.43187E+02
v -3.52806E+02 -4.06287E+00 -2.43187E+02
v -3.52806E+02 -4.06287E+00 -3.45355E+02
v -4.34520E+02 -4.06287E+00 -3.45355E+02
g vc_486
f  3889 3890 3891 3892
f  3889 3890 3894 3893
f  3891 3890 3894 3895
f  3892 3891 3895 3896
f  3892 3889 3893 3896
f  3893 3894 3895 3896
v -9.12617E+01  2.19389E+02 -9.38385E+02
v  7.80876E+01  2.19389E+02 -9.38385E+02
v  7.80876E+01  2.19389E+02 -1.03216E+03
v -9.12617E+01  2.19389E+02 -1.03216E+03
v -9.12617E+01  2.83057E+01 -9.38385E+02
v  7.80876E+01  2.83057E+01 -9.38385E+02
v  7.80876E+01  2.83057E+01 -1.03216E+03
v -9.12617E+01  2.83057E+01 -1.03216E+03
g vc_487
f  3897 3898 3899 3900
f  3897 3898 3902 3901
f  3899 3898 3902 3903
f  3900 3899 3903 3904
f  3900 3897 3901 3904
f  3901 3902 3903 3904
v -9.12617E+01  2.83057E+01 -9.38385E+02
v  7.80876E+01  2.83057E+01 -9.38385E+02
v  7.80876E+01  2.83057E+01 -1.03216E+03
v -9.12617E+01  2.83057E+01 -1.03216E+03
v -9.12617E+01 -4.06287E+00 -9.38385E+02
v  7.80876E+01 -4.06287E+00 -9.38385E+02
v  7.80876E+01 -4.06287E+00 -1.03216E+03
v -9.12617E+01 -4.06287E+00 -1.03216E+03
g vc_488
f  3905 3906 3907 3908
f  3905 3906 3910 3909
f  3907 3906 3910 3911
f  3908 3907 3911 3912
f  3908 3905 3909 3912
f  3909 3910 3911 3912
v -6.17491E+00  2.19389E+02 -8.46185E+02
v  7.80876E+01  2.19389E+02 -8.46185E+02
v  7.80876E+01  2.19389E+02 -9.38385E+02
v -6.17491E+00  2.19389E+02 -9.38385E+02
v -6.17491E+00 -4.06287E+00 -8.46185E+02
v  7.80876E+01 -4.06287E+00 -8.46185E+02
v  7.80876E+01 -4.06287E+00 -9.38385E+02
v -6.17491E+00 -4.06287E+00 -9.38385E+02
g vc_489
f  3913 3914 3915 3916
f  3913 3914 3918 3917
f  3915 3914 3918 3919
f  3916 3915 3919 3920
f  3916 3913 3917 3920
f  3917 3918 3919 3920
v -9.12617E+01  2.19389E+02 -8.46185E+02
v -6.17491E+00  2.19389E+02 -8.46185E+02
v -6.17491E+00  2.19389E+02 -9.38385E+02
v -9.12617E+01  2.19389E+02 -9.38385E+02
v -9.12617E+01 -4.06287E+00 -8.46185E+02
v -6.17491E+00 -4.06287E+00 -8.46185E+02
v -6.17491E+00 -4.06287E+00 -9.38385E+02
v -9.12617E+01 -4.06287E+00 -9.38385E+02
g vc_490
f  3921 3922 3923 3924
f  3921 3922 3926 3925
f  3923 3922 3926 3927
f  3924 3923 3927 3928
f  3924 3921 3925 3928
f  3925 3926 3927 3928
v -7.26830E+02  2.19389E+02  2.70657E+02
v -6.42389E+02  2.19389E+02  2.70657E+02
v -6.42389E+02  2.19389E+02  1.61480E+02
v -7.26830E+02  2.19389E+02  1.61480E+02
v -7.26830E+02 -4.06287E+00  2.70657E+02
v -6.42389E+02 -4.06287E+00  2.70657E+02
v -6.42389E+02 -4.06287E+00  1.61480E+02
v -7.26830E+02 -4.06287E+00  1.61480E+02
g vc_491
f  3929 3930 3931 3932
f  3929 3930 3934 3933
f  3931 3930 3934 3935
f  3932 3931 3935 3936
f  3932 3929 3933 3936
f  3933 3934 3935 3936
v -7.83444E+02  2.19389E+02  2.70657E+02
v -7.26830E+02  2.19389E+02  2.70657E+02
v -7.26830E+02  2.19389E+02  1.61480E+02
v -7.83444E+02  2.19389E+02  1.61480E+02
v -7.83444E+02 -4.06287E+00  2.70657E+02
v -7.26830E+02 -4.06287E+00  2.70657E+02
v -7.26830E+02 -4.06287E+00  1.61480E+02
v -7.83444E+02 -4.06287E+00  1.61480E+02
g vc_492
f  3937 3938 3939 3940
f  3937 3938 3942 3941
f  3939 3938 3942 3943
f  3940 3939 3943 3944
f  3940 3937 3941 3944
f  3941 3942 3943 3944
v -7.68694E+02  2.19389E+02 -5.66185E+02
v -6.81052E+02  2.19389E+02 -5.66185E+02
v -6.81052E+02  2.19389E+02 -6.50234E+02
v -7.68694E+02  2.19389E+02 -6.50234E+02
v -7.68694E+02 -4.06287E+00 -5.66185E+02
v -6.81052E+02 -4.06287E+00 -5.66185E+02
v -6.81052E+02 -4.06287E+00 -6.50234E+02
v -7.68694E+02 -4.06287E+00 -6.50234E+02
g vc_493
f  3945 3946 3947 3948
f  3945 3946 3950 3949
f  3947 3946 3950 3951
f  3948 3947 3951 3952
f  3948 3945 3949 3952
f  3949 3950 3951 3952
v -7.68694E+02  2.19389E+02 -6.50234E+02
v -6.81052E+02  2.19389E+02 -6.50234E+02
v -6.81052E+02  2.19389E+02 -7.37277E+02
v -7.68694E+02  2.19389E+02 -7.37277E+02
v -7.68694E+02 -4.06287E+00 -6.50234E+02
v -6.81052E+02 -4.06287E+00 -6.50234E+02
v -6.81052E+02 -4.06287E+00 -7.37277E+02
v -7.68694E+02 -4.06287E+00 -7.37277E+02
g vc_494
f  3953 3954 3955 3956
f  3953 3954 3958 3957
f  3955 3954 3958 3959
f  3956 3955 3959 3960
f  3956 3953 3957 3960
f  3957 3958 3959 3960
v  6.24147E+01  2.19389E+02  2.82131E+02
v  1.34777E+02  2.19389E+02  2.82131E+02
v  1.34777E+02  2.19389E+02  1.90594E+02
v  6.24147E+01  2.19389E+02  1.90594E+02
v  6.24147E+01 -4.06287E+00  2.82131E+02
v  1.34777E+02 -4.06287E+00  2.82131E+02
v  1.34777E+02 -4.06287E+00  1.90594E+02
v  6.24147E+01 -4.06287E+00  1.90594E+02
g vc_495
f  3961 3962 3963 3964
f  3961 3962 3966 3965
f  3963 3962 3966 3967
f  3964 3963 3967 3968
f  3964 3961 3965 3968
f  3965 3966 3967 3968
v  6.24147E+01  2.19389E+02  1.90594E+02
v  1.34777E+02  2.19389E+02  1.90594E+02
v  1.34777E+02  2.19389E+02  9.58305E+01
v  6.24147E+01  2.19389E+02  9.58305E+01
v  6.24147E+01 -4.06287E+00  1.90594E+02
v  1.34777E+02 -4.06287E+00  1.90594E+02
v  1.34777E+02 -4.06287E+00  9.58305E+01
v  6.24147E+01 -4.06287E+00  9.58305E+01
g vc_496
f  3969 3970 3971 3972
f  3969 3970 3974 3973
f  3971 3970 3974 3975
f  3972 3971 3975 3976
f  3972 3969 3973 3976
f  3973 3974 3975 3976
v  3.22936E+02  2.19389E+02  2.64313E+02
v  4.34466E+02  2.19389E+02  2.64313E+02
v  4.34466E+02  2.19389E+02  1.98540E+02
v  3.22936E+02  2.19389E+02  1.98540E+02
v  3.22936E+02 -4.06287E+00  2.64313E+02
v  4.34466E+02 -4.06287E+00  2.64313E+02
v  4.34466E+02 -4.06287E+00  1.98540E+02
v  3.22936E+02 -4.06287E+00  1.98540E+02
g vc_497
f  3977 3978 3979 3980
f  3977 3978 3982 3981
f  3979 3978 3982 3983
f  3980 3979 3983 3984
f  3980 3977 3981 3984
f  3981 3982 3983 3984
v  3.22936E+02  2.19389E+02  1.98540E+02
v  4.34466E+02  2.19389E+02  1.98540E+02
v  4.34466E+02  2.19389E+02  1.55506E+02
v  3.22936E+02  2.19389E+02  1.55506E+02
v  3.22936E+02 -4.06287E+00  1.98540E+02
v  4.34466E+02 -4.06287E+00  1.98540E+02
v  4.34466E+02 -4.06287E+00  1.55506E+02
v  3.22936E+02 -4.06287E+00  1.55506E+02
g vc_498
f  3985 3986 3987 3988
f  3985 3986 3990 3989
f  3987 3986 3990 3991
f  3988 3987 3991 3992
f  3988 3985 3989 3992
f  3989 3990 3991 3992
v -8.90872E+01  2.19389E+02  2.82131E+02
v  6.24147E+01  2.19389E+02  2.82131E+02
v  6.24147E+01  2.19389E+02  2.36264E+02
v -8.90872E+01  2.19389E+02  2.36264E+02
v -8.90872E+01 -4.06287E+00  2.82131E+02
v  6.24147E+01 -4.06287E+00  2.82131E+02
v  6.24147E+01 -4.06287E+00  2.36264E+02
v -8.90872E+01 -4.06287E+00  2.36264E+02
g vc_499
f  3993 3994 3995 3996
f  3993 3994 3998 3997
f  3995 3994 3998 3999
f  3996 3995 3999 4000
f  3996 3993 3997 4000
f  3997 3998 3999 4000
v -8.90872E+01  2.19389E+02  2.36264E+02
v  6.24147E+01  2.19389E+02  2.36264E+02
v  6.24147E+01  2.19389E+02  2.02224E+02
v -8.90872E+01  2.19389E+02  2.02224E+02
v -8.90872E+01 -4.06287E+00  2.36264E+02
v  6.24147E+01 -4.06287E+00  2.36264E+02
v  6.24147E+01 -4.06287E+00  2.02224E+02
v -8.90872E+01 -4.06287E+00  2.02224E+02
g vc_500
f  4001 4002 4003 4004
f  4001 4002 4006 4005
f  4003 4002 4006 4007
f  4004 4003 4007 4008
f  4004 4001 4005 4008
f  4005 4006 4007 4008
v -9.71505E+01  2.19389E+02  1.98004E+01
v -3.77417E+01  2.19389E+02  1.98004E+01
v -3.77417E+01  2.19389E+02 -7.41195E+01
v -9.71505E+01  2.19389E+02 -7.41195E+01
v -9.71505E+01 -4.06287E+00  1.98004E+01
v -3.77417E+01 -4.06287E+00  1.98004E+01
v -3.77417E+01 -4.06287E+00 -7.41195E+01
v -9.71505E+01 -4.06287E+00 -7.41195E+01
g vc_501
f  4009 4010 4011 4012
f  4009 4010 4014 4013
f  4011 4010 4014 4015
f  4012 4011 4015 4016
f  4012 4009 4013 4016
f  4013 4014 4015 4016
v -9.71505E+01  2.19389E+02 -7.41195E+01
v -3.77417E+01  2.19389E+02 -7.41195E+01
v -3.77417E+01  2.19389E+02 -1.69673E+02
v -9.71505E+01  2.19389E+02 -1.69673E+02
v -9.71505E+01 -4.06287E+00 -7.41195E+01
v -3.77417E+01 -4.06287E+00 -7.41195E+01
v -3.77417E+01 -4.06287E+00 -1.69673E+02
v -9.71505E+01 -4.06287E+00 -1.69673E+02
g vc_502
f  4017 4018 4019 4020
f  4017 4018 4022 4021
f  4019 4018 4022 4023
f  4020 4019 4023 4024
f  4020 4017 4021 4024
f  4021 4022 4023 4024
v  4.34466E+02  2.19389E+02  3.24701E+02
v  5.39236E+02  2.19389E+02  3.24701E+02
v  5.39236E+02  2.19389E+02  1.55506E+02
v  4.34466E+02  2.19389E+02  1.55506E+02
v  4.34466E+02  1.50339E+02  3.24701E+02
v  5.39236E+02  1.50339E+02  3.24701E+02
v  5.39236E+02  1.50339E+02  1.55506E+02
v  4.34466E+02  1.50339E+02  1.55506E+02
g vc_503
f  4025 4026 4027 4028
f  4025 4026 4030 4029
f  4027 4026 4030 4031
f  4028 4027 4031 4032
f  4028 4025 4029 4032
f  4029 4030 4031 4032
v  4.34466E+02  1.50339E+02  3.24701E+02
v  5.39236E+02  1.50339E+02  3.24701E+02
v  5.39236E+02  1.50339E+02  1.55506E+02
v  4.34466E+02  1.50339E+02  1.55506E+02
v  4.34466E+02  8.35942E+01  3.24701E+02
v  5.39236E+02  8.35942E+01  3.24701E+02
v  5.39236E+02  8.35942E+01  1.55506E+02
v  4.34466E+02  8.35942E+01  1.55506E+02
g vc_504
f  4033 4034 4035 4036
f  4033 4034 4038 4037
f  4035 4034 4038 4039
f  4036 4035 4039 4040
f  4036 4033 4037 4040
f  4037 4038 4039 4040
v -7.61368E+02  2.19389E+02 -1.78278E+02
v -6.42694E+02  2.19389E+02 -1.78278E+02
v -6.42694E+02  2.19389E+02 -2.23454E+02
v -7.61368E+02  2.19389E+02 -2.23454E+02
v -7.61368E+02 -4.06287E+00 -1.78278E+02
v -6.42694E+02 -4.06287E+00 -1.78278E+02
v -6.42694E+02 -4.06287E+00 -2.23454E+02
v -7.61368E+02 -4.06287E+00 -2.23454E+02
g vc_505
f  4041 4042 4043 4044
f  4041 4042 4046 4045
f  4043 4042 4046 4047
f  4044 4043 4047 4048
f  4044 4041 4045 4048
f  4045 4046 4047 4048
v -7.61368E+02  2.19389E+02 -2.23454E+02
v -6.42694E+02  2.19389E+02 -2.23454E+02
v -6.42694E+02  2.19389E+02 -2.68807E+02
v -7.61368E+02  2.19389E+02 -2.68807E+02
v -7.61368E+02 -4.06287E+00 -2.23454E+02
v -6.42694E+02 -4.06287E+00 -2.23454E+02
v -6.42694E+02 -4.06287E+00 -2.68807E+02
v -7.61368E+02 -4.06287E+00 -2.68807E+02
g vc_506
f  4049 4050 4051 4052
f  4049 4050 4054 4053
f  4051 4050 4054 4055
f  4052 4051 4055 4056
f  4052 4049 4053 4056
f  4053 4054 4055 4056
v -9.12617E+01  2.19389E+02 -1.03216E+03
v -3.61901E+01  2.19389E+02 -1.03216E+03
v -3.61901E+01  2.19389E+02 -1.16830E+03
v -9.12617E+01  2.19389E+02 -1.16830E+03
v -9.12617E+01 -4.06287E+00 -1.03216E+03
v -3.61901E+01 -4.06287E+00 -1.03216E+03
v -3.61901E+01 -4.06287E+00 -1.16830E+03
v -9.12617E+01 -4.06287E+00 -1.16830E+03
g vc_507
f  4057 4058 4059 4060
f  4057 4058 4062 4061
f  4059 4058 4062 4063
f  4060 4059 4063 4064
f  4060 4057 4061 4064
f  4061 4062 4063 4064
v -9.12617E+01  2.19389E+02 -1.16830E+03
v -3.61901E+01  2.19389E+02 -1.16830E+03
v -3.61901E+01  2.19389E+02 -1.22119E+03
v -9.12617E+01  2.19389E+02 -1.22119E+03
v -9.12617E+01 -4.06287E+00 -1.16830E+03
v -3.61901E+01 -4.06287E+00 -1.16830E+03
v -3.61901E+01 -4.06287E+00 -1.22119E+03
v -9.12617E+01 -4.06287E+00 -1.22119E+03
g vc_508
f  4065 4066 4067 4068
f  4065 4066 4070 4069
f  4067 4066 4070 4071
f  4068 4067 4071 4072
f  4068 4065 4069 4072
f  4069 4070 4071 4072
v -6.98834E+02  2.19389E+02 -1.13003E+02
v -6.02902E+02  2.19389E+02 -1.13003E+02
v -6.02902E+02  2.19389E+02 -1.78278E+02
v -6.98834E+02  2.19389E+02 -1.78278E+02
v -6.98834E+02 -4.06287E+00 -1.13003E+02
v -6.02902E+02 -4.06287E+00 -1.13003E+02
v -6.02902E+02 -4.06287E+00 -1.78278E+02
v -6.98834E+02 -4.06287E+00 -1.78278E+02
g vc_509
f  4073 4074 4075 4076
f  4073 4074 4078 4077
f  4075 4074 4078 4079
f  4076 4075 4079 4080
f  4076 4073 4077 4080
f  4077 4078 4079 4080
v -7.61368E+02  2.19389E+02 -1.13003E+02
v -6.98834E+02  2.19389E+02 -1.13003E+02
v -6.98834E+02  2.19389E+02 -1.78278E+02
v -7.61368E+02  2.19389E+02 -1.78278E+02
v -7.61368E+02 -4.06287E+00 -1.13003E+02
v -6.98834E+02 -4.06287E+00 -1.13003E+02
v -6.98834E+02 -4.06287E+00 -1.78278E+02
v -7.61368E+02 -4.06287E+00 -1.78278E+02
g vc_510
f  4081 4082 4083 4084
f  4081 4082 4086 4085
f  4083 4082 4086 4087
f  4084 4083 4087 4088
f  4084 4081 4085 4088
f  4085 4086 4087 4088
v -7.15890E+02  2.19389E+02 -4.79819E+01
v -6.02902E+02  2.19389E+02 -4.79819E+01
v -6.02902E+02  2.19389E+02 -1.13003E+02
v -7.15890E+02  2.19389E+02 -1.13003E+02
v -7.15890E+02 -4.06287E+00 -4.79819E+01
v -6.02902E+02 -4.06287E+00 -4.79819E+01
v -6.02902E+02 -4.06287E+00 -1.13003E+02
v -7.15890E+02 -4.06287E+00 -1.13003E+02
g vc_511
f  4089 4090 4091 4092
f  4089 4090 4094 4093
f  4091 4090 4094 4095
f  4092 4091 4095 4096
f  4092 4089 4093 4096
f  4093 4094 4095 4096
v -7.61368E+02  2.19389E+02 -4.79819E+01
v -7.15890E+02  2.19389E+02 -4.79819E+01
v -7.15890E+02  2.19389E+02 -1.13003E+02
v -7.61368E+02  2.19389E+02 -1.13003E+02
v -7.61368E+02 -4.06287E+00 -4.79819E+01
v -7.15890E+02 -4.06287E+00 -4.79819E+01
v -7.15890E+02 -4.06287E+00 -1.13003E+02
v -7.61368E+02 -4.06287E+00 -1.13003E+02
g vc_512
f  4097 4098 4099 4100
f  4097 4098 4102 4101
f  4099 4098 4102 4103
f  4100 4099 4103 4104
f  4100 4097 4101 4104
f  4101 4102 4103 4104
v  4.72935E+02  2.19389E+02 -1.61439E+02
v  5.51368E+02  2.19389E+02 -1.61439E+02
v  5.51368E+02  2.19389E+02 -2.25322E+02
v  4.72935E+02  2.19389E+02 -2.25322E+02
v  4.72935E+02 -4.06287E+00 -1.61439E+02
v  5.51368E+02 -4.06287E+00 -1.61439E+02
v  5.51368E+02 -4.06287E+00 -2.25322E+02
v  4.72935E+02 -4.06287E+00 -2.25322E+02
g vc_513
f  4105 4106 4107 4108
f  4105 4106 4110 4109
f  4107 4106 4110 4111
f  4108 4107 4111 4112
f  4108 4105 4109 4112
f  4109 4110 4111 4112
v  4.72935E+02  2.19389E+02 -2.25322E+02
v  5.51368E+02  2.19389E+02 -2.25322E+02
v  5.51368E+02  2.19389E+02 -2.89431E+02
v  4.72935E+02  2.19389E+02 -2.89431E+02
v  4.72935E+02 -4.06287E+00 -2.25322E+02
v  5.51368E+02 -4.06287E+00 -2.25322E+02
v  5.51368E+02 -4.06287E+00 -2.89431E+02
v  4.72935E+02 -4.06287E+00 -2.89431E+02
g vc_514
f  4113 4114 4115 4116
f  4113 4114 4118 4117
f  4115 4114 4118 4119
f  4116 4115 4119 4120
f  4116 4113 4117 4120
f  4117 4118 4119 4120
v -3.43097E+00  2.19389E+02 -7.45006E+02
v  9.52778E+01  2.19389E+02 -7.45006E+02
v  9.52778E+01  2.19389E+02 -7.94999E+02
v -3.43097E+00  2.19389E+02 -7.94999E+02
v -3.43097E+00 -4.06287E+00 -7.45006E+02
v  9.52778E+01 -4.06287E+00 -7.45006E+02
v  9.52778E+01 -4.06287E+00 -7.94999E+02
v -3.43097E+00 -4.06287E+00 -7.94999E+02
g vc_515
f  4121 4122 4123 4124
f  4121 4122 4126 4125
f  4123 4122 4126 4127
f  4124 4123 4127 4128
f  4124 4121 4125 4128
f  4125 4126 4127 4128
v -3.43097E+00  2.19389E+02 -7.94999E+02
v  9.52778E+01  2.19389E+02 -7.94999E+02
v  9.52778E+01  2.19389E+02 -8.46185E+02
v -3.43097E+00  2.19389E+02 -8.46185E+02
v -3.43097E+00 -4.06287E+00 -7.94999E+02
v  9.52778E+01 -4.06287E+00 -7.94999E+02
v  9.52778E+01 -4.06287E+00 -8.46185E+02
v -3.43097E+00 -4.06287E+00 -8.46185E+02
g vc_516
f  4129 4130 4131 4132
f  4129 4130 4134 4133
f  4131 4130 4134 4135
f  4132 4131 4135 4136
f  4132 4129 4133 4136
f  4133 4134 4135 4136
v  4.78131E+01  2.19389E+02 -6.46185E+02
v  9.64516E+01  2.19389E+02 -6.46185E+02
v  9.64516E+01  2.19389E+02 -7.45006E+02
v  4.78131E+01  2.19389E+02 -7.45006E+02
v  4.78131E+01 -4.06287E+00 -6.46185E+02
v  9.64516E+01 -4.06287E+00 -6.46185E+02
v  9.64516E+01 -4.06287E+00 -7.45006E+02
v  4.78131E+01 -4.06287E+00 -7.45006E+02
g vc_517
f  4137 4138 4139 4140
f  4137 4138 4142 4141
f  4139 4138 4142 4143
f  4140 4139 4143 4144
f  4140 4137 4141 4144
f  4141 4142 4143 4144
v -3.43097E+00  2.19389E+02 -6.46185E+02
v  4.78131E+01  2.19389E+02 -6.46185E+02
v  4.78131E+01  2.19389E+02 -7.45006E+02
v -3.43097E+00  2.19389E+02 -7.45006E+02
v -3.43097E+00 -4.06287E+00 -6.46185E+02
v  4.78131E+01 -4.06287E+00 -6.46185E+02
v  4.78131E+01 -4.06287E+00 -7.45006E+02
v -3.43097E+00 -4.06287E+00 -7.45006E+02
g vc_518
f  4145 4146 4147 4148
f  4145 4146 4150 4149
f  4147 4146 4150 4151
f  4148 4147 4151 4152
f  4148 4145 4149 4152
f  4149 4150 4151 4152
v -5.84769E+02  2.19389E+02  2.70657E+02
v -5.52064E+02  2.19389E+02  2.70657E+02
v -5.52064E+02  2.19389E+02  1.61480E+02
v -5.84769E+02  2.19389E+02  1.61480E+02
v -5.84769E+02 -4.06287E+00  2.70657E+02
v -5.52064E+02 -4.06287E+00  2.70657E+02
v -5.52064E+02 -4.06287E+00  1.61480E+02
v -5.84769E+02 -4.06287E+00  1.61480E+02
g vc_519
f  4153 4154 4155 4156
f  4153 4154 4158 4157
f  4155 4154 4158 4159
f  4156 4155 4159 4160
f  4156 4153 4157 4160
f  4157 4158 4159 4160
v -6.42389E+02  2.19389E+02  2.70657E+02
v -5.84769E+02  2.19389E+02  2.70657E+02
v -5.84769E+02  2.19389E+02  1.61480E+02
v -6.42389E+02  2.19389E+02  1.61480E+02
v -6.42389E+02 -4.06287E+00  2.70657E+02
v -5.84769E+02 -4.06287E+00  2.70657E+02
v -5.84769E+02 -4.06287E+00  1.61480E+02
v -6.42389E+02 -4.06287E+00  1.61480E+02
g vc_520
f  4161 4162 4163 4164
f  4161 4162 4166 4165
f  4163 4162 4166 4167
f  4164 4163 4167 4168
f  4164 4161 4165 4168
f  4165 4166 4167 4168
v -1.65902E+02  2.19389E+02 -8.46185E+02
v -9.12617E+01  2.19389E+02 -8.46185E+02
v -9.12617E+01  2.19389E+02 -9.34438E+02
v -1.65902E+02  2.19389E+02 -9.34438E+02
v -1.65902E+02 -4.06287E+00 -8.46185E+02
v -9.12617E+01 -4.06287E+00 -8.46185E+02
v -9.12617E+01 -4.06287E+00 -9.34438E+02
v -1.65902E+02 -4.06287E+00 -9.34438E+02
g vc_521
f  4169 4170 4171 4172
f  4169 4170 4174 4173
f  4171 4170 4174 4175
f  4172 4171 4175 4176
f  4172 4169 4173 4176
f  4173 4174 4175 4176
v -2.02064E+02  2.19389E+02 -8.46185E+02
v -1.65902E+02  2.19389E+02 -8.46185E+02
v -1.65902E+02  2.19389E+02 -9.34438E+02
v -2.02064E+02  2.19389E+02 -9.34438E+02
v -2.02064E+02 -4.06287E+00 -8.46185E+02
v -1.65902E+02 -4.06287E+00 -8.46185E+02
v -1.65902E+02 -4.06287E+00 -9.34438E+02
v -2.02064E+02 -4.06287E+00 -9.34438E+02
g vc_522
f  4177 4178 4179 4180
f  4177 4178 4182 4181
f  4179 4178 4182 4183
f  4180 4179 4183 4184
f  4180 4177 4181 4184
f  4181 4182 4183 4184
v  9.52778E+01  2.19389E+02 -7.45006E+02
v  1.91686E+02  2.19389E+02 -7.45006E+02
v  1.91686E+02  2.19389E+02 -8.46185E+02
v  9.52778E+01  2.19389E+02 -8.46185E+02
v  9.52778E+01  3.11544E+01 -7.45006E+02
v  1.91686E+02  3.11544E+01 -7.45006E+02
v  1.91686E+02  3.11544E+01 -8.46185E+02
v  9.52778E+01  3.11544E+01 -8.46185E+02
g vc_523
f  4185 4186 4187 4188
f  4185 4186 4190 4189
f  4187 4186 4190 4191
f  4188 4187 4191 4192
f  4188 4185 4189 4192
f  4189 4190 4191 4192
v  9.52778E+01  3.11544E+01 -7.45006E+02
v  1.91686E+02  3.11544E+01 -7.45006E+02
v  1.91686E+02  3.11544E+01 -8.46185E+02
v  9.52778E+01  3.11544E+01 -8.46185E+02
v  9.52778E+01 -4.06287E+00 -7.45006E+02
v  1.91686E+02 -4.06287E+00 -7.45006E+02
v  1.91686E+02 -4.06287E+00 -8.46185E+02
v  9.52778E+01 -4.06287E+00 -8.46185E+02
g vc_524
f  4193 4194 4195 4196
f  4193 4194 4198 4197
f  4195 4194 4198 4199
f  4196 4195 4199 4200
f  4196 4193 4197 4200
f  4197 4198 4199 4200
v  9.64516E+01  2.19389E+02 -6.46185E+02
v  1.91686E+02  2.19389E+02 -6.46185E+02
v  1.91686E+02  2.19389E+02 -7.45006E+02
v  9.64516E+01  2.19389E+02 -7.45006E+02
v  9.64516E+01  3.50089E+01 -6.46185E+02
v  1.91686E+02  3.50089E+01 -6.46185E+02
v  1.91686E+02  3.50089E+01 -7.45006E+02
v  9.64516E+01  3.50089E+01 -7.45006E+02
g vc_525
f  4201 4202 4203 4204
f  4201 4202 4206 4205
f  4203 4202 4206 4207
f  4204 4203 4207 4208
f  4204 4201 4205 4208
f  4205 4206 4207 4208
v  9.64516E+01  3.50089E+01 -6.46185E+02
v  1.91686E+02  3.50089E+01 -6.46185E+02
v  1.91686E+02  3.50089E+01 -7.45006E+02
v  9.64516E+01  3.50089E+01 -7.45006E+02
v  9.64516E+01 -4.06287E+00 -6.46185E+02
v  1.91686E+02 -4.06287E+00 -6.46185E+02
v  1.91686E+02 -4.06287E+00 -7.45006E+02
v  9.64516E+01 -4.06287E+00 -7.45006E+02
g vc_526
f  4209 4210 4211 4212
f  4209 4210 4214 4213
f  4211 4210 4214 4215
f  4212 4211 4215 4216
f  4212 4209 4213 4216
f  4213 4214 4215 4216
v -7.20096E+02  2.19389E+02 -3.59800E+02
v -6.82408E+02  2.19389E+02 -3.59800E+02
v -6.82408E+02  2.19389E+02 -4.52438E+02
v -7.20096E+02  2.19389E+02 -4.52438E+02
v -7.20096E+02 -4.06287E+00 -3.59800E+02
v -6.82408E+02 -4.06287E+00 -3.59800E+02
v -6.82408E+02 -4.06287E+00 -4.52438E+02
v -7.20096E+02 -4.06287E+00 -4.52438E+02
g vc_527
f  4217 4218 4219 4220
f  4217 4218 4222 4221
f  4219 4218 4222 4223
f  4220 4219 4223 4224
f  4220 4217 4221 4224
f  4221 4222 4223 4224
v -7.82790E+02  2.19389E+02 -3.59800E+02
v -7.20096E+02  2.19389E+02 -3.59800E+02
v -7.20096E+02  2.19389E+02 -4.52438E+02
v -7.82790E+02  2.19389E+02 -4.52438E+02
v -7.82790E+02 -4.06287E+00 -3.59800E+02
v -7.20096E+02 -4.06287E+00 -3.59800E+02
v -7.20096E+02 -4.06287E+00 -4.52438E+02
v -7.82790E+02 -4.06287E+00 -4.52438E+02
g vc_528
f  4225 4226 4227 4228
f  4225 4226 4230 4229
f  4227 4226 4230 4231
f  4228 4227 4231 4232
f  4228 4225 4229 4232
f  4229 4230 4231 4232
v -1.46825E+02  2.19389E+02 -4.15022E+01
v -9.71505E+01  2.19389E+02 -4.15022E+01
v -9.71505E+01  2.19389E+02 -1.30023E+02
v -1.46825E+02  2.19389E+02 -1.30023E+02
v -1.46825E+02 -4.06287E+00 -4.15022E+01
v -9.71505E+01 -4.06287E+00 -4.15022E+01
v -9.71505E+01 -4.06287E+00 -1.30023E+02
v -1.46825E+02 -4.06287E+00 -1.30023E+02
g vc_529
f  4233 4234 4235 4236
f  4233 4234 4238 4237
f  4235 4234 4238 4239
f  4236 4235 4239 4240
f  4236 4233 4237 4240
f  4237 4238 4239 4240
v -2.02064E+02  2.19389E+02 -4.15022E+01
v -1.46825E+02  2.19389E+02 -4.15022E+01
v -1.46825E+02  2.19389E+02 -1.30023E+02
v -2.02064E+02  2.19389E+02 -1.30023E+02
v -2.02064E+02 -4.06287E+00 -4.15022E+01
v -1.46825E+02 -4.06287E+00 -4.15022E+01
v -1.46825E+02 -4.06287E+00 -1.30023E+02
v -2.02064E+02 -4.06287E+00 -1.30023E+02
g vc_530
f  4241 4242 4243 4244
f  4241 4242 4246 4245
f  4243 4242 4246 4247
f  4244 4243 4247 4248
f  4244 4241 4245 4248
f  4245 4246 4247 4248
v -7.82790E+02  2.19389E+02 -2.68807E+02
v -6.82408E+02  2.19389E+02 -2.68807E+02
v -6.82408E+02  2.19389E+02 -3.30210E+02
v -7.82790E+02  2.19389E+02 -3.30210E+02
v -7.82790E+02 -4.06287E+00 -2.68807E+02
v -6.82408E+02 -4.06287E+00 -2.68807E+02
v -6.82408E+02 -4.06287E+00 -3.30210E+02
v -7.82790E+02 -4.06287E+00 -3.30210E+02
g vc_531
f  4249 4250 4251 4252
f  4249 4250 4254 4253
f  4251 4250 4254 4255
f  4252 4251 4255 4256
f  4252 4249 4253 4256
f  4253 4254 4255 4256
v -7.82790E+02  2.19389E+02 -3.30210E+02
v -6.82408E+02  2.19389E+02 -3.30210E+02
v -6.82408E+02  2.19389E+02 -3.59800E+02
v -7.82790E+02  2.19389E+02 -3.59800E+02
v -7.82790E+02 -4.06287E+00 -3.30210E+02
v -6.82408E+02 -4.06287E+00 -3.30210E+02
v -6.82408E+02 -4.06287E+00 -3.59800E+02
v -7.82790E+02 -4.06287E+00 -3.59800E+02
g vc_532
f  4257 4258 4259 4260
f  4257 4258 4262 4261
f  4259 4258 4262 4263
f  4260 4259 4263 4264
f  4260 4257 4261 4264
f  4261 4262 4263 4264
v -8.21939E+02  2.19389E+02 -5.66185E+02
v -7.68694E+02  2.19389E+02 -5.66185E+02
v -7.68694E+02  2.19389E+02 -7.37277E+02
v -8.21939E+02  2.19389E+02 -7.37277E+02
v -8.21939E+02  1.11503E+02 -5.66185E+02
v -7.68694E+02  1.11503E+02 -5.66185E+02
v -7.68694E+02  1.11503E+02 -7.37277E+02
v -8.21939E+02  1.11503E+02 -7.37277E+02
g vc_533
f  4265 4266 4267 4268
f  4265 4266 4270 4269
f  4267 4266 4270 4271
f  4268 4267 4271 4272
f  4268 4265 4269 4272
f  4269 4270 4271 4272
v -8.21939E+02  1.11503E+02 -5.66185E+02
v -7.68694E+02  1.11503E+02 -5.66185E+02
v -7.68694E+02  1.11503E+02 -7.37277E+02
v -8.21939E+02  1.11503E+02 -7.37277E+02
v -8.21939E+02 -4.06287E+00 -5.66185E+02
v -7.68694E+02 -4.06287E+00 -5.66185E+02
v -7.68694E+02 -4.06287E+00 -7.37277E+02
v -8.21939E+02 -4.06287E+00 -7.37277E+02
g vc_534
f  4273 4274 4275 4276
f  4273 4274 4278 4277
f  4275 4274 4278 4279
f  4276 4275 4279 4280
f  4276 4273 4277 4280
f  4277 4278 4279 4280
v -3.54617E+02  2.19389E+02 -5.10719E+02
v -2.75505E+02  2.19389E+02 -5.10719E+02
v -2.75505E+02  2.19389E+02 -5.66185E+02
v -3.54617E+02  2.19389E+02 -5.66185E+02
v -3.54617E+02 -4.06287E+00 -5.10719E+02
v -2.75505E+02 -4.06287E+00 -5.10719E+02
v -2.75505E+02 -4.06287E+00 -5.66185E+02
v -3.54617E+02 -4.06287E+00 -5.66185E+02
g vc_535
f  4281 4282 4283 4284
f  4281 4282 4286 4285
f  4283 4282 4286 4287
f  4284 4283 4287 4288
f  4284 4281 4285 4288
f  4285 4286 4287 4288
v -4.34117E+02  2.19389E+02 -5.10719E+02
v -3.54617E+02  2.19389E+02 -5.10719E+02
v -3.54617E+02  2.19389E+02 -5.66185E+02
v -4.34117E+02  2.19389E+02 -5.66185E+02
v -4.34117E+02 -4.06287E+00 -5.10719E+02
v -3.54617E+02 -4.06287E+00 -5.10719E+02
v -3.54617E+02 -4.06287E+00 -5.66185E+02
v -4.34117E+02 -4.06287E+00 -5.66185E+02
g vc_536
f  4289 4290 4291 4292
f  4289 4290 4294 4293
f  4291 4290 4294 4295
f  4292 4291 4295 4296
f  4292 4289 4293 4296
f  4293 4294 4295 4296
v -3.54617E+02  2.19389E+02 -4.55470E+02
v -2.75505E+02  2.19389E+02 -4.55470E+02
v -2.75505E+02  2.19389E+02 -5.10719E+02
v -3.54617E+02  2.19389E+02 -5.10719E+02
v -3.54617E+02 -4.06287E+00 -4.55470E+02
v -2.75505E+02 -4.06287E+00 -4.55470E+02
v -2.75505E+02 -4.06287E+00 -5.10719E+02
v -3.54617E+02 -4.06287E+00 -5.10719E+02
g vc_537
f  4297 4298 4299 4300
f  4297 4298 4302 4301
f  4299 4298 4302 4303
f  4300 4299 4303 4304
f  4300 4297 4301 4304
f  4301 4302 4303 4304
v -4.34117E+02  2.19389E+02 -4.55470E+02
v -3.54617E+02  2.19389E+02 -4.55470E+02
v -3.54617E+02  2.19389E+02 -5.10719E+02
v -4.34117E+02  2.19389E+02 -5.10719E+02
v -4.34117E+02 -4.06287E+00 -4.55470E+02
v -3.54617E+02 -4.06287E+00 -4.55470E+02
v -3.54617E+02 -4.06287E+00 -5.10719E+02
v -4.34117E+02 -4.06287E+00 -5.10719E+02
g vc_538
f  4305 4306 4307 4308
f  4305 4306 4310 4309
f  4307 4306 4310 4311
f  4308 4307 4311 4312
f  4308 4305 4309 4312
f  4309 4310 4311 4312
v  1.34777E+02  2.19389E+02  3.29775E+02
v  2.00227E+02  2.19389E+02  3.29775E+02
v  2.00227E+02  2.19389E+02  2.92945E+02
v  1.34777E+02  2.19389E+02  2.92945E+02
v  1.34777E+02 -4.06287E+00  3.29775E+02
v  2.00227E+02 -4.06287E+00  3.29775E+02
v  2.00227E+02 -4.06287E+00  2.92945E+02
v  1.34777E+02 -4.06287E+00  2.92945E+02
g vc_539
f  4313 4314 4315 4316
f  4313 4314 4318 4317
f  4315 4314 4318 4319
f  4316 4315 4319 4320
f  4316 4313 4317 4320
f  4317 4318 4319 4320
v  1.34777E+02  2.19389E+02  2.92945E+02
v  2.00227E+02  2.19389E+02  2.92945E+02
v  2.00227E+02  2.19389E+02  1.96675E+02
v  1.34777E+02  2.19389E+02  1.96675E+02
v  1.34777E+02 -4.06287E+00  2.92945E+02
v  2.00227E+02 -4.06287E+00  2.92945E+02
v  2.00227E+02 -4.06287E+00  1.96675E+02
v  1.34777E+02 -4.06287E+00  1.96675E+02
g vc_540
f  4321 4322 4323 4324
f  4321 4322 4326 4325
f  4323 4322 4326 4327
f  4324 4323 4327 4328
f  4324 4321 4325 4328
f  4325 4326 4327 4328
v  2.00227E+02  2.19389E+02  3.29775E+02
v  2.65423E+02  2.19389E+02  3.29775E+02
v  2.65423E+02  2.19389E+02  2.63717E+02
v  2.00227E+02  2.19389E+02  2.63717E+02
v  2.00227E+02 -4.06287E+00  3.29775E+02
v  2.65423E+02 -4.06287E+00  3.29775E+02
v  2.65423E+02 -4.06287E+00  2.63717E+02
v  2.00227E+02 -4.06287E+00  2.63717E+02
g vc_541
f  4329 4330 4331 4332
f  4329 4330 4334 4333
f  4331 4330 4334 4335
f  4332 4331 4335 4336
f  4332 4329 4333 4336
f  4333 4334 4335 4336
v  2.00227E+02  2.19389E+02  2.63717E+02
v  2.65423E+02  2.19389E+02  2.63717E+02
v  2.65423E+02  2.19389E+02  1.96675E+02
v  2.00227E+02  2.19389E+02  1.96675E+02
v  2.00227E+02 -4.06287E+00  2.63717E+02
v  2.65423E+02 -4.06287E+00  2.63717E+02
v  2.65423E+02 -4.06287E+00  1.96675E+02
v  2.00227E+02 -4.06287E+00  1.96675E+02
g vc_542
f  4337 4338 4339 4340
f  4337 4338 4342 4341
f  4339 4338 4342 4343
f  4340 4339 4343 4344
f  4340 4337 4341 4344
f  4341 4342 4343 4344
v -2.75930E+02  2.19389E+02 -2.43187E+02
v -2.35467E+02  2.19389E+02 -2.43187E+02
v -2.35467E+02  2.19389E+02 -3.02180E+02
v -2.75930E+02  2.19389E+02 -3.02180E+02
v -2.75930E+02 -4.06287E+00 -2.43187E+02
v -2.35467E+02 -4.06287E+00 -2.43187E+02
v -2.35467E+02 -4.06287E+00 -3.02180E+02
v -2.75930E+02 -4.06287E+00 -3.02180E+02
g vc_543
f  4345 4346 4347 4348
f  4345 4346 4350 4349
f  4347 4346 4350 4351
f  4348 4347 4351 4352
f  4348 4345 4349 4352
f  4349 4350 4351 4352
v -2.75930E+02  2.19389E+02 -3.02180E+02
v -2.35467E+02  2.19389E+02 -3.02180E+02
v -2.35467E+02  2.19389E+02 -4.55470E+02
v -2.75930E+02  2.19389E+02 -4.55470E+02
v -2.75930E+02 -4.06287E+00 -3.02180E+02
v -2.35467E+02 -4.06287E+00 -3.02180E+02
v -2.35467E+02 -4.06287E+00 -4.55470E+02
v -2.75930E+02 -4.06287E+00 -4.55470E+02
g vc_544
f  4353 4354 4355 4356
f  4353 4354 4358 4357
f  4355 4354 4358 4359
f  4356 4355 4359 4360
f  4356 4353 4357 4360
f  4357 4358 4359 4360
v -5.01661E+02  2.19389E+02 -1.20062E+02
v -4.31945E+02  2.19389E+02 -1.20062E+02
v -4.31945E+02  2.19389E+02 -2.43187E+02
v -5.01661E+02  2.19389E+02 -2.43187E+02
v -5.01661E+02  9.59985E+01 -1.20062E+02
v -4.31945E+02  9.59985E+01 -1.20062E+02
v -4.31945E+02  9.59985E+01 -2.43187E+02
v -5.01661E+02  9.59985E+01 -2.43187E+02
g vc_545
f  4361 4362 4363 4364
f  4361 4362 4366 4365
f  4363 4362 4366 4367
f  4364 4363 4367 4368
f  4364 4361 4365 4368
f  4365 4366 4367 4368
v -5.01661E+02  9.59985E+01 -1.20062E+02
v -4.31945E+02  9.59985E+01 -1.20062E+02
v -4.31945E+02  9.59985E+01 -2.43187E+02
v -5.01661E+02  9.59985E+01 -2.43187E+02
v -5.01661E+02 -4.06287E+00 -1.20062E+02
v -4.31945E+02 -4.06287E+00 -1.20062E+02
v -4.31945E+02 -4.06287E+00 -2.43187E+02
v -5.01661E+02 -4.06287E+00 -2.43187E+02
g vc_546
f  4369 4370 4371 4372
f  4369 4370 4374 4373
f  4371 4370 4374 4375
f  4372 4371 4375 4376
f  4372 4369 4373 4376
f  4373 4374 4375 4376
v -1.57381E+02  2.19389E+02  1.45196E+02
v -8.90872E+01  2.19389E+02  1.45196E+02
v -8.90872E+01  2.19389E+02  8.28251E+01
v -1.57381E+02  2.19389E+02  8.28251E+01
v -1.57381E+02 -4.06287E+00  1.45196E+02
v -8.90872E+01 -4.06287E+00  1.45196E+02
v -8.90872E+01 -4.06287E+00  8.28251E+01
v -1.57381E+02 -4.06287E+00  8.28251E+01
g vc_547
f  4377 4378 4379 4380
f  4377 4378 4382 4381
f  4379 4378 4382 4383
f  4380 4379 4383 4384
f  4380 4377 4381 4384
f  4381 4382 4383 4384
v -1.57381E+02  2.19389E+02  8.28251E+01
v -8.90872E+01  2.19389E+02  8.28251E+01
v -8.90872E+01  2.19389E+02  1.98004E+01
v -1.57381E+02  2.19389E+02  1.98004E+01
v -1.57381E+02 -4.06287E+00  8.28251E+01
v -8.90872E+01 -4.06287E+00  8.28251E+01
v -8.90872E+01 -4.06287E+00  1.98004E+01
v -1.57381E+02 -4.06287E+00  1.98004E+01
g vc_548
f  4385 4386 4387 4388
f  4385 4386 4390 4389
f  4387 4386 4390 4391
f  4388 4387 4391 4392
f  4388 4385 4389 4392
f  4389 4390 4391 4392
v  4.48513E+01  2.19389E+02 -4.49054E+02
v  1.32519E+02  2.19389E+02 -4.49054E+02
v  1.32519E+02  2.19389E+02 -4.96555E+02
v  4.48513E+01  2.19389E+02 -4.96555E+02
v  4.48513E+01 -4.06287E+00 -4.49054E+02
v  1.32519E+02 -4.06287E+00 -4.49054E+02
v  1.32519E+02 -4.06287E+00 -4.96555E+02
v  4.48513E+01 -4.06287E+00 -4.96555E+02
g vc_549
f  4393 4394 4395 4396
f  4393 4394 4398 4397
f  4395 4394 4398 4399
f  4396 4395 4399 4400
f  4396 4393 4397 4400
f  4397 4398 4399 4400
v  4.48513E+01  2.19389E+02 -4.96555E+02
v  1.32519E+02  2.19389E+02 -4.96555E+02
v  1.32519E+02  2.19389E+02 -5.46639E+02
v  4.48513E+01  2.19389E+02 -5.46639E+02
v  4.48513E+01 -4.06287E+00 -4.96555E+02
v  1.32519E+02 -4.06287E+00 -4.96555E+02
v  1.32519E+02 -4.06287E+00 -5.46639E+02
v  4.48513E+01 -4.06287E+00 -5.46639E+02
g vc_550
f  4401 4402 4403 4404
f  4401 4402 4406 4405
f  4403 4402 4406 4407
f  4404 4403 4407 4408
f  4404 4401 4405 4408
f  4405 4406 4407 4408
v -4.68115E+02  2.19389E+02  2.63745E+01
v -3.39808E+02  2.19389E+02  2.63745E+01
v -3.39808E+02  2.19389E+02 -4.01597E+01
v -4.68115E+02  2.19389E+02 -4.01597E+01
v -4.68115E+02  1.00223E+02  2.63745E+01
v -3.39808E+02  1.00223E+02  2.63745E+01
v -3.39808E+02  1.00223E+02 -4.01597E+01
v -4.68115E+02  1.00223E+02 -4.01597E+01
g vc_551
f  4409 4410 4411 4412
f  4409 4410 4414 4413
f  4411 4410 4414 4415
f  4412 4411 4415 4416
f  4412 4409 4413 4416
f  4413 4414 4415 4416
v -4.68115E+02  1.00223E+02  2.63745E+01
v -3.39808E+02  1.00223E+02  2.63745E+01
v -3.39808E+02  1.00223E+02 -4.01597E+01
v -4.68115E+02  1.00223E+02 -4.01597E+01
v -4.68115E+02 -4.06287E+00  2.63745E+01
v -3.39808E+02 -4.06287E+00  2.63745E+01
v -3.39808E+02 -4.06287E+00 -4.01597E+01
v -4.68115E+02 -4.06287E+00 -4.01597E+01
g vc_552
f  4417 4418 4419 4420
f  4417 4418 4422 4421
f  4419 4418 4422 4423
f  4420 4419 4423 4424
f  4420 4417 4421 4424
f  4421 4422 4423 4424
v -7.64777E+01  2.19389E+02 -7.73494E+02
v -3.43097E+00  2.19389E+02 -7.73494E+02
v -3.43097E+00  2.19389E+02 -8.46185E+02
v -7.64777E+01  2.19389E+02 -8.46185E+02
v -7.64777E+01 -4.06287E+00 -7.73494E+02
v -3.43097E+00 -4.06287E+00 -7.73494E+02
v -3.43097E+00 -4.06287E+00 -8.46185E+02
v -7.64777E+01 -4.06287E+00 -8.46185E+02
g vc_553
f  4425 4426 4427 4428
f  4425 4426 4430 4429
f  4427 4426 4430 4431
f  4428 4427 4431 4432
f  4428 4425 4429 4432
f  4429 4430 4431 4432
v -1.16728E+02  2.19389E+02 -7.73494E+02
v -7.64777E+01  2.19389E+02 -7.73494E+02
v -7.64777E+01  2.19389E+02 -8.46185E+02
v -1.16728E+02  2.19389E+02 -8.46185E+02
v -1.16728E+02 -4.06287E+00 -7.73494E+02
v -7.64777E+01 -4.06287E+00 -7.73494E+02
v -7.64777E+01 -4.06287E+00 -8.46185E+02
v -1.16728E+02 -4.06287E+00 -8.46185E+02
g vc_554
f  4433 4434 4435 4436
f  4433 4434 4438 4437
f  4435 4434 4438 4439
f  4436 4435 4439 4440
f  4436 4433 4437 4440
f  4437 4438 4439 4440
v -5.52064E+02  2.19389E+02  1.19950E+02
v -4.68115E+02  2.19389E+02  1.19950E+02
v -4.68115E+02  2.19389E+02  7.26943E+01
v -5.52064E+02  2.19389E+02  7.26943E+01
v -5.52064E+02 -4.06287E+00  1.19950E+02
v -4.68115E+02 -4.06287E+00  1.19950E+02
v -4.68115E+02 -4.06287E+00  7.26943E+01
v -5.52064E+02 -4.06287E+00  7.26943E+01
g vc_555
f  4441 4442 4443 4444
f  4441 4442 4446 4445
f  4443 4442 4446 4447
f  4444 4443 4447 4448
f  4444 4441 4445 4448
f  4445 4446 4447 4448
v -5.52064E+02  2.19389E+02  7.26943E+01
v -4.68115E+02  2.19389E+02  7.26943E+01
v -4.68115E+02  2.19389E+02  2.32596E+01
v -5.52064E+02  2.19389E+02  2.32596E+01
v -5.52064E+02 -4.06287E+00  7.26943E+01
v -4.68115E+02 -4.06287E+00  7.26943E+01
v -4.68115E+02 -4.06287E+00  2.32596E+01
v -5.52064E+02 -4.06287E+00  2.32596E+01
g vc_556
f  4449 4450 4451 4452
f  4449 4450 4454 4453
f  4451 4450 4454 4455
f  4452 4451 4455 4456
f  4452 4449 4453 4456
f  4453 4454 4455 4456
v -4.90849E+02  2.19389E+02 -4.01597E+01
v -3.14736E+02  2.19389E+02 -4.01597E+01
v -3.14736E+02  2.19389E+02 -1.20062E+02
v -4.90849E+02  2.19389E+02 -1.20062E+02
v -4.90849E+02  1.61205E+02 -4.01597E+01
v -3.14736E+02  1.61205E+02 -4.01597E+01
v -3.14736E+02  1.61205E+02 -1.20062E+02
v -4.90849E+02  1.61205E+02 -1.20062E+02
g vc_557
f  4457 4458 4459 4460
f  4457 4458 4462 4461
f  4459 4458 4462 4463
f  4460 4459 4463 4464
f  4460 4457 4461 4464
f  4461 4462 4463 4464
v -4.90849E+02  1.61205E+02 -4.01597E+01
v -3.14736E+02  1.61205E+02 -4.01597E+01
v -3.14736E+02  1.61205E+02 -1.20062E+02
v -4.90849E+02  1.61205E+02 -1.20062E+02
v -4.90849E+02  9.16763E+01 -4.01597E+01
v -3.14736E+02  9.16763E+01 -4.01597E+01
v -3.14736E+02  9.16763E+01 -1.20062E+02
v -4.90849E+02  9.16763E+01 -1.20062E+02
g vc_558
f  4465 4466 4467 4468
f  4465 4466 4470 4469
f  4467 4466 4470 4471
f  4468 4467 4471 4472
f  4468 4465 4469 4472
f  4469 4470 4471 4472
v -5.52064E+02  2.19389E+02  2.45266E+02
v -4.88676E+02  2.19389E+02  2.45266E+02
v -4.88676E+02  2.19389E+02  1.19950E+02
v -5.52064E+02  2.19389E+02  1.19950E+02
v -5.52064E+02  9.55532E+01  2.45266E+02
v -4.88676E+02  9.55532E+01  2.45266E+02
v -4.88676E+02  9.55532E+01  1.19950E+02
v -5.52064E+02  9.55532E+01  1.19950E+02
g vc_559
f  4473 4474 4475 4476
f  4473 4474 4478 4477
f  4475 4474 4478 4479
f  4476 4475 4479 4480
f  4476 4473 4477 4480
f  4477 4478 4479 4480
v -5.52064E+02  9.55532E+01  2.45266E+02
v -4.88676E+02  9.55532E+01  2.45266E+02
v -4.88676E+02  9.55532E+01  1.19950E+02
v -5.52064E+02  9.55532E+01  1.19950E+02
v -5.52064E+02 -4.06287E+00  2.45266E+02
v -4.88676E+02 -4.06287E+00  2.45266E+02
v -4.88676E+02 -4.06287E+00  1.19950E+02
v -5.52064E+02 -4.06287E+00  1.19950E+02
g vc_560
f  4481 4482 4483 4484
f  4481 4482 4486 4485
f  4483 4482 4486 4487
f  4484 4483 4487 4488
f  4484 4481 4485 4488
f  4485 4486 4487 4488
v  1.13359E+02  2.19389E+02 -1.69673E+02
v  1.34777E+02  2.19389E+02 -1.69673E+02
v  1.34777E+02  2.19389E+02 -2.92254E+02
v  1.13359E+02  2.19389E+02 -2.92254E+02
v  1.13359E+02 -4.06287E+00 -1.69673E+02
v  1.34777E+02 -4.06287E+00 -1.69673E+02
v  1.34777E+02 -4.06287E+00 -2.92254E+02
v  1.13359E+02 -4.06287E+00 -2.92254E+02
g vc_561
f  4489 4490 4491 4492
f  4489 4490 4494 4493
f  4491 4490 4494 4495
f  4492 4491 4495 4496
f  4492 4489 4493 4496
f  4493 4494 4495 4496
v  7.02845E+01  2.19389E+02 -1.69673E+02
v  1.13359E+02  2.19389E+02 -1.69673E+02
v  1.13359E+02  2.19389E+02 -2.92254E+02
v  7.02845E+01  2.19389E+02 -2.92254E+02
v  7.02845E+01 -4.06287E+00 -1.69673E+02
v  1.13359E+02 -4.06287E+00 -1.69673E+02
v  1.13359E+02 -4.06287E+00 -2.92254E+02
v  7.02845E+01 -4.06287E+00 -2.92254E+02
g vc_562
f  4497 4498 4499 4500
f  4497 4498 4502 4501
f  4499 4498 4502 4503
f  4500 4499 4503 4504
f  4500 4497 4501 4504
f  4501 4502 4503 4504
v  5.30648E+02  2.19389E+02 -5.26895E+02
v  5.96782E+02  2.19389E+02 -5.26895E+02
v  5.96782E+02  2.19389E+02 -5.86316E+02
v  5.30648E+02  2.19389E+02 -5.86316E+02
v  5.30648E+02 -4.06287E+00 -5.26895E+02
v  5.96782E+02 -4.06287E+00 -5.26895E+02
v  5.96782E+02 -4.06287E+00 -5.86316E+02
v  5.30648E+02 -4.06287E+00 -5.86316E+02
g vc_563
f  4505 4506 4507 4508
f  4505 4506 4510 4509
f  4507 4506 4510 4511
f  4508 4507 4511 4512
f  4508 4505 4509 4512
f  4509 4510 4511 4512
v  5.30648E+02  2.19389E+02 -5.86316E+02
v  5.96782E+02  2.19389E+02 -5.86316E+02
v  5.96782E+02  2.19389E+02 -6.46185E+02
v  5.30648E+02  2.19389E+02 -6.46185E+02
v  5.30648E+02 -4.06287E+00 -5.86316E+02
v  5.96782E+02 -4.06287E+00 -5.86316E+02
v  5.96782E+02 -4.06287E+00 -6.46185E+02
v  5.30648E+02 -4.06287E+00 -6.46185E+02
g vc_564
f  4513 4514 4515 4516
f  4513 4514 4518 4517
f  4515 4514 4518 4519
f  4516 4515 4519 4520
f  4516 4513 4517 4520
f  4517 4518 4519 4520
v -3.31981E+01  2.19389E+02 -3.56185E+02
v  5.08734E+01  2.19389E+02 -3.56185E+02
v  5.08734E+01  2.19389E+02 -4.11369E+02
v -3.31981E+01  2.19389E+02 -4.11369E+02
v -3.31981E+01 -4.06287E+00 -3.56185E+02
v  5.08734E+01 -4.06287E+00 -3.56185E+02
v  5.08734E+01 -4.06287E+00 -4.11369E+02
v -3.31981E+01 -4.06287E+00 -4.11369E+02
g vc_565
f  4521 4522 4523 4524
f  4521 4522 4526 4525
f  4523 4522 4526 4527
f  4524 4523 4527 4528
f  4524 4521 4525 4528
f  4525 4526 4527 4528
v -3.31981E+01  2.19389E+02 -4.11369E+02
v  5.08734E+01  2.19389E+02 -4.11369E+02
v  5.08734E+01  2.19389E+02 -4.49054E+02
v -3.31981E+01  2.19389E+02 -4.49054E+02
v -3.31981E+01 -4.06287E+00 -4.11369E+02
v  5.08734E+01 -4.06287E+00 -4.11369E+02
v  5.08734E+01 -4.06287E+00 -4.49054E+02
v -3.31981E+01 -4.06287E+00 -4.49054E+02
g vc_566
f  4529 4530 4531 4532
f  4529 4530 4534 4533
f  4531 4530 4534 4535
f  4532 4531 4535 4536
f  4532 4529 4533 4536
f  4533 4534 4535 4536
v -1.49217E+01  2.19389E+02 -4.49054E+02
v  4.48513E+01  2.19389E+02 -4.49054E+02
v  4.48513E+01  2.19389E+02 -5.46639E+02
v -1.49217E+01  2.19389E+02 -5.46639E+02
v -1.49217E+01 -4.06287E+00 -4.49054E+02
v  4.48513E+01 -4.06287E+00 -4.49054E+02
v  4.48513E+01 -4.06287E+00 -5.46639E+02
v -1.49217E+01 -4.06287E+00 -5.46639E+02
g vc_567
f  4537 4538 4539 4540
f  4537 4538 4542 4541
f  4539 4538 4542 4543
f  4540 4539 4543 4544
f  4540 4537 4541 4544
f  4541 4542 4543 4544
v -3.31981E+01  2.19389E+02 -4.49054E+02
v -1.49217E+01  2.19389E+02 -4.49054E+02
v -1.49217E+01  2.19389E+02 -5.46639E+02
v -3.31981E+01  2.19389E+02 -5.46639E+02
v -3.31981E+01 -4.06287E+00 -4.49054E+02
v -1.49217E+01 -4.06287E+00 -4.49054E+02
v -1.49217E+01 -4.06287E+00 -5.46639E+02
v -3.31981E+01 -4.06287E+00 -5.46639E+02
g vc_568
f  4545 4546 4547 4548
f  4545 4546 4550 4549
f  4547 4546 4550 4551
f  4548 4547 4551 4552
f  4548 4545 4549 4552
f  4549 4550 4551 4552
v -2.98625E+02  2.19389E+02  1.28856E+02
v -2.57603E+02  2.19389E+02  1.28856E+02
v -2.57603E+02  2.19389E+02  3.62510E+01
v -2.98625E+02  2.19389E+02  3.62510E+01
v -2.98625E+02 -4.06287E+00  1.28856E+02
v -2.57603E+02 -4.06287E+00  1.28856E+02
v -2.57603E+02 -4.06287E+00  3.62510E+01
v -2.98625E+02 -4.06287E+00  3.62510E+01
g vc_569
f  4553 4554 4555 4556
f  4553 4554 4558 4557
f  4555 4554 4558 4559
f  4556 4555 4559 4560
f  4556 4553 4557 4560
f  4557 4558 4559 4560
v -3.39808E+02  2.19389E+02  1.28856E+02
v -2.98625E+02  2.19389E+02  1.28856E+02
v -2.98625E+02  2.19389E+02  3.62510E+01
v -3.39808E+02  2.19389E+02  3.62510E+01
v -3.39808E+02 -4.06287E+00  1.28856E+02
v -2.98625E+02 -4.06287E+00  1.28856E+02
v -2.98625E+02 -4.06287E+00  3.62510E+01
v -3.39808E+02 -4.06287E+00  3.62510E+01
g vc_570
f  4561 4562 4563 4564
f  4561 4562 4566 4565
f  4563 4562 4566 4567
f  4564 4563 4567 4568
f  4564 4561 4565 4568
f  4565 4566 4567 4568
v  5.08734E+01  2.19389E+02 -3.56185E+02
v  1.32519E+02  2.19389E+02 -3.56185E+02
v  1.32519E+02  2.19389E+02 -4.02410E+02
v  5.08734E+01  2.19389E+02 -4.02410E+02
v  5.08734E+01 -4.06287E+00 -3.56185E+02
v  1.32519E+02 -4.06287E+00 -3.56185E+02
v  1.32519E+02 -4.06287E+00 -4.02410E+02
v  5.08734E+01 -4.06287E+00 -4.02410E+02
g vc_571
f  4569 4570 4571 4572
f  4569 4570 4574 4573
f  4571 4570 4574 4575
f  4572 4571 4575 4576
f  4572 4569 4573 4576
f  4573 4574 4575 4576
v  5.08734E+01  2.19389E+02 -4.02410E+02
v  1.32519E+02  2.19389E+02 -4.02410E+02
v  1.32519E+02  2.19389E+02 -4.49054E+02
v  5.08734E+01  2.19389E+02 -4.49054E+02
v  5.08734E+01 -4.06287E+00 -4.02410E+02
v  1.32519E+02 -4.06287E+00 -4.02410E+02
v  1.32519E+02 -4.06287E+00 -4.49054E+02
v  5.08734E+01 -4.06287E+00 -4.49054E+02
g vc_572
f  4577 4578 4579 4580
f  4577 4578 4582 4581
f  4579 4578 4582 4583
f  4580 4579 4583 4584
f  4580 4577 4581 4584
f  4581 4582 4583 4584
v -3.71744E+02  2.19389E+02 -1.80348E+02
v -3.14736E+02  2.19389E+02 -1.80348E+02
v -3.14736E+02  2.19389E+02 -2.43187E+02
v -3.71744E+02  2.19389E+02 -2.43187E+02
v -3.71744E+02 -4.06287E+00 -1.80348E+02
v -3.14736E+02 -4.06287E+00 -1.80348E+02
v -3.14736E+02 -4.06287E+00 -2.43187E+02
v -3.71744E+02 -4.06287E+00 -2.43187E+02
g vc_573
f  4585 4586 4587 4588
f  4585 4586 4590 4589
f  4587 4586 4590 4591
f  4588 4587 4591 4592
f  4588 4585 4589 4592
f  4589 4590 4591 4592
v -4.31945E+02  2.19389E+02 -1.80348E+02
v -3.71744E+02  2.19389E+02 -1.80348E+02
v -3.71744E+02  2.19389E+02 -2.43187E+02
v -4.31945E+02  2.19389E+02 -2.43187E+02
v -4.31945E+02 -4.06287E+00 -1.80348E+02
v -3.71744E+02 -4.06287E+00 -1.80348E+02
v -3.71744E+02 -4.06287E+00 -2.43187E+02
v -4.31945E+02 -4.06287E+00 -2.43187E+02
g vc_574
f  4593 4594 4595 4596
f  4593 4594 4598 4597
f  4595 4594 4598 4599
f  4596 4595 4599 4600
f  4596 4593 4597 4600
f  4597 4598 4599 4600
v -6.01430E+02  2.19389E+02 -5.66185E+02
v -5.41679E+02  2.19389E+02 -5.66185E+02
v -5.41679E+02  2.19389E+02 -5.97541E+02
v -6.01430E+02  2.19389E+02 -5.97541E+02
v -6.01430E+02 -4.06287E+00 -5.66185E+02
v -5.41679E+02 -4.06287E+00 -5.66185E+02
v -5.41679E+02 -4.06287E+00 -5.97541E+02
v -6.01430E+02 -4.06287E+00 -5.97541E+02
g vc_575
f  4601 4602 4603 4604
f  4601 4602 4606 4605
f  4603 4602 4606 4607
f  4604 4603 4607 4608
f  4604 4601 4605 4608
f  4605 4606 4607 4608
v -6.01430E+02  2.19389E+02 -5.97541E+02
v -5.41679E+02  2.19389E+02 -5.97541E+02
v -5.41679E+02  2.19389E+02 -6.85710E+02
v -6.01430E+02  2.19389E+02 -6.85710E+02
v -6.01430E+02 -4.06287E+00 -5.97541E+02
v -5.41679E+02 -4.06287E+00 -5.97541E+02
v -5.41679E+02 -4.06287E+00 -6.85710E+02
v -6.01430E+02 -4.06287E+00 -6.85710E+02
g vc_576
f  4609 4610 4611 4612
f  4609 4610 4614 4613
f  4611 4610 4614 4615
f  4612 4611 4615 4616
f  4612 4609 4613 4616
f  4613 4614 4615 4616
v -3.73131E+02  2.19389E+02 -1.20062E+02
v -3.14736E+02  2.19389E+02 -1.20062E+02
v -3.14736E+02  2.19389E+02 -1.80348E+02
v -3.73131E+02  2.19389E+02 -1.80348E+02
v -3.73131E+02 -4.06287E+00 -1.20062E+02
v -3.14736E+02 -4.06287E+00 -1.20062E+02
v -3.14736E+02 -4.06287E+00 -1.80348E+02
v -3.73131E+02 -4.06287E+00 -1.80348E+02
g vc_577
f  4617 4618 4619 4620
f  4617 4618 4622 4621
f  4619 4618 4622 4623
f  4620 4619 4623 4624
f  4620 4617 4621 4624
f  4621 4622 4623 4624
v -4.31945E+02  2.19389E+02 -1.20062E+02
v -3.73131E+02  2.19389E+02 -1.20062E+02
v -3.73131E+02  2.19389E+02 -1.80348E+02
v -4.31945E+02  2.19389E+02 -1.80348E+02
v -4.31945E+02 -4.06287E+00 -1.20062E+02
v -3.73131E+02 -4.06287E+00 -1.20062E+02
v -3.73131E+02 -4.06287E+00 -1.80348E+02
v -4.31945E+02 -4.06287E+00 -1.80348E+02
g vc_578
f  4625 4626 4627 4628
f  4625 4626 4630 4629
f  4627 4626 4630 4631
f  4628 4627 4631 4632
f  4628 4625 4629 4632
f  4629 4630 4631 4632
v -6.81052E+02  2.19389E+02 -6.49801E+02
v -6.01430E+02  2.19389E+02 -6.49801E+02
v -6.01430E+02  2.19389E+02 -7.12640E+02
v -6.81052E+02  2.19389E+02 -7.12640E+02
v -6.81052E+02 -4.06287E+00 -6.49801E+02
v -6.01430E+02 -4.06287E+00 -6.49801E+02
v -6.01430E+02 -4.06287E+00 -7.12640E+02
v -6.81052E+02 -4.06287E+00 -7.12640E+02
g vc_579
f  4633 4634 4635 4636
f  4633 4634 4638 4637
f  4635 4634 4638 4639
f  4636 4635 4639 4640
f  4636 4633 4637 4640
f  4637 4638 4639 4640
v -6.81052E+02  2.19389E+02 -7.12640E+02
v -6.01430E+02  2.19389E+02 -7.12640E+02
v -6.01430E+02  2.19389E+02 -7.37277E+02
v -6.81052E+02  2.19389E+02 -7.37277E+02
v -6.81052E+02 -4.06287E+00 -7.12640E+02
v -6.01430E+02 -4.06287E+00 -7.12640E+02
v -6.01430E+02 -4.06287E+00 -7.37277E+02
v -6.81052E+02 -4.06287E+00 -7.37277E+02
g vc_580
f  4641 4642 4643 4644
f  4641 4642 4646 4645
f  4643 4642 4646 4647
f  4644 4643 4647 4648
f  4644 4641 4645 4648
f  4645 4646 4647 4648
v -4.63282E+01  2.19389E+02 -2.92254E+02
v  2.89762E+01  2.19389E+02 -2.92254E+02
v  2.89762E+01  2.19389E+02 -3.56185E+02
v -4.63282E+01  2.19389E+02 -3.56185E+02
v -4.63282E+01 -4.06287E+00 -2.92254E+02
v  2.89762E+01 -4.06287E+00 -2.92254E+02
v  2.89762E+01 -4.06287E+00 -3.56185E+02
v -4.63282E+01 -4.06287E+00 -3.56185E+02
g vc_581
f  4649 4650 4651 4652
f  4649 4650 4654 4653
f  4651 4650 4654 4655
f  4652 4651 4655 4656
f  4652 4649 4653 4656
f  4653 4654 4655 4656
v -7.94701E+01  2.19389E+02 -2.92254E+02
v -4.63282E+01  2.19389E+02 -2.92254E+02
v -4.63282E+01  2.19389E+02 -3.56185E+02
v -7.94701E+01  2.19389E+02 -3.56185E+02
v -7.94701E+01 -4.06287E+00 -2.92254E+02
v -4.63282E+01 -4.06287E+00 -2.92254E+02
v -4.63282E+01 -4.06287E+00 -3.56185E+02
v -7.94701E+01 -4.06287E+00 -3.56185E+02
g vc_582
f  4657 4658 4659 4660
f  4657 4658 4662 4661
f  4659 4658 4662 4663
f  4660 4659 4663 4664
f  4660 4657 4661 4664
f  4661 4662 4663 4664
v -8.31165E+02  2.19389E+02 -4.88766E+02
v -7.42189E+02  2.19389E+02 -4.88766E+02
v -7.42189E+02  2.19389E+02 -5.32843E+02
v -8.31165E+02  2.19389E+02 -5.32843E+02
v -8.31165E+02 -4.06287E+00 -4.88766E+02
v -7.42189E+02 -4.06287E+00 -4.88766E+02
v -7.42189E+02 -4.06287E+00 -5.32843E+02
v -8.31165E+02 -4.06287E+00 -5.32843E+02
g vc_583
f  4665 4666 4667 4668
f  4665 4666 4670 4669
f  4667 4666 4670 4671
f  4668 4667 4671 4672
f  4668 4665 4669 4672
f  4669 4670 4671 4672
v -8.31165E+02  2.19389E+02 -5.32843E+02
v -7.42189E+02  2.19389E+02 -5.32843E+02
v -7.42189E+02  2.19389E+02 -5.66185E+02
v -8.31165E+02  2.19389E+02 -5.66185E+02
v -8.31165E+02 -4.06287E+00 -5.32843E+02
v -7.42189E+02 -4.06287E+00 -5.32843E+02
v -7.42189E+02 -4.06287E+00 -5.66185E+02
v -8.31165E+02 -4.06287E+00 -5.66185E+02
g vc_584
f  4673 4674 4675 4676
f  4673 4674 4678 4677
f  4675 4674 4678 4679
f  4676 4675 4679 4680
f  4676 4673 4677 4680
f  4677 4678 4679 4680
v  8.23565E+01  2.19389E+02 -2.92254E+02
v  1.34777E+02  2.19389E+02 -2.92254E+02
v  1.34777E+02  2.19389E+02 -3.56185E+02
v  8.23565E+01  2.19389E+02 -3.56185E+02
v  8.23565E+01 -4.06287E+00 -2.92254E+02
v  1.34777E+02 -4.06287E+00 -2.92254E+02
v  1.34777E+02 -4.06287E+00 -3.56185E+02
v  8.23565E+01 -4.06287E+00 -3.56185E+02
g vc_585
f  4681 4682 4683 4684
f  4681 4682 4686 4685
f  4683 4682 4686 4687
f  4684 4683 4687 4688
f  4684 4681 4685 4688
f  4685 4686 4687 4688
v  2.89762E+01  2.19389E+02 -2.92254E+02
v  8.23565E+01  2.19389E+02 -2.92254E+02
v  8.23565E+01  2.19389E+02 -3.56185E+02
v  2.89762E+01  2.19389E+02 -3.56185E+02
v  2.89762E+01 -4.06287E+00 -2.92254E+02
v  8.23565E+01 -4.06287E+00 -2.92254E+02
v  8.23565E+01 -4.06287E+00 -3.56185E+02
v  2.89762E+01 -4.06287E+00 -3.56185E+02
g vc_586
f  4689 4690 4691 4692
f  4689 4690 4694 4693
f  4691 4690 4694 4695
f  4692 4691 4695 4696
f  4692 4689 4693 4696
f  4693 4694 4695 4696
v  4.02019E+02  2.19389E+02  3.24701E+02
v  4.34466E+02  2.19389E+02  3.24701E+02
v  4.34466E+02  2.19389E+02  2.64313E+02
v  4.02019E+02  2.19389E+02  2.64313E+02
v  4.02019E+02 -4.06287E+00  3.24701E+02
v  4.34466E+02 -4.06287E+00  3.24701E+02
v  4.34466E+02 -4.06287E+00  2.64313E+02
v  4.02019E+02 -4.06287E+00  2.64313E+02
g vc_587
f  4697 4698 4699 4700
f  4697 4698 4702 4701
f  4699 4698 4702 4703
f  4700 4699 4703 4704
f  4700 4697 4701 4704
f  4701 4702 4703 4704
v  3.22936E+02  2.19389E+02  3.24701E+02
v  4.02019E+02  2.19389E+02  3.24701E+02
v  4.02019E+02  2.19389E+02  2.64313E+02
v  3.22936E+02  2.19389E+02  2.64313E+02
v  3.22936E+02 -4.06287E+00  3.24701E+02
v  4.02019E+02 -4.06287E+00  3.24701E+02
v  4.02019E+02 -4.06287E+00  2.64313E+02
v  3.22936E+02 -4.06287E+00  2.64313E+02
g vc_588
f  4705 4706 4707 4708
f  4705 4706 4710 4709
f  4707 4706 4710 4711
f  4708 4707 4711 4712
f  4708 4705 4709 4712
f  4709 4710 4711 4712
v -6.81052E+02  2.19389E+02 -5.66185E+02
v -6.01430E+02  2.19389E+02 -5.66185E+02
v -6.01430E+02  2.19389E+02 -5.97721E+02
v -6.81052E+02  2.19389E+02 -5.97721E+02
v -6.81052E+02 -4.06287E+00 -5.66185E+02
v -6.01430E+02 -4.06287E+00 -5.66185E+02
v -6.01430E+02 -4.06287E+00 -5.97721E+02
v -6.81052E+02 -4.06287E+00 -5.97721E+02
g vc_589
f  4713 4714 4715 4716
f  4713 4714 4718 4717
f  4715 4714 4718 4719
f  4716 4715 4719 4720
f  4716 4713 4717 4720
f  4717 4718 4719 4720
v -6.81052E+02  2.19389E+02 -5.97721E+02
v -6.01430E+02  2.19389E+02 -5.97721E+02
v -6.01430E+02  2.19389E+02 -6.49801E+02
v -6.81052E+02  2.19389E+02 -6.49801E+02
v -6.81052E+02 -4.06287E+00 -5.97721E+02
v -6.01430E+02 -4.06287E+00 -5.97721E+02
v -6.01430E+02 -4.06287E+00 -6.49801E+02
v -6.81052E+02 -4.06287E+00 -6.49801E+02
g vc_590
f  4721 4722 4723 4724
f  4721 4722 4726 4725
f  4723 4722 4726 4727
f  4724 4723 4727 4728
f  4724 4721 4725 4728
f  4725 4726 4727 4728
v  4.73926E+02  2.19389E+02 -2.89431E+02
v  5.72557E+02  2.19389E+02 -2.89431E+02
v  5.72557E+02  2.19389E+02 -3.29783E+02
v  4.73926E+02  2.19389E+02 -3.29783E+02
v  4.73926E+02 -4.06287E+00 -2.89431E+02
v  5.72557E+02 -4.06287E+00 -2.89431E+02
v  5.72557E+02 -4.06287E+00 -3.29783E+02
v  4.73926E+02 -4.06287E+00 -3.29783E+02
g vc_591
f  4729 4730 4731 4732
f  4729 4730 4734 4733
f  4731 4730 4734 4735
f  4732 4731 4735 4736
f  4732 4729 4733 4736
f  4733 4734 4735 4736
v  4.73926E+02  2.19389E+02 -3.29783E+02
v  5.72557E+02  2.19389E+02 -3.29783E+02
v  5.72557E+02  2.19389E+02 -3.56185E+02
v  4.73926E+02  2.19389E+02 -3.56185E+02
v  4.73926E+02 -4.06287E+00 -3.29783E+02
v  5.72557E+02 -4.06287E+00 -3.29783E+02
v  5.72557E+02 -4.06287E+00 -3.56185E+02
v  4.73926E+02 -4.06287E+00 -3.56185E+02
g vc_592
f  4737 4738 4739 4740
f  4737 4738 4742 4741
f  4739 4738 4742 4743
f  4740 4739 4743 4744
f  4740 4737 4741 4744
f  4741 4742 4743 4744
v -4.86997E+02  2.19389E+02 -2.43187E+02
v -4.34520E+02  2.19389E+02 -2.43187E+02
v -4.34520E+02  2.19389E+02 -4.55470E+02
v -4.86997E+02  2.19389E+02 -4.55470E+02
v -4.86997E+02  1.54475E+02 -2.43187E+02
v -4.34520E+02  1.54475E+02 -2.43187E+02
v -4.34520E+02  1.54475E+02 -4.55470E+02
v -4.86997E+02  1.54475E+02 -4.55470E+02
g vc_593
f  4745 4746 4747 4748
f  4745 4746 4750 4749
f  4747 4746 4750 4751
f  4748 4747 4751 4752
f  4748 4745 4749 4752
f  4749 4750 4751 4752
v -4.86997E+02  1.54475E+02 -2.43187E+02
v -4.34520E+02  1.54475E+02 -2.43187E+02
v -4.34520E+02  1.54475E+02 -4.55470E+02
v -4.86997E+02  1.54475E+02 -4.55470E+02
v -4.86997E+02  8.95674E+01 -2.43187E+02
v -4.34520E+02  8.95674E+01 -2.43187E+02
v -4.34520E+02  8.95674E+01 -4.55470E+02
v -4.86997E+02  8.95674E+01 -4.55470E+02
g vc_594
f  4753 4754 4755 4756
f  4753 4754 4758 4757
f  4755 4754 4758 4759
f  4756 4755 4759 4760
f  4756 4753 4757 4760
f  4757 4758 4759 4760
v  3.99604E+02  2.19389E+02  7.97006E+01
v  4.71257E+02  2.19389E+02  7.97006E+01
v  4.71257E+02  2.19389E+02  2.47493E+01
v  3.99604E+02  2.19389E+02  2.47493E+01
v  3.99604E+02 -4.06287E+00  7.97006E+01
v  4.71257E+02 -4.06287E+00  7.97006E+01
v  4.71257E+02 -4.06287E+00  2.47493E+01
v  3.99604E+02 -4.06287E+00  2.47493E+01
g vc_595
f  4761 4762 4763 4764
f  4761 4762 4766 4765
f  4763 4762 4766 4767
f  4764 4763 4767 4768
f  4764 4761 4765 4768
f  4765 4766 4767 4768
v  3.99604E+02  2.19389E+02  2.47493E+01
v  4.71257E+02  2.19389E+02  2.47493E+01
v  4.71257E+02  2.19389E+02 -9.88779E+00
v  3.99604E+02  2.19389E+02 -9.88779E+00
v  3.99604E+02 -4.06287E+00  2.47493E+01
v  4.71257E+02 -4.06287E+00  2.47493E+01
v  4.71257E+02 -4.06287E+00 -9.88779E+00
v  3.99604E+02 -4.06287E+00 -9.88779E+00
g vc_596
f  4769 4770 4771 4772
f  4769 4770 4774 4773
f  4771 4770 4774 4775
f  4772 4771 4775 4776
f  4772 4769 4773 4776
f  4773 4774 4775 4776
v  4.26852E+02  2.19389E+02 -5.85063E+02
v  5.30648E+02  2.19389E+02 -5.85063E+02
v  5.30648E+02  2.19389E+02 -6.46185E+02
v  4.26852E+02  2.19389E+02 -6.46185E+02
v  4.26852E+02  4.08994E+01 -5.85063E+02
v  5.30648E+02  4.08994E+01 -5.85063E+02
v  5.30648E+02  4.08994E+01 -6.46185E+02
v  4.26852E+02  4.08994E+01 -6.46185E+02
g vc_597
f  4777 4778 4779 4780
f  4777 4778 4782 4781
f  4779 4778 4782 4783
f  4780 4779 4783 4784
f  4780 4777 4781 4784
f  4781 4782 4783 4784
v  4.26852E+02  4.08994E+01 -5.85063E+02
v  5.30648E+02  4.08994E+01 -5.85063E+02
v  5.30648E+02  4.08994E+01 -6.46185E+02
v  4.26852E+02  4.08994E+01 -6.46185E+02
v  4.26852E+02 -4.06287E+00 -5.85063E+02
v  5.30648E+02 -4.06287E+00 -5.85063E+02
v  5.30648E+02 -4.06287E+00 -6.46185E+02
v  4.26852E+02 -4.06287E+00 -6.46185E+02
g vc_598
f  4785 4786 4787 4788
f  4785 4786 4790 4789
f  4787 4786 4790 4791
f  4788 4787 4791 4792
f  4788 4785 4789 4792
f  4789 4790 4791 4792
v -4.80390E+02  2.19389E+02 -5.92879E+02
v -4.39592E+02  2.19389E+02 -5.92879E+02
v -4.39592E+02  2.19389E+02 -6.53517E+02
v -4.80390E+02  2.19389E+02 -6.53517E+02
v -4.80390E+02 -4.06287E+00 -5.92879E+02
v -4.39592E+02 -4.06287E+00 -5.92879E+02
v -4.39592E+02 -4.06287E+00 -6.53517E+02
v -4.80390E+02 -4.06287E+00 -6.53517E+02
g vc_599
f  4793 4794 4795 4796
f  4793 4794 4798 4797
f  4795 4794 4798 4799
f  4796 4795 4799 4800
f  4796 4793 4797 4800
f  4797 4798 4799 4800
v -5.41679E+02  2.19389E+02 -5.92879E+02
v -4.80390E+02  2.19389E+02 -5.92879E+02
v -4.80390E+02  2.19389E+02 -6.53517E+02
v -5.41679E+02  2.19389E+02 -6.53517E+02
v -5.41679E+02 -4.06287E+00 -5.92879E+02
v -4.80390E+02 -4.06287E+00 -5.92879E+02
v -4.80390E+02 -4.06287E+00 -6.53517E+02
v -5.41679E+02 -4.06287E+00 -6.53517E+02
g vc_600
f  4801 4802 4803 4804
f  4801 4802 4806 4805
f  4803 4802 4806 4807
f  4804 4803 4807 4808
f  4804 4801 4805 4808
f  4805 4806 4807 4808
v  1.79081E+02  2.19389E+02  1.96675E+02
v  2.10013E+02  2.19389E+02  1.96675E+02
v  2.10013E+02  2.19389E+02  1.15149E+02
v  1.79081E+02  2.19389E+02  1.15149E+02
v  1.79081E+02 -4.06287E+00  1.96675E+02
v  2.10013E+02 -4.06287E+00  1.96675E+02
v  2.10013E+02 -4.06287E+00  1.15149E+02
v  1.79081E+02 -4.06287E+00  1.15149E+02
g vc_601
f  4809 4810 4811 4812
f  4809 4810 4814 4813
f  4811 4810 4814 4815
f  4812 4811 4815 4816
f  4812 4809 4813 4816
f  4813 4814 4815 4816
v  1.34777E+02  2.19389E+02  1.96675E+02
v  1.79081E+02  2.19389E+02  1.96675E+02
v  1.79081E+02  2.19389E+02  1.15149E+02
v  1.34777E+02  2.19389E+02  1.15149E+02
v  1.34777E+02 -4.06287E+00  1.96675E+02
v  1.79081E+02 -4.06287E+00  1.96675E+02
v  1.79081E+02 -4.06287E+00  1.15149E+02
v  1.34777E+02 -4.06287E+00  1.15149E+02
g vc_602
f  4817 4818 4819 4820
f  4817 4818 4822 4821
f  4819 4818 4822 4823
f  4820 4819 4823 4824
f  4820 4817 4821 4824
f  4821 4822 4823 4824
v  5.08124E+02  2.19389E+02 -8.41530E+02
v  5.68897E+02  2.19389E+02 -8.41530E+02
v  5.68897E+02  2.19389E+02 -9.41742E+02
v  5.08124E+02  2.19389E+02 -9.41742E+02
v  5.08124E+02  2.67634E+01 -8.41530E+02
v  5.68897E+02  2.67634E+01 -8.41530E+02
v  5.68897E+02  2.67634E+01 -9.41742E+02
v  5.08124E+02  2.67634E+01 -9.41742E+02
g vc_603
f  4825 4826 4827 4828
f  4825 4826 4830 4829
f  4827 4826 4830 4831
f  4828 4827 4831 4832
f  4828 4825 4829 4832
f  4829 4830 4831 4832
v  5.08124E+02  2.67634E+01 -8.41530E+02
v  5.68897E+02  2.67634E+01 -8.41530E+02
v  5.68897E+02  2.67634E+01 -9.41742E+02
v  5.08124E+02  2.67634E+01 -9.41742E+02
v  5.08124E+02 -4.06287E+00 -8.41530E+02
v  5.68897E+02 -4.06287E+00 -8.41530E+02
v  5.68897E+02 -4.06287E+00 -9.41742E+02
v  5.08124E+02 -4.06287E+00 -9.41742E+02
g vc_604
f  4833 4834 4835 4836
f  4833 4834 4838 4837
f  4835 4834 4838 4839
f  4836 4835 4839 4840
f  4836 4833 4837 4840
f  4837 4838 4839 4840
v  4.71257E+02  2.19389E+02  7.97006E+01
v  5.39236E+02  2.19389E+02  7.97006E+01
v  5.39236E+02  2.19389E+02  2.41682E+01
v  4.71257E+02  2.19389E+02  2.41682E+01
v  4.71257E+02 -4.06287E+00  7.97006E+01
v  5.39236E+02 -4.06287E+00  7.97006E+01
v  5.39236E+02 -4.06287E+00  2.41682E+01
v  4.71257E+02 -4.06287E+00  2.41682E+01
g vc_605
f  4841 4842 4843 4844
f  4841 4842 4846 4845
f  4843 4842 4846 4847
f  4844 4843 4847 4848
f  4844 4841 4845 4848
f  4845 4846 4847 4848
v  4.71257E+02  2.19389E+02  2.41682E+01
v  5.39236E+02  2.19389E+02  2.41682E+01
v  5.39236E+02  2.19389E+02 -9.88779E+00
v  4.71257E+02  2.19389E+02 -9.88779E+00
v  4.71257E+02 -4.06287E+00  2.41682E+01
v  5.39236E+02 -4.06287E+00  2.41682E+01
v  5.39236E+02 -4.06287E+00 -9.88779E+00
v  4.71257E+02 -4.06287E+00 -9.88779E+00
g vc_606
f  4849 4850 4851 4852
f  4849 4850 4854 4853
f  4851 4850 4854 4855
f  4852 4851 4855 4856
f  4852 4849 4853 4856
f  4853 4854 4855 4856
v  5.08270E+02  2.19389E+02 -6.46185E+02
v  5.70619E+02  2.19389E+02 -6.46185E+02
v  5.70619E+02  2.19389E+02 -7.43362E+02
v  5.08270E+02  2.19389E+02 -7.43362E+02
v  5.08270E+02  4.07236E+01 -6.46185E+02
v  5.70619E+02  4.07236E+01 -6.46185E+02
v  5.70619E+02  4.07236E+01 -7.43362E+02
v  5.08270E+02  4.07236E+01 -7.43362E+02
g vc_607
f  4857 4858 4859 4860
f  4857 4858 4862 4861
f  4859 4858 4862 4863
f  4860 4859 4863 4864
f  4860 4857 4861 4864
f  4861 4862 4863 4864
v  5.08270E+02  4.07236E+01 -6.46185E+02
v  5.70619E+02  4.07236E+01 -6.46185E+02
v  5.70619E+02  4.07236E+01 -7.43362E+02
v  5.08270E+02  4.07236E+01 -7.43362E+02
v  5.08270E+02 -4.06287E+00 -6.46185E+02
v  5.70619E+02 -4.06287E+00 -6.46185E+02
v  5.70619E+02 -4.06287E+00 -7.43362E+02
v  5.08270E+02 -4.06287E+00 -7.43362E+02
g vc_608
f  4865 4866 4867 4868
f  4865 4866 4870 4869
f  4867 4866 4870 4871
f  4868 4867 4871 4872
f  4868 4865 4869 4872
f  4869 4870 4871 4872
v  5.69624E+02  2.19389E+02 -9.91845E+02
v  6.28370E+02  2.19389E+02 -9.91845E+02
v  6.28370E+02  2.19389E+02 -1.04214E+03
v  5.69624E+02  2.19389E+02 -1.04214E+03
v  5.69624E+02 -4.06287E+00 -9.91845E+02
v  6.28370E+02 -4.06287E+00 -9.91845E+02
v  6.28370E+02 -4.06287E+00 -1.04214E+03
v  5.69624E+02 -4.06287E+00 -1.04214E+03
g vc_609
f  4873 4874 4875 4876
f  4873 4874 4878 4877
f  4875 4874 4878 4879
f  4876 4875 4879 4880
f  4876 4873 4877 4880
f  4877 4878 4879 4880
v  5.08124E+02  2.19389E+02 -9.91845E+02
v  5.69624E+02  2.19389E+02 -9.91845E+02
v  5.69624E+02  2.19389E+02 -1.04214E+03
v  5.08124E+02  2.19389E+02 -1.04214E+03
v  5.08124E+02 -4.06287E+00 -9.91845E+02
v  5.69624E+02 -4.06287E+00 -9.91845E+02
v  5.69624E+02 -4.06287E+00 -1.04214E+03
v  5.08124E+02 -4.06287E+00 -1.04214E+03
g vc_610
f  4881 4882 4883 4884
f  4881 4882 4886 4885
f  4883 4882 4886 4887
f  4884 4883 4887 4888
f  4884 4881 4885 4888
f  4885 4886 4887 4888
v  4.79510E+02  2.19389E+02 -5.26895E+02
v  5.30648E+02  2.19389E+02 -5.26895E+02
v  5.30648E+02  2.19389E+02 -5.85063E+02
v  4.79510E+02  2.19389E+02 -5.85063E+02
v  4.79510E+02 -4.06287E+00 -5.26895E+02
v  5.30648E+02 -4.06287E+00 -5.26895E+02
v  5.30648E+02 -4.06287E+00 -5.85063E+02
v  4.79510E+02 -4.06287E+00 -5.85063E+02
g vc_611
f  4889 4890 4891 4892
f  4889 4890 4894 4893
f  4891 4890 4894 4895
f  4892 4891 4895 4896
f  4892 4889 4893 4896
f  4893 4894 4895 4896
v  4.26852E+02  2.19389E+02 -5.26895E+02
v  4.79510E+02  2.19389E+02 -5.26895E+02
v  4.79510E+02  2.19389E+02 -5.85063E+02
v  4.26852E+02  2.19389E+02 -5.85063E+02
v  4.26852E+02 -4.06287E+00 -5.26895E+02
v  4.79510E+02 -4.06287E+00 -5.26895E+02
v  4.79510E+02 -4.06287E+00 -5.85063E+02
v  4.26852E+02 -4.06287E+00 -5.85063E+02
g vc_612
f  4897 4898 4899 4900
f  4897 4898 4902 4901
f  4899 4898 4902 4903
f  4900 4899 4903 4904
f  4900 4897 4901 4904
f  4901 4902 4903 4904
v  5.69624E+02  2.19389E+02 -9.41742E+02
v  6.28370E+02  2.19389E+02 -9.41742E+02
v  6.28370E+02  2.19389E+02 -9.91845E+02
v  5.69624E+02  2.19389E+02 -9.91845E+02
v  5.69624E+02 -4.06287E+00 -9.41742E+02
v  6.28370E+02 -4.06287E+00 -9.41742E+02
v  6.28370E+02 -4.06287E+00 -9.91845E+02
v  5.69624E+02 -4.06287E+00 -9.91845E+02
g vc_613
f  4905 4906 4907 4908
f  4905 4906 4910 4909
f  4907 4906 4910 4911
f  4908 4907 4911 4912
f  4908 4905 4909 4912
f  4909 4910 4911 4912
v  5.08124E+02  2.19389E+02 -9.41742E+02
v  5.69624E+02  2.19389E+02 -9.41742E+02
v  5.69624E+02  2.19389E+02 -9.91845E+02
v  5.08124E+02  2.19389E+02 -9.91845E+02
v  5.08124E+02 -4.06287E+00 -9.41742E+02
v  5.69624E+02 -4.06287E+00 -9.41742E+02
v  5.69624E+02 -4.06287E+00 -9.91845E+02
v  5.08124E+02 -4.06287E+00 -9.91845E+02
g vc_614
f  4913 4914 4915 4916
f  4913 4914 4918 4917
f  4915 4914 4918 4919
f  4916 4915 4919 4920
f  4916 4913 4917 4920
f  4917 4918 4919 4920
v  5.08270E+02  2.19389E+02 -7.43362E+02
v  5.69529E+02  2.19389E+02 -7.43362E+02
v  5.69529E+02  2.19389E+02 -8.41530E+02
v  5.08270E+02  2.19389E+02 -8.41530E+02
v  5.08270E+02  3.39821E+01 -7.43362E+02
v  5.69529E+02  3.39821E+01 -7.43362E+02
v  5.69529E+02  3.39821E+01 -8.41530E+02
v  5.08270E+02  3.39821E+01 -8.41530E+02
g vc_615
f  4921 4922 4923 4924
f  4921 4922 4926 4925
f  4923 4922 4926 4927
f  4924 4923 4927 4928
f  4924 4921 4925 4928
f  4925 4926 4927 4928
v  5.08270E+02  3.39821E+01 -7.43362E+02
v  5.69529E+02  3.39821E+01 -7.43362E+02
v  5.69529E+02  3.39821E+01 -8.41530E+02
v  5.08270E+02  3.39821E+01 -8.41530E+02
v  5.08270E+02 -4.06287E+00 -7.43362E+02
v  5.69529E+02 -4.06287E+00 -7.43362E+02
v  5.69529E+02 -4.06287E+00 -8.41530E+02
v  5.08270E+02 -4.06287E+00 -8.41530E+02
g vc_616
f  4929 4930 4931 4932
f  4929 4930 4934 4933
f  4931 4930 4934 4935
f  4932 4931 4935 4936
f  4932 4929 4933 4936
f  4933 4934 4935 4936
v -4.68115E+02  2.19389E+02  2.45266E+02
v -3.39808E+02  2.19389E+02  2.45266E+02
v -3.39808E+02  2.19389E+02  1.59443E+02
v -4.68115E+02  2.19389E+02  1.59443E+02
v -4.68115E+02  1.78617E+02  2.45266E+02
v -3.39808E+02  1.78617E+02  2.45266E+02
v -3.39808E+02  1.78617E+02  1.59443E+02
v -4.68115E+02  1.78617E+02  1.59443E+02
g vc_617
f  4937 4938 4939 4940
f  4937 4938 4942 4941
f  4939 4938 4942 4943
f  4940 4939 4943 4944
f  4940 4937 4941 4944
f  4941 4942 4943 4944
v -4.68115E+02  1.78617E+02  2.45266E+02
v -3.39808E+02  1.78617E+02  2.45266E+02
v -3.39808E+02  1.78617E+02  1.59443E+02
v -4.68115E+02  1.78617E+02  1.59443E+02
v -4.68115E+02  9.79461E+01  2.45266E+02
v -3.39808E+02  9.79461E+01  2.45266E+02
v -3.39808E+02  9.79461E+01  1.59443E+02
v -4.68115E+02  9.79461E+01  1.59443E+02
g vc_618
f  4945 4946 4947 4948
f  4945 4946 4950 4949
f  4947 4946 4950 4951
f  4948 4947 4951 4952
f  4948 4945 4949 4952
f  4949 4950 4951 4952
v  5.68897E+02  2.19389E+02 -8.41530E+02
v  6.28370E+02  2.19389E+02 -8.41530E+02
v  6.28370E+02  2.19389E+02 -8.91039E+02
v  5.68897E+02  2.19389E+02 -8.91039E+02
v  5.68897E+02 -4.06287E+00 -8.41530E+02
v  6.28370E+02 -4.06287E+00 -8.41530E+02
v  6.28370E+02 -4.06287E+00 -8.91039E+02
v  5.68897E+02 -4.06287E+00 -8.91039E+02
g vc_619
f  4953 4954 4955 4956
f  4953 4954 4958 4957
f  4955 4954 4958 4959
f  4956 4955 4959 4960
f  4956 4953 4957 4960
f  4957 4958 4959 4960
v  5.68897E+02  2.19389E+02 -8.91039E+02
v  6.28370E+02  2.19389E+02 -8.91039E+02
v  6.28370E+02  2.19389E+02 -9.41742E+02
v  5.68897E+02  2.19389E+02 -9.41742E+02
v  5.68897E+02 -4.06287E+00 -8.91039E+02
v  6.28370E+02 -4.06287E+00 -8.91039E+02
v  6.28370E+02 -4.06287E+00 -9.41742E+02
v  5.68897E+02 -4.06287E+00 -9.41742E+02
g vc_620
f  4961 4962 4963 4964
f  4961 4962 4966 4965
f  4963 4962 4966 4967
f  4964 4963 4967 4968
f  4964 4961 4965 4968
f  4965 4966 4967 4968
v  5.69529E+02  2.19389E+02 -7.43362E+02
v  6.28370E+02  2.19389E+02 -7.43362E+02
v  6.28370E+02  2.19389E+02 -7.92400E+02
v  5.69529E+02  2.19389E+02 -7.92400E+02
v  5.69529E+02 -4.06287E+00 -7.43362E+02
v  6.28370E+02 -4.06287E+00 -7.43362E+02
v  6.28370E+02 -4.06287E+00 -7.92400E+02
v  5.69529E+02 -4.06287E+00 -7.92400E+02
g vc_621
f  4969 4970 4971 4972
f  4969 4970 4974 4973
f  4971 4970 4974 4975
f  4972 4971 4975 4976
f  4972 4969 4973 4976
f  4973 4974 4975 4976
v  5.69529E+02  2.19389E+02 -7.92400E+02
v  6.28370E+02  2.19389E+02 -7.92400E+02
v  6.28370E+02  2.19389E+02 -8.41530E+02
v  5.69529E+02  2.19389E+02 -8.41530E+02
v  5.69529E+02 -4.06287E+00 -7.92400E+02
v  6.28370E+02 -4.06287E+00 -7.92400E+02
v  6.28370E+02 -4.06287E+00 -8.41530E+02
v  5.69529E+02 -4.06287E+00 -8.41530E+02
g vc_622
f  4977 4978 4979 4980
f  4977 4978 4982 4981
f  4979 4978 4982 4983
f  4980 4979 4983 4984
f  4980 4977 4981 4984
f  4981 4982 4983 4984
v  4.58325E+02  2.19389E+02 -1.61439E+02
v  4.72935E+02  2.19389E+02 -1.61439E+02
v  4.72935E+02  2.19389E+02 -2.89431E+02
v  4.58325E+02  2.19389E+02 -2.89431E+02
v  4.58325E+02 -4.06287E+00 -1.61439E+02
v  4.72935E+02 -4.06287E+00 -1.61439E+02
v  4.72935E+02 -4.06287E+00 -2.89431E+02
v  4.58325E+02 -4.06287E+00 -2.89431E+02
g vc_623
f  4985 4986 4987 4988
f  4985 4986 4990 4989
f  4987 4986 4990 4991
f  4988 4987 4991 4992
f  4988 4985 4989 4992
f  4989 4990 4991 4992
v  4.28750E+02  2.19389E+02 -1.61439E+02
v  4.58325E+02  2.19389E+02 -1.61439E+02
v  4.58325E+02  2.19389E+02 -2.89431E+02
v  4.28750E+02  2.19389E+02 -2.89431E+02
v  4.28750E+02 -4.06287E+00 -1.61439E+02
v  4.58325E+02 -4.06287E+00 -1.61439E+02
v  4.58325E+02 -4.06287E+00 -2.89431E+02
v  4.28750E+02 -4.06287E+00 -2.89431E+02
g vc_624
f  4993 4994 4995 4996
f  4993 4994 4998 4997
f  4995 4994 4998 4999
f  4996 4995 4999 5000
f  4996 4993 4997 5000
f  4997 4998 4999 5000
v  5.70619E+02  2.19389E+02 -6.46185E+02
v  6.28370E+02  2.19389E+02 -6.46185E+02
v  6.28370E+02  2.19389E+02 -6.94127E+02
v  5.70619E+02  2.19389E+02 -6.94127E+02
v  5.70619E+02 -4.06287E+00 -6.46185E+02
v  6.28370E+02 -4.06287E+00 -6.46185E+02
v  6.28370E+02 -4.06287E+00 -6.94127E+02
v  5.70619E+02 -4.06287E+00 -6.94127E+02
g vc_625
f  5001 5002 5003 5004
f  5001 5002 5006 5005
f  5003 5002 5006 5007
f  5004 5003 5007 5008
f  5004 5001 5005 5008
f  5005 5006 5007 5008
v  5.70619E+02  2.19389E+02 -6.94127E+02
v  6.28370E+02  2.19389E+02 -6.94127E+02
v  6.28370E+02  2.19389E+02 -7.43362E+02
v  5.70619E+02  2.19389E+02 -7.43362E+02
v  5.70619E+02 -4.06287E+00 -6.94127E+02
v  6.28370E+02 -4.06287E+00 -6.94127E+02
v  6.28370E+02 -4.06287E+00 -7.43362E+02
v  5.70619E+02 -4.06287E+00 -7.43362E+02
g vc_626
f  5009 5010 5011 5012
f  5009 5010 5014 5013
f  5011 5010 5014 5015
f  5012 5011 5015 5016
f  5012 5009 5013 5016
f  5013 5014 5015 5016
v -2.02064E+02  2.19389E+02  1.45196E+02
v -1.57381E+02  2.19389E+02  1.45196E+02
v -1.57381E+02  2.19389E+02  8.33004E+01
v -2.02064E+02  2.19389E+02  8.33004E+01
v -2.02064E+02 -4.06287E+00  1.45196E+02
v -1.57381E+02 -4.06287E+00  1.45196E+02
v -1.57381E+02 -4.06287E+00  8.33004E+01
v -2.02064E+02 -4.06287E+00  8.33004E+01
g vc_627
f  5017 5018 5019 5020
f  5017 5018 5022 5021
f  5019 5018 5022 5023
f  5020 5019 5023 5024
f  5020 5017 5021 5024
f  5021 5022 5023 5024
v -2.02064E+02  2.19389E+02  8.33004E+01
v -1.57381E+02  2.19389E+02  8.33004E+01
v -1.57381E+02  2.19389E+02  1.98004E+01
v -2.02064E+02  2.19389E+02  1.98004E+01
v -2.02064E+02 -4.06287E+00  8.33004E+01
v -1.57381E+02 -4.06287E+00  8.33004E+01
v -1.57381E+02 -4.06287E+00  1.98004E+01
v -2.02064E+02 -4.06287E+00  1.98004E+01
g vc_628
f  5025 5026 5027 5028
f  5025 5026 5030 5029
f  5027 5026 5030 5031
f  5028 5027 5031 5032
f  5028 5025 5029 5032
f  5029 5030 5031 5032
v -7.25517E+02  2.19389E+02 -7.37277E+02
v -6.38309E+02  2.19389E+02 -7.37277E+02
v -6.38309E+02  2.19389E+02 -8.57696E+02
v -7.25517E+02  2.19389E+02 -8.57696E+02
v -7.25517E+02  1.48492E+02 -7.37277E+02
v -6.38309E+02  1.48492E+02 -7.37277E+02
v -6.38309E+02  1.48492E+02 -8.57696E+02
v -7.25517E+02  1.48492E+02 -8.57696E+02
g vc_629
f  5033 5034 5035 5036
f  5033 5034 5038 5037
f  5035 5034 5038 5039
f  5036 5035 5039 5040
f  5036 5033 5037 5040
f  5037 5038 5039 5040
v -7.25517E+02  1.48492E+02 -7.37277E+02
v -6.38309E+02  1.48492E+02 -7.37277E+02
v -6.38309E+02  1.48492E+02 -8.57696E+02
v -7.25517E+02  1.48492E+02 -8.57696E+02
v -7.25517E+02  1.01850E+02 -7.37277E+02
v -6.38309E+02  1.01850E+02 -7.37277E+02
v -6.38309E+02  1.01850E+02 -8.57696E+02
v -7.25517E+02  1.01850E+02 -8.57696E+02
g vc_630
f  5041 5042 5043 5044
f  5041 5042 5046 5045
f  5043 5042 5046 5047
f  5044 5043 5047 5048
f  5044 5041 5045 5048
f  5045 5046 5047 5048
v  4.11162E+02  2.19389E+02 -1.04214E+03
v  4.65282E+02  2.19389E+02 -1.04214E+03
v  4.65282E+02  2.19389E+02 -1.09239E+03
v  4.11162E+02  2.19389E+02 -1.09239E+03
v  4.11162E+02 -4.06287E+00 -1.04214E+03
v  4.65282E+02 -4.06287E+00 -1.04214E+03
v  4.65282E+02 -4.06287E+00 -1.09239E+03
v  4.11162E+02 -4.06287E+00 -1.09239E+03
g vc_631
f  5049 5050 5051 5052
f  5049 5050 5054 5053
f  5051 5050 5054 5055
f  5052 5051 5055 5056
f  5052 5049 5053 5056
f  5053 5054 5055 5056
v  4.11162E+02  2.19389E+02 -1.09239E+03
v  4.65282E+02  2.19389E+02 -1.09239E+03
v  4.65282E+02  2.19389E+02 -1.14289E+03
v  4.11162E+02  2.19389E+02 -1.14289E+03
v  4.11162E+02 -4.06287E+00 -1.09239E+03
v  4.65282E+02 -4.06287E+00 -1.09239E+03
v  4.65282E+02 -4.06287E+00 -1.14289E+03
v  4.11162E+02 -4.06287E+00 -1.14289E+03
g vc_632
f  5057 5058 5059 5060
f  5057 5058 5062 5061
f  5059 5058 5062 5063
f  5060 5059 5063 5064
f  5060 5057 5061 5064
f  5061 5062 5063 5064
v -6.28735E+01  2.19389E+02 -7.25697E+02
v -3.43097E+00  2.19389E+02 -7.25697E+02
v -3.43097E+00  2.19389E+02 -7.73494E+02
v -6.28735E+01  2.19389E+02 -7.73494E+02
v -6.28735E+01 -4.06287E+00 -7.25697E+02
v -3.43097E+00 -4.06287E+00 -7.25697E+02
v -3.43097E+00 -4.06287E+00 -7.73494E+02
v -6.28735E+01 -4.06287E+00 -7.73494E+02
g vc_633
f  5065 5066 5067 5068
f  5065 5066 5070 5069
f  5067 5066 5070 5071
f  5068 5067 5071 5072
f  5068 5065 5069 5072
f  5069 5070 5071 5072
v -1.16728E+02  2.19389E+02 -7.25697E+02
v -6.28735E+01  2.19389E+02 -7.25697E+02
v -6.28735E+01  2.19389E+02 -7.73494E+02
v -1.16728E+02  2.19389E+02 -7.73494E+02
v -1.16728E+02 -4.06287E+00 -7.25697E+02
v -6.28735E+01 -4.06287E+00 -7.25697E+02
v -6.28735E+01 -4.06287E+00 -7.73494E+02
v -1.16728E+02 -4.06287E+00 -7.73494E+02
g vc_634
f  5073 5074 5075 5076
f  5073 5074 5078 5077
f  5075 5074 5078 5079
f  5076 5075 5079 5080
f  5076 5073 5077 5080
f  5077 5078 5079 5080
v  5.51368E+02  2.19389E+02 -1.61439E+02
v  5.92936E+02  2.19389E+02 -1.61439E+02
v  5.92936E+02  2.19389E+02 -2.89431E+02
v  5.51368E+02  2.19389E+02 -2.89431E+02
v  5.51368E+02  5.77836E+01 -1.61439E+02
v  5.92936E+02  5.77836E+01 -1.61439E+02
v  5.92936E+02  5.77836E+01 -2.89431E+02
v  5.51368E+02  5.77836E+01 -2.89431E+02
g vc_635
f  5081 5082 5083 5084
f  5081 5082 5086 5085
f  5083 5082 5086 5087
f  5084 5083 5087 5088
f  5084 5081 5085 5088
f  5085 5086 5087 5088
v  5.51368E+02  5.77836E+01 -1.61439E+02
v  5.92936E+02  5.77836E+01 -1.61439E+02
v  5.92936E+02  5.77836E+01 -2.89431E+02
v  5.51368E+02  5.77836E+01 -2.89431E+02
v  5.51368E+02 -4.06287E+00 -1.61439E+02
v  5.92936E+02 -4.06287E+00 -1.61439E+02
v  5.92936E+02 -4.06287E+00 -2.89431E+02
v  5.51368E+02 -4.06287E+00 -2.89431E+02
g vc_636
f  5089 5090 5091 5092
f  5089 5090 5094 5093
f  5091 5090 5094 5095
f  5092 5091 5095 5096
f  5092 5089 5093 5096
f  5093 5094 5095 5096
v  3.99604E+02  2.19389E+02  1.55506E+02
v  4.69560E+02  2.19389E+02  1.55506E+02
v  4.69560E+02  2.19389E+02  1.17207E+02
v  3.99604E+02  2.19389E+02  1.17207E+02
v  3.99604E+02 -4.06287E+00  1.55506E+02
v  4.69560E+02 -4.06287E+00  1.55506E+02
v  4.69560E+02 -4.06287E+00  1.17207E+02
v  3.99604E+02 -4.06287E+00  1.17207E+02
g vc_637
f  5097 5098 5099 5100
f  5097 5098 5102 5101
f  5099 5098 5102 5103
f  5100 5099 5103 5104
f  5100 5097 5101 5104
f  5101 5102 5103 5104
v  3.99604E+02  2.19389E+02  1.17207E+02
v  4.69560E+02  2.19389E+02  1.17207E+02
v  4.69560E+02  2.19389E+02  7.97006E+01
v  3.99604E+02  2.19389E+02  7.97006E+01
v  3.99604E+02 -4.06287E+00  1.17207E+02
v  4.69560E+02 -4.06287E+00  1.17207E+02
v  4.69560E+02 -4.06287E+00  7.97006E+01
v  3.99604E+02 -4.06287E+00  7.97006E+01
g vc_638
f  5105 5106 5107 5108
f  5105 5106 5110 5109
f  5107 5106 5110 5111
f  5108 5107 5111 5112
f  5108 5105 5109 5112
f  5109 5110 5111 5112
v  4.69560E+02  2.19389E+02  1.55506E+02
v  5.39236E+02  2.19389E+02  1.55506E+02
v  5.39236E+02  2.19389E+02  7.97006E+01
v  4.69560E+02  2.19389E+02  7.97006E+01
v  4.69560E+02  1.36434E+02  1.55506E+02
v  5.39236E+02  1.36434E+02  1.55506E+02
v  5.39236E+02  1.36434E+02  7.97006E+01
v  4.69560E+02  1.36434E+02  7.97006E+01
g vc_639
f  5113 5114 5115 5116
f  5113 5114 5118 5117
f  5115 5114 5118 5119
f  5116 5115 5119 5120
f  5116 5113 5117 5120
f  5117 5118 5119 5120
v  4.69560E+02  1.36434E+02  1.55506E+02
v  5.39236E+02  1.36434E+02  1.55506E+02
v  5.39236E+02  1.36434E+02  7.97006E+01
v  4.69560E+02  1.36434E+02  7.97006E+01
v  4.69560E+02 -4.06287E+00  1.55506E+02
v  5.39236E+02 -4.06287E+00  1.55506E+02
v  5.39236E+02 -4.06287E+00  7.97006E+01
v  4.69560E+02 -4.06287E+00  7.97006E+01
g vc_640
f  5121 5122 5123 5124
f  5121 5122 5126 5125
f  5123 5122 5126 5127
f  5124 5123 5127 5128
f  5124 5121 5125 5128
f  5125 5126 5127 5128
v  7.80876E+01  3.04617E+01 -8.46185E+02
v  2.57603E+02  3.04617E+01 -8.46185E+02
v  2.57603E+02  3.04617E+01 -1.03343E+03
v  7.80876E+01  3.04617E+01 -1.03343E+03
v  7.80876E+01  6.23499E+00 -8.46185E+02
v  2.57603E+02  6.23499E+00 -8.46185E+02
v  2.57603E+02  6.23499E+00 -1.03343E+03
v  7.80876E+01  6.23499E+00 -1.03343E+03
g vc_641
f  5129 5130 5131 5132
f  5129 5130 5134 5133
f  5131 5130 5134 5135
f  5132 5131 5135 5136
f  5132 5129 5133 5136
f  5133 5134 5135 5136
v  7.80876E+01  6.23499E+00 -8.46185E+02
v  2.57603E+02  6.23499E+00 -8.46185E+02
v  2.57603E+02  6.23499E+00 -1.03343E+03
v  7.80876E+01  6.23499E+00 -1.03343E+03
v  7.80876E+01 -4.06287E+00 -8.46185E+02
v  2.57603E+02 -4.06287E+00 -8.46185E+02
v  2.57603E+02 -4.06287E+00 -1.03343E+03
v  7.80876E+01 -4.06287E+00 -1.03343E+03
g vc_642
f  5137 5138 5139 5140
f  5137 5138 5142 5141
f  5139 5138 5142 5143
f  5140 5139 5143 5144
f  5140 5137 5141 5144
f  5141 5142 5143 5144
v -2.57603E+02  2.19389E+02  1.28856E+02
v -2.02064E+02  2.19389E+02  1.28856E+02
v -2.02064E+02  2.19389E+02  8.27511E+01
v -2.57603E+02  2.19389E+02  8.27511E+01
v -2.57603E+02 -4.06287E+00  1.28856E+02
v -2.02064E+02 -4.06287E+00  1.28856E+02
v -2.02064E+02 -4.06287E+00  8.27511E+01
v -2.57603E+02 -4.06287E+00  8.27511E+01
g vc_643
f  5145 5146 5147 5148
f  5145 5146 5150 5149
f  5147 5146 5150 5151
f  5148 5147 5151 5152
f  5148 5145 5149 5152
f  5149 5150 5151 5152
v -2.57603E+02  2.19389E+02  8.27511E+01
v -2.02064E+02  2.19389E+02  8.27511E+01
v -2.02064E+02  2.19389E+02  3.62510E+01
v -2.57603E+02  2.19389E+02  3.62510E+01
v -2.57603E+02 -4.06287E+00  8.27511E+01
v -2.02064E+02 -4.06287E+00  8.27511E+01
v -2.02064E+02 -4.06287E+00  3.62510E+01
v -2.57603E+02 -4.06287E+00  3.62510E+01
g vc_644
f  5153 5154 5155 5156
f  5153 5154 5158 5157
f  5155 5154 5158 5159
f  5156 5155 5159 5160
f  5156 5153 5157 5160
f  5157 5158 5159 5160
v -3.14736E+02  2.19389E+02 -8.34158E+01
v -2.58290E+02  2.19389E+02 -8.34158E+01
v -2.58290E+02  2.19389E+02 -1.25416E+02
v -3.14736E+02  2.19389E+02 -1.25416E+02
v -3.14736E+02 -4.06287E+00 -8.34158E+01
v -2.58290E+02 -4.06287E+00 -8.34158E+01
v -2.58290E+02 -4.06287E+00 -1.25416E+02
v -3.14736E+02 -4.06287E+00 -1.25416E+02
g vc_645
f  5161 5162 5163 5164
f  5161 5162 5166 5165
f  5163 5162 5166 5167
f  5164 5163 5167 5168
f  5164 5161 5165 5168
f  5165 5166 5167 5168
v -3.14736E+02  2.19389E+02 -1.25416E+02
v -2.58290E+02  2.19389E+02 -1.25416E+02
v -2.58290E+02  2.19389E+02 -1.68916E+02
v -3.14736E+02  2.19389E+02 -1.68916E+02
v -3.14736E+02 -4.06287E+00 -1.25416E+02
v -2.58290E+02 -4.06287E+00 -1.25416E+02
v -2.58290E+02 -4.06287E+00 -1.68916E+02
v -3.14736E+02 -4.06287E+00 -1.68916E+02
g vc_646
f  5169 5170 5171 5172
f  5169 5170 5174 5173
f  5171 5170 5174 5175
f  5172 5171 5175 5176
f  5172 5169 5173 5176
f  5173 5174 5175 5176
v  4.28750E+02  2.19389E+02 -9.88779E+00
v  4.90829E+02  2.19389E+02 -9.88779E+00
v  4.90829E+02  2.19389E+02 -4.76756E+01
v  4.28750E+02  2.19389E+02 -4.76756E+01
v  4.28750E+02 -4.06287E+00 -9.88779E+00
v  4.90829E+02 -4.06287E+00 -9.88779E+00
v  4.90829E+02 -4.06287E+00 -4.76756E+01
v  4.28750E+02 -4.06287E+00 -4.76756E+01
g vc_647
f  5177 5178 5179 5180
f  5177 5178 5182 5181
f  5179 5178 5182 5183
f  5180 5179 5183 5184
f  5180 5177 5181 5184
f  5181 5182 5183 5184
v  4.28750E+02  2.19389E+02 -4.76756E+01
v  4.90829E+02  2.19389E+02 -4.76756E+01
v  4.90829E+02  2.19389E+02 -8.75057E+01
v  4.28750E+02  2.19389E+02 -8.75057E+01
v  4.28750E+02 -4.06287E+00 -4.76756E+01
v  4.90829E+02 -4.06287E+00 -4.76756E+01
v  4.90829E+02 -4.06287E+00 -8.75057E+01
v  4.28750E+02 -4.06287E+00 -8.75057E+01
g vc_648
f  5185 5186 5187 5188
f  5185 5186 5190 5189
f  5187 5186 5190 5191
f  5188 5187 5191 5192
f  5188 5185 5189 5192
f  5189 5190 5191 5192
v  5.26063E+02  2.19389E+02 -9.88779E+00
v  5.50662E+02  2.19389E+02 -9.88779E+00
v  5.50662E+02  2.19389E+02 -8.75057E+01
v  5.26063E+02  2.19389E+02 -8.75057E+01
v  5.26063E+02 -4.06287E+00 -9.88779E+00
v  5.50662E+02 -4.06287E+00 -9.88779E+00
v  5.50662E+02 -4.06287E+00 -8.75057E+01
v  5.26063E+02 -4.06287E+00 -8.75057E+01
g vc_649
f  5193 5194 5195 5196
f  5193 5194 5198 5197
f  5195 5194 5198 5199
f  5196 5195 5199 5200
f  5196 5193 5197 5200
f  5197 5198 5199 5200
v  4.90829E+02  2.19389E+02 -9.88779E+00
v  5.26063E+02  2.19389E+02 -9.88779E+00
v  5.26063E+02  2.19389E+02 -8.75057E+01
v  4.90829E+02  2.19389E+02 -8.75057E+01
v  4.90829E+02 -4.06287E+00 -9.88779E+00
v  5.26063E+02 -4.06287E+00 -9.88779E+00
v  5.26063E+02 -4.06287E+00 -8.75057E+01
v  4.90829E+02 -4.06287E+00 -8.75057E+01
g vc_650
f  5201 5202 5203 5204
f  5201 5202 5206 5205
f  5203 5202 5206 5207
f  5204 5203 5207 5208
f  5204 5201 5205 5208
f  5205 5206 5207 5208
v  4.28750E+02  2.19389E+02 -8.75057E+01
v  4.90481E+02  2.19389E+02 -8.75057E+01
v  4.90481E+02  2.19389E+02 -1.61439E+02
v  4.28750E+02  2.19389E+02 -1.61439E+02
v  4.28750E+02  7.93278E+01 -8.75057E+01
v  4.90481E+02  7.93278E+01 -8.75057E+01
v  4.90481E+02  7.93278E+01 -1.61439E+02
v  4.28750E+02  7.93278E+01 -1.61439E+02
g vc_651
f  5209 5210 5211 5212
f  5209 5210 5214 5213
f  5211 5210 5214 5215
f  5212 5211 5215 5216
f  5212 5209 5213 5216
f  5213 5214 5215 5216
v  4.28750E+02  7.93278E+01 -8.75057E+01
v  4.90481E+02  7.93278E+01 -8.75057E+01
v  4.90481E+02  7.93278E+01 -1.61439E+02
v  4.28750E+02  7.93278E+01 -1.61439E+02
v  4.28750E+02 -4.06287E+00 -8.75057E+01
v  4.90481E+02 -4.06287E+00 -8.75057E+01
v  4.90481E+02 -4.06287E+00 -1.61439E+02
v  4.28750E+02 -4.06287E+00 -1.61439E+02
g vc_652
f  5217 5218 5219 5220
f  5217 5218 5222 5221
f  5219 5218 5222 5223
f  5220 5219 5223 5224
f  5220 5217 5221 5224
f  5221 5222 5223 5224
v  2.10013E+02  2.19389E+02  1.96675E+02
v  2.65423E+02  2.19389E+02  1.96675E+02
v  2.65423E+02  2.19389E+02  1.64276E+02
v  2.10013E+02  2.19389E+02  1.64276E+02
v  2.10013E+02 -4.06287E+00  1.96675E+02
v  2.65423E+02 -4.06287E+00  1.96675E+02
v  2.65423E+02 -4.06287E+00  1.64276E+02
v  2.10013E+02 -4.06287E+00  1.64276E+02
g vc_653
f  5225 5226 5227 5228
f  5225 5226 5230 5229
f  5227 5226 5230 5231
f  5228 5227 5231 5232
f  5228 5225 5229 5232
f  5229 5230 5231 5232
v  2.10013E+02  2.19389E+02  1.64276E+02
v  2.65423E+02  2.19389E+02  1.64276E+02
v  2.65423E+02  2.19389E+02  1.15149E+02
v  2.10013E+02  2.19389E+02  1.15149E+02
v  2.10013E+02 -4.06287E+00  1.64276E+02
v  2.65423E+02 -4.06287E+00  1.64276E+02
v  2.65423E+02 -4.06287E+00  1.15149E+02
v  2.10013E+02 -4.06287E+00  1.15149E+02
g vc_654
f  5233 5234 5235 5236
f  5233 5234 5238 5237
f  5235 5234 5238 5239
f  5236 5235 5239 5240
f  5236 5233 5237 5240
f  5237 5238 5239 5240
v  9.01692E+01  2.19389E+02 -5.95702E+02
v  1.33036E+02  2.19389E+02 -5.95702E+02
v  1.33036E+02  2.19389E+02 -6.46185E+02
v  9.01692E+01  2.19389E+02 -6.46185E+02
v  9.01692E+01 -4.06287E+00 -5.95702E+02
v  1.33036E+02 -4.06287E+00 -5.95702E+02
v  1.33036E+02 -4.06287E+00 -6.46185E+02
v  9.01692E+01 -4.06287E+00 -6.46185E+02
g vc_655
f  5241 5242 5243 5244
f  5241 5242 5246 5245
f  5243 5242 5246 5247
f  5244 5243 5247 5248
f  5244 5241 5245 5248
f  5245 5246 5247 5248
v  4.46692E+01  2.19389E+02 -5.95702E+02
v  9.01692E+01  2.19389E+02 -5.95702E+02
v  9.01692E+01  2.19389E+02 -6.46185E+02
v  4.46692E+01  2.19389E+02 -6.46185E+02
v  4.46692E+01 -4.06287E+00 -5.95702E+02
v  9.01692E+01 -4.06287E+00 -5.95702E+02
v  9.01692E+01 -4.06287E+00 -6.46185E+02
v  4.46692E+01 -4.06287E+00 -6.46185E+02
g vc_656
f  5249 5250 5251 5252
f  5249 5250 5254 5253
f  5251 5250 5254 5255
f  5252 5251 5255 5256
f  5252 5249 5253 5256
f  5253 5254 5255 5256
v  4.90481E+02  2.19389E+02 -8.75057E+01
v  5.50662E+02  2.19389E+02 -8.75057E+01
v  5.50662E+02  2.19389E+02 -1.23884E+02
v  4.90481E+02  2.19389E+02 -1.23884E+02
v  4.90481E+02 -4.06287E+00 -8.75057E+01
v  5.50662E+02 -4.06287E+00 -8.75057E+01
v  5.50662E+02 -4.06287E+00 -1.23884E+02
v  4.90481E+02 -4.06287E+00 -1.23884E+02
g vc_657
f  5257 5258 5259 5260
f  5257 5258 5262 5261
f  5259 5258 5262 5263
f  5260 5259 5263 5264
f  5260 5257 5261 5264
f  5261 5262 5263 5264
v  4.90481E+02  2.19389E+02 -1.23884E+02
v  5.50662E+02  2.19389E+02 -1.23884E+02
v  5.50662E+02  2.19389E+02 -1.61439E+02
v  4.90481E+02  2.19389E+02 -1.61439E+02
v  4.90481E+02 -4.06287E+00 -1.23884E+02
v  5.50662E+02 -4.06287E+00 -1.23884E+02
v  5.50662E+02 -4.06287E+00 -1.61439E+02
v  4.90481E+02 -4.06287E+00 -1.61439E+02
g vc_658
f  5265 5266 5267 5268
f  5265 5266 5270 5269
f  5267 5266 5270 5271
f  5268 5267 5271 5272
f  5268 5265 5269 5272
f  5269 5270 5271 5272
v -2.75505E+02  2.19389E+02 -4.55470E+02
v -2.35469E+02  2.19389E+02 -4.55470E+02
v -2.35469E+02  2.19389E+02 -5.66185E+02
v -2.75505E+02  2.19389E+02 -5.66185E+02
v -2.75505E+02  9.97373E+01 -4.55470E+02
v -2.35469E+02  9.97373E+01 -4.55470E+02
v -2.35469E+02  9.97373E+01 -5.66185E+02
v -2.75505E+02  9.97373E+01 -5.66185E+02
g vc_659
f  5273 5274 5275 5276
f  5273 5274 5278 5277
f  5275 5274 5278 5279
f  5276 5275 5279 5280
f  5276 5273 5277 5280
f  5277 5278 5279 5280
v -2.75505E+02  9.97373E+01 -4.55470E+02
v -2.35469E+02  9.97373E+01 -4.55470E+02
v -2.35469E+02  9.97373E+01 -5.66185E+02
v -2.75505E+02  9.97373E+01 -5.66185E+02
v -2.75505E+02 -4.06287E+00 -4.55470E+02
v -2.35469E+02 -4.06287E+00 -4.55470E+02
v -2.35469E+02 -4.06287E+00 -5.66185E+02
v -2.75505E+02 -4.06287E+00 -5.66185E+02
g vc_660
f  5281 5282 5283 5284
f  5281 5282 5286 5285
f  5283 5282 5286 5287
f  5284 5283 5287 5288
f  5284 5281 5285 5288
f  5285 5286 5287 5288
v  9.01692E+01  2.19389E+02 -5.46639E+02
v  1.33036E+02  2.19389E+02 -5.46639E+02
v  1.33036E+02  2.19389E+02 -5.95702E+02
v  9.01692E+01  2.19389E+02 -5.95702E+02
v  9.01692E+01 -4.06287E+00 -5.46639E+02
v  1.33036E+02 -4.06287E+00 -5.46639E+02
v  1.33036E+02 -4.06287E+00 -5.95702E+02
v  9.01692E+01 -4.06287E+00 -5.95702E+02
g vc_661
f  5289 5290 5291 5292
f  5289 5290 5294 5293
f  5291 5290 5294 5295
f  5292 5291 5295 5296
f  5292 5289 5293 5296
f  5293 5294 5295 5296
v  4.46692E+01  2.19389E+02 -5.46639E+02
v  9.01692E+01  2.19389E+02 -5.46639E+02
v  9.01692E+01  2.19389E+02 -5.95702E+02
v  4.46692E+01  2.19389E+02 -5.95702E+02
v  4.46692E+01 -4.06287E+00 -5.46639E+02
v  9.01692E+01 -4.06287E+00 -5.46639E+02
v  9.01692E+01 -4.06287E+00 -5.95702E+02
v  4.46692E+01 -4.06287E+00 -5.95702E+02
g vc_662
f  5297 5298 5299 5300
f  5297 5298 5302 5301
f  5299 5298 5302 5303
f  5300 5299 5303 5304
f  5300 5297 5301 5304
f  5301 5302 5303 5304
v  6.77131E+01  2.19389E+02  1.98004E+01
v  9.04447E+01  2.19389E+02  1.98004E+01
v  9.04447E+01  2.19389E+02 -4.29452E+01
v  6.77131E+01  2.19389E+02 -4.29452E+01
v  6.77131E+01 -4.06287E+00  1.98004E+01
v  9.04447E+01 -4.06287E+00  1.98004E+01
v  9.04447E+01 -4.06287E+00 -4.29452E+01
v  6.77131E+01 -4.06287E+00 -4.29452E+01
g vc_663
f  5305 5306 5307 5308
f  5305 5306 5310 5309
f  5307 5306 5310 5311
f  5308 5307 5311 5312
f  5308 5305 5309 5312
f  5309 5310 5311 5312
v  6.77131E+01  2.19389E+02 -4.29452E+01
v  9.04447E+01  2.19389E+02 -4.29452E+01
v  9.04447E+01  2.19389E+02 -1.69673E+02
v  6.77131E+01  2.19389E+02 -1.69673E+02
v  6.77131E+01 -4.06287E+00 -4.29452E+01
v  9.04447E+01 -4.06287E+00 -4.29452E+01
v  9.04447E+01 -4.06287E+00 -1.69673E+02
v  6.77131E+01 -4.06287E+00 -1.69673E+02
g vc_664
f  5313 5314 5315 5316
f  5313 5314 5318 5317
f  5315 5314 5318 5319
f  5316 5315 5319 5320
f  5316 5313 5317 5320
f  5317 5318 5319 5320
v -3.96092E+02  2.19389E+02 -5.66185E+02
v -3.53630E+02  2.19389E+02 -5.66185E+02
v -3.53630E+02  2.19389E+02 -6.16258E+02
v -3.96092E+02  2.19389E+02 -6.16258E+02
v -3.96092E+02 -4.06287E+00 -5.66185E+02
v -3.53630E+02 -4.06287E+00 -5.66185E+02
v -3.53630E+02 -4.06287E+00 -6.16258E+02
v -3.96092E+02 -4.06287E+00 -6.16258E+02
g vc_665
f  5321 5322 5323 5324
f  5321 5322 5326 5325
f  5323 5322 5326 5327
f  5324 5323 5327 5328
f  5324 5321 5325 5328
f  5325 5326 5327 5328
v -4.39592E+02  2.19389E+02 -5.66185E+02
v -3.96092E+02  2.19389E+02 -5.66185E+02
v -3.96092E+02  2.19389E+02 -6.16258E+02
v -4.39592E+02  2.19389E+02 -6.16258E+02
v -4.39592E+02 -4.06287E+00 -5.66185E+02
v -3.96092E+02 -4.06287E+00 -5.66185E+02
v -3.96092E+02 -4.06287E+00 -6.16258E+02
v -4.39592E+02 -4.06287E+00 -6.16258E+02
g vc_666
f  5329 5330 5331 5332
f  5329 5330 5334 5333
f  5331 5330 5334 5335
f  5332 5331 5335 5336
f  5332 5329 5333 5336
f  5333 5334 5335 5336
v  4.24527E+02  2.19389E+02 -4.04845E+02
v  4.94039E+02  2.19389E+02 -4.04845E+02
v  4.94039E+02  2.19389E+02 -4.65218E+02
v  4.24527E+02  2.19389E+02 -4.65218E+02
v  4.24527E+02  5.22849E+01 -4.04845E+02
v  4.94039E+02  5.22849E+01 -4.04845E+02
v  4.94039E+02  5.22849E+01 -4.65218E+02
v  4.24527E+02  5.22849E+01 -4.65218E+02
g vc_667
f  5337 5338 5339 5340
f  5337 5338 5342 5341
f  5339 5338 5342 5343
f  5340 5339 5343 5344
f  5340 5337 5341 5344
f  5341 5342 5343 5344
v  4.24527E+02  5.22849E+01 -4.04845E+02
v  4.94039E+02  5.22849E+01 -4.04845E+02
v  4.94039E+02  5.22849E+01 -4.65218E+02
v  4.24527E+02  5.22849E+01 -4.65218E+02
v  4.24527E+02 -4.06287E+00 -4.04845E+02
v  4.94039E+02 -4.06287E+00 -4.04845E+02
v  4.94039E+02 -4.06287E+00 -4.65218E+02
v  4.24527E+02 -4.06287E+00 -4.65218E+02
g vc_668
f  5345 5346 5347 5348
f  5345 5346 5350 5349
f  5347 5346 5350 5351
f  5348 5347 5351 5352
f  5348 5345 5349 5352
f  5349 5350 5351 5352
v -1.55806E+02  2.19389E+02 -1.30023E+02
v -9.71505E+01  2.19389E+02 -1.30023E+02
v -9.71505E+01  2.19389E+02 -1.69673E+02
v -1.55806E+02  2.19389E+02 -1.69673E+02
v -1.55806E+02 -4.06287E+00 -1.30023E+02
v -9.71505E+01 -4.06287E+00 -1.30023E+02
v -9.71505E+01 -4.06287E+00 -1.69673E+02
v -1.55806E+02 -4.06287E+00 -1.69673E+02
g vc_669
f  5353 5354 5355 5356
f  5353 5354 5358 5357
f  5355 5354 5358 5359
f  5356 5355 5359 5360
f  5356 5353 5357 5360
f  5357 5358 5359 5360
v -2.02064E+02  2.19389E+02 -1.30023E+02
v -1.55806E+02  2.19389E+02 -1.30023E+02
v -1.55806E+02  2.19389E+02 -1.69673E+02
v -2.02064E+02  2.19389E+02 -1.69673E+02
v -2.02064E+02 -4.06287E+00 -1.30023E+02
v -1.55806E+02 -4.06287E+00 -1.30023E+02
v -1.55806E+02 -4.06287E+00 -1.69673E+02
v -2.02064E+02 -4.06287E+00 -1.69673E+02
g vc_670
f  5361 5362 5363 5364
f  5361 5362 5366 5365
f  5363 5362 5366 5367
f  5364 5363 5367 5368
f  5364 5361 5365 5368
f  5365 5366 5367 5368
v  4.94039E+02  2.19389E+02 -4.04845E+02
v  5.62448E+02  2.19389E+02 -4.04845E+02
v  5.62448E+02  2.19389E+02 -4.41340E+02
v  4.94039E+02  2.19389E+02 -4.41340E+02
v  4.94039E+02 -4.06287E+00 -4.04845E+02
v  5.62448E+02 -4.06287E+00 -4.04845E+02
v  5.62448E+02 -4.06287E+00 -4.41340E+02
v  4.94039E+02 -4.06287E+00 -4.41340E+02
g vc_671
f  5369 5370 5371 5372
f  5369 5370 5374 5373
f  5371 5370 5374 5375
f  5372 5371 5375 5376
f  5372 5369 5373 5376
f  5373 5374 5375 5376
v  4.94039E+02  2.19389E+02 -4.41340E+02
v  5.62448E+02  2.19389E+02 -4.41340E+02
v  5.62448E+02  2.19389E+02 -4.65218E+02
v  4.94039E+02  2.19389E+02 -4.65218E+02
v  4.94039E+02 -4.06287E+00 -4.41340E+02
v  5.62448E+02 -4.06287E+00 -4.41340E+02
v  5.62448E+02 -4.06287E+00 -4.65218E+02
v  4.94039E+02 -4.06287E+00 -4.65218E+02
g vc_672
f  5377 5378 5379 5380
f  5377 5378 5382 5381
f  5379 5378 5382 5383
f  5380 5379 5383 5384
f  5380 5377 5381 5384
f  5381 5382 5383 5384
v -8.31165E+02  2.19389E+02 -3.67745E+02
v -7.82790E+02  2.19389E+02 -3.67745E+02
v -7.82790E+02  2.19389E+02 -4.07938E+02
v -8.31165E+02  2.19389E+02 -4.07938E+02
v -8.31165E+02 -4.06287E+00 -3.67745E+02
v -7.82790E+02 -4.06287E+00 -3.67745E+02
v -7.82790E+02 -4.06287E+00 -4.07938E+02
v -8.31165E+02 -4.06287E+00 -4.07938E+02
g vc_673
f  5385 5386 5387 5388
f  5385 5386 5390 5389
f  5387 5386 5390 5391
f  5388 5387 5391 5392
f  5388 5385 5389 5392
f  5389 5390 5391 5392
v -8.31165E+02  2.19389E+02 -4.07938E+02
v -7.82790E+02  2.19389E+02 -4.07938E+02
v -7.82790E+02  2.19389E+02 -4.52438E+02
v -8.31165E+02  2.19389E+02 -4.52438E+02
v -8.31165E+02 -4.06287E+00 -4.07938E+02
v -7.82790E+02 -4.06287E+00 -4.07938E+02
v -7.82790E+02 -4.06287E+00 -4.52438E+02
v -8.31165E+02 -4.06287E+00 -4.52438E+02
g vc_674
f  5393 5394 5395 5396
f  5393 5394 5398 5397
f  5395 5394 5398 5399
f  5396 5395 5399 5400
f  5396 5393 5397 5400
f  5397 5398 5399 5400
v -2.02064E+02  2.19389E+02  1.98004E+01
v -9.71505E+01  2.19389E+02  1.98004E+01
v -9.71505E+01  2.19389E+02 -4.15022E+01
v -2.02064E+02  2.19389E+02 -4.15022E+01
v -2.02064E+02  1.59940E+02  1.98004E+01
v -9.71505E+01  1.59940E+02  1.98004E+01
v -9.71505E+01  1.59940E+02 -4.15022E+01
v -2.02064E+02  1.59940E+02 -4.15022E+01
g vc_675
f  5401 5402 5403 5404
f  5401 5402 5406 5405
f  5403 5402 5406 5407
f  5404 5403 5407 5408
f  5404 5401 5405 5408
f  5405 5406 5407 5408
v -2.02064E+02  1.59940E+02  1.98004E+01
v -9.71505E+01  1.59940E+02  1.98004E+01
v -9.71505E+01  1.59940E+02 -4.15022E+01
v -2.02064E+02  1.59940E+02 -4.15022E+01
v -2.02064E+02  8.47801E+01  1.98004E+01
v -9.71505E+01  8.47801E+01  1.98004E+01
v -9.71505E+01  8.47801E+01 -4.15022E+01
v -2.02064E+02  8.47801E+01 -4.15022E+01
g vc_676
f  5409 5410 5411 5412
f  5409 5410 5414 5413
f  5411 5410 5414 5415
f  5412 5411 5415 5416
f  5412 5409 5413 5416
f  5413 5414 5415 5416
v  2.65423E+02  2.19389E+02  2.64831E+02
v  3.22936E+02  2.19389E+02  2.64831E+02
v  3.22936E+02  2.19389E+02  1.98612E+02
v  2.65423E+02  2.19389E+02  1.98612E+02
v  2.65423E+02  1.00035E+02  2.64831E+02
v  3.22936E+02  1.00035E+02  2.64831E+02
v  3.22936E+02  1.00035E+02  1.98612E+02
v  2.65423E+02  1.00035E+02  1.98612E+02
g vc_677
f  5417 5418 5419 5420
f  5417 5418 5422 5421
f  5419 5418 5422 5423
f  5420 5419 5423 5424
f  5420 5417 5421 5424
f  5421 5422 5423 5424
v  2.65423E+02  1.00035E+02  2.64831E+02
v  3.22936E+02  1.00035E+02  2.64831E+02
v  3.22936E+02  1.00035E+02  1.98612E+02
v  2.65423E+02  1.00035E+02  1.98612E+02
v  2.65423E+02 -4.06287E+00  2.64831E+02
v  3.22936E+02 -4.06287E+00  2.64831E+02
v  3.22936E+02 -4.06287E+00  1.98612E+02
v  2.65423E+02 -4.06287E+00  1.98612E+02
g vc_678
f  5425 5426 5427 5428
f  5425 5426 5430 5429
f  5427 5426 5430 5431
f  5428 5427 5431 5432
f  5428 5425 5429 5432
f  5429 5430 5431 5432
v  5.96782E+02  2.19389E+02 -5.26895E+02
v  6.28370E+02  2.19389E+02 -5.26895E+02
v  6.28370E+02  2.19389E+02 -6.46185E+02
v  5.96782E+02  2.19389E+02 -6.46185E+02
v  5.96782E+02  4.41207E+01 -5.26895E+02
v  6.28370E+02  4.41207E+01 -5.26895E+02
v  6.28370E+02  4.41207E+01 -6.46185E+02
v  5.96782E+02  4.41207E+01 -6.46185E+02
g vc_679
f  5433 5434 5435 5436
f  5433 5434 5438 5437
f  5435 5434 5438 5439
f  5436 5435 5439 5440
f  5436 5433 5437 5440
f  5437 5438 5439 5440
v  5.96782E+02  4.41207E+01 -5.26895E+02
v  6.28370E+02  4.41207E+01 -5.26895E+02
v  6.28370E+02  4.41207E+01 -6.46185E+02
v  5.96782E+02  4.41207E+01 -6.46185E+02
v  5.96782E+02 -4.06287E+00 -5.26895E+02
v  6.28370E+02 -4.06287E+00 -5.26895E+02
v  6.28370E+02 -4.06287E+00 -6.46185E+02
v  5.96782E+02 -4.06287E+00 -6.46185E+02
g vc_680
f  5441 5442 5443 5444
f  5441 5442 5446 5445
f  5443 5442 5446 5447
f  5444 5443 5447 5448
f  5444 5441 5445 5448
f  5445 5446 5447 5448
v  5.34727E+02  2.19389E+02 -4.65218E+02
v  5.95431E+02  2.19389E+02 -4.65218E+02
v  5.95431E+02  2.19389E+02 -5.26895E+02
v  5.34727E+02  2.19389E+02 -5.26895E+02
v  5.34727E+02  4.33962E+01 -4.65218E+02
v  5.95431E+02  4.33962E+01 -4.65218E+02
v  5.95431E+02  4.33962E+01 -5.26895E+02
v  5.34727E+02  4.33962E+01 -5.26895E+02
g vc_681
f  5449 5450 5451 5452
f  5449 5450 5454 5453
f  5451 5450 5454 5455
f  5452 5451 5455 5456
f  5452 5449 5453 5456
f  5453 5454 5455 5456
v  5.34727E+02  4.33962E+01 -4.65218E+02
v  5.95431E+02  4.33962E+01 -4.65218E+02
v  5.95431E+02  4.33962E+01 -5.26895E+02
v  5.34727E+02  4.33962E+01 -5.26895E+02
v  5.34727E+02 -4.06287E+00 -4.65218E+02
v  5.95431E+02 -4.06287E+00 -4.65218E+02
v  5.95431E+02 -4.06287E+00 -5.26895E+02
v  5.34727E+02 -4.06287E+00 -5.26895E+02
g vc_682
f  5457 5458 5459 5460
f  5457 5458 5462 5461
f  5459 5458 5462 5463
f  5460 5459 5463 5464
f  5460 5457 5461 5464
f  5461 5462 5463 5464
v  2.94236E+02  2.19389E+02  3.29775E+02
v  3.22936E+02  2.19389E+02  3.29775E+02
v  3.22936E+02  2.19389E+02  2.64831E+02
v  2.94236E+02  2.19389E+02  2.64831E+02
v  2.94236E+02 -4.06287E+00  3.29775E+02
v  3.22936E+02 -4.06287E+00  3.29775E+02
v  3.22936E+02 -4.06287E+00  2.64831E+02
v  2.94236E+02 -4.06287E+00  2.64831E+02
g vc_683
f  5465 5466 5467 5468
f  5465 5466 5470 5469
f  5467 5466 5470 5471
f  5468 5467 5471 5472
f  5468 5465 5469 5472
f  5469 5470 5471 5472
v  2.65423E+02  2.19389E+02  3.29775E+02
v  2.94236E+02  2.19389E+02  3.29775E+02
v  2.94236E+02  2.19389E+02  2.64831E+02
v  2.65423E+02  2.19389E+02  2.64831E+02
v  2.65423E+02 -4.06287E+00  3.29775E+02
v  2.94236E+02 -4.06287E+00  3.29775E+02
v  2.94236E+02 -4.06287E+00  2.64831E+02
v  2.65423E+02 -4.06287E+00  2.64831E+02
g vc_684
f  5473 5474 5475 5476
f  5473 5474 5478 5477
f  5475 5474 5478 5479
f  5476 5475 5479 5480
f  5476 5473 5477 5480
f  5477 5478 5479 5480
v -2.28790E+02  2.19389E+02 -1.03416E+02
v -2.02064E+02  2.19389E+02 -1.03416E+02
v -2.02064E+02  2.19389E+02 -1.68916E+02
v -2.28790E+02  2.19389E+02 -1.68916E+02
v -2.28790E+02 -4.06287E+00 -1.03416E+02
v -2.02064E+02 -4.06287E+00 -1.03416E+02
v -2.02064E+02 -4.06287E+00 -1.68916E+02
v -2.28790E+02 -4.06287E+00 -1.68916E+02
g vc_685
f  5481 5482 5483 5484
f  5481 5482 5486 5485
f  5483 5482 5486 5487
f  5484 5483 5487 5488
f  5484 5481 5485 5488
f  5485 5486 5487 5488
v -2.58290E+02  2.19389E+02 -1.03416E+02
v -2.28790E+02  2.19389E+02 -1.03416E+02
v -2.28790E+02  2.19389E+02 -1.68916E+02
v -2.58290E+02  2.19389E+02 -1.68916E+02
v -2.58290E+02 -4.06287E+00 -1.03416E+02
v -2.28790E+02 -4.06287E+00 -1.03416E+02
v -2.28790E+02 -4.06287E+00 -1.68916E+02
v -2.58290E+02 -4.06287E+00 -1.68916E+02
g vc_686
f  5489 5490 5491 5492
f  5489 5490 5494 5493
f  5491 5490 5494 5495
f  5492 5491 5495 5496
f  5492 5489 5493 5496
f  5493 5494 5495 5496
v  4.65282E+02  2.19389E+02 -1.04214E+03
v  5.00769E+02  2.19389E+02 -1.04214E+03
v  5.00769E+02  2.19389E+02 -1.09239E+03
v  4.65282E+02  2.19389E+02 -1.09239E+03
v  4.65282E+02 -4.06287E+00 -1.04214E+03
v  5.00769E+02 -4.06287E+00 -1.04214E+03
v  5.00769E+02 -4.06287E+00 -1.09239E+03
v  4.65282E+02 -4.06287E+00 -1.09239E+03
g vc_687
f  5497 5498 5499 5500
f  5497 5498 5502 5501
f  5499 5498 5502 5503
f  5500 5499 5503 5504
f  5500 5497 5501 5504
f  5501 5502 5503 5504
v  4.65282E+02  2.19389E+02 -1.09239E+03
v  5.00769E+02  2.19389E+02 -1.09239E+03
v  5.00769E+02  2.19389E+02 -1.14289E+03
v  4.65282E+02  2.19389E+02 -1.14289E+03
v  4.65282E+02 -4.06287E+00 -1.09239E+03
v  5.00769E+02 -4.06287E+00 -1.09239E+03
v  5.00769E+02 -4.06287E+00 -1.14289E+03
v  4.65282E+02 -4.06287E+00 -1.14289E+03
g vc_688
f  5505 5506 5507 5508
f  5505 5506 5510 5509
f  5507 5506 5510 5511
f  5508 5507 5511 5512
f  5508 5505 5509 5512
f  5509 5510 5511 5512
v  5.00769E+02  2.19389E+02 -1.04214E+03
v  5.36117E+02  2.19389E+02 -1.04214E+03
v  5.36117E+02  2.19389E+02 -1.09239E+03
v  5.00769E+02  2.19389E+02 -1.09239E+03
v  5.00769E+02 -4.06287E+00 -1.04214E+03
v  5.36117E+02 -4.06287E+00 -1.04214E+03
v  5.36117E+02 -4.06287E+00 -1.09239E+03
v  5.00769E+02 -4.06287E+00 -1.09239E+03
g vc_689
f  5513 5514 5515 5516
f  5513 5514 5518 5517
f  5515 5514 5518 5519
f  5516 5515 5519 5520
f  5516 5513 5517 5520
f  5517 5518 5519 5520
v  5.00769E+02  2.19389E+02 -1.09239E+03
v  5.36117E+02  2.19389E+02 -1.09239E+03
v  5.36117E+02  2.19389E+02 -1.14289E+03
v  5.00769E+02  2.19389E+02 -1.14289E+03
v  5.00769E+02 -4.06287E+00 -1.09239E+03
v  5.36117E+02 -4.06287E+00 -1.09239E+03
v  5.36117E+02 -4.06287E+00 -1.14289E+03
v  5.00769E+02 -4.06287E+00 -1.14289E+03
g vc_690
f  5521 5522 5523 5524
f  5521 5522 5526 5525
f  5523 5522 5526 5527
f  5524 5523 5527 5528
f  5524 5521 5525 5528
f  5525 5526 5527 5528
v -2.58290E+02  2.19389E+02 -4.01597E+01
v -2.02064E+02  2.19389E+02 -4.01597E+01
v -2.02064E+02  2.19389E+02 -1.03416E+02
v -2.58290E+02  2.19389E+02 -1.03416E+02
v -2.58290E+02  7.85765E+01 -4.01597E+01
v -2.02064E+02  7.85765E+01 -4.01597E+01
v -2.02064E+02  7.85765E+01 -1.03416E+02
v -2.58290E+02  7.85765E+01 -1.03416E+02
g vc_691
f  5529 5530 5531 5532
f  5529 5530 5534 5533
f  5531 5530 5534 5535
f  5532 5531 5535 5536
f  5532 5529 5533 5536
f  5533 5534 5535 5536
v -2.58290E+02  7.85765E+01 -4.01597E+01
v -2.02064E+02  7.85765E+01 -4.01597E+01
v -2.02064E+02  7.85765E+01 -1.03416E+02
v -2.58290E+02  7.85765E+01 -1.03416E+02
v -2.58290E+02 -4.06287E+00 -4.01597E+01
v -2.02064E+02 -4.06287E+00 -4.01597E+01
v -2.02064E+02 -4.06287E+00 -1.03416E+02
v -2.58290E+02 -4.06287E+00 -1.03416E+02
g vc_692
f  5537 5538 5539 5540
f  5537 5538 5542 5541
f  5539 5538 5542 5543
f  5540 5539 5543 5544
f  5540 5537 5541 5544
f  5541 5542 5543 5544
v  2.57603E+02  2.95027E+01 -8.46185E+02
v  3.82936E+02  2.95027E+01 -8.46185E+02
v  3.82936E+02  2.95027E+01 -1.03061E+03
v  2.57603E+02  2.95027E+01 -1.03061E+03
v  2.57603E+02  2.87841E+00 -8.46185E+02
v  3.82936E+02  2.87841E+00 -8.46185E+02
v  3.82936E+02  2.87841E+00 -1.03061E+03
v  2.57603E+02  2.87841E+00 -1.03061E+03
g vc_693
f  5545 5546 5547 5548
f  5545 5546 5550 5549
f  5547 5546 5550 5551
f  5548 5547 5551 5552
f  5548 5545 5549 5552
f  5549 5550 5551 5552
v  2.57603E+02  2.87841E+00 -8.46185E+02
v  3.82936E+02  2.87841E+00 -8.46185E+02
v  3.82936E+02  2.87841E+00 -1.03061E+03
v  2.57603E+02  2.87841E+00 -1.03061E+03
v  2.57603E+02 -4.06287E+00 -8.46185E+02
v  3.82936E+02 -4.06287E+00 -8.46185E+02
v  3.82936E+02 -4.06287E+00 -1.03061E+03
v  2.57603E+02 -4.06287E+00 -1.03061E+03
g vc_694
f  5553 5554 5555 5556
f  5553 5554 5558 5557
f  5555 5554 5558 5559
f  5556 5555 5559 5560
f  5556 5553 5557 5560
f  5557 5558 5559 5560
v  4.52266E+02  2.19389E+02 -3.56185E+02
v  4.94027E+02  2.19389E+02 -3.56185E+02
v  4.94027E+02  2.19389E+02 -4.04845E+02
v  4.52266E+02  2.19389E+02 -4.04845E+02
v  4.52266E+02 -4.06287E+00 -3.56185E+02
v  4.94027E+02 -4.06287E+00 -3.56185E+02
v  4.94027E+02 -4.06287E+00 -4.04845E+02
v  4.52266E+02 -4.06287E+00 -4.04845E+02
g vc_695
f  5561 5562 5563 5564
f  5561 5562 5566 5565
f  5563 5562 5566 5567
f  5564 5563 5567 5568
f  5564 5561 5565 5568
f  5565 5566 5567 5568
v  4.24527E+02  2.19389E+02 -3.56185E+02
v  4.52266E+02  2.19389E+02 -3.56185E+02
v  4.52266E+02  2.19389E+02 -4.04845E+02
v  4.24527E+02  2.19389E+02 -4.04845E+02
v  4.24527E+02 -4.06287E+00 -3.56185E+02
v  4.52266E+02 -4.06287E+00 -3.56185E+02
v  4.52266E+02 -4.06287E+00 -4.04845E+02
v  4.24527E+02 -4.06287E+00 -4.04845E+02
g vc_696
f  5569 5570 5571 5572
f  5569 5570 5574 5573
f  5571 5570 5574 5575
f  5572 5571 5575 5576
f  5572 5569 5573 5576
f  5573 5574 5575 5576
v  4.26852E+02  2.19389E+02 -4.65218E+02
v  4.81603E+02  2.19389E+02 -4.65218E+02
v  4.81603E+02  2.19389E+02 -5.26895E+02
v  4.26852E+02  2.19389E+02 -5.26895E+02
v  4.26852E+02  4.12724E+01 -4.65218E+02
v  4.81603E+02  4.12724E+01 -4.65218E+02
v  4.81603E+02  4.12724E+01 -5.26895E+02
v  4.26852E+02  4.12724E+01 -5.26895E+02
g vc_697
f  5577 5578 5579 5580
f  5577 5578 5582 5581
f  5579 5578 5582 5583
f  5580 5579 5583 5584
f  5580 5577 5581 5584
f  5581 5582 5583 5584
v  4.26852E+02  4.12724E+01 -4.65218E+02
v  4.81603E+02  4.12724E+01 -4.65218E+02
v  4.81603E+02  4.12724E+01 -5.26895E+02
v  4.26852E+02  4.12724E+01 -5.26895E+02
v  4.26852E+02 -4.06287E+00 -4.65218E+02
v  4.81603E+02 -4.06287E+00 -4.65218E+02
v  4.81603E+02 -4.06287E+00 -5.26895E+02
v  4.26852E+02 -4.06287E+00 -5.26895E+02
g vc_698
f  5585 5586 5587 5588
f  5585 5586 5590 5589
f  5587 5586 5590 5591
f  5588 5587 5591 5592
f  5588 5585 5589 5592
f  5589 5590 5591 5592
v  4.94027E+02  2.19389E+02 -3.56185E+02
v  5.62448E+02  2.19389E+02 -3.56185E+02
v  5.62448E+02  2.19389E+02 -3.80345E+02
v  4.94027E+02  2.19389E+02 -3.80345E+02
v  4.94027E+02 -4.06287E+00 -3.56185E+02
v  5.62448E+02 -4.06287E+00 -3.56185E+02
v  5.62448E+02 -4.06287E+00 -3.80345E+02
v  4.94027E+02 -4.06287E+00 -3.80345E+02
g vc_699
f  5593 5594 5595 5596
f  5593 5594 5598 5597
f  5595 5594 5598 5599
f  5596 5595 5599 5600
f  5596 5593 5597 5600
f  5597 5598 5599 5600
v  4.94027E+02  2.19389E+02 -3.80345E+02
v  5.62448E+02  2.19389E+02 -3.80345E+02
v  5.62448E+02  2.19389E+02 -4.04845E+02
v  4.94027E+02  2.19389E+02 -4.04845E+02
v  4.94027E+02 -4.06287E+00 -3.80345E+02
v  5.62448E+02 -4.06287E+00 -3.80345E+02
v  5.62448E+02 -4.06287E+00 -4.04845E+02
v  4.94027E+02 -4.06287E+00 -4.04845E+02
g vc_700
f  5601 5602 5603 5604
f  5601 5602 5606 5605
f  5603 5602 5606 5607
f  5604 5603 5607 5608
f  5604 5601 5605 5608
f  5605 5606 5607 5608
v  4.61255E+02  2.19389E+02  4.02667E+02
v  5.39236E+02  2.19389E+02  4.02667E+02
v  5.39236E+02  2.19389E+02  3.24701E+02
v  4.61255E+02  2.19389E+02  3.24701E+02
v  4.61255E+02  1.19612E+02  4.02667E+02
v  5.39236E+02  1.19612E+02  4.02667E+02
v  5.39236E+02  1.19612E+02  3.24701E+02
v  4.61255E+02  1.19612E+02  3.24701E+02
g vc_701
f  5609 5610 5611 5612
f  5609 5610 5614 5613
f  5611 5610 5614 5615
f  5612 5611 5615 5616
f  5612 5609 5613 5616
f  5613 5614 5615 5616
v  4.61255E+02  1.19612E+02  4.02667E+02
v  5.39236E+02  1.19612E+02  4.02667E+02
v  5.39236E+02  1.19612E+02  3.24701E+02
v  4.61255E+02  1.19612E+02  3.24701E+02
v  4.61255E+02  9.78547E+01  4.02667E+02
v  5.39236E+02  9.78547E+01  4.02667E+02
v  5.39236E+02  9.78547E+01  3.24701E+02
v  4.61255E+02  9.78547E+01  3.24701E+02
g vc_702
f  5617 5618 5619 5620
f  5617 5618 5622 5621
f  5619 5618 5622 5623
f  5620 5619 5623 5624
f  5620 5617 5621 5624
f  5621 5622 5623 5624
v  4.81603E+02  2.19389E+02 -4.65218E+02
v  5.34727E+02  2.19389E+02 -4.65218E+02
v  5.34727E+02  2.19389E+02 -4.95395E+02
v  4.81603E+02  2.19389E+02 -4.95395E+02
v  4.81603E+02 -4.06287E+00 -4.65218E+02
v  5.34727E+02 -4.06287E+00 -4.65218E+02
v  5.34727E+02 -4.06287E+00 -4.95395E+02
v  4.81603E+02 -4.06287E+00 -4.95395E+02
g vc_703
f  5625 5626 5627 5628
f  5625 5626 5630 5629
f  5627 5626 5630 5631
f  5628 5627 5631 5632
f  5628 5625 5629 5632
f  5629 5630 5631 5632
v  4.81603E+02  2.19389E+02 -4.95395E+02
v  5.34727E+02  2.19389E+02 -4.95395E+02
v  5.34727E+02  2.19389E+02 -5.26895E+02
v  4.81603E+02  2.19389E+02 -5.26895E+02
v  4.81603E+02 -4.06287E+00 -4.95395E+02
v  5.34727E+02 -4.06287E+00 -4.95395E+02
v  5.34727E+02 -4.06287E+00 -5.26895E+02
v  4.81603E+02 -4.06287E+00 -5.26895E+02
g vc_704
f  5633 5634 5635 5636
f  5633 5634 5638 5637
f  5635 5634 5638 5639
f  5636 5635 5639 5640
f  5636 5633 5637 5640
f  5637 5638 5639 5640
v -7.85665E+02  2.19389E+02 -4.52438E+02
v -7.42189E+02  2.19389E+02 -4.52438E+02
v -7.42189E+02  2.19389E+02 -4.88766E+02
v -7.85665E+02  2.19389E+02 -4.88766E+02
v -7.85665E+02 -4.06287E+00 -4.52438E+02
v -7.42189E+02 -4.06287E+00 -4.52438E+02
v -7.42189E+02 -4.06287E+00 -4.88766E+02
v -7.85665E+02 -4.06287E+00 -4.88766E+02
g vc_705
f  5641 5642 5643 5644
f  5641 5642 5646 5645
f  5643 5642 5646 5647
f  5644 5643 5647 5648
f  5644 5641 5645 5648
f  5645 5646 5647 5648
v -8.31165E+02  2.19389E+02 -4.52438E+02
v -7.85665E+02  2.19389E+02 -4.52438E+02
v -7.85665E+02  2.19389E+02 -4.88766E+02
v -8.31165E+02  2.19389E+02 -4.88766E+02
v -8.31165E+02 -4.06287E+00 -4.52438E+02
v -7.85665E+02 -4.06287E+00 -4.52438E+02
v -7.85665E+02 -4.06287E+00 -4.88766E+02
v -8.31165E+02 -4.06287E+00 -4.88766E+02
g vc_706
f  5649 5650 5651 5652
f  5649 5650 5654 5653
f  5651 5650 5654 5655
f  5652 5651 5655 5656
f  5652 5649 5653 5656
f  5653 5654 5655 5656
v  5.36117E+02  2.19389E+02 -1.04214E+03
v  5.96928E+02  2.19389E+02 -1.04214E+03
v  5.96928E+02  2.19389E+02 -1.06775E+03
v  5.36117E+02  2.19389E+02 -1.06775E+03
v  5.36117E+02 -4.06287E+00 -1.04214E+03
v  5.96928E+02 -4.06287E+00 -1.04214E+03
v  5.96928E+02 -4.06287E+00 -1.06775E+03
v  5.36117E+02 -4.06287E+00 -1.06775E+03
g vc_707
f  5657 5658 5659 5660
f  5657 5658 5662 5661
f  5659 5658 5662 5663
f  5660 5659 5663 5664
f  5660 5657 5661 5664
f  5661 5662 5663 5664
v  5.36117E+02  2.19389E+02 -1.06775E+03
v  5.96928E+02  2.19389E+02 -1.06775E+03
v  5.96928E+02  2.19389E+02 -1.09425E+03
v  5.36117E+02  2.19389E+02 -1.09425E+03
v  5.36117E+02 -4.06287E+00 -1.06775E+03
v  5.96928E+02 -4.06287E+00 -1.06775E+03
v  5.96928E+02 -4.06287E+00 -1.09425E+03
v  5.36117E+02 -4.06287E+00 -1.09425E+03
g vc_708
f  5665 5666 5667 5668
f  5665 5666 5670 5669
f  5667 5666 5670 5671
f  5668 5667 5671 5672
f  5668 5665 5669 5672
f  5669 5670 5671 5672
v  4.58415E+02  2.19389E+02 -2.89431E+02
v  4.73926E+02  2.19389E+02 -2.89431E+02
v  4.73926E+02  2.19389E+02 -3.56185E+02
v  4.58415E+02  2.19389E+02 -3.56185E+02
v  4.58415E+02 -4.06287E+00 -2.89431E+02
v  4.73926E+02 -4.06287E+00 -2.89431E+02
v  4.73926E+02 -4.06287E+00 -3.56185E+02
v  4.58415E+02 -4.06287E+00 -3.56185E+02
g vc_709
f  5673 5674 5675 5676
f  5673 5674 5678 5677
f  5675 5674 5678 5679
f  5676 5675 5679 5680
f  5676 5673 5677 5680
f  5677 5678 5679 5680
v  4.28750E+02  2.19389E+02 -2.89431E+02
v  4.58415E+02  2.19389E+02 -2.89431E+02
v  4.58415E+02  2.19389E+02 -3.56185E+02
v  4.28750E+02  2.19389E+02 -3.56185E+02
v  4.28750E+02 -4.06287E+00 -2.89431E+02
v  4.58415E+02 -4.06287E+00 -2.89431E+02
v  4.58415E+02 -4.06287E+00 -3.56185E+02
v  4.28750E+02 -4.06287E+00 -3.56185E+02
g vc_710
f  5681 5682 5683 5684
f  5681 5682 5686 5685
f  5683 5682 5686 5687
f  5684 5683 5687 5688
f  5684 5681 5685 5688
f  5685 5686 5687 5688
v  5.36117E+02  2.19389E+02 -1.09425E+03
v  5.96928E+02  2.19389E+02 -1.09425E+03
v  5.96928E+02  2.19389E+02 -1.12646E+03
v  5.36117E+02  2.19389E+02 -1.12646E+03
v  5.36117E+02 -4.06287E+00 -1.09425E+03
v  5.96928E+02 -4.06287E+00 -1.09425E+03
v  5.96928E+02 -4.06287E+00 -1.12646E+03
v  5.36117E+02 -4.06287E+00 -1.12646E+03
g vc_711
f  5689 5690 5691 5692
f  5689 5690 5694 5693
f  5691 5690 5694 5695
f  5692 5691 5695 5696
f  5692 5689 5693 5696
f  5693 5694 5695 5696
v  5.36117E+02  2.19389E+02 -1.12646E+03
v  5.96928E+02  2.19389E+02 -1.12646E+03
v  5.96928E+02  2.19389E+02 -1.14289E+03
v  5.36117E+02  2.19389E+02 -1.14289E+03
v  5.36117E+02 -4.06287E+00 -1.12646E+03
v  5.96928E+02 -4.06287E+00 -1.12646E+03
v  5.96928E+02 -4.06287E+00 -1.14289E+03
v  5.36117E+02 -4.06287E+00 -1.14289E+03
g vc_712
f  5697 5698 5699 5700
f  5697 5698 5702 5701
f  5699 5698 5702 5703
f  5700 5699 5703 5704
f  5700 5697 5701 5704
f  5701 5702 5703 5704
v -3.14736E+02  2.19389E+02 -1.68916E+02
v -2.36960E+02  2.19389E+02 -1.68916E+02
v -2.36960E+02  2.19389E+02 -2.06649E+02
v -3.14736E+02  2.19389E+02 -2.06649E+02
v -3.14736E+02  1.08188E+02 -1.68916E+02
v -2.36960E+02  1.08188E+02 -1.68916E+02
v -2.36960E+02  1.08188E+02 -2.06649E+02
v -3.14736E+02  1.08188E+02 -2.06649E+02
g vc_713
f  5705 5706 5707 5708
f  5705 5706 5710 5709
f  5707 5706 5710 5711
f  5708 5707 5711 5712
f  5708 5705 5709 5712
f  5709 5710 5711 5712
v -3.14736E+02  1.08188E+02 -1.68916E+02
v -2.36960E+02  1.08188E+02 -1.68916E+02
v -2.36960E+02  1.08188E+02 -2.06649E+02
v -3.14736E+02  1.08188E+02 -2.06649E+02
v -3.14736E+02 -4.06287E+00 -1.68916E+02
v -2.36960E+02 -4.06287E+00 -1.68916E+02
v -2.36960E+02 -4.06287E+00 -2.06649E+02
v -3.14736E+02 -4.06287E+00 -2.06649E+02
g vc_714
f  5713 5714 5715 5716
f  5713 5714 5718 5717
f  5715 5714 5718 5719
f  5716 5715 5719 5720
f  5716 5713 5717 5720
f  5717 5718 5719 5720
v  3.82936E+02  2.19389E+02 -1.04214E+03
v  4.11162E+02  2.19389E+02 -1.04214E+03
v  4.11162E+02  2.19389E+02 -1.09239E+03
v  3.82936E+02  2.19389E+02 -1.09239E+03
v  3.82936E+02 -4.06287E+00 -1.04214E+03
v  4.11162E+02 -4.06287E+00 -1.04214E+03
v  4.11162E+02 -4.06287E+00 -1.09239E+03
v  3.82936E+02 -4.06287E+00 -1.09239E+03
g vc_715
f  5721 5722 5723 5724
f  5721 5722 5726 5725
f  5723 5722 5726 5727
f  5724 5723 5727 5728
f  5724 5721 5725 5728
f  5725 5726 5727 5728
v  3.82936E+02  2.19389E+02 -1.09239E+03
v  4.11162E+02  2.19389E+02 -1.09239E+03
v  4.11162E+02  2.19389E+02 -1.14289E+03
v  3.82936E+02  2.19389E+02 -1.14289E+03
v  3.82936E+02 -4.06287E+00 -1.09239E+03
v  4.11162E+02 -4.06287E+00 -1.09239E+03
v  4.11162E+02 -4.06287E+00 -1.14289E+03
v  3.82936E+02 -4.06287E+00 -1.14289E+03
g vc_716
f  5729 5730 5731 5732
f  5729 5730 5734 5733
f  5731 5730 5734 5735
f  5732 5731 5735 5736
f  5732 5729 5733 5736
f  5733 5734 5735 5736
v  1.32519E+02  4.74568E+01 -4.06149E+02
v  2.18493E+02  4.74568E+01 -4.06149E+02
v  2.18493E+02  4.74568E+01 -5.46639E+02
v  1.32519E+02  4.74568E+01 -5.46639E+02
v  1.32519E+02  2.69900E+01 -4.06149E+02
v  2.18493E+02  2.69900E+01 -4.06149E+02
v  2.18493E+02  2.69900E+01 -5.46639E+02
v  1.32519E+02  2.69900E+01 -5.46639E+02
g vc_717
f  5737 5738 5739 5740
f  5737 5738 5742 5741
f  5739 5738 5742 5743
f  5740 5739 5743 5744
f  5740 5737 5741 5744
f  5741 5742 5743 5744
v  1.32519E+02  2.69900E+01 -4.06149E+02
v  2.18493E+02  2.69900E+01 -4.06149E+02
v  2.18493E+02  2.69900E+01 -5.46639E+02
v  1.32519E+02  2.69900E+01 -5.46639E+02
v  1.32519E+02 -4.06287E+00 -4.06149E+02
v  2.18493E+02 -4.06287E+00 -4.06149E+02
v  2.18493E+02 -4.06287E+00 -5.46639E+02
v  1.32519E+02 -4.06287E+00 -5.46639E+02
g vc_718
f  5745 5746 5747 5748
f  5745 5746 5750 5749
f  5747 5746 5750 5751
f  5748 5747 5751 5752
f  5748 5745 5749 5752
f  5749 5750 5751 5752
v -4.81611E+02  2.19389E+02 -5.66185E+02
v -4.39592E+02  2.19389E+02 -5.66185E+02
v -4.39592E+02  2.19389E+02 -5.92879E+02
v -4.81611E+02  2.19389E+02 -5.92879E+02
v -4.81611E+02 -4.06287E+00 -5.66185E+02
v -4.39592E+02 -4.06287E+00 -5.66185E+02
v -4.39592E+02 -4.06287E+00 -5.92879E+02
v -4.81611E+02 -4.06287E+00 -5.92879E+02
g vc_719
f  5753 5754 5755 5756
f  5753 5754 5758 5757
f  5755 5754 5758 5759
f  5756 5755 5759 5760
f  5756 5753 5757 5760
f  5757 5758 5759 5760
v -5.41679E+02  2.19389E+02 -5.66185E+02
v -4.81611E+02  2.19389E+02 -5.66185E+02
v -4.81611E+02  2.19389E+02 -5.92879E+02
v -5.41679E+02  2.19389E+02 -5.92879E+02
v -5.41679E+02 -4.06287E+00 -5.66185E+02
v -4.81611E+02 -4.06287E+00 -5.66185E+02
v -4.81611E+02 -4.06287E+00 -5.92879E+02
v -5.41679E+02 -4.06287E+00 -5.92879E+02
g vc_720
f  5761 5762 5763 5764
f  5761 5762 5766 5765
f  5763 5762 5766 5767
f  5764 5763 5767 5768
f  5764 5761 5765 5768
f  5765 5766 5767 5768
v -3.39808E+02  2.19389E+02  1.69623E+02
v -2.77431E+02  2.19389E+02  1.69623E+02
v -2.77431E+02  2.19389E+02  1.28856E+02
v -3.39808E+02  2.19389E+02  1.28856E+02
v -3.39808E+02  1.32299E+02  1.69623E+02
v -2.77431E+02  1.32299E+02  1.69623E+02
v -2.77431E+02  1.32299E+02  1.28856E+02
v -3.39808E+02  1.32299E+02  1.28856E+02
g vc_721
f  5769 5770 5771 5772
f  5769 5770 5774 5773
f  5771 5770 5774 5775
f  5772 5771 5775 5776
f  5772 5769 5773 5776
f  5773 5774 5775 5776
v -3.39808E+02  1.32299E+02  1.69623E+02
v -2.77431E+02  1.32299E+02  1.69623E+02
v -2.77431E+02  1.32299E+02  1.28856E+02
v -3.39808E+02  1.32299E+02  1.28856E+02
v -3.39808E+02 -4.06287E+00  1.69623E+02
v -2.77431E+02 -4.06287E+00  1.69623E+02
v -2.77431E+02 -4.06287E+00  1.28856E+02
v -3.39808E+02 -4.06287E+00  1.28856E+02
g vc_722
f  5777 5778 5779 5780
f  5777 5778 5782 5781
f  5779 5778 5782 5783
f  5780 5779 5783 5784
f  5780 5777 5781 5784
f  5781 5782 5783 5784
v -3.51085E+01  2.19389E+02 -6.46185E+02
v -3.43097E+00  2.19389E+02 -6.46185E+02
v -3.43097E+00  2.19389E+02 -7.25697E+02
v -3.51085E+01  2.19389E+02 -7.25697E+02
v -3.51085E+01  3.63182E+01 -6.46185E+02
v -3.43097E+00  3.63182E+01 -6.46185E+02
v -3.43097E+00  3.63182E+01 -7.25697E+02
v -3.51085E+01  3.63182E+01 -7.25697E+02
g vc_723
f  5785 5786 5787 5788
f  5785 5786 5790 5789
f  5787 5786 5790 5791
f  5788 5787 5791 5792
f  5788 5785 5789 5792
f  5789 5790 5791 5792
v -3.51085E+01  3.63182E+01 -6.46185E+02
v -3.43097E+00  3.63182E+01 -6.46185E+02
v -3.43097E+00  3.63182E+01 -7.25697E+02
v -3.51085E+01  3.63182E+01 -7.25697E+02
v -3.51085E+01 -4.06287E+00 -6.46185E+02
v -3.43097E+00 -4.06287E+00 -6.46185E+02
v -3.43097E+00 -4.06287E+00 -7.25697E+02
v -3.51085E+01 -4.06287E+00 -7.25697E+02
g vc_724
f  5793 5794 5795 5796
f  5793 5794 5798 5797
f  5795 5794 5798 5799
f  5796 5795 5799 5800
f  5796 5793 5797 5800
f  5797 5798 5799 5800
v -3.14736E+02  2.19389E+02 -4.01597E+01
v -2.58290E+02  2.19389E+02 -4.01597E+01
v -2.58290E+02  2.19389E+02 -5.51148E+01
v -3.14736E+02  2.19389E+02 -5.51148E+01
v -3.14736E+02 -4.06287E+00 -4.01597E+01
v -2.58290E+02 -4.06287E+00 -4.01597E+01
v -2.58290E+02 -4.06287E+00 -5.51148E+01
v -3.14736E+02 -4.06287E+00 -5.51148E+01
g vc_725
f  5801 5802 5803 5804
f  5801 5802 5806 5805
f  5803 5802 5806 5807
f  5804 5803 5807 5808
f  5804 5801 5805 5808
f  5805 5806 5807 5808
v -3.14736E+02  2.19389E+02 -5.51148E+01
v -2.58290E+02  2.19389E+02 -5.51148E+01
v -2.58290E+02  2.19389E+02 -8.34158E+01
v -3.14736E+02  2.19389E+02 -8.34158E+01
v -3.14736E+02 -4.06287E+00 -5.51148E+01
v -2.58290E+02 -4.06287E+00 -5.51148E+01
v -2.58290E+02 -4.06287E+00 -8.34158E+01
v -3.14736E+02 -4.06287E+00 -8.34158E+01
g vc_726
f  5809 5810 5811 5812
f  5809 5810 5814 5813
f  5811 5810 5814 5815
f  5812 5811 5815 5816
f  5812 5809 5813 5816
f  5813 5814 5815 5816
v -8.87064E+02  2.19389E+02  2.70657E+02
v -7.83444E+02  2.19389E+02  2.70657E+02
v -7.83444E+02  2.19389E+02  1.98092E+02
v -8.87064E+02  2.19389E+02  1.98092E+02
v -8.87064E+02  1.72792E+02  2.70657E+02
v -7.83444E+02  1.72792E+02  2.70657E+02
v -7.83444E+02  1.72792E+02  1.98092E+02
v -8.87064E+02  1.72792E+02  1.98092E+02
g vc_727
f  5817 5818 5819 5820
f  5817 5818 5822 5821
f  5819 5818 5822 5823
f  5820 5819 5823 5824
f  5820 5817 5821 5824
f  5821 5822 5823 5824
v -8.87064E+02  1.72792E+02  2.70657E+02
v -7.83444E+02  1.72792E+02  2.70657E+02
v -7.83444E+02  1.72792E+02  1.98092E+02
v -8.87064E+02  1.72792E+02  1.98092E+02
v -8.87064E+02  1.47699E+02  2.70657E+02
v -7.83444E+02  1.47699E+02  2.70657E+02
v -7.83444E+02  1.47699E+02  1.98092E+02
v -8.87064E+02  1.47699E+02  1.98092E+02
g vc_728
f  5825 5826 5827 5828
f  5825 5826 5830 5829
f  5827 5826 5830 5831
f  5828 5827 5831 5832
f  5828 5825 5829 5832
f  5829 5830 5831 5832
v -7.17686E+02  2.19389E+02 -5.30479E+02
v -6.82408E+02  2.19389E+02 -5.30479E+02
v -6.82408E+02  2.19389E+02 -5.66185E+02
v -7.17686E+02  2.19389E+02 -5.66185E+02
v -7.17686E+02 -4.06287E+00 -5.30479E+02
v -6.82408E+02 -4.06287E+00 -5.30479E+02
v -6.82408E+02 -4.06287E+00 -5.66185E+02
v -7.17686E+02 -4.06287E+00 -5.66185E+02
g vc_729
f  5833 5834 5835 5836
f  5833 5834 5838 5837
f  5835 5834 5838 5839
f  5836 5835 5839 5840
f  5836 5833 5837 5840
f  5837 5838 5839 5840
v -7.42189E+02  2.19389E+02 -5.30479E+02
v -7.17686E+02  2.19389E+02 -5.30479E+02
v -7.17686E+02  2.19389E+02 -5.66185E+02
v -7.42189E+02  2.19389E+02 -5.66185E+02
v -7.42189E+02 -4.06287E+00 -5.30479E+02
v -7.17686E+02 -4.06287E+00 -5.30479E+02
v -7.17686E+02 -4.06287E+00 -5.66185E+02
v -7.42189E+02 -4.06287E+00 -5.66185E+02
g vc_730
f  5841 5842 5843 5844
f  5841 5842 5846 5845
f  5843 5842 5846 5847
f  5844 5843 5847 5848
f  5844 5841 5845 5848
f  5845 5846 5847 5848
v  1.33036E+02  3.99862E+01 -5.46639E+02
v  2.18493E+02  3.99862E+01 -5.46639E+02
v  2.18493E+02  3.99862E+01 -6.46185E+02
v  1.33036E+02  3.99862E+01 -6.46185E+02
v  1.33036E+02  2.40321E+01 -5.46639E+02
v  2.18493E+02  2.40321E+01 -5.46639E+02
v  2.18493E+02  2.40321E+01 -6.46185E+02
v  1.33036E+02  2.40321E+01 -6.46185E+02
g vc_731
f  5849 5850 5851 5852
f  5849 5850 5854 5853
f  5851 5850 5854 5855
f  5852 5851 5855 5856
f  5852 5849 5853 5856
f  5853 5854 5855 5856
v  1.33036E+02  2.40321E+01 -5.46639E+02
v  2.18493E+02  2.40321E+01 -5.46639E+02
v  2.18493E+02  2.40321E+01 -6.46185E+02
v  1.33036E+02  2.40321E+01 -6.46185E+02
v  1.33036E+02 -4.06287E+00 -5.46639E+02
v  2.18493E+02 -4.06287E+00 -5.46639E+02
v  2.18493E+02 -4.06287E+00 -6.46185E+02
v  1.33036E+02 -4.06287E+00 -6.46185E+02
g vc_732
f  5857 5858 5859 5860
f  5857 5858 5862 5861
f  5859 5858 5862 5863
f  5860 5859 5863 5864
f  5860 5857 5861 5864
f  5861 5862 5863 5864
v  5.66496E+00  2.19389E+02 -6.18302E+02
v  4.46692E+01  2.19389E+02 -6.18302E+02
v  4.46692E+01  2.19389E+02 -6.46185E+02
v  5.66496E+00  2.19389E+02 -6.46185E+02
v  5.66496E+00  3.63060E+01 -6.18302E+02
v  4.46692E+01  3.63060E+01 -6.18302E+02
v  4.46692E+01  3.63060E+01 -6.46185E+02
v  5.66496E+00  3.63060E+01 -6.46185E+02
g vc_733
f  5865 5866 5867 5868
f  5865 5866 5870 5869
f  5867 5866 5870 5871
f  5868 5867 5871 5872
f  5868 5865 5869 5872
f  5869 5870 5871 5872
v  5.66496E+00  3.63060E+01 -6.18302E+02
v  4.46692E+01  3.63060E+01 -6.18302E+02
v  4.46692E+01  3.63060E+01 -6.46185E+02
v  5.66496E+00  3.63060E+01 -6.46185E+02
v  5.66496E+00 -4.06287E+00 -6.18302E+02
v  4.46692E+01 -4.06287E+00 -6.18302E+02
v  4.46692E+01 -4.06287E+00 -6.46185E+02
v  5.66496E+00 -4.06287E+00 -6.46185E+02
g vc_734
f  5873 5874 5875 5876
f  5873 5874 5878 5877
f  5875 5874 5878 5879
f  5876 5875 5879 5880
f  5876 5873 5877 5880
f  5877 5878 5879 5880
v  6.15156E+02  2.19389E+02 -1.04214E+03
v  6.28370E+02  2.19389E+02 -1.04214E+03
v  6.28370E+02  2.19389E+02 -1.05930E+03
v  6.15156E+02  2.19389E+02 -1.05930E+03
v  6.15156E+02 -4.06287E+00 -1.04214E+03
v  6.28370E+02 -4.06287E+00 -1.04214E+03
v  6.28370E+02 -4.06287E+00 -1.05930E+03
v  6.15156E+02 -4.06287E+00 -1.05930E+03
g vc_735
f  5881 5882 5883 5884
f  5881 5882 5886 5885
f  5883 5882 5886 5887
f  5884 5883 5887 5888
f  5884 5881 5885 5888
f  5885 5886 5887 5888
v  5.96928E+02  2.19389E+02 -1.04214E+03
v  6.15156E+02  2.19389E+02 -1.04214E+03
v  6.15156E+02  2.19389E+02 -1.05930E+03
v  5.96928E+02  2.19389E+02 -1.05930E+03
v  5.96928E+02 -4.06287E+00 -1.04214E+03
v  6.15156E+02 -4.06287E+00 -1.04214E+03
v  6.15156E+02 -4.06287E+00 -1.05930E+03
v  5.96928E+02 -4.06287E+00 -1.05930E+03
g vc_736
f  5889 5890 5891 5892
f  5889 5890 5894 5893
f  5891 5890 5894 5895
f  5892 5891 5895 5896
f  5892 5889 5893 5896
f  5893 5894 5895 5896
v -7.25836E+02  2.19389E+02  1.61480E+02
v -5.52064E+02  2.19389E+02  1.61480E+02
v -5.52064E+02  2.19389E+02  7.64077E+01
v -7.25836E+02  2.19389E+02  7.64077E+01
v -7.25836E+02 -4.06287E+00  1.61480E+02
v -5.52064E+02 -4.06287E+00  1.61480E+02
v -5.52064E+02 -4.06287E+00  7.64077E+01
v -7.25836E+02 -4.06287E+00  7.64077E+01
g vc_737
f  5897 5898 5899 5900
f  5897 5898 5902 5901
f  5899 5898 5902 5903
f  5900 5899 5903 5904
f  5900 5897 5901 5904
f  5901 5902 5903 5904
v -7.25836E+02  2.19389E+02  7.64077E+01
v -5.52064E+02  2.19389E+02  7.64077E+01
v -5.52064E+02  2.19389E+02  2.07462E+01
v -7.25836E+02  2.19389E+02  2.07462E+01
v -7.25836E+02 -4.06287E+00  7.64077E+01
v -5.52064E+02 -4.06287E+00  7.64077E+01
v -5.52064E+02 -4.06287E+00  2.07462E+01
v -7.25836E+02 -4.06287E+00  2.07462E+01
g vc_738
f  5905 5906 5907 5908
f  5905 5906 5910 5909
f  5907 5906 5910 5911
f  5908 5907 5911 5912
f  5908 5905 5909 5912
f  5909 5910 5911 5912
v -3.71564E+01  2.19389E+02  2.02224E+02
v  6.24147E+01  2.19389E+02  2.02224E+02
v  6.24147E+01  2.19389E+02  7.66842E+01
v -3.71564E+01  2.19389E+02  7.66842E+01
v -3.71564E+01 -4.06287E+00  2.02224E+02
v  6.24147E+01 -4.06287E+00  2.02224E+02
v  6.24147E+01 -4.06287E+00  7.66842E+01
v -3.71564E+01 -4.06287E+00  7.66842E+01
g vc_739
f  5913 5914 5915 5916
f  5913 5914 5918 5917
f  5915 5914 5918 5919
f  5916 5915 5919 5920
f  5916 5913 5917 5920
f  5917 5918 5919 5920
v -3.71564E+01  2.19389E+02  7.66842E+01
v  6.24147E+01  2.19389E+02  7.66842E+01
v  6.24147E+01  2.19389E+02  1.98004E+01
v -3.71564E+01  2.19389E+02  1.98004E+01
v -3.71564E+01 -4.06287E+00  7.66842E+01
v  6.24147E+01 -4.06287E+00  7.66842E+01
v  6.24147E+01 -4.06287E+00  1.98004E+01
v -3.71564E+01 -4.06287E+00  1.98004E+01
g vc_740
f  5921 5922 5923 5924
f  5921 5922 5926 5925
f  5923 5922 5926 5927
f  5924 5923 5927 5928
f  5924 5921 5925 5928
f  5925 5926 5927 5928
v -2.02064E+02  2.19389E+02 -9.34438E+02
v -9.12617E+01  2.19389E+02 -9.34438E+02
v -9.12617E+01  2.19389E+02 -9.95790E+02
v -2.02064E+02  2.19389E+02 -9.95790E+02
v -2.02064E+02 -4.06287E+00 -9.34438E+02
v -9.12617E+01 -4.06287E+00 -9.34438E+02
v -9.12617E+01 -4.06287E+00 -9.95790E+02
v -2.02064E+02 -4.06287E+00 -9.95790E+02
g vc_741
f  5929 5930 5931 5932
f  5929 5930 5934 5933
f  5931 5930 5934 5935
f  5932 5931 5935 5936
f  5932 5929 5933 5936
f  5933 5934 5935 5936
v -2.02064E+02  2.19389E+02 -9.95790E+02
v -9.12617E+01  2.19389E+02 -9.95790E+02
v -9.12617E+01  2.19389E+02 -1.06104E+03
v -2.02064E+02  2.19389E+02 -1.06104E+03
v -2.02064E+02 -4.06287E+00 -9.95790E+02
v -9.12617E+01 -4.06287E+00 -9.95790E+02
v -9.12617E+01 -4.06287E+00 -1.06104E+03
v -2.02064E+02 -4.06287E+00 -1.06104E+03
g vc_742
f  5937 5938 5939 5940
f  5937 5938 5942 5941
f  5939 5938 5942 5943
f  5940 5939 5943 5944
f  5940 5937 5941 5944
f  5941 5942 5943 5944
v -3.77417E+01  2.19389E+02 -4.26943E+01
v  6.77131E+01  2.19389E+02 -4.26943E+01
v  6.77131E+01  2.19389E+02 -1.05720E+02
v -3.77417E+01  2.19389E+02 -1.05720E+02
v -3.77417E+01 -4.06287E+00 -4.26943E+01
v  6.77131E+01 -4.06287E+00 -4.26943E+01
v  6.77131E+01 -4.06287E+00 -1.05720E+02
v -3.77417E+01 -4.06287E+00 -1.05720E+02
g vc_743
f  5945 5946 5947 5948
f  5945 5946 5950 5949
f  5947 5946 5950 5951
f  5948 5947 5951 5952
f  5948 5945 5949 5952
f  5949 5950 5951 5952
v -3.77417E+01  2.19389E+02 -1.05720E+02
v  6.77131E+01  2.19389E+02 -1.05720E+02
v  6.77131E+01  2.19389E+02 -1.69673E+02
v -3.77417E+01  2.19389E+02 -1.69673E+02
v -3.77417E+01 -4.06287E+00 -1.05720E+02
v  6.77131E+01 -4.06287E+00 -1.05720E+02
v  6.77131E+01 -4.06287E+00 -1.69673E+02
v -3.77417E+01 -4.06287E+00 -1.69673E+02
g vc_744
f  5953 5954 5955 5956
f  5953 5954 5958 5957
f  5955 5954 5958 5959
f  5956 5955 5959 5960
f  5956 5953 5957 5960
f  5957 5958 5959 5960
v -4.68115E+02  2.19389E+02  1.19973E+02
v -3.39808E+02  2.19389E+02  1.19973E+02
v -3.39808E+02  2.19389E+02  7.32654E+01
v -4.68115E+02  2.19389E+02  7.32654E+01
v -4.68115E+02 -4.06287E+00  1.19973E+02
v -3.39808E+02 -4.06287E+00  1.19973E+02
v -3.39808E+02 -4.06287E+00  7.32654E+01
v -4.68115E+02 -4.06287E+00  7.32654E+01
g vc_745
f  5961 5962 5963 5964
f  5961 5962 5966 5965
f  5963 5962 5966 5967
f  5964 5963 5967 5968
f  5964 5961 5965 5968
f  5965 5966 5967 5968
v -4.68115E+02  2.19389E+02  7.32654E+01
v -3.39808E+02  2.19389E+02  7.32654E+01
v -3.39808E+02  2.19389E+02  2.63745E+01
v -4.68115E+02  2.19389E+02  2.63745E+01
v -4.68115E+02 -4.06287E+00  7.32654E+01
v -3.39808E+02 -4.06287E+00  7.32654E+01
v -3.39808E+02 -4.06287E+00  2.63745E+01
v -4.68115E+02 -4.06287E+00  2.63745E+01
g vc_746
f  5969 5970 5971 5972
f  5969 5970 5974 5973
f  5971 5970 5974 5975
f  5972 5971 5975 5976
f  5972 5969 5973 5976
f  5973 5974 5975 5976
v -6.11669E+02  2.19389E+02  2.07462E+01
v -5.52064E+02  2.19389E+02  2.07462E+01
v -5.52064E+02  2.19389E+02 -4.79819E+01
v -6.11669E+02  2.19389E+02 -4.79819E+01
v -6.11669E+02 -4.06287E+00  2.07462E+01
v -5.52064E+02 -4.06287E+00  2.07462E+01
v -5.52064E+02 -4.06287E+00 -4.79819E+01
v -6.11669E+02 -4.06287E+00 -4.79819E+01
g vc_747
f  5977 5978 5979 5980
f  5977 5978 5982 5981
f  5979 5978 5982 5983
f  5980 5979 5983 5984
f  5980 5977 5981 5984
f  5981 5982 5983 5984
v -7.25836E+02  2.19389E+02  2.07462E+01
v -6.11669E+02  2.19389E+02  2.07462E+01
v -6.11669E+02  2.19389E+02 -4.79819E+01
v -7.25836E+02  2.19389E+02 -4.79819E+01
v -7.25836E+02 -4.06287E+00  2.07462E+01
v -6.11669E+02 -4.06287E+00  2.07462E+01
v -6.11669E+02 -4.06287E+00 -4.79819E+01
v -7.25836E+02 -4.06287E+00 -4.79819E+01
g vc_748
f  5985 5986 5987 5988
f  5985 5986 5990 5989
f  5987 5986 5990 5991
f  5988 5987 5991 5992
f  5988 5985 5989 5992
f  5989 5990 5991 5992
v -4.35396E+00  2.19389E+02 -1.69673E+02
v  7.02845E+01  2.19389E+02 -1.69673E+02
v  7.02845E+01  2.19389E+02 -2.48081E+02
v -4.35396E+00  2.19389E+02 -2.48081E+02
v -4.35396E+00 -4.06287E+00 -1.69673E+02
v  7.02845E+01 -4.06287E+00 -1.69673E+02
v  7.02845E+01 -4.06287E+00 -2.48081E+02
v -4.35396E+00 -4.06287E+00 -2.48081E+02
g vc_749
f  5993 5994 5995 5996
f  5993 5994 5998 5997
f  5995 5994 5998 5999
f  5996 5995 5999 6000
f  5996 5993 5997 6000
f  5997 5998 5999 6000
v -7.94701E+01  2.19389E+02 -1.69673E+02
v -4.35396E+00  2.19389E+02 -1.69673E+02
v -4.35396E+00  2.19389E+02 -2.48081E+02
v -7.94701E+01  2.19389E+02 -2.48081E+02
v -7.94701E+01 -4.06287E+00 -1.69673E+02
v -4.35396E+00 -4.06287E+00 -1.69673E+02
v -4.35396E+00 -4.06287E+00 -2.48081E+02
v -7.94701E+01 -4.06287E+00 -2.48081E+02
g vc_750
f  6001 6002 6003 6004
f  6001 6002 6006 6005
f  6003 6002 6006 6007
f  6004 6003 6007 6008
f  6004 6001 6005 6008
f  6005 6006 6007 6008
v  1.71176E+02  2.19389E+02 -1.03343E+03
v  2.57603E+02  2.19389E+02 -1.03343E+03
v  2.57603E+02  2.19389E+02 -1.09661E+03
v  1.71176E+02  2.19389E+02 -1.09661E+03
v  1.71176E+02 -4.06287E+00 -1.03343E+03
v  2.57603E+02 -4.06287E+00 -1.03343E+03
v  2.57603E+02 -4.06287E+00 -1.09661E+03
v  1.71176E+02 -4.06287E+00 -1.09661E+03
g vc_751
f  6009 6010 6011 6012
f  6009 6010 6014 6013
f  6011 6010 6014 6015
f  6012 6011 6015 6016
f  6012 6009 6013 6016
f  6013 6014 6015 6016
v  1.71176E+02  2.19389E+02 -1.09661E+03
v  2.57603E+02  2.19389E+02 -1.09661E+03
v  2.57603E+02  2.19389E+02 -1.16270E+03
v  1.71176E+02  2.19389E+02 -1.16270E+03
v  1.71176E+02 -4.06287E+00 -1.09661E+03
v  2.57603E+02 -4.06287E+00 -1.09661E+03
v  2.57603E+02 -4.06287E+00 -1.16270E+03
v  1.71176E+02 -4.06287E+00 -1.16270E+03
g vc_752
f  6017 6018 6019 6020
f  6017 6018 6022 6021
f  6019 6018 6022 6023
f  6020 6019 6023 6024
f  6020 6017 6021 6024
f  6021 6022 6023 6024
v -3.61901E+01  2.19389E+02 -1.12577E+03
v  7.80876E+01  2.19389E+02 -1.12577E+03
v  7.80876E+01  2.19389E+02 -1.18107E+03
v -3.61901E+01  2.19389E+02 -1.18107E+03
v -3.61901E+01 -4.06287E+00 -1.12577E+03
v  7.80876E+01 -4.06287E+00 -1.12577E+03
v  7.80876E+01 -4.06287E+00 -1.18107E+03
v -3.61901E+01 -4.06287E+00 -1.18107E+03
g vc_753
f  6025 6026 6027 6028
f  6025 6026 6030 6029
f  6027 6026 6030 6031
f  6028 6027 6031 6032
f  6028 6025 6029 6032
f  6029 6030 6031 6032
v -3.61901E+01  2.19389E+02 -1.18107E+03
v  7.80876E+01  2.19389E+02 -1.18107E+03
v  7.80876E+01  2.19389E+02 -1.22119E+03
v -3.61901E+01  2.19389E+02 -1.22119E+03
v -3.61901E+01 -4.06287E+00 -1.18107E+03
v  7.80876E+01 -4.06287E+00 -1.18107E+03
v  7.80876E+01 -4.06287E+00 -1.22119E+03
v -3.61901E+01 -4.06287E+00 -1.22119E+03
g vc_754
f  6033 6034 6035 6036
f  6033 6034 6038 6037
f  6035 6034 6038 6039
f  6036 6035 6039 6040
f  6036 6033 6037 6040
f  6037 6038 6039 6040
v  2.22260E+01  2.19389E+02 -1.03216E+03
v  7.80876E+01  2.19389E+02 -1.03216E+03
v  7.80876E+01  2.19389E+02 -1.12577E+03
v  2.22260E+01  2.19389E+02 -1.12577E+03
v  2.22260E+01 -4.06287E+00 -1.03216E+03
v  7.80876E+01 -4.06287E+00 -1.03216E+03
v  7.80876E+01 -4.06287E+00 -1.12577E+03
v  2.22260E+01 -4.06287E+00 -1.12577E+03
g vc_755
f  6041 6042 6043 6044
f  6041 6042 6046 6045
f  6043 6042 6046 6047
f  6044 6043 6047 6048
f  6044 6041 6045 6048
f  6045 6046 6047 6048
v -3.61901E+01  2.19389E+02 -1.03216E+03
v  2.22260E+01  2.19389E+02 -1.03216E+03
v  2.22260E+01  2.19389E+02 -1.12577E+03
v -3.61901E+01  2.19389E+02 -1.12577E+03
v -3.61901E+01 -4.06287E+00 -1.03216E+03
v  2.22260E+01 -4.06287E+00 -1.03216E+03
v  2.22260E+01 -4.06287E+00 -1.12577E+03
v -3.61901E+01 -4.06287E+00 -1.12577E+03
g vc_756
f  6049 6050 6051 6052
f  6049 6050 6054 6053
f  6051 6050 6054 6055
f  6052 6051 6055 6056
f  6052 6049 6053 6056
f  6053 6054 6055 6056
v  2.57603E+02  2.19389E+02 -1.03061E+03
v  3.33611E+02  2.19389E+02 -1.03061E+03
v  3.33611E+02  2.19389E+02 -1.09537E+03
v  2.57603E+02  2.19389E+02 -1.09537E+03
v  2.57603E+02 -4.06287E+00 -1.03061E+03
v  3.33611E+02 -4.06287E+00 -1.03061E+03
v  3.33611E+02 -4.06287E+00 -1.09537E+03
v  2.57603E+02 -4.06287E+00 -1.09537E+03
g vc_757
f  6057 6058 6059 6060
f  6057 6058 6062 6061
f  6059 6058 6062 6063
f  6060 6059 6063 6064
f  6060 6057 6061 6064
f  6061 6062 6063 6064
v  2.57603E+02  2.19389E+02 -1.09537E+03
v  3.33611E+02  2.19389E+02 -1.09537E+03
v  3.33611E+02  2.19389E+02 -1.16150E+03
v  2.57603E+02  2.19389E+02 -1.16150E+03
v  2.57603E+02 -4.06287E+00 -1.09537E+03
v  3.33611E+02 -4.06287E+00 -1.09537E+03
v  3.33611E+02 -4.06287E+00 -1.16150E+03
v  2.57603E+02 -4.06287E+00 -1.16150E+03
g vc_758
f  6065 6066 6067 6068
f  6065 6066 6070 6069
f  6067 6066 6070 6071
f  6068 6067 6071 6072
f  6068 6065 6069 6072
f  6069 6070 6071 6072
v -8.90872E+01  2.19389E+02  2.02224E+02
v -3.71564E+01  2.19389E+02  2.02224E+02
v -3.71564E+01  2.19389E+02  1.45300E+02
v -8.90872E+01  2.19389E+02  1.45300E+02
v -8.90872E+01 -4.06287E+00  2.02224E+02
v -3.71564E+01 -4.06287E+00  2.02224E+02
v -3.71564E+01 -4.06287E+00  1.45300E+02
v -8.90872E+01 -4.06287E+00  1.45300E+02
g vc_759
f  6073 6074 6075 6076
f  6073 6074 6078 6077
f  6075 6074 6078 6079
f  6076 6075 6079 6080
f  6076 6073 6077 6080
f  6077 6078 6079 6080
v -8.90872E+01  2.19389E+02  1.45300E+02
v -3.71564E+01  2.19389E+02  1.45300E+02
v -3.71564E+01  2.19389E+02  1.98004E+01
v -8.90872E+01  2.19389E+02  1.98004E+01
v -8.90872E+01 -4.06287E+00  1.45300E+02
v -3.71564E+01 -4.06287E+00  1.45300E+02
v -3.71564E+01 -4.06287E+00  1.98004E+01
v -8.90872E+01 -4.06287E+00  1.98004E+01
g vc_760
f  6081 6082 6083 6084
f  6081 6082 6086 6085
f  6083 6082 6086 6087
f  6084 6083 6087 6088
f  6084 6081 6085 6088
f  6085 6086 6087 6088
v -6.83043E+02  2.19389E+02  2.70657E+02
v -6.42389E+02  2.19389E+02  2.70657E+02
v -6.42389E+02  2.19389E+02  1.61480E+02
v -6.83043E+02  2.19389E+02  1.61480E+02
v -6.83043E+02 -4.06287E+00  2.70657E+02
v -6.42389E+02 -4.06287E+00  2.70657E+02
v -6.42389E+02 -4.06287E+00  1.61480E+02
v -6.83043E+02 -4.06287E+00  1.61480E+02
g vc_761
f  6089 6090 6091 6092
f  6089 6090 6094 6093
f  6091 6090 6094 6095
f  6092 6091 6095 6096
f  6092 6089 6093 6096
f  6093 6094 6095 6096
v -7.26830E+02  2.19389E+02  2.70657E+02
v -6.83043E+02  2.19389E+02  2.70657E+02
v -6.83043E+02  2.19389E+02  1.61480E+02
v -7.26830E+02  2.19389E+02  1.61480E+02
v -7.26830E+02 -4.06287E+00  2.70657E+02
v -6.83043E+02 -4.06287E+00  2.70657E+02
v -6.83043E+02 -4.06287E+00  1.61480E+02
v -7.26830E+02 -4.06287E+00  1.61480E+02
g vc_762
f  6097 6098 6099 6100
f  6097 6098 6102 6101
f  6099 6098 6102 6103
f  6100 6099 6103 6104
f  6100 6097 6101 6104
f  6101 6102 6103 6104
v -1.65911E+02  2.19389E+02 -1.06104E+03
v -9.12617E+01  2.19389E+02 -1.06104E+03
v -9.12617E+01  2.19389E+02 -1.14187E+03
v -1.65911E+02  2.19389E+02 -1.14187E+03
v -1.65911E+02 -4.06287E+00 -1.06104E+03
v -9.12617E+01 -4.06287E+00 -1.06104E+03
v -9.12617E+01 -4.06287E+00 -1.14187E+03
v -1.65911E+02 -4.06287E+00 -1.14187E+03
g vc_763
f  6105 6106 6107 6108
f  6105 6106 6110 6109
f  6107 6106 6110 6111
f  6108 6107 6111 6112
f  6108 6105 6109 6112
f  6109 6110 6111 6112
v -2.02064E+02  2.19389E+02 -1.06104E+03
v -1.65911E+02  2.19389E+02 -1.06104E+03
v -1.65911E+02  2.19389E+02 -1.14187E+03
v -2.02064E+02  2.19389E+02 -1.14187E+03
v -2.02064E+02 -4.06287E+00 -1.06104E+03
v -1.65911E+02 -4.06287E+00 -1.06104E+03
v -1.65911E+02 -4.06287E+00 -1.14187E+03
v -2.02064E+02 -4.06287E+00 -1.14187E+03
g vc_764
f  6113 6114 6115 6116
f  6113 6114 6118 6117
f  6115 6114 6118 6119
f  6116 6115 6119 6120
f  6116 6113 6117 6120
f  6117 6118 6119 6120
v  7.80876E+01  2.19389E+02 -1.12546E+03
v  1.71176E+02  2.19389E+02 -1.12546E+03
v  1.71176E+02  2.19389E+02 -1.18273E+03
v  7.80876E+01  2.19389E+02 -1.18273E+03
v  7.80876E+01 -4.06287E+00 -1.12546E+03
v  1.71176E+02 -4.06287E+00 -1.12546E+03
v  1.71176E+02 -4.06287E+00 -1.18273E+03
v  7.80876E+01 -4.06287E+00 -1.18273E+03
g vc_765
f  6121 6122 6123 6124
f  6121 6122 6126 6125
f  6123 6122 6126 6127
f  6124 6123 6127 6128
f  6124 6121 6125 6128
f  6125 6126 6127 6128
v  7.80876E+01  2.19389E+02 -1.18273E+03
v  1.71176E+02  2.19389E+02 -1.18273E+03
v  1.71176E+02  2.19389E+02 -1.22119E+03
v  7.80876E+01  2.19389E+02 -1.22119E+03
v  7.80876E+01 -4.06287E+00 -1.18273E+03
v  1.71176E+02 -4.06287E+00 -1.18273E+03
v  1.71176E+02 -4.06287E+00 -1.22119E+03
v  7.80876E+01 -4.06287E+00 -1.22119E+03
g vc_766
f  6129 6130 6131 6132
f  6129 6130 6134 6133
f  6131 6130 6134 6135
f  6132 6131 6135 6136
f  6132 6129 6133 6136
f  6133 6134 6135 6136
v -4.34520E+02  2.19389E+02 -3.45355E+02
v -3.54192E+02  2.19389E+02 -3.45355E+02
v -3.54192E+02  2.19389E+02 -4.55470E+02
v -4.34520E+02  2.19389E+02 -4.55470E+02
v -4.34520E+02  8.25957E+01 -3.45355E+02
v -3.54192E+02  8.25957E+01 -3.45355E+02
v -3.54192E+02  8.25957E+01 -4.55470E+02
v -4.34520E+02  8.25957E+01 -4.55470E+02
g vc_767
f  6137 6138 6139 6140
f  6137 6138 6142 6141
f  6139 6138 6142 6143
f  6140 6139 6143 6144
f  6140 6137 6141 6144
f  6141 6142 6143 6144
v -4.34520E+02  8.25957E+01 -3.45355E+02
v -3.54192E+02  8.25957E+01 -3.45355E+02
v -3.54192E+02  8.25957E+01 -4.55470E+02
v -4.34520E+02  8.25957E+01 -4.55470E+02
v -4.34520E+02 -4.06287E+00 -3.45355E+02
v -3.54192E+02 -4.06287E+00 -3.45355E+02
v -3.54192E+02 -4.06287E+00 -4.55470E+02
v -4.34520E+02 -4.06287E+00 -4.55470E+02
g vc_768
f  6145 6146 6147 6148
f  6145 6146 6150 6149
f  6147 6146 6150 6151
f  6148 6147 6151 6152
f  6148 6145 6149 6152
f  6149 6150 6151 6152
v -3.14985E+02  2.19389E+02 -3.45355E+02
v -2.75930E+02  2.19389E+02 -3.45355E+02
v -2.75930E+02  2.19389E+02 -4.55470E+02
v -3.14985E+02  2.19389E+02 -4.55470E+02
v -3.14985E+02 -4.06287E+00 -3.45355E+02
v -2.75930E+02 -4.06287E+00 -3.45355E+02
v -2.75930E+02 -4.06287E+00 -4.55470E+02
v -3.14985E+02 -4.06287E+00 -4.55470E+02
g vc_769
f  6153 6154 6155 6156
f  6153 6154 6158 6157
f  6155 6154 6158 6159
f  6156 6155 6159 6160
f  6156 6153 6157 6160
f  6157 6158 6159 6160
v -3.54192E+02  2.19389E+02 -3.45355E+02
v -3.14985E+02  2.19389E+02 -3.45355E+02
v -3.14985E+02  2.19389E+02 -4.55470E+02
v -3.54192E+02  2.19389E+02 -4.55470E+02
v -3.54192E+02 -4.06287E+00 -3.45355E+02
v -3.14985E+02 -4.06287E+00 -3.45355E+02
v -3.14985E+02 -4.06287E+00 -4.55470E+02
v -3.54192E+02 -4.06287E+00 -4.55470E+02
g vc_770
f  6161 6162 6163 6164
f  6161 6162 6166 6165
f  6163 6162 6166 6167
f  6164 6163 6167 6168
f  6164 6161 6165 6168
f  6165 6166 6167 6168
v  1.25810E+02  2.19389E+02 -1.03343E+03
v  1.71176E+02  2.19389E+02 -1.03343E+03
v  1.71176E+02  2.19389E+02 -1.12546E+03
v  1.25810E+02  2.19389E+02 -1.12546E+03
v  1.25810E+02 -4.06287E+00 -1.03343E+03
v  1.71176E+02 -4.06287E+00 -1.03343E+03
v  1.71176E+02 -4.06287E+00 -1.12546E+03
v  1.25810E+02 -4.06287E+00 -1.12546E+03
g vc_771
f  6169 6170 6171 6172
f  6169 6170 6174 6173
f  6171 6170 6174 6175
f  6172 6171 6175 6176
f  6172 6169 6173 6176
f  6173 6174 6175 6176
v  7.80876E+01  2.19389E+02 -1.03343E+03
v  1.25810E+02  2.19389E+02 -1.03343E+03
v  1.25810E+02  2.19389E+02 -1.12546E+03
v  7.80876E+01  2.19389E+02 -1.12546E+03
v  7.80876E+01 -4.06287E+00 -1.03343E+03
v  1.25810E+02 -4.06287E+00 -1.03343E+03
v  1.25810E+02 -4.06287E+00 -1.12546E+03
v  7.80876E+01 -4.06287E+00 -1.12546E+03
g vc_772
f  6177 6178 6179 6180
f  6177 6178 6182 6181
f  6179 6178 6182 6183
f  6180 6179 6183 6184
f  6180 6177 6181 6184
f  6181 6182 6183 6184
v -4.34520E+02  2.19389E+02 -2.43187E+02
v -3.52806E+02  2.19389E+02 -2.43187E+02
v -3.52806E+02  2.19389E+02 -2.92927E+02
v -4.34520E+02  2.19389E+02 -2.92927E+02
v -4.34520E+02 -4.06287E+00 -2.43187E+02
v -3.52806E+02 -4.06287E+00 -2.43187E+02
v -3.52806E+02 -4.06287E+00 -2.92927E+02
v -4.34520E+02 -4.06287E+00 -2.92927E+02
g vc_773
f  6185 6186 6187 6188
f  6185 6186 6190 6189
f  6187 6186 6190 6191
f  6188 6187 6191 6192
f  6188 6185 6189 6192
f  6189 6190 6191 6192
v -4.34520E+02  2.19389E+02 -2.92927E+02
v -3.52806E+02  2.19389E+02 -2.92927E+02
v -3.52806E+02  2.19389E+02 -3.45355E+02
v -4.34520E+02  2.19389E+02 -3.45355E+02
v -4.34520E+02 -4.06287E+00 -2.92927E+02
v -3.52806E+02 -4.06287E+00 -2.92927E+02
v -3.52806E+02 -4.06287E+00 -3.45355E+02
v -4.34520E+02 -4.06287E+00 -3.45355E+02
g vc_774
f  6193 6194 6195 6196
f  6193 6194 6198 6197
f  6195 6194 6198 6199
f  6196 6195 6199 6200
f  6196 6193 6197 6200
f  6197 6198 6199 6200
v -3.52806E+02  2.19389E+02 -2.43187E+02
v -2.75930E+02  2.19389E+02 -2.43187E+02
v -2.75930E+02  2.19389E+02 -2.86572E+02
v -3.52806E+02  2.19389E+02 -2.86572E+02
v -3.52806E+02 -4.06287E+00 -2.43187E+02
v -2.75930E+02 -4.06287E+00 -2.43187E+02
v -2.75930E+02 -4.06287E+00 -2.86572E+02
v -3.52806E+02 -4.06287E+00 -2.86572E+02
g vc_775
f  6201 6202 6203 6204
f  6201 6202 6206 6205
f  6203 6202 6206 6207
f  6204 6203 6207 6208
f  6204 6201 6205 6208
f  6205 6206 6207 6208
v -3.52806E+02  2.19389E+02 -2.86572E+02
v -2.75930E+02  2.19389E+02 -2.86572E+02
v -2.75930E+02  2.19389E+02 -3.45355E+02
v -3.52806E+02  2.19389E+02 -3.45355E+02
v -3.52806E+02 -4.06287E+00 -2.86572E+02
v -2.75930E+02 -4.06287E+00 -2.86572E+02
v -2.75930E+02 -4.06287E+00 -3.45355E+02
v -3.52806E+02 -4.06287E+00 -3.45355E+02
g vc_776
f  6209 6210 6211 6212
f  6209 6210 6214 6213
f  6211 6210 6214 6215
f  6212 6211 6215 6216
f  6212 6209 6213 6216
f  6213 6214 6215 6216
v -9.12617E+01  2.19389E+02 -8.46185E+02
v -6.17491E+00  2.19389E+02 -8.46185E+02
v -6.17491E+00  2.19389E+02 -8.91271E+02
v -9.12617E+01  2.19389E+02 -8.91271E+02
v -9.12617E+01 -4.06287E+00 -8.46185E+02
v -6.17491E+00 -4.06287E+00 -8.46185E+02
v -6.17491E+00 -4.06287E+00 -8.91271E+02
v -9.12617E+01 -4.06287E+00 -8.91271E+02
g vc_777
f  6217 6218 6219 6220
f  6217 6218 6222 6221
f  6219 6218 6222 6223
f  6220 6219 6223 6224
f  6220 6217 6221 6224
f  6221 6222 6223 6224
v -9.12617E+01  2.19389E+02 -8.91271E+02
v -6.17491E+00  2.19389E+02 -8.91271E+02
v -6.17491E+00  2.19389E+02 -9.38385E+02
v -9.12617E+01  2.19389E+02 -9.38385E+02
v -9.12617E+01 -4.06287E+00 -8.91271E+02
v -6.17491E+00 -4.06287E+00 -8.91271E+02
v -6.17491E+00 -4.06287E+00 -9.38385E+02
v -9.12617E+01 -4.06287E+00 -9.38385E+02
g vc_778
f  6225 6226 6227 6228
f  6225 6226 6230 6229
f  6227 6226 6230 6231
f  6228 6227 6231 6232
f  6228 6225 6229 6232
f  6229 6230 6231 6232
v -6.17491E+00  2.19389E+02 -8.46185E+02
v  7.80876E+01  2.19389E+02 -8.46185E+02
v  7.80876E+01  2.19389E+02 -9.38385E+02
v -6.17491E+00  2.19389E+02 -9.38385E+02
v -6.17491E+00  2.97357E+01 -8.46185E+02
v  7.80876E+01  2.97357E+01 -8.46185E+02
v  7.80876E+01  2.97357E+01 -9.38385E+02
v -6.17491E+00  2.97357E+01 -9.38385E+02
g vc_779
f  6233 6234 6235 6236
f  6233 6234 6238 6237
f  6235 6234 6238 6239
f  6236 6235 6239 6240
f  6236 6233 6237 6240
f  6237 6238 6239 6240
v -6.17491E+00  2.97357E+01 -8.46185E+02
v  7.80876E+01  2.97357E+01 -8.46185E+02
v  7.80876E+01  2.97357E+01 -9.38385E+02
v -6.17491E+00  2.97357E+01 -9.38385E+02
v -6.17491E+00 -4.06287E+00 -8.46185E+02
v  7.80876E+01 -4.06287E+00 -8.46185E+02
v  7.80876E+01 -4.06287E+00 -9.38385E+02
v -6.17491E+00 -4.06287E+00 -9.38385E+02
g vc_780
f  6241 6242 6243 6244
f  6241 6242 6246 6245
f  6243 6242 6246 6247
f  6244 6243 6247 6248
f  6244 6241 6245 6248
f  6245 6246 6247 6248
v -7.68694E+02  2.19389E+02 -6.50234E+02
v -6.81052E+02  2.19389E+02 -6.50234E+02
v -6.81052E+02  2.19389E+02 -7.37277E+02
v -7.68694E+02  2.19389E+02 -7.37277E+02
v -7.68694E+02  1.06403E+02 -6.50234E+02
v -6.81052E+02  1.06403E+02 -6.50234E+02
v -6.81052E+02  1.06403E+02 -7.37277E+02
v -7.68694E+02  1.06403E+02 -7.37277E+02
g vc_781
f  6249 6250 6251 6252
f  6249 6250 6254 6253
f  6251 6250 6254 6255
f  6252 6251 6255 6256
f  6252 6249 6253 6256
f  6253 6254 6255 6256
v -7.68694E+02  1.06403E+02 -6.50234E+02
v -6.81052E+02  1.06403E+02 -6.50234E+02
v -6.81052E+02  1.06403E+02 -7.37277E+02
v -7.68694E+02  1.06403E+02 -7.37277E+02
v -7.68694E+02 -4.06287E+00 -6.50234E+02
v -6.81052E+02 -4.06287E+00 -6.50234E+02
v -6.81052E+02 -4.06287E+00 -7.37277E+02
v -7.68694E+02 -4.06287E+00 -7.37277E+02
g vc_782
f  6257 6258 6259 6260
f  6257 6258 6262 6261
f  6259 6258 6262 6263
f  6260 6259 6263 6264
f  6260 6257 6261 6264
f  6261 6262 6263 6264
v -9.12617E+01  2.19389E+02 -1.03216E+03
v -3.61901E+01  2.19389E+02 -1.03216E+03
v -3.61901E+01  2.19389E+02 -1.09980E+03
v -9.12617E+01  2.19389E+02 -1.09980E+03
v -9.12617E+01 -4.06287E+00 -1.03216E+03
v -3.61901E+01 -4.06287E+00 -1.03216E+03
v -3.61901E+01 -4.06287E+00 -1.09980E+03
v -9.12617E+01 -4.06287E+00 -1.09980E+03
g vc_783
f  6265 6266 6267 6268
f  6265 6266 6270 6269
f  6267 6266 6270 6271
f  6268 6267 6271 6272
f  6268 6265 6269 6272
f  6269 6270 6271 6272
v -9.12617E+01  2.19389E+02 -1.09980E+03
v -3.61901E+01  2.19389E+02 -1.09980E+03
v -3.61901E+01  2.19389E+02 -1.16830E+03
v -9.12617E+01  2.19389E+02 -1.16830E+03
v -9.12617E+01 -4.06287E+00 -1.09980E+03
v -3.61901E+01 -4.06287E+00 -1.09980E+03
v -3.61901E+01 -4.06287E+00 -1.16830E+03
v -9.12617E+01 -4.06287E+00 -1.16830E+03
g vc_784
f  6273 6274 6275 6276
f  6273 6274 6278 6277
f  6275 6274 6278 6279
f  6276 6275 6279 6280
f  6276 6273 6277 6280
f  6277 6278 6279 6280
v -7.16245E+02  2.19389E+02 -5.66185E+02
v -6.81052E+02  2.19389E+02 -5.66185E+02
v -6.81052E+02  2.19389E+02 -6.50234E+02
v -7.16245E+02  2.19389E+02 -6.50234E+02
v -7.16245E+02 -4.06287E+00 -5.66185E+02
v -6.81052E+02 -4.06287E+00 -5.66185E+02
v -6.81052E+02 -4.06287E+00 -6.50234E+02
v -7.16245E+02 -4.06287E+00 -6.50234E+02
g vc_785
f  6281 6282 6283 6284
f  6281 6282 6286 6285
f  6283 6282 6286 6287
f  6284 6283 6287 6288
f  6284 6281 6285 6288
f  6285 6286 6287 6288
v -7.68694E+02  2.19389E+02 -5.66185E+02
v -7.16245E+02  2.19389E+02 -5.66185E+02
v -7.16245E+02  2.19389E+02 -6.50234E+02
v -7.68694E+02  2.19389E+02 -6.50234E+02
v -7.68694E+02 -4.06287E+00 -5.66185E+02
v -7.16245E+02 -4.06287E+00 -5.66185E+02
v -7.16245E+02 -4.06287E+00 -6.50234E+02
v -7.68694E+02 -4.06287E+00 -6.50234E+02
g vc_786
f  6289 6290 6291 6292
f  6289 6290 6294 6293
f  6291 6290 6294 6295
f  6292 6291 6295 6296
f  6292 6289 6293 6296
f  6293 6294 6295 6296
v -6.58172E+02  2.19389E+02 -4.79819E+01
v -6.02902E+02  2.19389E+02 -4.79819E+01
v -6.02902E+02  2.19389E+02 -1.13003E+02
v -6.58172E+02  2.19389E+02 -1.13003E+02
v -6.58172E+02 -4.06287E+00 -4.79819E+01
v -6.02902E+02 -4.06287E+00 -4.79819E+01
v -6.02902E+02 -4.06287E+00 -1.13003E+02
v -6.58172E+02 -4.06287E+00 -1.13003E+02
g vc_787
f  6297 6298 6299 6300
f  6297 6298 6302 6301
f  6299 6298 6302 6303
f  6300 6299 6303 6304
f  6300 6297 6301 6304
f  6301 6302 6303 6304
v -7.15890E+02  2.19389E+02 -4.79819E+01
v -6.58172E+02  2.19389E+02 -4.79819E+01
v -6.58172E+02  2.19389E+02 -1.13003E+02
v -7.15890E+02  2.19389E+02 -1.13003E+02
v -7.15890E+02 -4.06287E+00 -4.79819E+01
v -6.58172E+02 -4.06287E+00 -4.79819E+01
v -6.58172E+02 -4.06287E+00 -1.13003E+02
v -7.15890E+02 -4.06287E+00 -1.13003E+02
g vc_788
f  6305 6306 6307 6308
f  6305 6306 6310 6309
f  6307 6306 6310 6311
f  6308 6307 6311 6312
f  6308 6305 6309 6312
f  6309 6310 6311 6312
v  3.80167E+02  2.19389E+02  2.64313E+02
v  4.34466E+02  2.19389E+02  2.64313E+02
v  4.34466E+02  2.19389E+02  1.98540E+02
v  3.80167E+02  2.19389E+02  1.98540E+02
v  3.80167E+02 -4.06287E+00  2.64313E+02
v  4.34466E+02 -4.06287E+00  2.64313E+02
v  4.34466E+02 -4.06287E+00  1.98540E+02
v  3.80167E+02 -4.06287E+00  1.98540E+02
g vc_789
f  6313 6314 6315 6316
f  6313 6314 6318 6317
f  6315 6314 6318 6319
f  6316 6315 6319 6320
f  6316 6313 6317 6320
f  6317 6318 6319 6320
v  3.22936E+02  2.19389E+02  2.64313E+02
v  3.80167E+02  2.19389E+02  2.64313E+02
v  3.80167E+02  2.19389E+02  1.98540E+02
v  3.22936E+02  2.19389E+02  1.98540E+02
v  3.22936E+02 -4.06287E+00  2.64313E+02
v  3.80167E+02 -4.06287E+00  2.64313E+02
v  3.80167E+02 -4.06287E+00  1.98540E+02
v  3.22936E+02 -4.06287E+00  1.98540E+02
g vc_790
f  6321 6322 6323 6324
f  6321 6322 6326 6325
f  6323 6322 6326 6327
f  6324 6323 6327 6328
f  6324 6321 6325 6328
f  6325 6326 6327 6328
v  9.86665E+01  2.19389E+02  1.90594E+02
v  1.34777E+02  2.19389E+02  1.90594E+02
v  1.34777E+02  2.19389E+02  9.58305E+01
v  9.86665E+01  2.19389E+02  9.58305E+01
v  9.86665E+01 -4.06287E+00  1.90594E+02
v  1.34777E+02 -4.06287E+00  1.90594E+02
v  1.34777E+02 -4.06287E+00  9.58305E+01
v  9.86665E+01 -4.06287E+00  9.58305E+01
g vc_791
f  6329 6330 6331 6332
f  6329 6330 6334 6333
f  6331 6330 6334 6335
f  6332 6331 6335 6336
f  6332 6329 6333 6336
f  6333 6334 6335 6336
v  6.24147E+01  2.19389E+02  1.90594E+02
v  9.86665E+01  2.19389E+02  1.90594E+02
v  9.86665E+01  2.19389E+02  9.58305E+01
v  6.24147E+01  2.19389E+02  9.58305E+01
v  6.24147E+01 -4.06287E+00  1.90594E+02
v  9.86665E+01 -4.06287E+00  1.90594E+02
v  9.86665E+01 -4.06287E+00  9.58305E+01
v  6.24147E+01 -4.06287E+00  9.58305E+01
g vc_792
f  6337 6338 6339 6340
f  6337 6338 6342 6341
f  6339 6338 6342 6343
f  6340 6339 6343 6344
f  6340 6337 6341 6344
f  6341 6342 6343 6344
v  6.24147E+01  2.19389E+02  2.82131E+02
v  1.34777E+02  2.19389E+02  2.82131E+02
v  1.34777E+02  2.19389E+02  1.90594E+02
v  6.24147E+01  2.19389E+02  1.90594E+02
v  6.24147E+01  1.12292E+02  2.82131E+02
v  1.34777E+02  1.12292E+02  2.82131E+02
v  1.34777E+02  1.12292E+02  1.90594E+02
v  6.24147E+01  1.12292E+02  1.90594E+02
g vc_793
f  6345 6346 6347 6348
f  6345 6346 6350 6349
f  6347 6346 6350 6351
f  6348 6347 6351 6352
f  6348 6345 6349 6352
f  6349 6350 6351 6352
v  6.24147E+01  1.12292E+02  2.82131E+02
v  1.34777E+02  1.12292E+02  2.82131E+02
v  1.34777E+02  1.12292E+02  1.90594E+02
v  6.24147E+01  1.12292E+02  1.90594E+02
v  6.24147E+01 -4.06287E+00  2.82131E+02
v  1.34777E+02 -4.06287E+00  2.82131E+02
v  1.34777E+02 -4.06287E+00  1.90594E+02
v  6.24147E+01 -4.06287E+00  1.90594E+02
g vc_794
f  6353 6354 6355 6356
f  6353 6354 6358 6357
f  6355 6354 6358 6359
f  6356 6355 6359 6360
f  6356 6353 6357 6360
f  6357 6358 6359 6360
v -3.97012E+00  2.19389E+02 -2.48081E+02
v  7.02845E+01  2.19389E+02 -2.48081E+02
v  7.02845E+01  2.19389E+02 -2.92254E+02
v -3.97012E+00  2.19389E+02 -2.92254E+02
v -3.97012E+00 -4.06287E+00 -2.48081E+02
v  7.02845E+01 -4.06287E+00 -2.48081E+02
v  7.02845E+01 -4.06287E+00 -2.92254E+02
v -3.97012E+00 -4.06287E+00 -2.92254E+02
g vc_795
f  6361 6362 6363 6364
f  6361 6362 6366 6365
f  6363 6362 6366 6367
f  6364 6363 6367 6368
f  6364 6361 6365 6368
f  6365 6366 6367 6368
v -7.94701E+01  2.19389E+02 -2.48081E+02
v -3.97012E+00  2.19389E+02 -2.48081E+02
v -3.97012E+00  2.19389E+02 -2.92254E+02
v -7.94701E+01  2.19389E+02 -2.92254E+02
v -7.94701E+01 -4.06287E+00 -2.48081E+02
v -3.97012E+00 -4.06287E+00 -2.48081E+02
v -3.97012E+00 -4.06287E+00 -2.92254E+02
v -7.94701E+01 -4.06287E+00 -2.92254E+02
g vc_796
f  6369 6370 6371 6372
f  6369 6370 6374 6373
f  6371 6370 6374 6375
f  6372 6371 6375 6376
f  6372 6369 6373 6376
f  6373 6374 6375 6376
v -3.77417E+01  2.19389E+02  1.98004E+01
v  6.77131E+01  2.19389E+02  1.98004E+01
v  6.77131E+01  2.19389E+02 -4.26943E+01
v -3.77417E+01  2.19389E+02 -4.26943E+01
v -3.77417E+01  1.47861E+02  1.98004E+01
v  6.77131E+01  1.47861E+02  1.98004E+01
v  6.77131E+01  1.47861E+02 -4.26943E+01
v -3.77417E+01  1.47861E+02 -4.26943E+01
g vc_797
f  6377 6378 6379 6380
f  6377 6378 6382 6381
f  6379 6378 6382 6383
f  6380 6379 6383 6384
f  6380 6377 6381 6384
f  6381 6382 6383 6384
v -3.77417E+01  1.47861E+02  1.98004E+01
v  6.77131E+01  1.47861E+02  1.98004E+01
v  6.77131E+01  1.47861E+02 -4.26943E+01
v -3.77417E+01  1.47861E+02 -4.26943E+01
v -3.77417E+01 -4.06287E+00  1.98004E+01
v  6.77131E+01 -4.06287E+00  1.98004E+01
v  6.77131E+01 -4.06287E+00 -4.26943E+01
v -3.77417E+01 -4.06287E+00 -4.26943E+01
g vc_798
f  6385 6386 6387 6388
f  6385 6386 6390 6389
f  6387 6386 6390 6391
f  6388 6387 6391 6392
f  6388 6385 6389 6392
f  6389 6390 6391 6392
v -1.35069E+02  2.19389E+02 -8.46185E+02
v -9.12617E+01  2.19389E+02 -8.46185E+02
v -9.12617E+01  2.19389E+02 -9.34438E+02
v -1.35069E+02  2.19389E+02 -9.34438E+02
v -1.35069E+02 -4.06287E+00 -8.46185E+02
v -9.12617E+01 -4.06287E+00 -8.46185E+02
v -9.12617E+01 -4.06287E+00 -9.34438E+02
v -1.35069E+02 -4.06287E+00 -9.34438E+02
g vc_799
f  6393 6394 6395 6396
f  6393 6394 6398 6397
f  6395 6394 6398 6399
f  6396 6395 6399 6400
f  6396 6393 6397 6400
f  6397 6398 6399 6400
v -1.65902E+02  2.19389E+02 -8.46185E+02
v -1.35069E+02  2.19389E+02 -8.46185E+02
v -1.35069E+02  2.19389E+02 -9.34438E+02
v -1.65902E+02  2.19389E+02 -9.34438E+02
v -1.65902E+02 -4.06287E+00 -8.46185E+02
v -1.35069E+02 -4.06287E+00 -8.46185E+02
v -1.35069E+02 -4.06287E+00 -9.34438E+02
v -1.65902E+02 -4.06287E+00 -9.34438E+02
g vc_800
f  6401 6402 6403 6404
f  6401 6402 6406 6405
f  6403 6402 6406 6407
f  6404 6403 6407 6408
f  6404 6401 6405 6408
f  6405 6406 6407 6408
v  3.33611E+02  2.19389E+02 -1.03061E+03
v  3.82936E+02  2.19389E+02 -1.03061E+03
v  3.82936E+02  2.19389E+02 -1.09500E+03
v  3.33611E+02  2.19389E+02 -1.09500E+03
v  3.33611E+02 -4.06287E+00 -1.03061E+03
v  3.82936E+02 -4.06287E+00 -1.03061E+03
v  3.82936E+02 -4.06287E+00 -1.09500E+03
v  3.33611E+02 -4.06287E+00 -1.09500E+03
g vc_801
f  6409 6410 6411 6412
f  6409 6410 6414 6413
f  6411 6410 6414 6415
f  6412 6411 6415 6416
f  6412 6409 6413 6416
f  6413 6414 6415 6416
v  3.33611E+02  2.19389E+02 -1.09500E+03
v  3.82936E+02  2.19389E+02 -1.09500E+03
v  3.82936E+02  2.19389E+02 -1.16150E+03
v  3.33611E+02  2.19389E+02 -1.16150E+03
v  3.33611E+02 -4.06287E+00 -1.09500E+03
v  3.82936E+02 -4.06287E+00 -1.09500E+03
v  3.82936E+02 -4.06287E+00 -1.16150E+03
v  3.33611E+02 -4.06287E+00 -1.16150E+03
g vc_802
f  6417 6418 6419 6420
f  6417 6418 6422 6421
f  6419 6418 6422 6423
f  6420 6419 6423 6424
f  6420 6417 6421 6424
f  6421 6422 6423 6424
v  1.67566E+02  2.19389E+02  2.92945E+02
v  2.00227E+02  2.19389E+02  2.92945E+02
v  2.00227E+02  2.19389E+02  1.96675E+02
v  1.67566E+02  2.19389E+02  1.96675E+02
v  1.67566E+02 -4.06287E+00  2.92945E+02
v  2.00227E+02 -4.06287E+00  2.92945E+02
v  2.00227E+02 -4.06287E+00  1.96675E+02
v  1.67566E+02 -4.06287E+00  1.96675E+02
g vc_803
f  6425 6426 6427 6428
f  6425 6426 6430 6429
f  6427 6426 6430 6431
f  6428 6427 6431 6432
f  6428 6425 6429 6432
f  6429 6430 6431 6432
v  1.34777E+02  2.19389E+02  2.92945E+02
v  1.67566E+02  2.19389E+02  2.92945E+02
v  1.67566E+02  2.19389E+02  1.96675E+02
v  1.34777E+02  2.19389E+02  1.96675E+02
v  1.34777E+02 -4.06287E+00  2.92945E+02
v  1.67566E+02 -4.06287E+00  2.92945E+02
v  1.67566E+02 -4.06287E+00  1.96675E+02
v  1.34777E+02 -4.06287E+00  1.96675E+02
g vc_804
f  6433 6434 6435 6436
f  6433 6434 6438 6437
f  6435 6434 6438 6439
f  6436 6435 6439 6440
f  6436 6433 6437 6440
f  6437 6438 6439 6440
v -6.42389E+02  2.19389E+02  2.70657E+02
v -5.84769E+02  2.19389E+02  2.70657E+02
v -5.84769E+02  2.19389E+02  2.37402E+02
v -6.42389E+02  2.19389E+02  2.37402E+02
v -6.42389E+02 -4.06287E+00  2.70657E+02
v -5.84769E+02 -4.06287E+00  2.70657E+02
v -5.84769E+02 -4.06287E+00  2.37402E+02
v -6.42389E+02 -4.06287E+00  2.37402E+02
g vc_805
f  6441 6442 6443 6444
f  6441 6442 6446 6445
f  6443 6442 6446 6447
f  6444 6443 6447 6448
f  6444 6441 6445 6448
f  6445 6446 6447 6448
v -6.42389E+02  2.19389E+02  2.37402E+02
v -5.84769E+02  2.19389E+02  2.37402E+02
v -5.84769E+02  2.19389E+02  1.61480E+02
v -6.42389E+02  2.19389E+02  1.61480E+02
v -6.42389E+02 -4.06287E+00  2.37402E+02
v -5.84769E+02 -4.06287E+00  2.37402E+02
v -5.84769E+02 -4.06287E+00  1.61480E+02
v -6.42389E+02 -4.06287E+00  1.61480E+02
g vc_806
f  6449 6450 6451 6452
f  6449 6450 6454 6453
f  6451 6450 6454 6455
f  6452 6451 6455 6456
f  6452 6449 6453 6456
f  6453 6454 6455 6456
v -6.31710E+02  2.19389E+02 -1.13003E+02
v -6.02902E+02  2.19389E+02 -1.13003E+02
v -6.02902E+02  2.19389E+02 -1.78278E+02
v -6.31710E+02  2.19389E+02 -1.78278E+02
v -6.31710E+02 -4.06287E+00 -1.13003E+02
v -6.02902E+02 -4.06287E+00 -1.13003E+02
v -6.02902E+02 -4.06287E+00 -1.78278E+02
v -6.31710E+02 -4.06287E+00 -1.78278E+02
g vc_807
f  6457 6458 6459 6460
f  6457 6458 6462 6461
f  6459 6458 6462 6463
f  6460 6459 6463 6464
f  6460 6457 6461 6464
f  6461 6462 6463 6464
v -6.98834E+02  2.19389E+02 -1.13003E+02
v -6.31710E+02  2.19389E+02 -1.13003E+02
v -6.31710E+02  2.19389E+02 -1.78278E+02
v -6.98834E+02  2.19389E+02 -1.78278E+02
v -6.98834E+02 -4.06287E+00 -1.13003E+02
v -6.31710E+02 -4.06287E+00 -1.13003E+02
v -6.31710E+02 -4.06287E+00 -1.78278E+02
v -6.98834E+02 -4.06287E+00 -1.78278E+02
g vc_808
f  6465 6466 6467 6468
f  6465 6466 6470 6469
f  6467 6466 6470 6471
f  6468 6467 6471 6472
f  6468 6465 6469 6472
f  6469 6470 6471 6472
v -2.75930E+02  2.19389E+02 -3.02180E+02
v -2.35467E+02  2.19389E+02 -3.02180E+02
v -2.35467E+02  2.19389E+02 -4.55470E+02
v -2.75930E+02  2.19389E+02 -4.55470E+02
v -2.75930E+02  1.15873E+02 -3.02180E+02
v -2.35467E+02  1.15873E+02 -3.02180E+02
v -2.35467E+02  1.15873E+02 -4.55470E+02
v -2.75930E+02  1.15873E+02 -4.55470E+02
g vc_809
f  6473 6474 6475 6476
f  6473 6474 6478 6477
f  6475 6474 6478 6479
f  6476 6475 6479 6480
f  6476 6473 6477 6480
f  6477 6478 6479 6480
v -2.75930E+02  1.15873E+02 -3.02180E+02
v -2.35467E+02  1.15873E+02 -3.02180E+02
v -2.35467E+02  1.15873E+02 -4.55470E+02
v -2.75930E+02  1.15873E+02 -4.55470E+02
v -2.75930E+02 -4.06287E+00 -3.02180E+02
v -2.35467E+02 -4.06287E+00 -3.02180E+02
v -2.35467E+02 -4.06287E+00 -4.55470E+02
v -2.75930E+02 -4.06287E+00 -4.55470E+02
g vc_810
f  6481 6482 6483 6484
f  6481 6482 6486 6485
f  6483 6482 6486 6487
f  6484 6483 6487 6488
f  6484 6481 6485 6488
f  6485 6486 6487 6488
v -7.83444E+02  2.19389E+02  2.70657E+02
v -7.26830E+02  2.19389E+02  2.70657E+02
v -7.26830E+02  2.19389E+02  1.91338E+02
v -7.83444E+02  2.19389E+02  1.91338E+02
v -7.83444E+02 -4.06287E+00  2.70657E+02
v -7.26830E+02 -4.06287E+00  2.70657E+02
v -7.26830E+02 -4.06287E+00  1.91338E+02
v -7.83444E+02 -4.06287E+00  1.91338E+02
g vc_811
f  6489 6490 6491 6492
f  6489 6490 6494 6493
f  6491 6490 6494 6495
f  6492 6491 6495 6496
f  6492 6489 6493 6496
f  6493 6494 6495 6496
v -7.83444E+02  2.19389E+02  1.91338E+02
v -7.26830E+02  2.19389E+02  1.91338E+02
v -7.26830E+02  2.19389E+02  1.61480E+02
v -7.83444E+02  2.19389E+02  1.61480E+02
v -7.83444E+02 -4.06287E+00  1.91338E+02
v -7.26830E+02 -4.06287E+00  1.91338E+02
v -7.26830E+02 -4.06287E+00  1.61480E+02
v -7.83444E+02 -4.06287E+00  1.61480E+02
g vc_812
f  6497 6498 6499 6500
f  6497 6498 6502 6501
f  6499 6498 6502 6503
f  6500 6499 6503 6504
f  6500 6497 6501 6504
f  6501 6502 6503 6504
v -7.31521E+02  2.19389E+02 -2.68807E+02
v -6.82408E+02  2.19389E+02 -2.68807E+02
v -6.82408E+02  2.19389E+02 -3.30210E+02
v -7.31521E+02  2.19389E+02 -3.30210E+02
v -7.31521E+02 -4.06287E+00 -2.68807E+02
v -6.82408E+02 -4.06287E+00 -2.68807E+02
v -6.82408E+02 -4.06287E+00 -3.30210E+02
v -7.31521E+02 -4.06287E+00 -3.30210E+02
g vc_813
f  6505 6506 6507 6508
f  6505 6506 6510 6509
f  6507 6506 6510 6511
f  6508 6507 6511 6512
f  6508 6505 6509 6512
f  6509 6510 6511 6512
v -7.82790E+02  2.19389E+02 -2.68807E+02
v -7.31521E+02  2.19389E+02 -2.68807E+02
v -7.31521E+02  2.19389E+02 -3.30210E+02
v -7.82790E+02  2.19389E+02 -3.30210E+02
v -7.82790E+02 -4.06287E+00 -2.68807E+02
v -7.31521E+02 -4.06287E+00 -2.68807E+02
v -7.31521E+02 -4.06287E+00 -3.30210E+02
v -7.82790E+02 -4.06287E+00 -3.30210E+02
g vc_814
f  6513 6514 6515 6516
f  6513 6514 6518 6517
f  6515 6514 6518 6519
f  6516 6515 6519 6520
f  6516 6513 6517 6520
f  6517 6518 6519 6520
v -1.49217E+01  2.19389E+02 -4.49054E+02
v  4.48513E+01  2.19389E+02 -4.49054E+02
v  4.48513E+01  2.19389E+02 -5.46639E+02
v -1.49217E+01  2.19389E+02 -5.46639E+02
v -1.49217E+01  5.11376E+01 -4.49054E+02
v  4.48513E+01  5.11376E+01 -4.49054E+02
v  4.48513E+01  5.11376E+01 -5.46639E+02
v -1.49217E+01  5.11376E+01 -5.46639E+02
g vc_815
f  6521 6522 6523 6524
f  6521 6522 6526 6525
f  6523 6522 6526 6527
f  6524 6523 6527 6528
f  6524 6521 6525 6528
f  6525 6526 6527 6528
v -1.49217E+01  5.11376E+01 -4.49054E+02
v  4.48513E+01  5.11376E+01 -4.49054E+02
v  4.48513E+01  5.11376E+01 -5.46639E+02
v -1.49217E+01  5.11376E+01 -5.46639E+02
v -1.49217E+01 -4.06287E+00 -4.49054E+02
v  4.48513E+01 -4.06287E+00 -4.49054E+02
v  4.48513E+01 -4.06287E+00 -5.46639E+02
v -1.49217E+01 -4.06287E+00 -5.46639E+02
g vc_816
f  6529 6530 6531 6532
f  6529 6530 6534 6533
f  6531 6530 6534 6535
f  6532 6531 6535 6536
f  6532 6529 6533 6536
f  6533 6534 6535 6536
v -7.82790E+02  2.19389E+02 -3.59800E+02
v -7.20096E+02  2.19389E+02 -3.59800E+02
v -7.20096E+02  2.19389E+02 -4.16622E+02
v -7.82790E+02  2.19389E+02 -4.16622E+02
v -7.82790E+02 -4.06287E+00 -3.59800E+02
v -7.20096E+02 -4.06287E+00 -3.59800E+02
v -7.20096E+02 -4.06287E+00 -4.16622E+02
v -7.82790E+02 -4.06287E+00 -4.16622E+02
g vc_817
f  6537 6538 6539 6540
f  6537 6538 6542 6541
f  6539 6538 6542 6543
f  6540 6539 6543 6544
f  6540 6537 6541 6544
f  6541 6542 6543 6544
v -7.82790E+02  2.19389E+02 -4.16622E+02
v -7.20096E+02  2.19389E+02 -4.16622E+02
v -7.20096E+02  2.19389E+02 -4.52438E+02
v -7.82790E+02  2.19389E+02 -4.52438E+02
v -7.82790E+02 -4.06287E+00 -4.16622E+02
v -7.20096E+02 -4.06287E+00 -4.16622E+02
v -7.20096E+02 -4.06287E+00 -4.52438E+02
v -7.82790E+02 -4.06287E+00 -4.52438E+02
g vc_818
f  6545 6546 6547 6548
f  6545 6546 6550 6549
f  6547 6546 6550 6551
f  6548 6547 6551 6552
f  6548 6545 6549 6552
f  6549 6550 6551 6552
v -9.71505E+01  2.19389E+02 -7.41195E+01
v -3.77417E+01  2.19389E+02 -7.41195E+01
v -3.77417E+01  2.19389E+02 -1.26334E+02
v -9.71505E+01  2.19389E+02 -1.26334E+02
v -9.71505E+01 -4.06287E+00 -7.41195E+01
v -3.77417E+01 -4.06287E+00 -7.41195E+01
v -3.77417E+01 -4.06287E+00 -1.26334E+02
v -9.71505E+01 -4.06287E+00 -1.26334E+02
g vc_819
f  6553 6554 6555 6556
f  6553 6554 6558 6557
f  6555 6554 6558 6559
f  6556 6555 6559 6560
f  6556 6553 6557 6560
f  6557 6558 6559 6560
v -9.71505E+01  2.19389E+02 -1.26334E+02
v -3.77417E+01  2.19389E+02 -1.26334E+02
v -3.77417E+01  2.19389E+02 -1.69673E+02
v -9.71505E+01  2.19389E+02 -1.69673E+02
v -9.71505E+01 -4.06287E+00 -1.26334E+02
v -3.77417E+01 -4.06287E+00 -1.26334E+02
v -3.77417E+01 -4.06287E+00 -1.69673E+02
v -9.71505E+01 -4.06287E+00 -1.69673E+02
g vc_820
f  6561 6562 6563 6564
f  6561 6562 6566 6565
f  6563 6562 6566 6567
f  6564 6563 6567 6568
f  6564 6561 6565 6568
f  6565 6566 6567 6568
v -9.71505E+01  2.19389E+02  1.98004E+01
v -3.77417E+01  2.19389E+02  1.98004E+01
v -3.77417E+01  2.19389E+02 -2.66040E+01
v -9.71505E+01  2.19389E+02 -2.66040E+01
v -9.71505E+01 -4.06287E+00  1.98004E+01
v -3.77417E+01 -4.06287E+00  1.98004E+01
v -3.77417E+01 -4.06287E+00 -2.66040E+01
v -9.71505E+01 -4.06287E+00 -2.66040E+01
g vc_821
f  6569 6570 6571 6572
f  6569 6570 6574 6573
f  6571 6570 6574 6575
f  6572 6571 6575 6576
f  6572 6569 6573 6576
f  6573 6574 6575 6576
v -9.71505E+01  2.19389E+02 -2.66040E+01
v -3.77417E+01  2.19389E+02 -2.66040E+01
v -3.77417E+01  2.19389E+02 -7.41195E+01
v -9.71505E+01  2.19389E+02 -7.41195E+01
v -9.71505E+01 -4.06287E+00 -2.66040E+01
v -3.77417E+01 -4.06287E+00 -2.66040E+01
v -3.77417E+01 -4.06287E+00 -7.41195E+01
v -9.71505E+01 -4.06287E+00 -7.41195E+01
g vc_822
f  6577 6578 6579 6580
f  6577 6578 6582 6581
f  6579 6578 6582 6583
f  6580 6579 6583 6584
f  6580 6577 6581 6584
f  6581 6582 6583 6584
v -6.82868E+02  2.19389E+02 -2.23454E+02
v -6.42694E+02  2.19389E+02 -2.23454E+02
v -6.42694E+02  2.19389E+02 -2.68807E+02
v -6.82868E+02  2.19389E+02 -2.68807E+02
v -6.82868E+02 -4.06287E+00 -2.23454E+02
v -6.42694E+02 -4.06287E+00 -2.23454E+02
v -6.42694E+02 -4.06287E+00 -2.68807E+02
v -6.82868E+02 -4.06287E+00 -2.68807E+02
g vc_823
f  6585 6586 6587 6588
f  6585 6586 6590 6589
f  6587 6586 6590 6591
f  6588 6587 6591 6592
f  6588 6585 6589 6592
f  6589 6590 6591 6592
v -7.61368E+02  2.19389E+02 -2.23454E+02
v -6.82868E+02  2.19389E+02 -2.23454E+02
v -6.82868E+02  2.19389E+02 -2.68807E+02
v -7.61368E+02  2.19389E+02 -2.68807E+02
v -7.61368E+02 -4.06287E+00 -2.23454E+02
v -6.82868E+02 -4.06287E+00 -2.23454E+02
v -6.82868E+02 -4.06287E+00 -2.68807E+02
v -7.61368E+02 -4.06287E+00 -2.68807E+02
g vc_824
f  6593 6594 6595 6596
f  6593 6594 6598 6597
f  6595 6594 6598 6599
f  6596 6595 6599 6600
f  6596 6593 6597 6600
f  6597 6598 6599 6600
v -7.01868E+02  2.19389E+02 -1.78278E+02
v -6.42694E+02  2.19389E+02 -1.78278E+02
v -6.42694E+02  2.19389E+02 -2.23454E+02
v -7.01868E+02  2.19389E+02 -2.23454E+02
v -7.01868E+02 -4.06287E+00 -1.78278E+02
v -6.42694E+02 -4.06287E+00 -1.78278E+02
v -6.42694E+02 -4.06287E+00 -2.23454E+02
v -7.01868E+02 -4.06287E+00 -2.23454E+02
g vc_825
f  6601 6602 6603 6604
f  6601 6602 6606 6605
f  6603 6602 6606 6607
f  6604 6603 6607 6608
f  6604 6601 6605 6608
f  6605 6606 6607 6608
v -7.61368E+02  2.19389E+02 -1.78278E+02
v -7.01868E+02  2.19389E+02 -1.78278E+02
v -7.01868E+02  2.19389E+02 -2.23454E+02
v -7.61368E+02  2.19389E+02 -2.23454E+02
v -7.61368E+02 -4.06287E+00 -1.78278E+02
v -7.01868E+02 -4.06287E+00 -1.78278E+02
v -7.01868E+02 -4.06287E+00 -2.23454E+02
v -7.61368E+02 -4.06287E+00 -2.23454E+02
g vc_826
f  6609 6610 6611 6612
f  6609 6610 6614 6613
f  6611 6610 6614 6615
f  6612 6611 6615 6616
f  6612 6609 6613 6616
f  6613 6614 6615 6616
v -3.87832E+01  2.19389E+02 -7.73494E+02
v -3.43097E+00  2.19389E+02 -7.73494E+02
v -3.43097E+00  2.19389E+02 -8.46185E+02
v -3.87832E+01  2.19389E+02 -8.46185E+02
v -3.87832E+01 -4.06287E+00 -7.73494E+02
v -3.43097E+00 -4.06287E+00 -7.73494E+02
v -3.43097E+00 -4.06287E+00 -8.46185E+02
v -3.87832E+01 -4.06287E+00 -8.46185E+02
g vc_827
f  6617 6618 6619 6620
f  6617 6618 6622 6621
f  6619 6618 6622 6623
f  6620 6619 6623 6624
f  6620 6617 6621 6624
f  6621 6622 6623 6624
v -7.64777E+01  2.19389E+02 -7.73494E+02
v -3.87832E+01  2.19389E+02 -7.73494E+02
v -3.87832E+01  2.19389E+02 -8.46185E+02
v -7.64777E+01  2.19389E+02 -8.46185E+02
v -7.64777E+01 -4.06287E+00 -7.73494E+02
v -3.87832E+01 -4.06287E+00 -7.73494E+02
v -3.87832E+01 -4.06287E+00 -8.46185E+02
v -7.64777E+01 -4.06287E+00 -8.46185E+02
g vc_828
f  6625 6626 6627 6628
f  6625 6626 6630 6629
f  6627 6626 6630 6631
f  6628 6627 6631 6632
f  6628 6625 6629 6632
f  6629 6630 6631 6632
v  7.02845E+01  2.19389E+02 -1.69673E+02
v  1.13359E+02  2.19389E+02 -1.69673E+02
v  1.13359E+02  2.19389E+02 -2.05665E+02
v  7.02845E+01  2.19389E+02 -2.05665E+02
v  7.02845E+01 -4.06287E+00 -1.69673E+02
v  1.13359E+02 -4.06287E+00 -1.69673E+02
v  1.13359E+02 -4.06287E+00 -2.05665E+02
v  7.02845E+01 -4.06287E+00 -2.05665E+02
g vc_829
f  6633 6634 6635 6636
f  6633 6634 6638 6637
f  6635 6634 6638 6639
f  6636 6635 6639 6640
f  6636 6633 6637 6640
f  6637 6638 6639 6640
v  7.02845E+01  2.19389E+02 -2.05665E+02
v  1.13359E+02  2.19389E+02 -2.05665E+02
v  1.13359E+02  2.19389E+02 -2.92254E+02
v  7.02845E+01  2.19389E+02 -2.92254E+02
v  7.02845E+01 -4.06287E+00 -2.05665E+02
v  1.13359E+02 -4.06287E+00 -2.05665E+02
v  1.13359E+02 -4.06287E+00 -2.92254E+02
v  7.02845E+01 -4.06287E+00 -2.92254E+02
g vc_830
f  6641 6642 6643 6644
f  6641 6642 6646 6645
f  6643 6642 6646 6647
f  6644 6643 6647 6648
f  6644 6641 6645 6648
f  6645 6646 6647 6648
v -5.60993E+02  2.19389E+02 -5.97541E+02
v -5.41679E+02  2.19389E+02 -5.97541E+02
v -5.41679E+02  2.19389E+02 -6.85710E+02
v -5.60993E+02  2.19389E+02 -6.85710E+02
v -5.60993E+02 -4.06287E+00 -5.97541E+02
v -5.41679E+02 -4.06287E+00 -5.97541E+02
v -5.41679E+02 -4.06287E+00 -6.85710E+02
v -5.60993E+02 -4.06287E+00 -6.85710E+02
g vc_831
f  6649 6650 6651 6652
f  6649 6650 6654 6653
f  6651 6650 6654 6655
f  6652 6651 6655 6656
f  6652 6649 6653 6656
f  6653 6654 6655 6656
v -6.01430E+02  2.19389E+02 -5.97541E+02
v -5.60993E+02  2.19389E+02 -5.97541E+02
v -5.60993E+02  2.19389E+02 -6.85710E+02
v -6.01430E+02  2.19389E+02 -6.85710E+02
v -6.01430E+02 -4.06287E+00 -5.97541E+02
v -5.60993E+02 -4.06287E+00 -5.97541E+02
v -5.60993E+02 -4.06287E+00 -6.85710E+02
v -6.01430E+02 -4.06287E+00 -6.85710E+02
g vc_832
f  6657 6658 6659 6660
f  6657 6658 6662 6661
f  6659 6658 6662 6663
f  6660 6659 6663 6664
f  6660 6657 6661 6664
f  6661 6662 6663 6664
v -1.50368E+01  2.19389E+02  2.36264E+02
v  6.24147E+01  2.19389E+02  2.36264E+02
v  6.24147E+01  2.19389E+02  2.02224E+02
v -1.50368E+01  2.19389E+02  2.02224E+02
v -1.50368E+01 -4.06287E+00  2.36264E+02
v  6.24147E+01 -4.06287E+00  2.36264E+02
v  6.24147E+01 -4.06287E+00  2.02224E+02
v -1.50368E+01 -4.06287E+00  2.02224E+02
g vc_833
f  6665 6666 6667 6668
f  6665 6666 6670 6669
f  6667 6666 6670 6671
f  6668 6667 6671 6672
f  6668 6665 6669 6672
f  6669 6670 6671 6672
v -8.90872E+01  2.19389E+02  2.36264E+02
v -1.50368E+01  2.19389E+02  2.36264E+02
v -1.50368E+01  2.19389E+02  2.02224E+02
v -8.90872E+01  2.19389E+02  2.02224E+02
v -8.90872E+01 -4.06287E+00  2.36264E+02
v -1.50368E+01 -4.06287E+00  2.36264E+02
v -1.50368E+01 -4.06287E+00  2.02224E+02
v -8.90872E+01 -4.06287E+00  2.02224E+02
g vc_834
f  6673 6674 6675 6676
f  6673 6674 6678 6677
f  6675 6674 6678 6679
f  6676 6675 6679 6680
f  6676 6673 6677 6680
f  6677 6678 6679 6680
v -4.68115E+02  2.19389E+02  1.59443E+02
v -3.39808E+02  2.19389E+02  1.59443E+02
v -3.39808E+02  2.19389E+02  1.19973E+02
v -4.68115E+02  2.19389E+02  1.19973E+02
v -4.68115E+02  1.00223E+02  1.59443E+02
v -3.39808E+02  1.00223E+02  1.59443E+02
v -3.39808E+02  1.00223E+02  1.19973E+02
v -4.68115E+02  1.00223E+02  1.19973E+02
g vc_835
f  6681 6682 6683 6684
f  6681 6682 6686 6685
f  6683 6682 6686 6687
f  6684 6683 6687 6688
f  6684 6681 6685 6688
f  6685 6686 6687 6688
v -4.68115E+02  1.00223E+02  1.59443E+02
v -3.39808E+02  1.00223E+02  1.59443E+02
v -3.39808E+02  1.00223E+02  1.19973E+02
v -4.68115E+02  1.00223E+02  1.19973E+02
v -4.68115E+02 -4.06287E+00  1.59443E+02
v -3.39808E+02 -4.06287E+00  1.59443E+02
v -3.39808E+02 -4.06287E+00  1.19973E+02
v -4.68115E+02 -4.06287E+00  1.19973E+02
g vc_836
f  6689 6690 6691 6692
f  6689 6690 6694 6693
f  6691 6690 6694 6695
f  6692 6691 6695 6696
f  6692 6689 6693 6696
f  6693 6694 6695 6696
v -3.43097E+00  2.19389E+02 -6.46185E+02
v  4.78131E+01  2.19389E+02 -6.46185E+02
v  4.78131E+01  2.19389E+02 -6.94506E+02
v -3.43097E+00  2.19389E+02 -6.94506E+02
v -3.43097E+00 -4.06287E+00 -6.46185E+02
v  4.78131E+01 -4.06287E+00 -6.46185E+02
v  4.78131E+01 -4.06287E+00 -6.94506E+02
v -3.43097E+00 -4.06287E+00 -6.94506E+02
g vc_837
f  6697 6698 6699 6700
f  6697 6698 6702 6701
f  6699 6698 6702 6703
f  6700 6699 6703 6704
f  6700 6697 6701 6704
f  6701 6702 6703 6704
v -3.43097E+00  2.19389E+02 -6.94506E+02
v  4.78131E+01  2.19389E+02 -6.94506E+02
v  4.78131E+01  2.19389E+02 -7.45006E+02
v -3.43097E+00  2.19389E+02 -7.45006E+02
v -3.43097E+00 -4.06287E+00 -6.94506E+02
v  4.78131E+01 -4.06287E+00 -6.94506E+02
v  4.78131E+01 -4.06287E+00 -7.45006E+02
v -3.43097E+00 -4.06287E+00 -7.45006E+02
g vc_838
f  6705 6706 6707 6708
f  6705 6706 6710 6709
f  6707 6706 6710 6711
f  6708 6707 6711 6712
f  6708 6705 6709 6712
f  6709 6710 6711 6712
v  1.71176E+02  2.19389E+02 -1.16270E+03
v  2.57603E+02  2.19389E+02 -1.16270E+03
v  2.57603E+02  2.19389E+02 -1.22119E+03
v  1.71176E+02  2.19389E+02 -1.22119E+03
v  1.71176E+02  1.88948E+01 -1.16270E+03
v  2.57603E+02  1.88948E+01 -1.16270E+03
v  2.57603E+02  1.88948E+01 -1.22119E+03
v  1.71176E+02  1.88948E+01 -1.22119E+03
g vc_839
f  6713 6714 6715 6716
f  6713 6714 6718 6717
f  6715 6714 6718 6719
f  6716 6715 6719 6720
f  6716 6713 6717 6720
f  6717 6718 6719 6720
v  1.71176E+02  1.88948E+01 -1.16270E+03
v  2.57603E+02  1.88948E+01 -1.16270E+03
v  2.57603E+02  1.88948E+01 -1.22119E+03
v  1.71176E+02  1.88948E+01 -1.22119E+03
v  1.71176E+02 -4.06287E+00 -1.16270E+03
v  2.57603E+02 -4.06287E+00 -1.16270E+03
v  2.57603E+02 -4.06287E+00 -1.22119E+03
v  1.71176E+02 -4.06287E+00 -1.22119E+03
g vc_840
f  6721 6722 6723 6724
f  6721 6722 6726 6725
f  6723 6722 6726 6727
f  6724 6723 6727 6728
f  6724 6721 6725 6728
f  6725 6726 6727 6728
v -3.43097E+00  2.19389E+02 -7.94999E+02
v  9.52778E+01  2.19389E+02 -7.94999E+02
v  9.52778E+01  2.19389E+02 -8.46185E+02
v -3.43097E+00  2.19389E+02 -8.46185E+02
v -3.43097E+00  2.97357E+01 -7.94999E+02
v  9.52778E+01  2.97357E+01 -7.94999E+02
v  9.52778E+01  2.97357E+01 -8.46185E+02
v -3.43097E+00  2.97357E+01 -8.46185E+02
g vc_841
f  6729 6730 6731 6732
f  6729 6730 6734 6733
f  6731 6730 6734 6735
f  6732 6731 6735 6736
f  6732 6729 6733 6736
f  6733 6734 6735 6736
v -3.43097E+00  2.97357E+01 -7.94999E+02
v  9.52778E+01  2.97357E+01 -7.94999E+02
v  9.52778E+01  2.97357E+01 -8.46185E+02
v -3.43097E+00  2.97357E+01 -8.46185E+02
v -3.43097E+00 -4.06287E+00 -7.94999E+02
v  9.52778E+01 -4.06287E+00 -7.94999E+02
v  9.52778E+01 -4.06287E+00 -8.46185E+02
v -3.43097E+00 -4.06287E+00 -8.46185E+02
g vc_842
f  6737 6738 6739 6740
f  6737 6738 6742 6741
f  6739 6738 6742 6743
f  6740 6739 6743 6744
f  6740 6737 6741 6744
f  6741 6742 6743 6744
v  4.72935E+02  2.19389E+02 -2.25322E+02
v  5.51368E+02  2.19389E+02 -2.25322E+02
v  5.51368E+02  2.19389E+02 -2.57314E+02
v  4.72935E+02  2.19389E+02 -2.57314E+02
v  4.72935E+02 -4.06287E+00 -2.25322E+02
v  5.51368E+02 -4.06287E+00 -2.25322E+02
v  5.51368E+02 -4.06287E+00 -2.57314E+02
v  4.72935E+02 -4.06287E+00 -2.57314E+02
g vc_843
f  6745 6746 6747 6748
f  6745 6746 6750 6749
f  6747 6746 6750 6751
f  6748 6747 6751 6752
f  6748 6745 6749 6752
f  6749 6750 6751 6752
v  4.72935E+02  2.19389E+02 -2.57314E+02
v  5.51368E+02  2.19389E+02 -2.57314E+02
v  5.51368E+02  2.19389E+02 -2.89431E+02
v  4.72935E+02  2.19389E+02 -2.89431E+02
v  4.72935E+02 -4.06287E+00 -2.57314E+02
v  5.51368E+02 -4.06287E+00 -2.57314E+02
v  5.51368E+02 -4.06287E+00 -2.89431E+02
v  4.72935E+02 -4.06287E+00 -2.89431E+02
g vc_844
f  6753 6754 6755 6756
f  6753 6754 6758 6757
f  6755 6754 6758 6759
f  6756 6755 6759 6760
f  6756 6753 6757 6760
f  6757 6758 6759 6760
v  5.12800E+02  2.19389E+02 -1.61439E+02
v  5.51368E+02  2.19389E+02 -1.61439E+02
v  5.51368E+02  2.19389E+02 -2.25322E+02
v  5.12800E+02  2.19389E+02 -2.25322E+02
v  5.12800E+02 -4.06287E+00 -1.61439E+02
v  5.51368E+02 -4.06287E+00 -1.61439E+02
v  5.51368E+02 -4.06287E+00 -2.25322E+02
v  5.12800E+02 -4.06287E+00 -2.25322E+02
g vc_845
f  6761 6762 6763 6764
f  6761 6762 6766 6765
f  6763 6762 6766 6767
f  6764 6763 6767 6768
f  6764 6761 6765 6768
f  6765 6766 6767 6768
v  4.72935E+02  2.19389E+02 -1.61439E+02
v  5.12800E+02  2.19389E+02 -1.61439E+02
v  5.12800E+02  2.19389E+02 -2.25322E+02
v  4.72935E+02  2.19389E+02 -2.25322E+02
v  4.72935E+02 -4.06287E+00 -1.61439E+02
v  5.12800E+02 -4.06287E+00 -1.61439E+02
v  5.12800E+02 -4.06287E+00 -2.25322E+02
v  4.72935E+02 -4.06287E+00 -2.25322E+02
g vc_846
f  6769 6770 6771 6772
f  6769 6770 6774 6773
f  6771 6770 6774 6775
f  6772 6771 6775 6776
f  6772 6769 6773 6776
f  6773 6774 6775 6776
v -6.81052E+02  2.19389E+02 -6.49801E+02
v -6.01430E+02  2.19389E+02 -6.49801E+02
v -6.01430E+02  2.19389E+02 -7.12640E+02
v -6.81052E+02  2.19389E+02 -7.12640E+02
v -6.81052E+02  1.04417E+02 -6.49801E+02
v -6.01430E+02  1.04417E+02 -6.49801E+02
v -6.01430E+02  1.04417E+02 -7.12640E+02
v -6.81052E+02  1.04417E+02 -7.12640E+02
g vc_847
f  6777 6778 6779 6780
f  6777 6778 6782 6781
f  6779 6778 6782 6783
f  6780 6779 6783 6784
f  6780 6777 6781 6784
f  6781 6782 6783 6784
v -6.81052E+02  1.04417E+02 -6.49801E+02
v -6.01430E+02  1.04417E+02 -6.49801E+02
v -6.01430E+02  1.04417E+02 -7.12640E+02
v -6.81052E+02  1.04417E+02 -7.12640E+02
v -6.81052E+02 -4.06287E+00 -6.49801E+02
v -6.01430E+02 -4.06287E+00 -6.49801E+02
v -6.01430E+02 -4.06287E+00 -7.12640E+02
v -6.81052E+02 -4.06287E+00 -7.12640E+02
g vc_848
f  6785 6786 6787 6788
f  6785 6786 6790 6789
f  6787 6786 6790 6791
f  6788 6787 6791 6792
f  6788 6785 6789 6792
f  6789 6790 6791 6792
v  4.70690E+01  2.19389E+02 -7.45006E+02
v  9.52778E+01  2.19389E+02 -7.45006E+02
v  9.52778E+01  2.19389E+02 -7.94999E+02
v  4.70690E+01  2.19389E+02 -7.94999E+02
v  4.70690E+01 -4.06287E+00 -7.45006E+02
v  9.52778E+01 -4.06287E+00 -7.45006E+02
v  9.52778E+01 -4.06287E+00 -7.94999E+02
v  4.70690E+01 -4.06287E+00 -7.94999E+02
g vc_849
f  6793 6794 6795 6796
f  6793 6794 6798 6797
f  6795 6794 6798 6799
f  6796 6795 6799 6800
f  6796 6793 6797 6800
f  6797 6798 6799 6800
v -3.43097E+00  2.19389E+02 -7.45006E+02
v  4.70690E+01  2.19389E+02 -7.45006E+02
v  4.70690E+01  2.19389E+02 -7.94999E+02
v -3.43097E+00  2.19389E+02 -7.94999E+02
v -3.43097E+00 -4.06287E+00 -7.45006E+02
v  4.70690E+01 -4.06287E+00 -7.45006E+02
v  4.70690E+01 -4.06287E+00 -7.94999E+02
v -3.43097E+00 -4.06287E+00 -7.94999E+02
g vc_850
f  6801 6802 6803 6804
f  6801 6802 6806 6805
f  6803 6802 6806 6807
f  6804 6803 6807 6808
f  6804 6801 6805 6808
f  6805 6806 6807 6808
v -2.02064E+02  2.19389E+02 -4.15022E+01
v -1.46825E+02  2.19389E+02 -4.15022E+01
v -1.46825E+02  2.19389E+02 -8.45228E+01
v -2.02064E+02  2.19389E+02 -8.45228E+01
v -2.02064E+02 -4.06287E+00 -4.15022E+01
v -1.46825E+02 -4.06287E+00 -4.15022E+01
v -1.46825E+02 -4.06287E+00 -8.45228E+01
v -2.02064E+02 -4.06287E+00 -8.45228E+01
g vc_851
f  6809 6810 6811 6812
f  6809 6810 6814 6813
f  6811 6810 6814 6815
f  6812 6811 6815 6816
f  6812 6809 6813 6816
f  6813 6814 6815 6816
v -2.02064E+02  2.19389E+02 -8.45228E+01
v -1.46825E+02  2.19389E+02 -8.45228E+01
v -1.46825E+02  2.19389E+02 -1.30023E+02
v -2.02064E+02  2.19389E+02 -1.30023E+02
v -2.02064E+02 -4.06287E+00 -8.45228E+01
v -1.46825E+02 -4.06287E+00 -8.45228E+01
v -1.46825E+02 -4.06287E+00 -1.30023E+02
v -2.02064E+02 -4.06287E+00 -1.30023E+02
g vc_852
f  6817 6818 6819 6820
f  6817 6818 6822 6821
f  6819 6818 6822 6823
f  6820 6819 6823 6824
f  6820 6817 6821 6824
f  6821 6822 6823 6824
v -4.63282E+01  2.19389E+02 -2.92254E+02
v  2.89762E+01  2.19389E+02 -2.92254E+02
v  2.89762E+01  2.19389E+02 -3.28652E+02
v -4.63282E+01  2.19389E+02 -3.28652E+02
v -4.63282E+01 -4.06287E+00 -2.92254E+02
v  2.89762E+01 -4.06287E+00 -2.92254E+02
v  2.89762E+01 -4.06287E+00 -3.28652E+02
v -4.63282E+01 -4.06287E+00 -3.28652E+02
g vc_853
f  6825 6826 6827 6828
f  6825 6826 6830 6829
f  6827 6826 6830 6831
f  6828 6827 6831 6832
f  6828 6825 6829 6832
f  6829 6830 6831 6832
v -4.63282E+01  2.19389E+02 -3.28652E+02
v  2.89762E+01  2.19389E+02 -3.28652E+02
v  2.89762E+01  2.19389E+02 -3.56185E+02
v -4.63282E+01  2.19389E+02 -3.56185E+02
v -4.63282E+01 -4.06287E+00 -3.28652E+02
v  2.89762E+01 -4.06287E+00 -3.28652E+02
v  2.89762E+01 -4.06287E+00 -3.56185E+02
v -4.63282E+01 -4.06287E+00 -3.56185E+02
g vc_854
f  6833 6834 6835 6836
f  6833 6834 6838 6837
f  6835 6834 6838 6839
f  6836 6835 6839 6840
f  6836 6833 6837 6840
f  6837 6838 6839 6840
v  4.78131E+01  2.19389E+02 -6.46185E+02
v  9.64516E+01  2.19389E+02 -6.46185E+02
v  9.64516E+01  2.19389E+02 -6.94506E+02
v  4.78131E+01  2.19389E+02 -6.94506E+02
v  4.78131E+01 -4.06287E+00 -6.46185E+02
v  9.64516E+01 -4.06287E+00 -6.46185E+02
v  9.64516E+01 -4.06287E+00 -6.94506E+02
v  4.78131E+01 -4.06287E+00 -6.94506E+02
g vc_855
f  6841 6842 6843 6844
f  6841 6842 6846 6845
f  6843 6842 6846 6847
f  6844 6843 6847 6848
f  6844 6841 6845 6848
f  6845 6846 6847 6848
v  4.78131E+01  2.19389E+02 -6.94506E+02
v  9.64516E+01  2.19389E+02 -6.94506E+02
v  9.64516E+01  2.19389E+02 -7.45006E+02
v  4.78131E+01  2.19389E+02 -7.45006E+02
v  4.78131E+01 -4.06287E+00 -6.94506E+02
v  9.64516E+01 -4.06287E+00 -6.94506E+02
v  9.64516E+01 -4.06287E+00 -7.45006E+02
v  4.78131E+01 -4.06287E+00 -7.45006E+02
g vc_856
f  6849 6850 6851 6852
f  6849 6850 6854 6853
f  6851 6850 6854 6855
f  6852 6851 6855 6856
f  6852 6849 6853 6856
f  6853 6854 6855 6856
v  3.68922E+02  2.19389E+02  1.98540E+02
v  4.34466E+02  2.19389E+02  1.98540E+02
v  4.34466E+02  2.19389E+02  1.55506E+02
v  3.68922E+02  2.19389E+02  1.55506E+02
v  3.68922E+02 -4.06287E+00  1.98540E+02
v  4.34466E+02 -4.06287E+00  1.98540E+02
v  4.34466E+02 -4.06287E+00  1.55506E+02
v  3.68922E+02 -4.06287E+00  1.55506E+02
g vc_857
f  6857 6858 6859 6860
f  6857 6858 6862 6861
f  6859 6858 6862 6863
f  6860 6859 6863 6864
f  6860 6857 6861 6864
f  6861 6862 6863 6864
v  3.22936E+02  2.19389E+02  1.98540E+02
v  3.68922E+02  2.19389E+02  1.98540E+02
v  3.68922E+02  2.19389E+02  1.55506E+02
v  3.22936E+02  2.19389E+02  1.55506E+02
v  3.22936E+02 -4.06287E+00  1.98540E+02
v  3.68922E+02 -4.06287E+00  1.98540E+02
v  3.68922E+02 -4.06287E+00  1.55506E+02
v  3.22936E+02 -4.06287E+00  1.55506E+02
g vc_858
f  6865 6866 6867 6868
f  6865 6866 6870 6869
f  6867 6866 6870 6871
f  6868 6867 6871 6872
f  6868 6865 6869 6872
f  6869 6870 6871 6872
v  3.22936E+02  2.19389E+02  3.24701E+02
v  4.02019E+02  2.19389E+02  3.24701E+02
v  4.02019E+02  2.19389E+02  3.03058E+02
v  3.22936E+02  2.19389E+02  3.03058E+02
v  3.22936E+02 -4.06287E+00  3.24701E+02
v  4.02019E+02 -4.06287E+00  3.24701E+02
v  4.02019E+02 -4.06287E+00  3.03058E+02
v  3.22936E+02 -4.06287E+00  3.03058E+02
g vc_859
f  6873 6874 6875 6876
f  6873 6874 6878 6877
f  6875 6874 6878 6879
f  6876 6875 6879 6880
f  6876 6873 6877 6880
f  6877 6878 6879 6880
v  3.22936E+02  2.19389E+02  3.03058E+02
v  4.02019E+02  2.19389E+02  3.03058E+02
v  4.02019E+02  2.19389E+02  2.64313E+02
v  3.22936E+02  2.19389E+02  2.64313E+02
v  3.22936E+02 -4.06287E+00  3.03058E+02
v  4.02019E+02 -4.06287E+00  3.03058E+02
v  4.02019E+02 -4.06287E+00  2.64313E+02
v  3.22936E+02 -4.06287E+00  2.64313E+02
g vc_860
f  6881 6882 6883 6884
f  6881 6882 6886 6885
f  6883 6882 6886 6887
f  6884 6883 6887 6888
f  6884 6881 6885 6888
f  6885 6886 6887 6888
v -5.01661E+02  2.19389E+02 -1.20062E+02
v -4.31945E+02  2.19389E+02 -1.20062E+02
v -4.31945E+02  2.19389E+02 -2.43187E+02
v -5.01661E+02  2.19389E+02 -2.43187E+02
v -5.01661E+02  1.56081E+02 -1.20062E+02
v -4.31945E+02  1.56081E+02 -1.20062E+02
v -4.31945E+02  1.56081E+02 -2.43187E+02
v -5.01661E+02  1.56081E+02 -2.43187E+02
g vc_861
f  6889 6890 6891 6892
f  6889 6890 6894 6893
f  6891 6890 6894 6895
f  6892 6891 6895 6896
f  6892 6889 6893 6896
f  6893 6894 6895 6896
v -5.01661E+02  1.56081E+02 -1.20062E+02
v -4.31945E+02  1.56081E+02 -1.20062E+02
v -4.31945E+02  1.56081E+02 -2.43187E+02
v -5.01661E+02  1.56081E+02 -2.43187E+02
v -5.01661E+02  9.59985E+01 -1.20062E+02
v -4.31945E+02  9.59985E+01 -1.20062E+02
v -4.31945E+02  9.59985E+01 -2.43187E+02
v -5.01661E+02  9.59985E+01 -2.43187E+02
g vc_862
f  6897 6898 6899 6900
f  6897 6898 6902 6901
f  6899 6898 6902 6903
f  6900 6899 6903 6904
f  6900 6897 6901 6904
f  6901 6902 6903 6904
v  9.30188E+00  2.19389E+02 -3.56185E+02
v  5.08734E+01  2.19389E+02 -3.56185E+02
v  5.08734E+01  2.19389E+02 -4.11369E+02
v  9.30188E+00  2.19389E+02 -4.11369E+02
v  9.30188E+00 -4.06287E+00 -3.56185E+02
v  5.08734E+01 -4.06287E+00 -3.56185E+02
v  5.08734E+01 -4.06287E+00 -4.11369E+02
v  9.30188E+00 -4.06287E+00 -4.11369E+02
g vc_863
f  6905 6906 6907 6908
f  6905 6906 6910 6909
f  6907 6906 6910 6911
f  6908 6907 6911 6912
f  6908 6905 6909 6912
f  6909 6910 6911 6912
v -3.31981E+01  2.19389E+02 -3.56185E+02
v  9.30188E+00  2.19389E+02 -3.56185E+02
v  9.30188E+00  2.19389E+02 -4.11369E+02
v -3.31981E+01  2.19389E+02 -4.11369E+02
v -3.31981E+01 -4.06287E+00 -3.56185E+02
v  9.30188E+00 -4.06287E+00 -3.56185E+02
v  9.30188E+00 -4.06287E+00 -4.11369E+02
v -3.31981E+01 -4.06287E+00 -4.11369E+02
g vc_864
f  6913 6914 6915 6916
f  6913 6914 6918 6917
f  6915 6914 6918 6919
f  6916 6915 6919 6920
f  6916 6913 6917 6920
f  6917 6918 6919 6920
v -4.68115E+02  2.19389E+02  2.63745E+01
v -3.39808E+02  2.19389E+02  2.63745E+01
v -3.39808E+02  2.19389E+02 -4.01597E+01
v -4.68115E+02  2.19389E+02 -4.01597E+01
v -4.68115E+02  1.68917E+02  2.63745E+01
v -3.39808E+02  1.68917E+02  2.63745E+01
v -3.39808E+02  1.68917E+02 -4.01597E+01
v -4.68115E+02  1.68917E+02 -4.01597E+01
g vc_865
f  6921 6922 6923 6924
f  6921 6922 6926 6925
f  6923 6922 6926 6927
f  6924 6923 6927 6928
f  6924 6921 6925 6928
f  6925 6926 6927 6928
v -4.68115E+02  1.68917E+02  2.63745E+01
v -3.39808E+02  1.68917E+02  2.63745E+01
v -3.39808E+02  1.68917E+02 -4.01597E+01
v -4.68115E+02  1.68917E+02 -4.01597E+01
v -4.68115E+02  1.00223E+02  2.63745E+01
v -3.39808E+02  1.00223E+02  2.63745E+01
v -3.39808E+02  1.00223E+02 -4.01597E+01
v -4.68115E+02  1.00223E+02 -4.01597E+01
g vc_866
f  6929 6930 6931 6932
f  6929 6930 6934 6933
f  6931 6930 6934 6935
f  6932 6931 6935 6936
f  6932 6929 6933 6936
f  6933 6934 6935 6936
v -4.07617E+02  2.19389E+02 -5.10719E+02
v -3.54617E+02  2.19389E+02 -5.10719E+02
v -3.54617E+02  2.19389E+02 -5.66185E+02
v -4.07617E+02  2.19389E+02 -5.66185E+02
v -4.07617E+02 -4.06287E+00 -5.10719E+02
v -3.54617E+02 -4.06287E+00 -5.10719E+02
v -3.54617E+02 -4.06287E+00 -5.66185E+02
v -4.07617E+02 -4.06287E+00 -5.66185E+02
g vc_867
f  6937 6938 6939 6940
f  6937 6938 6942 6941
f  6939 6938 6942 6943
f  6940 6939 6943 6944
f  6940 6937 6941 6944
f  6941 6942 6943 6944
v -4.34117E+02  2.19389E+02 -5.10719E+02
v -4.07617E+02  2.19389E+02 -5.10719E+02
v -4.07617E+02  2.19389E+02 -5.66185E+02
v -4.34117E+02  2.19389E+02 -5.66185E+02
v -4.34117E+02 -4.06287E+00 -5.10719E+02
v -4.07617E+02 -4.06287E+00 -5.10719E+02
v -4.07617E+02 -4.06287E+00 -5.66185E+02
v -4.34117E+02 -4.06287E+00 -5.66185E+02
g vc_868
f  6945 6946 6947 6948
f  6945 6946 6950 6949
f  6947 6946 6950 6951
f  6948 6947 6951 6952
f  6948 6945 6949 6952
f  6949 6950 6951 6952
v -5.52064E+02  2.19389E+02  2.45266E+02
v -4.88676E+02  2.19389E+02  2.45266E+02
v -4.88676E+02  2.19389E+02  1.19950E+02
v -5.52064E+02  2.19389E+02  1.19950E+02
v -5.52064E+02  1.59685E+02  2.45266E+02
v -4.88676E+02  1.59685E+02  2.45266E+02
v -4.88676E+02  1.59685E+02  1.19950E+02
v -5.52064E+02  1.59685E+02  1.19950E+02
g vc_869
f  6953 6954 6955 6956
f  6953 6954 6958 6957
f  6955 6954 6958 6959
f  6956 6955 6959 6960
f  6956 6953 6957 6960
f  6957 6958 6959 6960
v -5.52064E+02  1.59685E+02  2.45266E+02
v -4.88676E+02  1.59685E+02  2.45266E+02
v -4.88676E+02  1.59685E+02  1.19950E+02
v -5.52064E+02  1.59685E+02  1.19950E+02
v -5.52064E+02  9.55532E+01  2.45266E+02
v -4.88676E+02  9.55532E+01  2.45266E+02
v -4.88676E+02  9.55532E+01  1.19950E+02
v -5.52064E+02  9.55532E+01  1.19950E+02
g vc_870
f  6961 6962 6963 6964
f  6961 6962 6966 6965
f  6963 6962 6966 6967
f  6964 6963 6967 6968
f  6964 6961 6965 6968
f  6965 6966 6967 6968
v -8.21939E+02  2.19389E+02 -5.66185E+02
v -7.68694E+02  2.19389E+02 -5.66185E+02
v -7.68694E+02  2.19389E+02 -7.37277E+02
v -8.21939E+02  2.19389E+02 -7.37277E+02
v -8.21939E+02  1.83323E+02 -5.66185E+02
v -7.68694E+02  1.83323E+02 -5.66185E+02
v -7.68694E+02  1.83323E+02 -7.37277E+02
v -8.21939E+02  1.83323E+02 -7.37277E+02
g vc_871
f  6969 6970 6971 6972
f  6969 6970 6974 6973
f  6971 6970 6974 6975
f  6972 6971 6975 6976
f  6972 6969 6973 6976
f  6973 6974 6975 6976
v -8.21939E+02  1.83323E+02 -5.66185E+02
v -7.68694E+02  1.83323E+02 -5.66185E+02
v -7.68694E+02  1.83323E+02 -7.37277E+02
v -8.21939E+02  1.83323E+02 -7.37277E+02
v -8.21939E+02  1.11503E+02 -5.66185E+02
v -7.68694E+02  1.11503E+02 -5.66185E+02
v -7.68694E+02  1.11503E+02 -7.37277E+02
v -8.21939E+02  1.11503E+02 -7.37277E+02
g vc_872
f  6977 6978 6979 6980
f  6977 6978 6982 6981
f  6979 6978 6982 6983
f  6980 6979 6983 6984
f  6980 6977 6981 6984
f  6981 6982 6983 6984
v -1.46825E+02  2.19389E+02 -4.15022E+01
v -9.71505E+01  2.19389E+02 -4.15022E+01
v -9.71505E+01  2.19389E+02 -8.45228E+01
v -1.46825E+02  2.19389E+02 -8.45228E+01
v -1.46825E+02 -4.06287E+00 -4.15022E+01
v -9.71505E+01 -4.06287E+00 -4.15022E+01
v -9.71505E+01 -4.06287E+00 -8.45228E+01
v -1.46825E+02 -4.06287E+00 -8.45228E+01
g vc_873
f  6985 6986 6987 6988
f  6985 6986 6990 6989
f  6987 6986 6990 6991
f  6988 6987 6991 6992
f  6988 6985 6989 6992
f  6989 6990 6991 6992
v -1.46825E+02  2.19389E+02 -8.45228E+01
v -9.71505E+01  2.19389E+02 -8.45228E+01
v -9.71505E+01  2.19389E+02 -1.30023E+02
v -1.46825E+02  2.19389E+02 -1.30023E+02
v -1.46825E+02 -4.06287E+00 -8.45228E+01
v -9.71505E+01 -4.06287E+00 -8.45228E+01
v -9.71505E+01 -4.06287E+00 -1.30023E+02
v -1.46825E+02 -4.06287E+00 -1.30023E+02
g vc_874
f  6993 6994 6995 6996
f  6993 6994 6998 6997
f  6995 6994 6998 6999
f  6996 6995 6999 7000
f  6996 6993 6997 7000
f  6997 6998 6999 7000
v -4.34117E+02  2.19389E+02 -4.55470E+02
v -3.54617E+02  2.19389E+02 -4.55470E+02
v -3.54617E+02  2.19389E+02 -5.10719E+02
v -4.34117E+02  2.19389E+02 -5.10719E+02
v -4.34117E+02  1.20679E+02 -4.55470E+02
v -3.54617E+02  1.20679E+02 -4.55470E+02
v -3.54617E+02  1.20679E+02 -5.10719E+02
v -4.34117E+02  1.20679E+02 -5.10719E+02
g vc_875
f  7001 7002 7003 7004
f  7001 7002 7006 7005
f  7003 7002 7006 7007
f  7004 7003 7007 7008
f  7004 7001 7005 7008
f  7005 7006 7007 7008
v -4.34117E+02  1.20679E+02 -4.55470E+02
v -3.54617E+02  1.20679E+02 -4.55470E+02
v -3.54617E+02  1.20679E+02 -5.10719E+02
v -4.34117E+02  1.20679E+02 -5.10719E+02
v -4.34117E+02 -4.06287E+00 -4.55470E+02
v -3.54617E+02 -4.06287E+00 -4.55470E+02
v -3.54617E+02 -4.06287E+00 -5.10719E+02
v -4.34117E+02 -4.06287E+00 -5.10719E+02
g vc_876
f  7009 7010 7011 7012
f  7009 7010 7014 7013
f  7011 7010 7014 7015
f  7012 7011 7015 7016
f  7012 7009 7013 7016
f  7013 7014 7015 7016
v  8.93513E+01  2.19389E+02 -4.96555E+02
v  1.32519E+02  2.19389E+02 -4.96555E+02
v  1.32519E+02  2.19389E+02 -5.46639E+02
v  8.93513E+01  2.19389E+02 -5.46639E+02
v  8.93513E+01 -4.06287E+00 -4.96555E+02
v  1.32519E+02 -4.06287E+00 -4.96555E+02
v  1.32519E+02 -4.06287E+00 -5.46639E+02
v  8.93513E+01 -4.06287E+00 -5.46639E+02
g vc_877
f  7017 7018 7019 7020
f  7017 7018 7022 7021
f  7019 7018 7022 7023
f  7020 7019 7023 7024
f  7020 7017 7021 7024
f  7021 7022 7023 7024
v  4.48513E+01  2.19389E+02 -4.96555E+02
v  8.93513E+01  2.19389E+02 -4.96555E+02
v  8.93513E+01  2.19389E+02 -5.46639E+02
v  4.48513E+01  2.19389E+02 -5.46639E+02
v  4.48513E+01 -4.06287E+00 -4.96555E+02
v  8.93513E+01 -4.06287E+00 -4.96555E+02
v  8.93513E+01 -4.06287E+00 -5.46639E+02
v  4.48513E+01 -4.06287E+00 -5.46639E+02
g vc_878
f  7025 7026 7027 7028
f  7025 7026 7030 7029
f  7027 7026 7030 7031
f  7028 7027 7031 7032
f  7028 7025 7029 7032
f  7029 7030 7031 7032
v -3.54617E+02  2.19389E+02 -5.10719E+02
v -2.75505E+02  2.19389E+02 -5.10719E+02
v -2.75505E+02  2.19389E+02 -5.37685E+02
v -3.54617E+02  2.19389E+02 -5.37685E+02
v -3.54617E+02 -4.06287E+00 -5.10719E+02
v -2.75505E+02 -4.06287E+00 -5.10719E+02
v -2.75505E+02 -4.06287E+00 -5.37685E+02
v -3.54617E+02 -4.06287E+00 -5.37685E+02
g vc_879
f  7033 7034 7035 7036
f  7033 7034 7038 7037
f  7035 7034 7038 7039
f  7036 7035 7039 7040
f  7036 7033 7037 7040
f  7037 7038 7039 7040
v -3.54617E+02  2.19389E+02 -5.37685E+02
v -2.75505E+02  2.19389E+02 -5.37685E+02
v -2.75505E+02  2.19389E+02 -5.66185E+02
v -3.54617E+02  2.19389E+02 -5.66185E+02
v -3.54617E+02 -4.06287E+00 -5.37685E+02
v -2.75505E+02 -4.06287E+00 -5.37685E+02
v -2.75505E+02 -4.06287E+00 -5.66185E+02
v -3.54617E+02 -4.06287E+00 -5.66185E+02
g vc_880
f  7041 7042 7043 7044
f  7041 7042 7046 7045
f  7043 7042 7046 7047
f  7044 7043 7047 7048
f  7044 7041 7045 7048
f  7045 7046 7047 7048
v -3.54617E+02  2.19389E+02 -4.55470E+02
v -2.75505E+02  2.19389E+02 -4.55470E+02
v -2.75505E+02  2.19389E+02 -4.82219E+02
v -3.54617E+02  2.19389E+02 -4.82219E+02
v -3.54617E+02 -4.06287E+00 -4.55470E+02
v -2.75505E+02 -4.06287E+00 -4.55470E+02
v -2.75505E+02 -4.06287E+00 -4.82219E+02
v -3.54617E+02 -4.06287E+00 -4.82219E+02
g vc_881
f  7049 7050 7051 7052
f  7049 7050 7054 7053
f  7051 7050 7054 7055
f  7052 7051 7055 7056
f  7052 7049 7053 7056
f  7053 7054 7055 7056
v -3.54617E+02  2.19389E+02 -4.82219E+02
v -2.75505E+02  2.19389E+02 -4.82219E+02
v -2.75505E+02  2.19389E+02 -5.10719E+02
v -3.54617E+02  2.19389E+02 -5.10719E+02
v -3.54617E+02 -4.06287E+00 -4.82219E+02
v -2.75505E+02 -4.06287E+00 -4.82219E+02
v -2.75505E+02 -4.06287E+00 -5.10719E+02
v -3.54617E+02 -4.06287E+00 -5.10719E+02
g vc_882
f  7057 7058 7059 7060
f  7057 7058 7062 7061
f  7059 7058 7062 7063
f  7060 7059 7063 7064
f  7060 7057 7061 7064
f  7061 7062 7063 7064
v  2.00227E+02  2.19389E+02  2.63717E+02
v  2.65423E+02  2.19389E+02  2.63717E+02
v  2.65423E+02  2.19389E+02  2.30482E+02
v  2.00227E+02  2.19389E+02  2.30482E+02
v  2.00227E+02 -4.06287E+00  2.63717E+02
v  2.65423E+02 -4.06287E+00  2.63717E+02
v  2.65423E+02 -4.06287E+00  2.30482E+02
v  2.00227E+02 -4.06287E+00  2.30482E+02
g vc_883
f  7065 7066 7067 7068
f  7065 7066 7070 7069
f  7067 7066 7070 7071
f  7068 7067 7071 7072
f  7068 7065 7069 7072
f  7069 7070 7071 7072
v  2.00227E+02  2.19389E+02  2.30482E+02
v  2.65423E+02  2.19389E+02  2.30482E+02
v  2.65423E+02  2.19389E+02  1.96675E+02
v  2.00227E+02  2.19389E+02  1.96675E+02
v  2.00227E+02 -4.06287E+00  2.30482E+02
v  2.65423E+02 -4.06287E+00  2.30482E+02
v  2.65423E+02 -4.06287E+00  1.96675E+02
v  2.00227E+02 -4.06287E+00  1.96675E+02
g vc_884
f  7073 7074 7075 7076
f  7073 7074 7078 7077
f  7075 7074 7078 7079
f  7076 7075 7079 7080
f  7076 7073 7077 7080
f  7077 7078 7079 7080
v  2.32889E+02  2.19389E+02  3.29775E+02
v  2.65423E+02  2.19389E+02  3.29775E+02
v  2.65423E+02  2.19389E+02  2.63717E+02
v  2.32889E+02  2.19389E+02  2.63717E+02
v  2.32889E+02 -4.06287E+00  3.29775E+02
v  2.65423E+02 -4.06287E+00  3.29775E+02
v  2.65423E+02 -4.06287E+00  2.63717E+02
v  2.32889E+02 -4.06287E+00  2.63717E+02
g vc_885
f  7081 7082 7083 7084
f  7081 7082 7086 7085
f  7083 7082 7086 7087
f  7084 7083 7087 7088
f  7084 7081 7085 7088
f  7085 7086 7087 7088
v  2.00227E+02  2.19389E+02  3.29775E+02
v  2.32889E+02  2.19389E+02  3.29775E+02
v  2.32889E+02  2.19389E+02  2.63717E+02
v  2.00227E+02  2.19389E+02  2.63717E+02
v  2.00227E+02 -4.06287E+00  3.29775E+02
v  2.32889E+02 -4.06287E+00  3.29775E+02
v  2.32889E+02 -4.06287E+00  2.63717E+02
v  2.00227E+02 -4.06287E+00  2.63717E+02
g vc_886
f  7089 7090 7091 7092
f  7089 7090 7094 7093
f  7091 7090 7094 7095
f  7092 7091 7095 7096
f  7092 7089 7093 7096
f  7093 7094 7095 7096
v -1.57381E+02  2.19389E+02  8.28251E+01
v -8.90872E+01  2.19389E+02  8.28251E+01
v -8.90872E+01  2.19389E+02  1.98004E+01
v -1.57381E+02  2.19389E+02  1.98004E+01
v -1.57381E+02  1.21525E+02  8.28251E+01
v -8.90872E+01  1.21525E+02  8.28251E+01
v -8.90872E+01  1.21525E+02  1.98004E+01
v -1.57381E+02  1.21525E+02  1.98004E+01
g vc_887
f  7097 7098 7099 7100
f  7097 7098 7102 7101
f  7099 7098 7102 7103
f  7100 7099 7103 7104
f  7100 7097 7101 7104
f  7101 7102 7103 7104
v -1.57381E+02  1.21525E+02  8.28251E+01
v -8.90872E+01  1.21525E+02  8.28251E+01
v -8.90872E+01  1.21525E+02  1.98004E+01
v -1.57381E+02  1.21525E+02  1.98004E+01
v -1.57381E+02 -4.06287E+00  8.28251E+01
v -8.90872E+01 -4.06287E+00  8.28251E+01
v -8.90872E+01 -4.06287E+00  1.98004E+01
v -1.57381E+02 -4.06287E+00  1.98004E+01
g vc_888
f  7105 7106 7107 7108
f  7105 7106 7110 7109
f  7107 7106 7110 7111
f  7108 7107 7111 7112
f  7108 7105 7109 7112
f  7109 7110 7111 7112
v -1.22845E+02  2.19389E+02  1.45196E+02
v -8.90872E+01  2.19389E+02  1.45196E+02
v -8.90872E+01  2.19389E+02  8.28251E+01
v -1.22845E+02  2.19389E+02  8.28251E+01
v -1.22845E+02 -4.06287E+00  1.45196E+02
v -8.90872E+01 -4.06287E+00  1.45196E+02
v -8.90872E+01 -4.06287E+00  8.28251E+01
v -1.22845E+02 -4.06287E+00  8.28251E+01
g vc_889
f  7113 7114 7115 7116
f  7113 7114 7118 7117
f  7115 7114 7118 7119
f  7116 7115 7119 7120
f  7116 7113 7117 7120
f  7117 7118 7119 7120
v -1.57381E+02  2.19389E+02  1.45196E+02
v -1.22845E+02  2.19389E+02  1.45196E+02
v -1.22845E+02  2.19389E+02  8.28251E+01
v -1.57381E+02  2.19389E+02  8.28251E+01
v -1.57381E+02 -4.06287E+00  1.45196E+02
v -1.22845E+02 -4.06287E+00  1.45196E+02
v -1.22845E+02 -4.06287E+00  8.28251E+01
v -1.57381E+02 -4.06287E+00  8.28251E+01
g vc_890
f  7121 7122 7123 7124
f  7121 7122 7126 7125
f  7123 7122 7126 7127
f  7124 7123 7127 7128
f  7124 7121 7125 7128
f  7125 7126 7127 7128
v  8.93513E+01  2.19389E+02 -4.49054E+02
v  1.32519E+02  2.19389E+02 -4.49054E+02
v  1.32519E+02  2.19389E+02 -4.96555E+02
v  8.93513E+01  2.19389E+02 -4.96555E+02
v  8.93513E+01 -4.06287E+00 -4.49054E+02
v  1.32519E+02 -4.06287E+00 -4.49054E+02
v  1.32519E+02 -4.06287E+00 -4.96555E+02
v  8.93513E+01 -4.06287E+00 -4.96555E+02
g vc_891
f  7129 7130 7131 7132
f  7129 7130 7134 7133
f  7131 7130 7134 7135
f  7132 7131 7135 7136
f  7132 7129 7133 7136
f  7133 7134 7135 7136
v  4.48513E+01  2.19389E+02 -4.49054E+02
v  8.93513E+01  2.19389E+02 -4.49054E+02
v  8.93513E+01  2.19389E+02 -4.96555E+02
v  4.48513E+01  2.19389E+02 -4.96555E+02
v  4.48513E+01 -4.06287E+00 -4.49054E+02
v  8.93513E+01 -4.06287E+00 -4.49054E+02
v  8.93513E+01 -4.06287E+00 -4.96555E+02
v  4.48513E+01 -4.06287E+00 -4.96555E+02
g vc_892
f  7137 7138 7139 7140
f  7137 7138 7142 7141
f  7139 7138 7142 7143
f  7140 7139 7143 7144
f  7140 7137 7141 7144
f  7141 7142 7143 7144
v -4.93400E+02  2.19389E+02  7.26943E+01
v -4.68115E+02  2.19389E+02  7.26943E+01
v -4.68115E+02  2.19389E+02  2.32596E+01
v -4.93400E+02  2.19389E+02  2.32596E+01
v -4.93400E+02 -4.06287E+00  7.26943E+01
v -4.68115E+02 -4.06287E+00  7.26943E+01
v -4.68115E+02 -4.06287E+00  2.32596E+01
v -4.93400E+02 -4.06287E+00  2.32596E+01
g vc_893
f  7145 7146 7147 7148
f  7145 7146 7150 7149
f  7147 7146 7150 7151
f  7148 7147 7151 7152
f  7148 7145 7149 7152
f  7149 7150 7151 7152
v -5.52064E+02  2.19389E+02  7.26943E+01
v -4.93400E+02  2.19389E+02  7.26943E+01
v -4.93400E+02  2.19389E+02  2.32596E+01
v -5.52064E+02  2.19389E+02  2.32596E+01
v -5.52064E+02 -4.06287E+00  7.26943E+01
v -4.93400E+02 -4.06287E+00  7.26943E+01
v -4.93400E+02 -4.06287E+00  2.32596E+01
v -5.52064E+02 -4.06287E+00  2.32596E+01
g vc_894
f  7153 7154 7155 7156
f  7153 7154 7158 7157
f  7155 7154 7158 7159
f  7156 7155 7159 7160
f  7156 7153 7157 7160
f  7157 7158 7159 7160
v -6.44552E+02  2.19389E+02 -5.97721E+02
v -6.01430E+02  2.19389E+02 -5.97721E+02
v -6.01430E+02  2.19389E+02 -6.49801E+02
v -6.44552E+02  2.19389E+02 -6.49801E+02
v -6.44552E+02 -4.06287E+00 -5.97721E+02
v -6.01430E+02 -4.06287E+00 -5.97721E+02
v -6.01430E+02 -4.06287E+00 -6.49801E+02
v -6.44552E+02 -4.06287E+00 -6.49801E+02
g vc_895
f  7161 7162 7163 7164
f  7161 7162 7166 7165
f  7163 7162 7166 7167
f  7164 7163 7167 7168
f  7164 7161 7165 7168
f  7165 7166 7167 7168
v -6.81052E+02  2.19389E+02 -5.97721E+02
v -6.44552E+02  2.19389E+02 -5.97721E+02
v -6.44552E+02  2.19389E+02 -6.49801E+02
v -6.81052E+02  2.19389E+02 -6.49801E+02
v -6.81052E+02 -4.06287E+00 -5.97721E+02
v -6.44552E+02 -4.06287E+00 -5.97721E+02
v -6.44552E+02 -4.06287E+00 -6.49801E+02
v -6.81052E+02 -4.06287E+00 -6.49801E+02
g vc_896
f  7169 7170 7171 7172
f  7169 7170 7174 7173
f  7171 7170 7174 7175
f  7172 7171 7175 7176
f  7172 7169 7173 7176
f  7173 7174 7175 7176
v -7.24991E+02  2.19389E+02 -1.13003E+02
v -6.98834E+02  2.19389E+02 -1.13003E+02
v -6.98834E+02  2.19389E+02 -1.78278E+02
v -7.24991E+02  2.19389E+02 -1.78278E+02
v -7.24991E+02 -4.06287E+00 -1.13003E+02
v -6.98834E+02 -4.06287E+00 -1.13003E+02
v -6.98834E+02 -4.06287E+00 -1.78278E+02
v -7.24991E+02 -4.06287E+00 -1.78278E+02
g vc_897
f  7177 7178 7179 7180
f  7177 7178 7182 7181
f  7179 7178 7182 7183
f  7180 7179 7183 7184
f  7180 7177 7181 7184
f  7181 7182 7183 7184
v -7.61368E+02  2.19389E+02 -1.13003E+02
v -7.24991E+02  2.19389E+02 -1.13003E+02
v -7.24991E+02  2.19389E+02 -1.78278E+02
v -7.61368E+02  2.19389E+02 -1.78278E+02
v -7.61368E+02 -4.06287E+00 -1.13003E+02
v -7.24991E+02 -4.06287E+00 -1.13003E+02
v -7.24991E+02 -4.06287E+00 -1.78278E+02
v -7.61368E+02 -4.06287E+00 -1.78278E+02
g vc_898
f  7185 7186 7187 7188
f  7185 7186 7190 7189
f  7187 7186 7190 7191
f  7188 7187 7191 7192
f  7188 7185 7189 7192
f  7189 7190 7191 7192
v  5.24426E+02  2.19389E+02 -2.89431E+02
v  5.72557E+02  2.19389E+02 -2.89431E+02
v  5.72557E+02  2.19389E+02 -3.29783E+02
v  5.24426E+02  2.19389E+02 -3.29783E+02
v  5.24426E+02 -4.06287E+00 -2.89431E+02
v  5.72557E+02 -4.06287E+00 -2.89431E+02
v  5.72557E+02 -4.06287E+00 -3.29783E+02
v  5.24426E+02 -4.06287E+00 -3.29783E+02
g vc_899
f  7193 7194 7195 7196
f  7193 7194 7198 7197
f  7195 7194 7198 7199
f  7196 7195 7199 7200
f  7196 7193 7197 7200
f  7197 7198 7199 7200
v  4.73926E+02  2.19389E+02 -2.89431E+02
v  5.24426E+02  2.19389E+02 -2.89431E+02
v  5.24426E+02  2.19389E+02 -3.29783E+02
v  4.73926E+02  2.19389E+02 -3.29783E+02
v  4.73926E+02 -4.06287E+00 -2.89431E+02
v  5.24426E+02 -4.06287E+00 -2.89431E+02
v  5.24426E+02 -4.06287E+00 -3.29783E+02
v  4.73926E+02 -4.06287E+00 -3.29783E+02
g vc_900
f  7201 7202 7203 7204
f  7201 7202 7206 7205
f  7203 7202 7206 7207
f  7204 7203 7207 7208
f  7204 7201 7205 7208
f  7205 7206 7207 7208
v -5.09564E+02  2.19389E+02  1.19950E+02
v -4.68115E+02  2.19389E+02  1.19950E+02
v -4.68115E+02  2.19389E+02  7.26943E+01
v -5.09564E+02  2.19389E+02  7.26943E+01
v -5.09564E+02 -4.06287E+00  1.19950E+02
v -4.68115E+02 -4.06287E+00  1.19950E+02
v -4.68115E+02 -4.06287E+00  7.26943E+01
v -5.09564E+02 -4.06287E+00  7.26943E+01
g vc_901
f  7209 7210 7211 7212
f  7209 7210 7214 7213
f  7211 7210 7214 7215
f  7212 7211 7215 7216
f  7212 7209 7213 7216
f  7213 7214 7215 7216
v -5.52064E+02  2.19389E+02  1.19950E+02
v -5.09564E+02  2.19389E+02  1.19950E+02
v -5.09564E+02  2.19389E+02  7.26943E+01
v -5.52064E+02  2.19389E+02  7.26943E+01
v -5.52064E+02 -4.06287E+00  1.19950E+02
v -5.09564E+02 -4.06287E+00  1.19950E+02
v -5.09564E+02 -4.06287E+00  7.26943E+01
v -5.52064E+02 -4.06287E+00  7.26943E+01
g vc_902
f  7217 7218 7219 7220
f  7217 7218 7222 7221
f  7219 7218 7222 7223
f  7220 7219 7223 7224
f  7220 7217 7221 7224
f  7221 7222 7223 7224
v  5.63798E+02  2.19389E+02 -5.86316E+02
v  5.96782E+02  2.19389E+02 -5.86316E+02
v  5.96782E+02  2.19389E+02 -6.46185E+02
v  5.63798E+02  2.19389E+02 -6.46185E+02
v  5.63798E+02 -4.06287E+00 -5.86316E+02
v  5.96782E+02 -4.06287E+00 -5.86316E+02
v  5.96782E+02 -4.06287E+00 -6.46185E+02
v  5.63798E+02 -4.06287E+00 -6.46185E+02
g vc_903
f  7225 7226 7227 7228
f  7225 7226 7230 7229
f  7227 7226 7230 7231
f  7228 7227 7231 7232
f  7228 7225 7229 7232
f  7229 7230 7231 7232
v  5.30648E+02  2.19389E+02 -5.86316E+02
v  5.63798E+02  2.19389E+02 -5.86316E+02
v  5.63798E+02  2.19389E+02 -6.46185E+02
v  5.30648E+02  2.19389E+02 -6.46185E+02
v  5.30648E+02 -4.06287E+00 -5.86316E+02
v  5.63798E+02 -4.06287E+00 -5.86316E+02
v  5.63798E+02 -4.06287E+00 -6.46185E+02
v  5.30648E+02 -4.06287E+00 -6.46185E+02
g vc_904
f  7233 7234 7235 7236
f  7233 7234 7238 7237
f  7235 7234 7238 7239
f  7236 7235 7239 7240
f  7236 7233 7237 7240
f  7237 7238 7239 7240
v  3.99604E+02  2.19389E+02  7.97006E+01
v  4.71257E+02  2.19389E+02  7.97006E+01
v  4.71257E+02  2.19389E+02  5.22493E+01
v  3.99604E+02  2.19389E+02  5.22493E+01
v  3.99604E+02 -4.06287E+00  7.97006E+01
v  4.71257E+02 -4.06287E+00  7.97006E+01
v  4.71257E+02 -4.06287E+00  5.22493E+01
v  3.99604E+02 -4.06287E+00  5.22493E+01
g vc_905
f  7241 7242 7243 7244
f  7241 7242 7246 7245
f  7243 7242 7246 7247
f  7244 7243 7247 7248
f  7244 7241 7245 7248
f  7245 7246 7247 7248
v  3.99604E+02  2.19389E+02  5.22493E+01
v  4.71257E+02  2.19389E+02  5.22493E+01
v  4.71257E+02  2.19389E+02  2.47493E+01
v  3.99604E+02  2.19389E+02  2.47493E+01
v  3.99604E+02 -4.06287E+00  5.22493E+01
v  4.71257E+02 -4.06287E+00  5.22493E+01
v  4.71257E+02 -4.06287E+00  2.47493E+01
v  3.99604E+02 -4.06287E+00  2.47493E+01
g vc_906
f  7249 7250 7251 7252
f  7249 7250 7254 7253
f  7251 7250 7254 7255
f  7252 7251 7255 7256
f  7252 7249 7253 7256
f  7253 7254 7255 7256
v  5.64594E+02  2.19389E+02 -5.26895E+02
v  5.96782E+02  2.19389E+02 -5.26895E+02
v  5.96782E+02  2.19389E+02 -5.86316E+02
v  5.64594E+02  2.19389E+02 -5.86316E+02
v  5.64594E+02 -4.06287E+00 -5.26895E+02
v  5.96782E+02 -4.06287E+00 -5.26895E+02
v  5.96782E+02 -4.06287E+00 -5.86316E+02
v  5.64594E+02 -4.06287E+00 -5.86316E+02
g vc_907
f  7257 7258 7259 7260
f  7257 7258 7262 7261
f  7259 7258 7262 7263
f  7260 7259 7263 7264
f  7260 7257 7261 7264
f  7261 7262 7263 7264
v  5.30648E+02  2.19389E+02 -5.26895E+02
v  5.64594E+02  2.19389E+02 -5.26895E+02
v  5.64594E+02  2.19389E+02 -5.86316E+02
v  5.30648E+02  2.19389E+02 -5.86316E+02
v  5.30648E+02 -4.06287E+00 -5.26895E+02
v  5.64594E+02 -4.06287E+00 -5.26895E+02
v  5.64594E+02 -4.06287E+00 -5.86316E+02
v  5.30648E+02 -4.06287E+00 -5.86316E+02
g vc_908
f  7265 7266 7267 7268
f  7265 7266 7270 7269
f  7267 7266 7270 7271
f  7268 7267 7271 7272
f  7268 7265 7269 7272
f  7269 7270 7271 7272
v -7.85665E+02  2.19389E+02 -4.88766E+02
v -7.42189E+02  2.19389E+02 -4.88766E+02
v -7.42189E+02  2.19389E+02 -5.32843E+02
v -7.85665E+02  2.19389E+02 -5.32843E+02
v -7.85665E+02 -4.06287E+00 -4.88766E+02
v -7.42189E+02 -4.06287E+00 -4.88766E+02
v -7.42189E+02 -4.06287E+00 -5.32843E+02
v -7.85665E+02 -4.06287E+00 -5.32843E+02
g vc_909
f  7273 7274 7275 7276
f  7273 7274 7278 7277
f  7275 7274 7278 7279
f  7276 7275 7279 7280
f  7276 7273 7277 7280
f  7277 7278 7279 7280
v -8.31165E+02  2.19389E+02 -4.88766E+02
v -7.85665E+02  2.19389E+02 -4.88766E+02
v -7.85665E+02  2.19389E+02 -5.32843E+02
v -8.31165E+02  2.19389E+02 -5.32843E+02
v -8.31165E+02 -4.06287E+00 -4.88766E+02
v -7.85665E+02 -4.06287E+00 -4.88766E+02
v -7.85665E+02 -4.06287E+00 -5.32843E+02
v -8.31165E+02 -4.06287E+00 -5.32843E+02
g vc_910
f  7281 7282 7283 7284
f  7281 7282 7286 7285
f  7283 7282 7286 7287
f  7284 7283 7287 7288
f  7284 7281 7285 7288
f  7285 7286 7287 7288
v -3.39808E+02  2.19389E+02  1.28856E+02
v -2.98625E+02  2.19389E+02  1.28856E+02
v -2.98625E+02  2.19389E+02  8.27511E+01
v -3.39808E+02  2.19389E+02  8.27511E+01
v -3.39808E+02 -4.06287E+00  1.28856E+02
v -2.98625E+02 -4.06287E+00  1.28856E+02
v -2.98625E+02 -4.06287E+00  8.27511E+01
v -3.39808E+02 -4.06287E+00  8.27511E+01
g vc_911
f  7289 7290 7291 7292
f  7289 7290 7294 7293
f  7291 7290 7294 7295
f  7292 7291 7295 7296
f  7292 7289 7293 7296
f  7293 7294 7295 7296
v -3.39808E+02  2.19389E+02  8.27511E+01
v -2.98625E+02  2.19389E+02  8.27511E+01
v -2.98625E+02  2.19389E+02  3.62510E+01
v -3.39808E+02  2.19389E+02  3.62510E+01
v -3.39808E+02 -4.06287E+00  8.27511E+01
v -2.98625E+02 -4.06287E+00  8.27511E+01
v -2.98625E+02 -4.06287E+00  3.62510E+01
v -3.39808E+02 -4.06287E+00  3.62510E+01
g vc_912
f  7297 7298 7299 7300
f  7297 7298 7302 7301
f  7299 7298 7302 7303
f  7300 7299 7303 7304
f  7300 7297 7301 7304
f  7301 7302 7303 7304
v  9.23734E+01  2.19389E+02 -4.02410E+02
v  1.32519E+02  2.19389E+02 -4.02410E+02
v  1.32519E+02  2.19389E+02 -4.49054E+02
v  9.23734E+01  2.19389E+02 -4.49054E+02
v  9.23734E+01 -4.06287E+00 -4.02410E+02
v  1.32519E+02 -4.06287E+00 -4.02410E+02
v  1.32519E+02 -4.06287E+00 -4.49054E+02
v  9.23734E+01 -4.06287E+00 -4.49054E+02
g vc_913
f  7305 7306 7307 7308
f  7305 7306 7310 7309
f  7307 7306 7310 7311
f  7308 7307 7311 7312
f  7308 7305 7309 7312
f  7309 7310 7311 7312
v  5.08734E+01  2.19389E+02 -4.02410E+02
v  9.23734E+01  2.19389E+02 -4.02410E+02
v  9.23734E+01  2.19389E+02 -4.49054E+02
v  5.08734E+01  2.19389E+02 -4.49054E+02
v  5.08734E+01 -4.06287E+00 -4.02410E+02
v  9.23734E+01 -4.06287E+00 -4.02410E+02
v  9.23734E+01 -4.06287E+00 -4.49054E+02
v  5.08734E+01 -4.06287E+00 -4.49054E+02
g vc_914
f  7313 7314 7315 7316
f  7313 7314 7318 7317
f  7315 7314 7318 7319
f  7316 7315 7319 7320
f  7316 7313 7317 7320
f  7317 7318 7319 7320
v -2.98625E+02  2.19389E+02  1.28856E+02
v -2.57603E+02  2.19389E+02  1.28856E+02
v -2.57603E+02  2.19389E+02  8.27511E+01
v -2.98625E+02  2.19389E+02  8.27511E+01
v -2.98625E+02 -4.06287E+00  1.28856E+02
v -2.57603E+02 -4.06287E+00  1.28856E+02
v -2.57603E+02 -4.06287E+00  8.27511E+01
v -2.98625E+02 -4.06287E+00  8.27511E+01
g vc_915
f  7321 7322 7323 7324
f  7321 7322 7326 7325
f  7323 7322 7326 7327
f  7324 7323 7327 7328
f  7324 7321 7325 7328
f  7325 7326 7327 7328
v -2.98625E+02  2.19389E+02  8.27511E+01
v -2.57603E+02  2.19389E+02  8.27511E+01
v -2.57603E+02  2.19389E+02  3.62510E+01
v -2.98625E+02  2.19389E+02  3.62510E+01
v -2.98625E+02 -4.06287E+00  8.27511E+01
v -2.57603E+02 -4.06287E+00  8.27511E+01
v -2.57603E+02 -4.06287E+00  3.62510E+01
v -2.98625E+02 -4.06287E+00  3.62510E+01
g vc_916
f  7329 7330 7331 7332
f  7329 7330 7334 7333
f  7331 7330 7334 7335
f  7332 7331 7335 7336
f  7332 7329 7333 7336
f  7333 7334 7335 7336
v -4.31945E+02  2.19389E+02 -1.80348E+02
v -3.71744E+02  2.19389E+02 -1.80348E+02
v -3.71744E+02  2.19389E+02 -2.10911E+02
v -4.31945E+02  2.19389E+02 -2.10911E+02
v -4.31945E+02 -4.06287E+00 -1.80348E+02
v -3.71744E+02 -4.06287E+00 -1.80348E+02
v -3.71744E+02 -4.06287E+00 -2.10911E+02
v -4.31945E+02 -4.06287E+00 -2.10911E+02
g vc_917
f  7337 7338 7339 7340
f  7337 7338 7342 7341
f  7339 7338 7342 7343
f  7340 7339 7343 7344
f  7340 7337 7341 7344
f  7341 7342 7343 7344
v -4.31945E+02  2.19389E+02 -2.10911E+02
v -3.71744E+02  2.19389E+02 -2.10911E+02
v -3.71744E+02  2.19389E+02 -2.43187E+02
v -4.31945E+02  2.19389E+02 -2.43187E+02
v -4.31945E+02 -4.06287E+00 -2.10911E+02
v -3.71744E+02 -4.06287E+00 -2.10911E+02
v -3.71744E+02 -4.06287E+00 -2.43187E+02
v -4.31945E+02 -4.06287E+00 -2.43187E+02
g vc_918
f  7345 7346 7347 7348
f  7345 7346 7350 7349
f  7347 7346 7350 7351
f  7348 7347 7351 7352
f  7348 7345 7349 7352
f  7349 7350 7351 7352
v  4.71257E+02  2.19389E+02  7.97006E+01
v  5.39236E+02  2.19389E+02  7.97006E+01
v  5.39236E+02  2.19389E+02  5.26682E+01
v  4.71257E+02  2.19389E+02  5.26682E+01
v  4.71257E+02 -4.06287E+00  7.97006E+01
v  5.39236E+02 -4.06287E+00  7.97006E+01
v  5.39236E+02 -4.06287E+00  5.26682E+01
v  4.71257E+02 -4.06287E+00  5.26682E+01
g vc_919
f  7353 7354 7355 7356
f  7353 7354 7358 7357
f  7355 7354 7358 7359
f  7356 7355 7359 7360
f  7356 7353 7357 7360
f  7357 7358 7359 7360
v  4.71257E+02  2.19389E+02  5.26682E+01
v  5.39236E+02  2.19389E+02  5.26682E+01
v  5.39236E+02  2.19389E+02  2.41682E+01
v  4.71257E+02  2.19389E+02  2.41682E+01
v  4.71257E+02 -4.06287E+00  5.26682E+01
v  5.39236E+02 -4.06287E+00  5.26682E+01
v  5.39236E+02 -4.06287E+00  2.41682E+01
v  4.71257E+02 -4.06287E+00  2.41682E+01
g vc_920
f  7361 7362 7363 7364
f  7361 7362 7366 7365
f  7363 7362 7366 7367
f  7364 7363 7367 7368
f  7364 7361 7365 7368
f  7365 7366 7367 7368
v  5.08734E+01  2.19389E+02 -3.56185E+02
v  1.32519E+02  2.19389E+02 -3.56185E+02
v  1.32519E+02  2.19389E+02 -4.02410E+02
v  5.08734E+01  2.19389E+02 -4.02410E+02
v  5.08734E+01  6.06550E+01 -3.56185E+02
v  1.32519E+02  6.06550E+01 -3.56185E+02
v  1.32519E+02  6.06550E+01 -4.02410E+02
v  5.08734E+01  6.06550E+01 -4.02410E+02
g vc_921
f  7369 7370 7371 7372
f  7369 7370 7374 7373
f  7371 7370 7374 7375
f  7372 7371 7375 7376
f  7372 7369 7373 7376
f  7373 7374 7375 7376
v  5.08734E+01  6.06550E+01 -3.56185E+02
v  1.32519E+02  6.06550E+01 -3.56185E+02
v  1.32519E+02  6.06550E+01 -4.02410E+02
v  5.08734E+01  6.06550E+01 -4.02410E+02
v  5.08734E+01 -4.06287E+00 -3.56185E+02
v  1.32519E+02 -4.06287E+00 -3.56185E+02
v  1.32519E+02 -4.06287E+00 -4.02410E+02
v  5.08734E+01 -4.06287E+00 -4.02410E+02
g vc_922
f  7377 7378 7379 7380
f  7377 7378 7382 7381
f  7379 7378 7382 7383
f  7380 7379 7383 7384
f  7380 7377 7381 7384
f  7381 7382 7383 7384
v -5.10235E+02  2.19389E+02 -5.92879E+02
v -4.80390E+02  2.19389E+02 -5.92879E+02
v -4.80390E+02  2.19389E+02 -6.53517E+02
v -5.10235E+02  2.19389E+02 -6.53517E+02
v -5.10235E+02 -4.06287E+00 -5.92879E+02
v -4.80390E+02 -4.06287E+00 -5.92879E+02
v -4.80390E+02 -4.06287E+00 -6.53517E+02
v -5.10235E+02 -4.06287E+00 -6.53517E+02
g vc_923
f  7385 7386 7387 7388
f  7385 7386 7390 7389
f  7387 7386 7390 7391
f  7388 7387 7391 7392
f  7388 7385 7389 7392
f  7389 7390 7391 7392
v -5.41679E+02  2.19389E+02 -5.92879E+02
v -5.10235E+02  2.19389E+02 -5.92879E+02
v -5.10235E+02  2.19389E+02 -6.53517E+02
v -5.41679E+02  2.19389E+02 -6.53517E+02
v -5.41679E+02 -4.06287E+00 -5.92879E+02
v -5.10235E+02 -4.06287E+00 -5.92879E+02
v -5.10235E+02 -4.06287E+00 -6.53517E+02
v -5.41679E+02 -4.06287E+00 -6.53517E+02
g vc_924
f  7393 7394 7395 7396
f  7393 7394 7398 7397
f  7395 7394 7398 7399
f  7396 7395 7399 7400
f  7396 7393 7397 7400
f  7397 7398 7399 7400
v  1.34777E+02  2.19389E+02  1.96675E+02
v  1.79081E+02  2.19389E+02  1.96675E+02
v  1.79081E+02  2.19389E+02  1.56649E+02
v  1.34777E+02  2.19389E+02  1.56649E+02
v  1.34777E+02 -4.06287E+00  1.96675E+02
v  1.79081E+02 -4.06287E+00  1.96675E+02
v  1.79081E+02 -4.06287E+00  1.56649E+02
v  1.34777E+02 -4.06287E+00  1.56649E+02
g vc_925
f  7401 7402 7403 7404
f  7401 7402 7406 7405
f  7403 7402 7406 7407
f  7404 7403 7407 7408
f  7404 7401 7405 7408
f  7405 7406 7407 7408
v  1.34777E+02  2.19389E+02  1.56649E+02
v  1.79081E+02  2.19389E+02  1.56649E+02
v  1.79081E+02  2.19389E+02  1.15149E+02
v  1.34777E+02  2.19389E+02  1.15149E+02
v  1.34777E+02 -4.06287E+00  1.56649E+02
v  1.79081E+02 -4.06287E+00  1.56649E+02
v  1.79081E+02 -4.06287E+00  1.15149E+02
v  1.34777E+02 -4.06287E+00  1.15149E+02
g vc_926
f  7409 7410 7411 7412
f  7409 7410 7414 7413
f  7411 7410 7414 7415
f  7412 7411 7415 7416
f  7412 7409 7413 7416
f  7413 7414 7415 7416
v -3.71744E+02  2.19389E+02 -1.80348E+02
v -3.14736E+02  2.19389E+02 -1.80348E+02
v -3.14736E+02  2.19389E+02 -2.11621E+02
v -3.71744E+02  2.19389E+02 -2.11621E+02
v -3.71744E+02 -4.06287E+00 -1.80348E+02
v -3.14736E+02 -4.06287E+00 -1.80348E+02
v -3.14736E+02 -4.06287E+00 -2.11621E+02
v -3.71744E+02 -4.06287E+00 -2.11621E+02
g vc_927
f  7417 7418 7419 7420
f  7417 7418 7422 7421
f  7419 7418 7422 7423
f  7420 7419 7423 7424
f  7420 7417 7421 7424
f  7421 7422 7423 7424
v -3.71744E+02  2.19389E+02 -2.11621E+02
v -3.14736E+02  2.19389E+02 -2.11621E+02
v -3.14736E+02  2.19389E+02 -2.43187E+02
v -3.71744E+02  2.19389E+02 -2.43187E+02
v -3.71744E+02 -4.06287E+00 -2.11621E+02
v -3.14736E+02 -4.06287E+00 -2.11621E+02
v -3.14736E+02 -4.06287E+00 -2.43187E+02
v -3.71744E+02 -4.06287E+00 -2.43187E+02
g vc_928
f  7425 7426 7427 7428
f  7425 7426 7430 7429
f  7427 7426 7430 7431
f  7428 7427 7431 7432
f  7428 7425 7429 7432
f  7429 7430 7431 7432
v -4.31945E+02  2.19389E+02 -1.20062E+02
v -3.73131E+02  2.19389E+02 -1.20062E+02
v -3.73131E+02  2.19389E+02 -1.80348E+02
v -4.31945E+02  2.19389E+02 -1.80348E+02
v -4.31945E+02  9.77653E+01 -1.20062E+02
v -3.73131E+02  9.77653E+01 -1.20062E+02
v -3.73131E+02  9.77653E+01 -1.80348E+02
v -4.31945E+02  9.77653E+01 -1.80348E+02
g vc_929
f  7433 7434 7435 7436
f  7433 7434 7438 7437
f  7435 7434 7438 7439
f  7436 7435 7439 7440
f  7436 7433 7437 7440
f  7437 7438 7439 7440
v -4.31945E+02  9.77653E+01 -1.20062E+02
v -3.73131E+02  9.77653E+01 -1.20062E+02
v -3.73131E+02  9.77653E+01 -1.80348E+02
v -4.31945E+02  9.77653E+01 -1.80348E+02
v -4.31945E+02 -4.06287E+00 -1.20062E+02
v -3.73131E+02 -4.06287E+00 -1.20062E+02
v -3.73131E+02 -4.06287E+00 -1.80348E+02
v -4.31945E+02 -4.06287E+00 -1.80348E+02
g vc_930
f  7441 7442 7443 7444
f  7441 7442 7446 7445
f  7443 7442 7446 7447
f  7444 7443 7447 7448
f  7444 7441 7445 7448
f  7445 7446 7447 7448
v -3.73131E+02  2.19389E+02 -1.20062E+02
v -3.14736E+02  2.19389E+02 -1.20062E+02
v -3.14736E+02  2.19389E+02 -1.50066E+02
v -3.73131E+02  2.19389E+02 -1.50066E+02
v -3.73131E+02 -4.06287E+00 -1.20062E+02
v -3.14736E+02 -4.06287E+00 -1.20062E+02
v -3.14736E+02 -4.06287E+00 -1.50066E+02
v -3.73131E+02 -4.06287E+00 -1.50066E+02
g vc_931
f  7449 7450 7451 7452
f  7449 7450 7454 7453
f  7451 7450 7454 7455
f  7452 7451 7455 7456
f  7452 7449 7453 7456
f  7453 7454 7455 7456
v -3.73131E+02  2.19389E+02 -1.50066E+02
v -3.14736E+02  2.19389E+02 -1.50066E+02
v -3.14736E+02  2.19389E+02 -1.80348E+02
v -3.73131E+02  2.19389E+02 -1.80348E+02
v -3.73131E+02 -4.06287E+00 -1.50066E+02
v -3.14736E+02 -4.06287E+00 -1.50066E+02
v -3.14736E+02 -4.06287E+00 -1.80348E+02
v -3.73131E+02 -4.06287E+00 -1.80348E+02
g vc_932
f  7457 7458 7459 7460
f  7457 7458 7462 7461
f  7459 7458 7462 7463
f  7460 7459 7463 7464
f  7460 7457 7461 7464
f  7461 7462 7463 7464
v -7.20096E+02  2.19389E+02 -3.59800E+02
v -6.82408E+02  2.19389E+02 -3.59800E+02
v -6.82408E+02  2.19389E+02 -4.09722E+02
v -7.20096E+02  2.19389E+02 -4.09722E+02
v -7.20096E+02 -4.06287E+00 -3.59800E+02
v -6.82408E+02 -4.06287E+00 -3.59800E+02
v -6.82408E+02 -4.06287E+00 -4.09722E+02
v -7.20096E+02 -4.06287E+00 -4.09722E+02
g vc_933
f  7465 7466 7467 7468
f  7465 7466 7470 7469
f  7467 7466 7470 7471
f  7468 7467 7471 7472
f  7468 7465 7469 7472
f  7469 7470 7471 7472
v -7.20096E+02  2.19389E+02 -4.09722E+02
v -6.82408E+02  2.19389E+02 -4.09722E+02
v -6.82408E+02  2.19389E+02 -4.52438E+02
v -7.20096E+02  2.19389E+02 -4.52438E+02
v -7.20096E+02 -4.06287E+00 -4.09722E+02
v -6.82408E+02 -4.06287E+00 -4.09722E+02
v -6.82408E+02 -4.06287E+00 -4.52438E+02
v -7.20096E+02 -4.06287E+00 -4.52438E+02
g vc_934
f  7473 7474 7475 7476
f  7473 7474 7478 7477
f  7475 7474 7478 7479
f  7476 7475 7479 7480
f  7476 7473 7477 7480
f  7477 7478 7479 7480
v  2.89762E+01  2.19389E+02 -2.92254E+02
v  8.23565E+01  2.19389E+02 -2.92254E+02
v  8.23565E+01  2.19389E+02 -3.23685E+02
v  2.89762E+01  2.19389E+02 -3.23685E+02
v  2.89762E+01 -4.06287E+00 -2.92254E+02
v  8.23565E+01 -4.06287E+00 -2.92254E+02
v  8.23565E+01 -4.06287E+00 -3.23685E+02
v  2.89762E+01 -4.06287E+00 -3.23685E+02
g vc_935
f  7481 7482 7483 7484
f  7481 7482 7486 7485
f  7483 7482 7486 7487
f  7484 7483 7487 7488
f  7484 7481 7485 7488
f  7485 7486 7487 7488
v  2.89762E+01  2.19389E+02 -3.23685E+02
v  8.23565E+01  2.19389E+02 -3.23685E+02
v  8.23565E+01  2.19389E+02 -3.56185E+02
v  2.89762E+01  2.19389E+02 -3.56185E+02
v  2.89762E+01 -4.06287E+00 -3.23685E+02
v  8.23565E+01 -4.06287E+00 -3.23685E+02
v  8.23565E+01 -4.06287E+00 -3.56185E+02
v  2.89762E+01 -4.06287E+00 -3.56185E+02
g vc_936
f  7489 7490 7491 7492
f  7489 7490 7494 7493
f  7491 7490 7494 7495
f  7492 7491 7495 7496
f  7492 7489 7493 7496
f  7493 7494 7495 7496
v  1.13299E+02  2.19389E+02 -2.92254E+02
v  1.34777E+02  2.19389E+02 -2.92254E+02
v  1.34777E+02  2.19389E+02 -3.56185E+02
v  1.13299E+02  2.19389E+02 -3.56185E+02
v  1.13299E+02 -4.06287E+00 -2.92254E+02
v  1.34777E+02 -4.06287E+00 -2.92254E+02
v  1.34777E+02 -4.06287E+00 -3.56185E+02
v  1.13299E+02 -4.06287E+00 -3.56185E+02
g vc_937
f  7497 7498 7499 7500
f  7497 7498 7502 7501
f  7499 7498 7502 7503
f  7500 7499 7503 7504
f  7500 7497 7501 7504
f  7501 7502 7503 7504
v  8.23565E+01  2.19389E+02 -2.92254E+02
v  1.13299E+02  2.19389E+02 -2.92254E+02
v  1.13299E+02  2.19389E+02 -3.56185E+02
v  8.23565E+01  2.19389E+02 -3.56185E+02
v  8.23565E+01 -4.06287E+00 -2.92254E+02
v  1.13299E+02 -4.06287E+00 -2.92254E+02
v  1.13299E+02 -4.06287E+00 -3.56185E+02
v  8.23565E+01 -4.06287E+00 -3.56185E+02
g vc_938
f  7505 7506 7507 7508
f  7505 7506 7510 7509
f  7507 7506 7510 7511
f  7508 7507 7511 7512
f  7508 7505 7509 7512
f  7509 7510 7511 7512
v  4.69560E+02  1.36434E+02  1.55506E+02
v  5.39236E+02  1.36434E+02  1.55506E+02
v  5.39236E+02  1.36434E+02  7.97006E+01
v  4.69560E+02  1.36434E+02  7.97006E+01
v  4.69560E+02  7.86997E+01  1.55506E+02
v  5.39236E+02  7.86997E+01  1.55506E+02
v  5.39236E+02  7.86997E+01  7.97006E+01
v  4.69560E+02  7.86997E+01  7.97006E+01
g vc_939
f  7513 7514 7515 7516
f  7513 7514 7518 7517
f  7515 7514 7518 7519
f  7516 7515 7519 7520
f  7516 7513 7517 7520
f  7517 7518 7519 7520
v  4.69560E+02  7.86997E+01  1.55506E+02
v  5.39236E+02  7.86997E+01  1.55506E+02
v  5.39236E+02  7.86997E+01  7.97006E+01
v  4.69560E+02  7.86997E+01  7.97006E+01
v  4.69560E+02 -4.06287E+00  1.55506E+02
v  5.39236E+02 -4.06287E+00  1.55506E+02
v  5.39236E+02 -4.06287E+00  7.97006E+01
v  4.69560E+02 -4.06287E+00  7.97006E+01
g vc_940
f  7521 7522 7523 7524
f  7521 7522 7526 7525
f  7523 7522 7526 7527
f  7524 7523 7527 7528
f  7524 7521 7525 7528
f  7525 7526 7527 7528
v  9.30188E+00  2.19389E+02 -4.11369E+02
v  5.08734E+01  2.19389E+02 -4.11369E+02
v  5.08734E+01  2.19389E+02 -4.49054E+02
v  9.30188E+00  2.19389E+02 -4.49054E+02
v  9.30188E+00 -4.06287E+00 -4.11369E+02
v  5.08734E+01 -4.06287E+00 -4.11369E+02
v  5.08734E+01 -4.06287E+00 -4.49054E+02
v  9.30188E+00 -4.06287E+00 -4.49054E+02
g vc_941
f  7529 7530 7531 7532
f  7529 7530 7534 7533
f  7531 7530 7534 7535
f  7532 7531 7535 7536
f  7532 7529 7533 7536
f  7533 7534 7535 7536
v -3.31981E+01  2.19389E+02 -4.11369E+02
v  9.30188E+00  2.19389E+02 -4.11369E+02
v  9.30188E+00  2.19389E+02 -4.49054E+02
v -3.31981E+01  2.19389E+02 -4.49054E+02
v -3.31981E+01 -4.06287E+00 -4.11369E+02
v  9.30188E+00 -4.06287E+00 -4.11369E+02
v  9.30188E+00 -4.06287E+00 -4.49054E+02
v -3.31981E+01 -4.06287E+00 -4.49054E+02
g vc_942
f  7537 7538 7539 7540
f  7537 7538 7542 7541
f  7539 7538 7542 7543
f  7540 7539 7543 7544
f  7540 7537 7541 7544
f  7541 7542 7543 7544
v  5.39624E+02  2.19389E+02 -9.91845E+02
v  5.69624E+02  2.19389E+02 -9.91845E+02
v  5.69624E+02  2.19389E+02 -1.04214E+03
v  5.39624E+02  2.19389E+02 -1.04214E+03
v  5.39624E+02 -4.06287E+00 -9.91845E+02
v  5.69624E+02 -4.06287E+00 -9.91845E+02
v  5.69624E+02 -4.06287E+00 -1.04214E+03
v  5.39624E+02 -4.06287E+00 -1.04214E+03
g vc_943
f  7545 7546 7547 7548
f  7545 7546 7550 7549
f  7547 7546 7550 7551
f  7548 7547 7551 7552
f  7548 7545 7549 7552
f  7549 7550 7551 7552
v  5.08124E+02  2.19389E+02 -9.91845E+02
v  5.39624E+02  2.19389E+02 -9.91845E+02
v  5.39624E+02  2.19389E+02 -1.04214E+03
v  5.08124E+02  2.19389E+02 -1.04214E+03
v  5.08124E+02 -4.06287E+00 -9.91845E+02
v  5.39624E+02 -4.06287E+00 -9.91845E+02
v  5.39624E+02 -4.06287E+00 -1.04214E+03
v  5.08124E+02 -4.06287E+00 -1.04214E+03
g vc_944
f  7553 7554 7555 7556
f  7553 7554 7558 7557
f  7555 7554 7558 7559
f  7556 7555 7559 7560
f  7556 7553 7557 7560
f  7557 7558 7559 7560
v  5.08124E+02  2.19389E+02 -9.41742E+02
v  5.69624E+02  2.19389E+02 -9.41742E+02
v  5.69624E+02  2.19389E+02 -9.91845E+02
v  5.08124E+02  2.19389E+02 -9.91845E+02
v  5.08124E+02  1.41933E+01 -9.41742E+02
v  5.69624E+02  1.41933E+01 -9.41742E+02
v  5.69624E+02  1.41933E+01 -9.91845E+02
v  5.08124E+02  1.41933E+01 -9.91845E+02
g vc_945
f  7561 7562 7563 7564
f  7561 7562 7566 7565
f  7563 7562 7566 7567
f  7564 7563 7567 7568
f  7564 7561 7565 7568
f  7565 7566 7567 7568
v  5.08124E+02  1.41933E+01 -9.41742E+02
v  5.69624E+02  1.41933E+01 -9.41742E+02
v  5.69624E+02  1.41933E+01 -9.91845E+02
v  5.08124E+02  1.41933E+01 -9.91845E+02
v  5.08124E+02 -4.06287E+00 -9.41742E+02
v  5.69624E+02 -4.06287E+00 -9.41742E+02
v  5.69624E+02 -4.06287E+00 -9.91845E+02
v  5.08124E+02 -4.06287E+00 -9.91845E+02
g vc_946
f  7569 7570 7571 7572
f  7569 7570 7574 7573
f  7571 7570 7574 7575
f  7572 7571 7575 7576
f  7572 7569 7573 7576
f  7573 7574 7575 7576
v  4.26852E+02  2.19389E+02 -5.26895E+02
v  4.79510E+02  2.19389E+02 -