v -6.96706E+02  9.06190E+02  3.56928E+02
v  7.66412E+02  9.06190E+02  3.56928E+02
v  7.66412E+02  5.51008E+02  3.56928E+02
v -6.96706E+02  5.51008E+02  3.56928E+02
g plane_Z_1
s 0
f  1 2 3 4
v -6.96706E+02  9.06190E+02  9.17499E+02
v  7.66412E+02  9.06190E+02  9.17499E+02
v  7.66412E+02  5.51008E+02  9.17499E+02
v -6.96706E+02  5.51008E+02  9.17499E+02
g plane_Z_2
s 0
f  5 6 7 8
v -6.96706E+02  9.06190E+02 -6.30717E+01
v  7.66412E+02  9.06190E+02 -6.30717E+01
v  7.66412E+02  5.51008E+02 -6.30717E+01
v -6.96706E+02  5.51008E+02 -6.30717E+01
g plane_Z_3
s 0
f  9 10 11 12
v  3.10300E+02  5.51008E+02 -6.83072E+02
v  3.10300E+02  9.06190E+02 -6.83072E+02
v  3.10300E+02  9.06190E+02  1.30968E+03
v  3.10300E+02  5.51008E+02  1.30968E+03
g plane_X_1
s 0
f  13 14 15 16
v -6.96706E+02  9.06190E+02 -3.63072E+02
v  7.66412E+02  9.06190E+02 -3.63072E+02
v  7.66412E+02  5.51008E+02 -3.63072E+02
v -6.96706E+02  5.51008E+02 -3.63072E+02
g plane_Z_4
s 0
f  17 18 19 20
v -2.96705E+02  5.51008E+02 -6.83072E+02
v -2.96705E+02  9.06190E+02 -6.83072E+02
v -2.96705E+02  9.06190E+02  1.30968E+03
v -2.96705E+02  5.51008E+02  1.30968E+03
g plane_X_2
s 0
f  21 22 23 24
v -6.96706E+02  9.06190E+02  5.97501E+02
v  7.66412E+02  9.06190E+02  5.97501E+02
v  7.66412E+02  5.51008E+02  5.97501E+02
v -6.96706E+02  5.51008E+02  5.97501E+02
g plane_Z_5
s 0
f  25 26 27 28
v  1.29406E+02  5.51008E+02 -6.83072E+02
v  1.29406E+02  9.06190E+02 -6.83072E+02
v  1.29406E+02  9.06190E+02  1.30968E+03
v  1.29406E+02  5.51008E+02  1.30968E+03
g plane_X_3
s 0
f  29 30 31 32
v -5.66398E+01  5.51008E+02 -6.83072E+02
v -5.66398E+01  9.06190E+02 -6.83072E+02
v -5.66398E+01  9.06190E+02  1.30968E+03
v -5.66398E+01  5.51008E+02  1.30968E+03
g plane_X_4
s 0
f  33 34 35 36
v  5.10369E+02  5.51008E+02 -6.83072E+02
v  5.10369E+02  9.06190E+02 -6.83072E+02
v  5.10369E+02  9.06190E+02  1.30968E+03
v  5.10369E+02  5.51008E+02  1.30968E+03
g plane_X_5
s 0
f  37 38 39 40
v -1.30201E+02  5.51008E+02 -6.83072E+02
v -1.30201E+02  9.06190E+02 -6.83072E+02
v -1.30201E+02  9.06190E+02  1.30968E+03
v -1.30201E+02  5.51008E+02  1.30968E+03
g plane_X_6
s 0
f  41 42 43 44
v -2.70259E+02  5.51008E+02 -6.83072E+02
v -2.70259E+02  9.06190E+02 -6.83072E+02
v -2.70259E+02  9.06190E+02  1.30968E+03
v -2.70259E+02  5.51008E+02  1.30968E+03
g plane_X_7
s 0
f  45 46 47 48
v  1.48570E+02  5.51008E+02 -6.83072E+02
v  1.48570E+02  9.06190E+02 -6.83072E+02
v  1.48570E+02  9.06190E+02  1.30968E+03
v  1.48570E+02  5.51008E+02  1.30968E+03
g plane_X_8
s 0
f  49 50 51 52
v  5.29194E+01  5.51008E+02 -6.83072E+02
v  5.29194E+01  9.06190E+02 -6.83072E+02
v  5.29194E+01  9.06190E+02  1.30968E+03
v  5.29194E+01  5.51008E+02  1.30968E+03
g plane_X_9
s 0
f  53 54 55 56
v -4.76705E+02  5.51008E+02 -6.83072E+02
v -4.76705E+02  9.06190E+02 -6.83072E+02
v -4.76705E+02  9.06190E+02  1.30968E+03
v -4.76705E+02  5.51008E+02  1.30968E+03
g plane_X_10
s 0
f  57 58 59 60
v  1.44050E+02  5.51008E+02 -6.83072E+02
v  1.44050E+02  9.06190E+02 -6.83072E+02
v  1.44050E+02  9.06190E+02  1.30968E+03
v  1.44050E+02  5.51008E+02  1.30968E+03
g plane_X_11
s 0
f  61 62 63 64
v -6.96706E+02  8.39579E+02 -6.83072E+02
v  7.66412E+02  8.39579E+02 -6.83072E+02
v  7.66412E+02  8.39579E+02  1.30968E+03
v -6.96706E+02  8.39579E+02  1.30968E+03
g plane_Y_1
s 0
f  65 66 67 68
v -6.96706E+02  7.48039E+02 -6.83072E+02
v  7.66412E+02  7.48039E+02 -6.83072E+02
v  7.66412E+02  7.48039E+02  1.30968E+03
v -6.96706E+02  7.48039E+02  1.30968E+03
g plane_Y_2
s 0
f  69 70 71 72
v -6.96706E+02  7.89740E+02 -6.83072E+02
v  7.66412E+02  7.89740E+02 -6.83072E+02
v  7.66412E+02  7.89740E+02  1.30968E+03
v -6.96706E+02  7.89740E+02  1.30968E+03
g plane_Y_3
s 0
f  73 74 75 76
v -6.96706E+02  7.81909E+02 -6.83072E+02
v  7.66412E+02  7.81909E+02 -6.83072E+02
v  7.66412E+02  7.81909E+02  1.30968E+03
v -6.96706E+02  7.81909E+02  1.30968E+03
g plane_Y_4
s 0
f  77 78 79 80
v -4.83378E+02  5.51008E+02 -6.83072E+02
v -4.83378E+02  9.06190E+02 -6.83072E+02
v -4.83378E+02  9.06190E+02  1.30968E+03
v -4.83378E+02  5.51008E+02  1.30968E+03
g plane_X_12
s 0
f  81 82 83 84
v -1.10183E+02  5.51008E+02 -6.83072E+02
v -1.10183E+02  9.06190E+02 -6.83072E+02
v -1.10183E+02  9.06190E+02  1.30968E+03
v -1.10183E+02  5.51008E+02  1.30968E+03
g plane_X_13
s 0
f  85 86 87 88
v -6.96706E+02  9.06190E+02  7.58073E+02
v  7.66412E+02  9.06190E+02  7.58073E+02
v  7.66412E+02  5.51008E+02  7.58073E+02
v -6.96706E+02  5.51008E+02  7.58073E+02
g plane_Z_6
s 0
f  89 90 91 92
v -6.96706E+02  6.37509E+02 -6.83072E+02
v  7.66412E+02  6.37509E+02 -6.83072E+02
v  7.66412E+02  6.37509E+02  1.30968E+03
v -6.96706E+02  6.37509E+02  1.30968E+03
g plane_Y_5
s 0
f  93 94 95 96
v -6.96706E+02  7.11186E+02 -6.83072E+02
v  7.66412E+02  7.11186E+02 -6.83072E+02
v  7.66412E+02  7.11186E+02  1.30968E+03
v -6.96706E+02  7.11186E+02  1.30968E+03
g plane_Y_6
s 0
f  97 98 99 100
v -6.96706E+02  6.48760E+02 -6.83072E+02
v  7.66412E+02  6.48760E+02 -6.83072E+02
v  7.66412E+02  6.48760E+02  1.30968E+03
v -6.96706E+02  6.48760E+02  1.30968E+03
g plane_Y_7
s 0
f  101 102 103 104
v -6.96706E+02  8.77233E+02 -6.83072E+02
v  7.66412E+02  8.77233E+02 -6.83072E+02
v  7.66412E+02  8.77233E+02  1.30968E+03
v -6.96706E+02  8.77233E+02  1.30968E+03
g plane_Y_8
s 0
f  105 106 107 108
v  6.02226E+02  5.51008E+02 -6.83072E+02
v  6.02226E+02  9.06190E+02 -6.83072E+02
v  6.02226E+02  9.06190E+02  1.30968E+03
v  6.02226E+02  5.51008E+02  1.30968E+03
g plane_X_14
s 0
f  109 110 111 112
v -6.96706E+02  9.06190E+02  7.09474E+01
v  7.66412E+02  9.06190E+02  7.09474E+01
v  7.66412E+02  5.51008E+02  7.09474E+01
v -6.96706E+02  5.51008E+02  7.09474E+01
g plane_Z_7
s 0
f  113 114 115 116
v -6.96706E+02  9.06190E+02  1.71144E+02
v  7.66412E+02  9.06190E+02  1.71144E+02
v  7.66412E+02  5.51008E+02  1.71144E+02
v -6.96706E+02  5.51008E+02  1.71144E+02
g plane_Z_8
s 0
f  117 118 119 120
v -6.96706E+02  9.06190E+02  2.57320E+02
v  7.66412E+02  9.06190E+02  2.57320E+02
v  7.66412E+02  5.51008E+02  2.57320E+02
v -6.96706E+02  5.51008E+02  2.57320E+02
g plane_Z_9
s 0
f  121 122 123 124
v -6.96706E+02  7.57918E+02 -6.83072E+02
v  7.66412E+02  7.57918E+02 -6.83072E+02
v  7.66412E+02  7.57918E+02  1.30968E+03
v -6.96706E+02  7.57918E+02  1.30968E+03
g plane_Y_9
s 0
f  125 126 127 128
v -6.96706E+02  7.16666E+02 -6.83072E+02
v  7.66412E+02  7.16666E+02 -6.83072E+02
v  7.66412E+02  7.16666E+02  1.30968E+03
v -6.96706E+02  7.16666E+02  1.30968E+03
g plane_Y_10
s 0
f  129 130 131 132
v -4.76902E+02  5.51008E+02 -6.83072E+02
v -4.76902E+02  9.06190E+02 -6.83072E+02
v -4.76902E+02  9.06190E+02  1.30968E+03
v -4.76902E+02  5.51008E+02  1.30968E+03
g plane_X_15
s 0
f  133 134 135 136
v  5.40064E+01  5.51008E+02 -6.83072E+02
v  5.40064E+01  9.06190E+02 -6.83072E+02
v  5.40064E+01  9.06190E+02  1.30968E+03
v  5.40064E+01  5.51008E+02  1.30968E+03
g plane_X_16
s 0
f  137 138 139 140
v -6.96706E+02  7.03346E+02 -6.83072E+02
v  7.66412E+02  7.03346E+02 -6.83072E+02
v  7.66412E+02  7.03346E+02  1.30968E+03
v -6.96706E+02  7.03346E+02  1.30968E+03
g plane_Y_11
s 0
f  141 142 143 144
v -6.96706E+02  5.86008E+02 -6.83072E+02
v  7.66412E+02  5.86008E+02 -6.83072E+02
v  7.66412E+02  5.86008E+02  1.30968E+03
v -6.96706E+02  5.86008E+02  1.30968E+03
g plane_Y_12
s 0
f  145 146 147 148
v -6.96706E+02  9.06190E+02  1.16957E+03
v  7.66412E+02  9.06190E+02  1.16957E+03
v  7.66412E+02  5.51008E+02  1.16957E+03
v -6.96706E+02  5.51008E+02  1.16957E+03
g plane_Z_10
s 0
f  149 150 151 152
v -6.96706E+02  9.06190E+02  1.13721E+03
v  7.66412E+02  9.06190E+02  1.13721E+03
v  7.66412E+02  5.51008E+02  1.13721E+03
v -6.96706E+02  5.51008E+02  1.13721E+03
g plane_Z_11
s 0
f  153 154 155 156
v -6.96706E+02  9.06190E+02 -5.23072E+02
v  7.66412E+02  9.06190E+02 -5.23072E+02
v  7.66412E+02  5.51008E+02 -5.23072E+02
v -6.96706E+02  5.51008E+02 -5.23072E+02
g plane_Z_12
s 0
f  157 158 159 160
v  3.65816E+02  5.51008E+02 -6.83072E+02
v  3.65816E+02  9.06190E+02 -6.83072E+02
v  3.65816E+02  9.06190E+02  1.30968E+03
v  3.65816E+02  5.51008E+02  1.30968E+03
g plane_X_17
s 0
f  161 162 163 164
v -6.96706E+02  7.92767E+02 -6.83072E+02
v  7.66412E+02  7.92767E+02 -6.83072E+02
v  7.66412E+02  7.92767E+02  1.30968E+03
v -6.96706E+02  7.92767E+02  1.30968E+03
g plane_Y_13
s 0
f  165 166 167 168
v -6.96706E+02  9.06190E+02  5.58978E+01
v  7.66412E+02  9.06190E+02  5.58978E+01
v  7.66412E+02  5.51008E+02  5.58978E+01
v -6.96706E+02  5.51008E+02  5.58978E+01
g plane_Z_13
s 0
f  169 170 171 172
v -6.96706E+02  8.49261E+02 -6.83072E+02
v  7.66412E+02  8.49261E+02 -6.83072E+02
v  7.66412E+02  8.49261E+02  1.30968E+03
v -6.96706E+02  8.49261E+02  1.30968E+03
g plane_Y_14
s 0
f  173 174 175 176
v -6.96706E+02  6.61037E+02 -6.83072E+02
v  7.66412E+02  6.61037E+02 -6.83072E+02
v  7.66412E+02  6.61037E+02  1.30968E+03
v -6.96706E+02  6.61037E+02  1.30968E+03
g plane_Y_15
s 0
f  177 178 179 180
v -6.96706E+02  7.30254E+02 -6.83072E+02
v  7.66412E+02  7.30254E+02 -6.83072E+02
v  7.66412E+02  7.30254E+02  1.30968E+03
v -6.96706E+02  7.30254E+02  1.30968E+03
g plane_Y_16
s 0
f  181 182 183 184
v -6.96706E+02  6.93821E+02 -6.83072E+02
v  7.66412E+02  6.93821E+02 -6.83072E+02
v  7.66412E+02  6.93821E+02  1.30968E+03
v -6.96706E+02  6.93821E+02  1.30968E+03
g plane_Y_17
s 0
f  185 186 187 188
v -6.96706E+02  9.06190E+02  7.53077E+02
v  7.66412E+02  9.06190E+02  7.53077E+02
v  7.66412E+02  5.51008E+02  7.53077E+02
v -6.96706E+02  5.51008E+02  7.53077E+02
g plane_Z_14
s 0
f  189 190 191 192
v -6.96706E+02  6.93595E+02 -6.83072E+02
v  7.66412E+02  6.93595E+02 -6.83072E+02
v  7.66412E+02  6.93595E+02  1.30968E+03
v -6.96706E+02  6.93595E+02  1.30968E+03
g plane_Y_18
s 0
f  193 194 195 196
v -6.96706E+02  9.06190E+02  1.11359E+03
v  7.66412E+02  9.06190E+02  1.11359E+03
v  7.66412E+02  5.51008E+02  1.11359E+03
v -6.96706E+02  5.51008E+02  1.11359E+03
g plane_Z_15
s 0
f  197 198 199 200
v -6.96706E+02  9.06190E+02  9.96622E+02
v  7.66412E+02  9.06190E+02  9.96622E+02
v  7.66412E+02  5.51008E+02  9.96622E+02
v -6.96706E+02  5.51008E+02  9.96622E+02
g plane_Z_16
s 0
f  201 202 203 204
v -1.21893E+02  5.51008E+02 -6.83072E+02
v -1.21893E+02  9.06190E+02 -6.83072E+02
v -1.21893E+02  9.06190E+02  1.30968E+03
v -1.21893E+02  5.51008E+02  1.30968E+03
g plane_X_18
s 0
f  205 206 207 208
v  5.70371E+01  5.51008E+02 -6.83072E+02
v  5.70371E+01  9.06190E+02 -6.83072E+02
v  5.70371E+01  9.06190E+02  1.30968E+03
v  5.70371E+01  5.51008E+02  1.30968E+03
g plane_X_19
s 0
f  209 210 211 212
v  6.79793E+01  5.51008E+02 -6.83072E+02
v  6.79793E+01  9.06190E+02 -6.83072E+02
v  6.79793E+01  9.06190E+02  1.30968E+03
v  6.79793E+01  5.51008E+02  1.30968E+03
g plane_X_20
s 0
f  213 214 215 216
v -6.96706E+02  9.06190E+02 -1.61499E+02
v  7.66412E+02  9.06190E+02 -1.61499E+02
v  7.66412E+02  5.51008E+02 -1.61499E+02
v -6.96706E+02  5.51008E+02 -1.61499E+02
g plane_Z_17
s 0
f  217 218 219 220
v -6.96706E+02  9.06190E+02 -1.55068E+02
v  7.66412E+02  9.06190E+02 -1.55068E+02
v  7.66412E+02  5.51008E+02 -1.55068E+02
v -6.96706E+02  5.51008E+02 -1.55068E+02
g plane_Z_18
s 0
f  221 222 223 224
v  9.00494E+01  5.51008E+02 -6.83072E+02
v  9.00494E+01  9.06190E+02 -6.83072E+02
v  9.00494E+01  9.06190E+02  1.30968E+03
v  9.00494E+01  5.51008E+02  1.30968E+03
g plane_X_21
s 0
f  225 226 227 228
v -6.96706E+02  8.31623E+02 -6.83072E+02
v  7.66412E+02  8.31623E+02 -6.83072E+02
v  7.66412E+02  8.31623E+02  1.30968E+03
v -6.96706E+02  8.31623E+02  1.30968E+03
g plane_Y_19
s 0
f  229 230 231 232
v -6.96706E+02  9.06190E+02  9.71241E+01
v  7.66412E+02  9.06190E+02  9.71241E+01
v  7.66412E+02  5.51008E+02  9.71241E+01
v -6.96706E+02  5.51008E+02  9.71241E+01
g plane_Z_19
s 0
f  233 234 235 236
v -1.67405E+02  5.51008E+02 -6.83072E+02
v -1.67405E+02  9.06190E+02 -6.83072E+02
v -1.67405E+02  9.06190E+02  1.30968E+03
v -1.67405E+02  5.51008E+02  1.30968E+03
g plane_X_22
s 0
f  237 238 239 240
v -6.96706E+02  7.06968E+02 -6.83072E+02
v  7.66412E+02  7.06968E+02 -6.83072E+02
v  7.66412E+02  7.06968E+02  1.30968E+03
v -6.96706E+02  7.06968E+02  1.30968E+03
g plane_Y_20
s 0
f  241 242 243 244
v -6.10760E+02  5.51008E+02 -6.83072E+02
v -6.10760E+02  9.06190E+02 -6.83072E+02
v -6.10760E+02  9.06190E+02  1.30968E+03
v -6.10760E+02  5.51008E+02  1.30968E+03
g plane_X_23
s 0
f  245 246 247 248
v -6.96706E+02  6.39473E+02 -6.83072E+02
v  7.66412E+02  6.39473E+02 -6.83072E+02
v  7.66412E+02  6.39473E+02  1.30968E+03
v -6.96706E+02  6.39473E+02  1.30968E+03
g plane_Y_21
s 0
f  249 250 251 252
v -6.96706E+02  6.43090E+02 -6.83072E+02
v  7.66412E+02  6.43090E+02 -6.83072E+02
v  7.66412E+02  6.43090E+02  1.30968E+03
v -6.96706E+02  6.43090E+02  1.30968E+03
g plane_Y_22
s 0
f  253 254 255 256
v -6.96706E+02  6.23917E+02 -6.83072E+02
v  7.66412E+02  6.23917E+02 -6.83072E+02
v  7.66412E+02  6.23917E+02  1.30968E+03
v -6.96706E+02  6.23917E+02  1.30968E+03
g plane_Y_23
s 0
f  257 258 259 260
v -5.68364E+02  5.51008E+02 -6.83072E+02
v -5.68364E+02  9.06190E+02 -6.83072E+02
v -5.68364E+02  9.06190E+02  1.30968E+03
v -5.68364E+02  5.51008E+02  1.30968E+03
g plane_X_24
s 0
f  261 262 263 264
v -6.96706E+02  5.71393E+02 -6.83072E+02
v  7.66412E+02  5.71393E+02 -6.83072E+02
v  7.66412E+02  5.71393E+02  1.30968E+03
v -6.96706E+02  5.71393E+02  1.30968E+03
g plane_Y_24
s 0
f  265 266 267 268
v -6.96706E+02  9.06190E+02  1.02718E+03
v  7.66412E+02  9.06190E+02  1.02718E+03
v  7.66412E+02  5.51008E+02  1.02718E+03
v -6.96706E+02  5.51008E+02  1.02718E+03
g plane_Z_20
s 0
f  269 270 271 272
v -6.96706E+02  9.06190E+02  1.02735E+03
v  7.66412E+02  9.06190E+02  1.02735E+03
v  7.66412E+02  5.51008E+02  1.02735E+03
v -6.96706E+02  5.51008E+02  1.02735E+03
g plane_Z_21
s 0
f  273 274 275 276
v -6.96706E+02  9.06190E+02 -6.03073E+02
v  7.66412E+02  9.06190E+02 -6.03073E+02
v  7.66412E+02  5.51008E+02 -6.03073E+02
v -6.96706E+02  5.51008E+02 -6.03073E+02
g plane_Z_22
s 0
f  277 278 279 280
v -6.96706E+02  9.06190E+02 -4.43073E+02
v  7.66412E+02  9.06190E+02 -4.43073E+02
v  7.66412E+02  5.51008E+02 -4.43073E+02
v -6.96706E+02  5.51008E+02 -4.43073E+02
g plane_Z_23
s 0
f  281 282 283 284
v -6.96706E+02  8.60856E+02 -6.83072E+02
v  7.66412E+02  8.60856E+02 -6.83072E+02
v  7.66412E+02  8.60856E+02  1.30968E+03
v -6.96706E+02  8.60856E+02  1.30968E+03
g plane_Y_25
s 0
f  285 286 287 288
v -6.96706E+02  8.70419E+02 -6.83072E+02
v  7.66412E+02  8.70419E+02 -6.83072E+02
v  7.66412E+02  8.70419E+02  1.30968E+03
v -6.96706E+02  8.70419E+02  1.30968E+03
g plane_Y_26
s 0
f  289 290 291 292
v -6.96706E+02  9.06190E+02  2.12749E+02
v  7.66412E+02  9.06190E+02  2.12749E+02
v  7.66412E+02  5.51008E+02  2.12749E+02
v -6.96706E+02  5.51008E+02  2.12749E+02
g plane_Z_24
s 0
f  293 294 295 296
v -6.96706E+02  9.06190E+02  1.97920E+02
v  7.66412E+02  9.06190E+02  1.97920E+02
v  7.66412E+02  5.51008E+02  1.97920E+02
v -6.96706E+02  5.51008E+02  1.97920E+02
g plane_Z_25
s 0
f  297 298 299 300
v  4.10334E+02  5.51008E+02 -6.83072E+02
v  4.10334E+02  9.06190E+02 -6.83072E+02
v  4.10334E+02  9.06190E+02  1.30968E+03
v  4.10334E+02  5.51008E+02  1.30968E+03
g plane_X_25
s 0
f  301 302 303 304
v  6.38391E+02  5.51008E+02 -6.83072E+02
v  6.38391E+02  9.06190E+02 -6.83072E+02
v  6.38391E+02  9.06190E+02  1.30968E+03
v  6.38391E+02  5.51008E+02  1.30968E+03
g plane_X_26
s 0
f  305 306 307 308
v  6.26779E+02  5.51008E+02 -6.83072E+02
v  6.26779E+02  9.06190E+02 -6.83072E+02
v  6.26779E+02  9.06190E+02  1.30968E+03
v  6.26779E+02  5.51008E+02  1.30968E+03
g plane_X_27
s 0
f  309 310 311 312
v -9.41736E+00  5.51008E+02 -6.83072E+02
v -9.41736E+00  9.06190E+02 -6.83072E+02
v -9.41736E+00  9.06190E+02  1.30968E+03
v -9.41736E+00  5.51008E+02  1.30968E+03
g plane_X_28
s 0
f  313 314 315 316
v -6.96706E+02  7.19981E+02 -6.83072E+02
v  7.66412E+02  7.19981E+02 -6.83072E+02
v  7.66412E+02  7.19981E+02  1.30968E+03
v -6.96706E+02  7.19981E+02  1.30968E+03
g plane_Y_27
s 0
f  317 318 319 320
v -5.95267E+02  5.51008E+02 -6.83072E+02
v -5.95267E+02  9.06190E+02 -6.83072E+02
v -5.95267E+02  9.06190E+02  1.30968E+03
v -5.95267E+02  5.51008E+02  1.30968E+03
g plane_X_29
s 0
f  321 322 323 324
v -4.40510E+02  5.51008E+02 -6.83072E+02
v -4.40510E+02  9.06190E+02 -6.83072E+02
v -4.40510E+02  9.06190E+02  1.30968E+03
v -4.40510E+02  5.51008E+02  1.30968E+03
g plane_X_30
s 0
f  325 326 327 328
v -6.96706E+02  9.06190E+02  8.35288E+02
v  7.66412E+02  9.06190E+02  8.35288E+02
v  7.66412E+02  5.51008E+02  8.35288E+02
v -6.96706E+02  5.51008E+02  8.35288E+02
g plane_Z_26
s 0
f  329 330 331 332
v -6.96706E+02  9.06190E+02  8.66176E+02
v  7.66412E+02  9.06190E+02  8.66176E+02
v  7.66412E+02  5.51008E+02  8.66176E+02
v -6.96706E+02  5.51008E+02  8.66176E+02
g plane_Z_27
s 0
f  333 334 335 336
v -6.96706E+02  6.13716E+02 -6.83072E+02
v  7.66412E+02  6.13716E+02 -6.83072E+02
v  7.66412E+02  6.13716E+02  1.30968E+03
v -6.96706E+02  6.13716E+02  1.30968E+03
g plane_Y_28
s 0
f  337 338 339 340
v -5.86706E+02  5.51008E+02 -6.83072E+02
v -5.86706E+02  9.06190E+02 -6.83072E+02
v -5.86706E+02  9.06190E+02  1.30968E+03
v -5.86706E+02  5.51008E+02  1.30968E+03
g plane_X_31
s 0
f  341 342 343 344
v -3.86706E+02  5.51008E+02 -6.83072E+02
v -3.86706E+02  9.06190E+02 -6.83072E+02
v -3.86706E+02  9.06190E+02  1.30968E+03
v -3.86706E+02  5.51008E+02  1.30968E+03
g plane_X_32
s 0
f  345 346 347 348
v -6.96706E+02  5.80985E+02 -6.83072E+02
v  7.66412E+02  5.80985E+02 -6.83072E+02
v  7.66412E+02  5.80985E+02  1.30968E+03
v -6.96706E+02  5.80985E+02  1.30968E+03
g plane_Y_29
s 0
f  349 350 351 352
v -2.09300E+02  5.51008E+02 -6.83072E+02
v -2.09300E+02  9.06190E+02 -6.83072E+02
v -2.09300E+02  9.06190E+02  1.30968E+03
v -2.09300E+02  5.51008E+02  1.30968E+03
g plane_X_33
s 0
f  353 354 355 356
v -6.96706E+02  9.06190E+02  1.00920E+03
v  7.66412E+02  9.06190E+02  1.00920E+03
v  7.66412E+02  5.51008E+02  1.00920E+03
v -6.96706E+02  5.51008E+02  1.00920E+03
g plane_Z_28
s 0
f  357 358 359 360
v  5.67047E+00  5.51008E+02 -6.83072E+02
v  5.67047E+00  9.06190E+02 -6.83072E+02
v  5.67047E+00  9.06190E+02  1.30968E+03
v  5.67047E+00  5.51008E+02  1.30968E+03
g plane_X_34
s 0
f  361 362 363 364
v  1.10676E+01  5.51008E+02 -6.83072E+02
v  1.10676E+01  9.06190E+02 -6.83072E+02
v  1.10676E+01  9.06190E+02  1.30968E+03
v  1.10676E+01  5.51008E+02  1.30968E+03
g plane_X_35
s 0
f  365 366 367 368
v  1.09312E+02  5.51008E+02 -6.83072E+02
v  1.09312E+02  9.06190E+02 -6.83072E+02
v  1.09312E+02  9.06190E+02  1.30968E+03
v  1.09312E+02  5.51008E+02  1.30968E+03
g plane_X_36
s 0
f  369 370 371 372
v  1.18071E+02  5.51008E+02 -6.83072E+02
v  1.18071E+02  9.06190E+02 -6.83072E+02
v  1.18071E+02  9.06190E+02  1.30968E+03
v  1.18071E+02  5.51008E+02  1.30968E+03
g plane_X_37
s 0
f  373 374 375 376
v  2.47611E+02  5.51008E+02 -6.83072E+02
v  2.47611E+02  9.06190E+02 -6.83072E+02
v  2.47611E+02  9.06190E+02  1.30968E+03
v  2.47611E+02  5.51008E+02  1.30968E+03
g plane_X_38
s 0
f  377 378 379 380
v  4.84021E+02  5.51008E+02 -6.83072E+02
v  4.84021E+02  9.06190E+02 -6.83072E+02
v  4.84021E+02  9.06190E+02  1.30968E+03
v  4.84021E+02  5.51008E+02  1.30968E+03
g plane_X_39
s 0
f  381 382 383 384
v -2.00750E+01  5.51008E+02 -6.83072E+02
v -2.00750E+01  9.06190E+02 -6.83072E+02
v -2.00750E+01  9.06190E+02  1.30968E+03
v -2.00750E+01  5.51008E+02  1.30968E+03
g plane_X_40
s 0
f  385 386 387 388
v -6.96706E+02  7.64394E+02 -6.83072E+02
v  7.66412E+02  7.64394E+02 -6.83072E+02
v  7.66412E+02  7.64394E+02  1.30968E+03
v -6.96706E+02  7.64394E+02  1.30968E+03
g plane_Y_30
s 0
f  389 390 391 392
v -6.96706E+02  9.06190E+02  1.13521E+02
v  7.66412E+02  9.06190E+02  1.13521E+02
v  7.66412E+02  5.51008E+02  1.13521E+02
v -6.96706E+02  5.51008E+02  1.13521E+02
g plane_Z_29
s 0
f  393 394 395 396
v -6.96706E+02  9.06190E+02  1.23899E+02
v  7.66412E+02  9.06190E+02  1.23899E+02
v  7.66412E+02  5.51008E+02  1.23899E+02
v -6.96706E+02  5.51008E+02  1.23899E+02
g plane_Z_30
s 0
f  397 398 399 400
v -6.96706E+02  8.19234E+02 -6.83072E+02
v  7.66412E+02  8.19234E+02 -6.83072E+02
v  7.66412E+02  8.19234E+02  1.30968E+03
v -6.96706E+02  8.19234E+02  1.30968E+03
g plane_Y_31
s 0
f  401 402 403 404
v -6.96706E+02  9.06190E+02  1.45112E+02
v  7.66412E+02  9.06190E+02  1.45112E+02
v  7.66412E+02  5.51008E+02  1.45112E+02
v -6.96706E+02  5.51008E+02  1.45112E+02
g plane_Z_31
s 0
f  405 406 407 408
v -6.96706E+02  9.06190E+02  1.83634E+02
v  7.66412E+02  9.06190E+02  1.83634E+02
v  7.66412E+02  5.51008E+02  1.83634E+02
v -6.96706E+02  5.51008E+02  1.83634E+02
g plane_Z_32
s 0
f  409 410 411 412
v -6.96706E+02  9.06190E+02  3.95594E+02
v  7.66412E+02  9.06190E+02  3.95594E+02
v  7.66412E+02  5.51008E+02  3.95594E+02
v -6.96706E+02  5.51008E+02  3.95594E+02
g plane_Z_33
s 0
f  413 414 415 416
v -6.96706E+02  9.06190E+02  4.99254E+02
v  7.66412E+02  9.06190E+02  4.99254E+02
v  7.66412E+02  5.51008E+02  4.99254E+02
v -6.96706E+02  5.51008E+02  4.99254E+02
g plane_Z_34
s 0
f  417 418 419 420
v -6.96706E+02  6.78431E+02 -6.83072E+02
v  7.66412E+02  6.78431E+02 -6.83072E+02
v  7.66412E+02  6.78431E+02  1.30968E+03
v -6.96706E+02  6.78431E+02  1.30968E+03
g plane_Y_32
s 0
f  421 422 423 424
v -6.96706E+02  9.06190E+02  6.77785E+02
v  7.66412E+02  9.06190E+02  6.77785E+02
v  7.66412E+02  5.51008E+02  6.77785E+02
v -6.96706E+02  5.51008E+02  6.77785E+02
g plane_Z_35
s 0
f  425 426 427 428
v -6.96706E+02  9.06190E+02  8.85830E+02
v  7.66412E+02  9.06190E+02  8.85830E+02
v  7.66412E+02  5.51008E+02  8.85830E+02
v -6.96706E+02  5.51008E+02  8.85830E+02
g plane_Z_36
s 0
f  429 430 431 432
v -5.25634E+02  5.51008E+02 -6.83072E+02
v -5.25634E+02  9.06190E+02 -6.83072E+02
v -5.25634E+02  9.06190E+02  1.30968E+03
v -5.25634E+02  5.51008E+02  1.30968E+03
g plane_X_41
s 0
f  433 434 435 436
v -6.96706E+02  6.53169E+02 -6.83072E+02
v  7.66412E+02  6.53169E+02 -6.83072E+02
v  7.66412E+02  6.53169E+02  1.30968E+03
v -6.96706E+02  6.53169E+02  1.30968E+03
g plane_Y_33
s 0
f  437 438 439 440
v -6.96706E+02  6.83371E+02 -6.83072E+02
v  7.66412E+02  6.83371E+02 -6.83072E+02
v  7.66412E+02  6.83371E+02  1.30968E+03
v -6.96706E+02  6.83371E+02  1.30968E+03
g plane_Y_34
s 0
f  441 442 443 444
v -6.96706E+02  9.06190E+02  7.31837E+02
v  7.66412E+02  9.06190E+02  7.31837E+02
v  7.66412E+02  5.51008E+02  7.31837E+02
v -6.96706E+02  5.51008E+02  7.31837E+02
g plane_Z_37
s 0
f  445 446 447 448
v -6.96706E+02  9.06190E+02  1.01555E+03
v  7.66412E+02  9.06190E+02  1.01555E+03
v  7.66412E+02  5.51008E+02  1.01555E+03
v -6.96706E+02  5.51008E+02  1.01555E+03
g plane_Z_38
s 0
f  449 450 451 452
v -6.96706E+02  9.06190E+02  1.19831E+03
v  7.66412E+02  9.06190E+02  1.19831E+03
v  7.66412E+02  5.51008E+02  1.19831E+03
v -6.96706E+02  5.51008E+02  1.19831E+03
g plane_Z_39
s 0
f  453 454 455 456
v -6.96706E+02  9.06190E+02  1.21164E+03
v  7.66412E+02  9.06190E+02  1.21164E+03
v  7.66412E+02  5.51008E+02  1.21164E+03
v -6.96706E+02  5.51008E+02  1.21164E+03
g plane_Z_40
s 0
f  457 458 459 460
v -6.96706E+02  9.06190E+02  1.08310E+03
v  7.66412E+02  9.06190E+02  1.08310E+03
v  7.66412E+02  5.51008E+02  1.08310E+03
v -6.96706E+02  5.51008E+02  1.08310E+03
g plane_Z_41
s 0
f  461 462 463 464
v -6.96706E+02  9.06190E+02  1.05552E+03
v  7.66412E+02  9.06190E+02  1.05552E+03
v  7.66412E+02  5.51008E+02  1.05552E+03
v -6.96706E+02  5.51008E+02  1.05552E+03
g plane_Z_42
s 0
f  465 466 467 468
v -6.96706E+02  9.06190E+02  1.01561E+03
v  7.66412E+02  9.06190E+02  1.01561E+03
v  7.66412E+02  5.51008E+02  1.01561E+03
v -6.96706E+02  5.51008E+02  1.01561E+03
g plane_Z_43
s 0
f  469 470 471 472
v -6.96706E+02  6.27777E+02 -6.83072E+02
v  7.66412E+02  6.27777E+02 -6.83072E+02
v  7.66412E+02  6.27777E+02  1.30968E+03
v -6.96706E+02  6.27777E+02  1.30968E+03
g plane_Y_35
s 0
f  473 474 475 476
v -2.09300E+02  5.51008E+02 -6.83072E+02
v -2.09300E+02  9.06190E+02 -6.83072E+02
v -2.09300E+02  9.06190E+02  1.30968E+03
v -2.09300E+02  5.51008E+02  1.30968E+03
g plane_X_42
s 0
f  477 478 479 480
v -6.96706E+02  5.69255E+02 -6.83072E+02
v  7.66412E+02  5.69255E+02 -6.83072E+02
v  7.66412E+02  5.69255E+02  1.30968E+03
v -6.96706E+02  5.69255E+02  1.30968E+03
g plane_Y_36
s 0
f  481 482 483 484
v -6.96706E+02  8.93219E+02 -6.83072E+02
v  7.66412E+02  8.93219E+02 -6.83072E+02
v  7.66412E+02  8.93219E+02  1.30968E+03
v -6.96706E+02  8.93219E+02  1.30968E+03
g plane_Y_37
s 0
f  485 486 487 488
v -6.96706E+02  9.06190E+02 -5.60432E+02
v  7.66412E+02  9.06190E+02 -5.60432E+02
v  7.66412E+02  5.51008E+02 -5.60432E+02
v -6.96706E+02  5.51008E+02 -5.60432E+02
g plane_Z_44
s 0
f  489 490 491 492
v -6.96706E+02  9.06190E+02 -5.55117E+02
v  7.66412E+02  9.06190E+02 -5.55117E+02
v  7.66412E+02  5.51008E+02 -5.55117E+02
v -6.96706E+02  5.51008E+02 -5.55117E+02
g plane_Z_45
s 0
f  493 494 495 496
v -6.96706E+02  9.06190E+02 -4.83071E+02
v  7.66412E+02  9.06190E+02 -4.83071E+02
v  7.66412E+02  5.51008E+02 -4.83071E+02
v -6.96706E+02  5.51008E+02 -4.83071E+02
g plane_Z_46
s 0
f  497 498 499 500
v -6.96706E+02  9.06190E+02 -4.03072E+02
v  7.66412E+02  9.06190E+02 -4.03072E+02
v  7.66412E+02  5.51008E+02 -4.03072E+02
v -6.96706E+02  5.51008E+02 -4.03072E+02
g plane_Z_47
s 0
f  501 502 503 504
v -6.96706E+02  9.06190E+02 -2.10396E+02
v  7.66412E+02  9.06190E+02 -2.10396E+02
v  7.66412E+02  5.51008E+02 -2.10396E+02
v -6.96706E+02  5.51008E+02 -2.10396E+02
g plane_Z_48
s 0
f  505 506 507 508
v -6.96706E+02  9.06190E+02 -1.98963E+02
v  7.66412E+02  9.06190E+02 -1.98963E+02
v  7.66412E+02  5.51008E+02 -1.98963E+02
v -6.96706E+02  5.51008E+02 -1.98963E+02
g plane_Z_49
s 0
f  509 510 511 512
v -6.96706E+02  9.06190E+02 -1.36020E+02
v  7.66412E+02  9.06190E+02 -1.36020E+02
v  7.66412E+02  5.51008E+02 -1.36020E+02
v -6.96706E+02  5.51008E+02 -1.36020E+02
g plane_Z_50
s 0
f  513 514 515 516
v -6.96706E+02  9.06190E+02 -1.18032E+02
v  7.66412E+02  9.06190E+02 -1.18032E+02
v  7.66412E+02  5.51008E+02 -1.18032E+02
v -6.96706E+02  5.51008E+02 -1.18032E+02
g plane_Z_51
s 0
f  517 518 519 520
v -6.96706E+02  9.06190E+02  3.05468E+02
v  7.66412E+02  9.06190E+02  3.05468E+02
v  7.66412E+02  5.51008E+02  3.05468E+02
v -6.96706E+02  5.51008E+02  3.05468E+02
g plane_Z_52
s 0
f  521 522 523 524
v -6.96706E+02  9.06190E+02  2.91750E+02
v  7.66412E+02  9.06190E+02  2.91750E+02
v  7.66412E+02  5.51008E+02  2.91750E+02
v -6.96706E+02  5.51008E+02  2.91750E+02
g plane_Z_53
s 0
f  525 526 527 528
v  2.00175E+02  5.51008E+02 -6.83072E+02
v  2.00175E+02  9.06190E+02 -6.83072E+02
v  2.00175E+02  9.06190E+02  1.30968E+03
v  2.00175E+02  5.51008E+02  1.30968E+03
g plane_X_43
s 0
f  529 530 531 532
v -6.96706E+02  7.94708E+02 -6.83072E+02
v  7.66412E+02  7.94708E+02 -6.83072E+02
v  7.66412E+02  7.94708E+02  1.30968E+03
v -6.96706E+02  7.94708E+02  1.30968E+03
g plane_Y_38
s 0
f  533 534 535 536
v -6.96706E+02  7.99411E+02 -6.83072E+02
v  7.66412E+02  7.99411E+02 -6.83072E+02
v  7.66412E+02  7.99411E+02  1.30968E+03
v -6.96706E+02  7.99411E+02  1.30968E+03
g plane_Y_39
s 0
f  537 538 539 540
v  4.96605E+02  5.51008E+02 -6.83072E+02
v  4.96605E+02  9.06190E+02 -6.83072E+02
v  4.96605E+02  9.06190E+02  1.30968E+03
v  4.96605E+02  5.51008E+02  1.30968E+03
g plane_X_44
s 0
f  541 542 543 544
v -6.96706E+02  9.06190E+02  1.70262E+01
v  7.66412E+02  9.06190E+02  1.70262E+01
v  7.66412E+02  5.51008E+02  1.70262E+01
v -6.96706E+02  5.51008E+02  1.70262E+01
g plane_Z_54
s 0
f  545 546 547 548
v  5.74380E+02  5.51008E+02 -6.83072E+02
v  5.74380E+02  9.06190E+02 -6.83072E+02
v  5.74380E+02  9.06190E+02  1.30968E+03
v  5.74380E+02  5.51008E+02  1.30968E+03
g plane_X_45
s 0
f  549 550 551 552
v -6.96706E+02  8.22580E+02 -6.83072E+02
v  7.66412E+02  8.22580E+02 -6.83072E+02
v  7.66412E+02  8.22580E+02  1.30968E+03
v -6.96706E+02  8.22580E+02  1.30968E+03
g plane_Y_40
s 0
f  553 554 555 556
v -3.25391E+02  5.51008E+02 -6.83072E+02
v -3.25391E+02  9.06190E+02 -6.83072E+02
v -3.25391E+02  9.06190E+02  1.30968E+03
v -3.25391E+02  5.51008E+02  1.30968E+03
g plane_X_46
s 0
f  557 558 559 560
v -6.96706E+02  9.06190E+02  4.77214E+02
v  7.66412E+02  9.06190E+02  4.77214E+02
v  7.66412E+02  5.51008E+02  4.77214E+02
v -6.96706E+02  5.51008E+02  4.77214E+02
g plane_Z_55
s 0
f  561 562 563 564
v -6.96706E+02  6.88364E+02 -6.83072E+02
v  7.66412E+02  6.88364E+02 -6.83072E+02
v  7.66412E+02  6.88364E+02  1.30968E+03
v -6.96706E+02  6.88364E+02  1.30968E+03
g plane_Y_41
s 0
f  565 566 567 568
v -5.20692E+02  5.51008E+02 -6.83072E+02
v -5.20692E+02  9.06190E+02 -6.83072E+02
v -5.20692E+02  9.06190E+02  1.30968E+03
v -5.20692E+02  5.51008E+02  1.30968E+03
g plane_X_47
s 0
f  569 570 571 572
v -5.32716E+02  5.51008E+02 -6.83072E+02
v -5.32716E+02  9.06190E+02 -6.83072E+02
v -5.32716E+02  9.06190E+02  1.30968E+03
v -5.32716E+02  5.51008E+02  1.30968E+03
g plane_X_48
s 0
f  573 574 575 576
v -6.96706E+02  9.06190E+02  8.77413E+02
v  7.66412E+02  9.06190E+02  8.77413E+02
v  7.66412E+02  5.51008E+02  8.77413E+02
v -6.96706E+02  5.51008E+02  8.77413E+02
g plane_Z_56
s 0
f  577 578 579 580
v -6.96706E+02  9.06190E+02  8.37785E+02
v  7.66412E+02  9.06190E+02  8.37785E+02
v  7.66412E+02  5.51008E+02  8.37785E+02
v -6.96706E+02  5.51008E+02  8.37785E+02
g plane_Z_57
s 0
f  581 582 583 584
v -6.96706E+02  9.06190E+02  7.78676E+02
v  7.66412E+02  9.06190E+02  7.78676E+02
v  7.66412E+02  5.51008E+02  7.78676E+02
v -6.96706E+02  5.51008E+02  7.78676E+02
g plane_Z_58
s 0
f  585 586 587 588
v -6.96706E+02  9.06190E+02  7.91758E+02
v  7.66412E+02  9.06190E+02  7.91758E+02
v  7.66412E+02  5.51008E+02  7.91758E+02
v -6.96706E+02  5.51008E+02  7.91758E+02
g plane_Z_59
s 0
f  589 590 591 592
v -2.29136E+02  5.51008E+02 -6.83072E+02
v -2.29136E+02  9.06190E+02 -6.83072E+02
v -2.29136E+02  9.06190E+02  1.30968E+03
v -2.29136E+02  5.51008E+02  1.30968E+03
g plane_X_49
s 0
f  593 594 595 596
v  2.61261E+01  5.51008E+02 -6.83072E+02
v  2.61261E+01  9.06190E+02 -6.83072E+02
v  2.61261E+01  9.06190E+02  1.30968E+03
v  2.61261E+01  5.51008E+02  1.30968E+03
g plane_X_50
s 0
f  597 598 599 600
v -6.78654E+01  5.51008E+02 -6.83072E+02
v -6.78654E+01  9.06190E+02 -6.83072E+02
v -6.78654E+01  9.06190E+02  1.30968E+03
v -6.78654E+01  5.51008E+02  1.30968E+03
g plane_X_51
s 0
f  601 602 603 604
v -6.96706E+02  6.28056E+02 -6.83072E+02
v  7.66412E+02  6.28056E+02 -6.83072E+02
v  7.66412E+02  6.28056E+02  1.30968E+03
v -6.96706E+02  6.28056E+02  1.30968E+03
g plane_Y_42
s 0
f  605 606 607 608
v -6.15588E+02  5.51008E+02 -6.83072E+02
v -6.15588E+02  9.06190E+02 -6.83072E+02
v -6.15588E+02  9.06190E+02  1.30968E+03
v -6.15588E+02  5.51008E+02  1.30968E+03
g plane_X_52
s 0
f  609 610 611 612
v -6.54212E+02  5.51008E+02 -6.83072E+02
v -6.54212E+02  9.06190E+02 -6.83072E+02
v -6.54212E+02  9.06190E+02  1.30968E+03
v -6.54212E+02  5.51008E+02  1.30968E+03
g plane_X_53
s 0
f  613 614 615 616
v -5.31706E+02  5.51008E+02 -6.83072E+02
v -5.31706E+02  9.06190E+02 -6.83072E+02
v -5.31706E+02  9.06190E+02  1.30968E+03
v -5.31706E+02  5.51008E+02  1.30968E+03
g plane_X_54
s 0
f  617 618 619 620
v -6.96706E+02  9.06190E+02  1.11255E+03
v  7.66412E+02  9.06190E+02  1.11255E+03
v  7.66412E+02  5.51008E+02  1.11255E+03
v -6.96706E+02  5.51008E+02  1.11255E+03
g plane_Z_60
s 0
f  621 622 623 624
v -6.96706E+02  5.85931E+02 -6.83072E+02
v  7.66412E+02  5.85931E+02 -6.83072E+02
v  7.66412E+02  5.85931E+02  1.30968E+03
v -6.96706E+02  5.85931E+02  1.30968E+03
g plane_Y_43
s 0
f  625 626 627 628
v -6.96706E+02  6.20565E+02 -6.83072E+02
v  7.66412E+02  6.20565E+02 -6.83072E+02
v  7.66412E+02  6.20565E+02  1.30968E+03
v -6.96706E+02  6.20565E+02  1.30968E+03
g plane_Y_44
s 0
f  629 630 631 632
v -6.96706E+02  9.06190E+02  1.00673E+03
v  7.66412E+02  9.06190E+02  1.00673E+03
v  7.66412E+02  5.51008E+02  1.00673E+03
v -6.96706E+02  5.51008E+02  1.00673E+03
g plane_Z_61
s 0
f  633 634 635 636
v -6.96706E+02  5.71152E+02 -6.83072E+02
v  7.66412E+02  5.71152E+02 -6.83072E+02
v  7.66412E+02  5.71152E+02  1.30968E+03
v -6.96706E+02  5.71152E+02  1.30968E+03
g plane_Y_45
s 0
f  637 638 639 640
v -6.96706E+02  9.06190E+02  1.08703E+03
v  7.66412E+02  9.06190E+02  1.08703E+03
v  7.66412E+02  5.51008E+02  1.08703E+03
v -6.96706E+02  5.51008E+02  1.08703E+03
g plane_Z_62
s 0
f  641 642 643 644
v -6.96706E+02  9.06190E+02  1.07962E+03
v  7.66412E+02  9.06190E+02  1.07962E+03
v  7.66412E+02  5.51008E+02  1.07962E+03
v -6.96706E+02  5.51008E+02  1.07962E+03
g plane_Z_63
s 0
f  645 646 647 648
v -3.44861E+01  5.51008E+02 -6.83072E+02
v -3.44861E+01  9.06190E+02 -6.83072E+02
v -3.44861E+01  9.06190E+02  1.30968E+03
v -3.44861E+01  5.51008E+02  1.30968E+03
g plane_X_55
s 0
f  649 650 651 652
v -6.96706E+02  9.06190E+02 -6.43071E+02
v  7.66412E+02  9.06190E+02 -6.43071E+02
v  7.66412E+02  5.51008E+02 -6.43071E+02
v -6.96706E+02  5.51008E+02 -6.43071E+02
g plane_Z_64
s 0
f  653 654 655 656
v -2.54847E+01  5.51008E+02 -6.83072E+02
v -2.54847E+01  9.06190E+02 -6.83072E+02
v -2.54847E+01  9.06190E+02  1.30968E+03
v -2.54847E+01  5.51008E+02  1.30968E+03
g plane_X_56
s 0
f  657 658 659 660
v  3.68242E+01  5.51008E+02 -6.83072E+02
v  3.68242E+01  9.06190E+02 -6.83072E+02
v  3.68242E+01  9.06190E+02  1.30968E+03
v  3.68242E+01  5.51008E+02  1.30968E+03
g plane_X_57
s 0
f  661 662 663 664
v  8.14332E+01  5.51008E+02 -6.83072E+02
v  8.14332E+01  9.06190E+02 -6.83072E+02
v  8.14332E+01  9.06190E+02  1.30968E+03
v  8.14332E+01  5.51008E+02  1.30968E+03
g plane_X_58
s 0
f  665 666 667 668
v  9.02294E+01  5.51008E+02 -6.83072E+02
v  9.02294E+01  9.06190E+02 -6.83072E+02
v  9.02294E+01  9.06190E+02  1.30968E+03
v  9.02294E+01  5.51008E+02  1.30968E+03
g plane_X_59
s 0
f  669 670 671 672
v  1.32176E+02  5.51008E+02 -6.83072E+02
v  1.32176E+02  9.06190E+02 -6.83072E+02
v  1.32176E+02  9.06190E+02  1.30968E+03
v  1.32176E+02  5.51008E+02  1.30968E+03
g plane_X_60
s 0
f  673 674 675 676
v -6.96706E+02  9.06190E+02 -4.23072E+02
v  7.66412E+02  9.06190E+02 -4.23072E+02
v  7.66412E+02  5.51008E+02 -4.23072E+02
v -6.96706E+02  5.51008E+02 -4.23072E+02
g plane_Z_65
s 0
f  677 678 679 680
v -6.96706E+02  9.06190E+02 -2.81018E+02
v  7.66412E+02  9.06190E+02 -2.81018E+02
v  7.66412E+02  5.51008E+02 -2.81018E+02
v -6.96706E+02  5.51008E+02 -2.81018E+02
g plane_Z_66
s 0
f  681 682 683 684
v -6.96706E+02  8.76036E+02 -6.83072E+02
v  7.66412E+02  8.76036E+02 -6.83072E+02
v  7.66412E+02  8.76036E+02  1.30968E+03
v -6.96706E+02  8.76036E+02  1.30968E+03
g plane_Y_46
s 0
f  685 686 687 688
v  4.24918E+02  5.51008E+02 -6.83072E+02
v  4.24918E+02  9.06190E+02 -6.83072E+02
v  4.24918E+02  9.06190E+02  1.30968E+03
v  4.24918E+02  5.51008E+02  1.30968E+03
g plane_X_61
s 0
f  689 690 691 692
v  5.43123E+02  5.51008E+02 -6.83072E+02
v  5.43123E+02  9.06190E+02 -6.83072E+02
v  5.43123E+02  9.06190E+02  1.30968E+03
v  5.43123E+02  5.51008E+02  1.30968E+03
g plane_X_62
s 0
f  693 694 695 696
v -6.96706E+02  7.61583E+02 -6.83072E+02
v  7.66412E+02  7.61583E+02 -6.83072E+02
v  7.66412E+02  7.61583E+02  1.30968E+03
v -6.96706E+02  7.61583E+02  1.30968E+03
g plane_Y_47
s 0
f  697 698 699 700
v  3.49879E+01  5.51008E+02 -6.83072E+02
v  3.49879E+01  9.06190E+02 -6.83072E+02
v  3.49879E+01  9.06190E+02  1.30968E+03
v  3.49879E+01  5.51008E+02  1.30968E+03
g plane_X_63
s 0
f  701 702 703 704
v -6.96706E+02  9.06190E+02  1.27009E+02
v  7.66412E+02  9.06190E+02  1.27009E+02
v  7.66412E+02  5.51008E+02  1.27009E+02
v -6.96706E+02  5.51008E+02  1.27009E+02
g plane_Z_67
s 0
f  705 706 707 708
v -6.96706E+02  9.06190E+02  1.18510E+02
v  7.66412E+02  9.06190E+02  1.18510E+02
v  7.66412E+02  5.51008E+02  1.18510E+02
v -6.96706E+02  5.51008E+02  1.18510E+02
g plane_Z_68
s 0
f  709 710 711 712
v  3.60317E+02  5.51008E+02 -6.83072E+02
v  3.60317E+02  9.06190E+02 -6.83072E+02
v  3.60317E+02  9.06190E+02  1.30968E+03
v  3.60317E+02  5.51008E+02  1.30968E+03
g plane_X_64
s 0
f  713 714 715 716
v -6.96706E+02  8.19585E+02 -6.83072E+02
v  7.66412E+02  8.19585E+02 -6.83072E+02
v  7.66412E+02  8.19585E+02  1.30968E+03
v -6.96706E+02  8.19585E+02  1.30968E+03
g plane_Y_48
s 0
f  717 718 719 720
v  4.60352E+02  5.51008E+02 -6.83072E+02
v  4.60352E+02  9.06190E+02 -6.83072E+02
v  4.60352E+02  9.06190E+02  1.30968E+03
v  4.60352E+02  5.51008E+02  1.30968E+03
g plane_X_65
s 0
f  721 722 723 724
v  5.68574E+02  5.51008E+02 -6.83072E+02
v  5.68574E+02  9.06190E+02 -6.83072E+02
v  5.68574E+02  9.06190E+02  1.30968E+03
v  5.68574E+02  5.51008E+02  1.30968E+03
g plane_X_66
s 0
f  725 726 727 728
v  5.85205E+02  5.51008E+02 -6.83072E+02
v  5.85205E+02  9.06190E+02 -6.83072E+02
v  5.85205E+02  9.06190E+02  1.30968E+03
v  5.85205E+02  5.51008E+02  1.30968E+03
g plane_X_67
s 0
f  729 730 731 732
v -6.96706E+02  9.06190E+02  1.40380E+02
v  7.66412E+02  9.06190E+02  1.40380E+02
v  7.66412E+02  5.51008E+02  1.40380E+02
v -6.96706E+02  5.51008E+02  1.40380E+02
g plane_Z_69
s 0
f  733 734 735 736
v -6.96706E+02  8.29015E+02 -6.83072E+02
v  7.66412E+02  8.29015E+02 -6.83072E+02
v  7.66412E+02  8.29015E+02  1.30968E+03
v -6.96706E+02  8.29015E+02  1.30968E+03
g plane_Y_49
s 0
f  737 738 739 740
v  7.02401E+02  5.51008E+02 -6.83072E+02
v  7.02401E+02  9.06190E+02 -6.83072E+02
v  7.02401E+02  9.06190E+02  1.30968E+03
v  7.02401E+02  5.51008E+02  1.30968E+03
g plane_X_68
s 0
f  741 742 743 744
v -6.96706E+02  9.06190E+02  5.15746E+02
v  7.66412E+02  9.06190E+02  5.15746E+02
v  7.66412E+02  5.51008E+02  5.15746E+02
v -6.96706E+02  5.51008E+02  5.15746E+02
g plane_Z_70
s 0
f  745 746 747 748
v -6.96706E+02  9.06190E+02  4.91209E+02
v  7.66412E+02  9.06190E+02  4.91209E+02
v  7.66412E+02  5.51008E+02  4.91209E+02
v -6.96706E+02  5.51008E+02  4.91209E+02
g plane_Z_71
s 0
f  749 750 751 752
v -2.88657E+01  5.51008E+02 -6.83072E+02
v -2.88657E+01  9.06190E+02 -6.83072E+02
v -2.88657E+01  9.06190E+02  1.30968E+03
v -2.88657E+01  5.51008E+02  1.30968E+03
g plane_X_69
s 0
f  753 754 755 756
v -1.20386E+02  5.51008E+02 -6.83072E+02
v -1.20386E+02  9.06190E+02 -6.83072E+02
v -1.20386E+02  9.06190E+02  1.30968E+03
v -1.20386E+02  5.51008E+02  1.30968E+03
g plane_X_70
s 0
f  757 758 759 760
v  6.95756E+01  5.51008E+02 -6.83072E+02
v  6.95756E+01  9.06190E+02 -6.83072E+02
v  6.95756E+01  9.06190E+02  1.30968E+03
v  6.95756E+01  5.51008E+02  1.30968E+03
g plane_X_71
s 0
f  761 762 763 764
v -6.96706E+02  9.06190E+02  6.37642E+02
v  7.66412E+02  9.06190E+02  6.37642E+02
v  7.66412E+02  5.51008E+02  6.37642E+02
v -6.96706E+02  5.51008E+02  6.37642E+02
g plane_Z_72
s 0
f  765 766 767 768
v -6.96706E+02  9.06190E+02  7.17930E+02
v  7.66412E+02  9.06190E+02  7.17930E+02
v  7.66412E+02  5.51008E+02  7.17930E+02
v -6.96706E+02  5.51008E+02  7.17930E+02
g plane_Z_73
s 0
f  769 770 771 772
v -5.68198E+02  5.51008E+02 -6.83072E+02
v -5.68198E+02  9.06190E+02 -6.83072E+02
v -5.68198E+02  9.06190E+02  1.30968E+03
v -5.68198E+02  5.51008E+02  1.30968E+03
g plane_X_72
s 0
f  773 774 775 776
v -5.85457E+02  5.51008E+02 -6.83072E+02
v -5.85457E+02  9.06190E+02 -6.83072E+02
v -5.85457E+02  9.06190E+02  1.30968E+03
v -5.85457E+02  5.51008E+02  1.30968E+03
g plane_X_73
s 0
f  777 778 779 780
v -4.83072E+02  5.51008E+02 -6.83072E+02
v -4.83072E+02  9.06190E+02 -6.83072E+02
v -4.83072E+02  9.06190E+02  1.30968E+03
v -4.83072E+02  5.51008E+02  1.30968E+03
g plane_X_74
s 0
f  781 782 783 784
v -3.55385E+02  5.51008E+02 -6.83072E+02
v -3.55385E+02  9.06190E+02 -6.83072E+02
v -3.55385E+02  9.06190E+02  1.30968E+03
v -3.55385E+02  5.51008E+02  1.30968E+03
g plane_X_75
s 0
f  785 786 787 788
v -1.90221E+02  5.51008E+02 -6.83072E+02
v -1.90221E+02  9.06190E+02 -6.83072E+02
v -1.90221E+02  9.06190E+02  1.30968E+03
v -1.90221E+02  5.51008E+02  1.30968E+03
g plane_X_76
s 0
f  789 790 791 792
v -6.96706E+02  9.06190E+02  8.55689E+02
v  7.66412E+02  9.06190E+02  8.55689E+02
v  7.66412E+02  5.51008E+02  8.55689E+02
v -6.96706E+02  5.51008E+02  8.55689E+02
g plane_Z_74
s 0
f  793 794 795 796
v -6.96706E+02  9.06190E+02  6.64668E+02
v  7.66412E+02  9.06190E+02  6.64668E+02
v  7.66412E+02  5.51008E+02  6.64668E+02
v -6.96706E+02  5.51008E+02  6.64668E+02
g plane_Z_75
s 0
f  797 798 799 800
v -4.20292E+01  5.51008E+02 -6.83072E+02
v -4.20292E+01  9.06190E+02 -6.83072E+02
v -4.20292E+01  9.06190E+02  1.30968E+03
v -4.20292E+01  5.51008E+02  1.30968E+03
g plane_X_77
s 0
f  801 802 803 804
v -6.96706E+02  9.06190E+02  1.08382E+03
v  7.66412E+02  9.06190E+02  1.08382E+03
v  7.66412E+02  5.51008E+02  1.08382E+03
v -6.96706E+02  5.51008E+02  1.08382E+03
g plane_Z_76
s 0
f  805 806 807 808
v -6.96706E+02  9.06190E+02  1.16261E+03
v  7.66412E+02  9.06190E+02  1.16261E+03
v  7.66412E+02  5.51008E+02  1.16261E+03
v -6.96706E+02  5.51008E+02  1.16261E+03
g plane_Z_77
s 0
f  809 810 811 812
v -6.96706E+02  9.06190E+02  1.26066E+03
v  7.66412E+02  9.06190E+02  1.26066E+03
v  7.66412E+02  5.51008E+02  1.26066E+03
v -6.96706E+02  5.51008E+02  1.26066E+03
g plane_Z_78
s 0
f  813 814 815 816
v -6.96706E+02  9.06190E+02  1.16147E+03
v  7.66412E+02  9.06190E+02  1.16147E+03
v  7.66412E+02  5.51008E+02  1.16147E+03
v -6.96706E+02  5.51008E+02  1.16147E+03
g plane_Z_79
s 0
f  817 818 819 820
v -6.96706E+02  9.06190E+02  1.15595E+03
v  7.66412E+02  9.06190E+02  1.15595E+03
v  7.66412E+02  5.51008E+02  1.15595E+03
v -6.96706E+02  5.51008E+02  1.15595E+03
g plane_Z_80
s 0
f  821 822 823 824
v -6.96706E+02  5.95382E+02 -6.83072E+02
v  7.66412E+02  5.95382E+02 -6.83072E+02
v  7.66412E+02  5.95382E+02  1.30968E+03
v -6.96706E+02  5.95382E+02  1.30968E+03
g plane_Y_50
s 0
f  825 826 827 828
v -6.96706E+02  6.17971E+02 -6.83072E+02
v  7.66412E+02  6.17971E+02 -6.83072E+02
v  7.66412E+02  6.17971E+02  1.30968E+03
v -6.96706E+02  6.17971E+02  1.30968E+03
g plane_Y_51
s 0
f  829 830 831 832
v -6.96706E+02  9.06190E+02  1.06325E+03
v  7.66412E+02  9.06190E+02  1.06325E+03
v  7.66412E+02  5.51008E+02  1.06325E+03
v -6.96706E+02  5.51008E+02  1.06325E+03
g plane_Z_81
s 0
f  833 834 835 836
v -6.96706E+02  9.06190E+02  1.12883E+03
v  7.66412E+02  9.06190E+02  1.12883E+03
v  7.66412E+02  5.51008E+02  1.12883E+03
v -6.96706E+02  5.51008E+02  1.12883E+03
g plane_Z_82
s 0
f  837 838 839 840
v -6.96706E+02  9.06190E+02  9.62114E+02
v  7.66412E+02  9.06190E+02  9.62114E+02
v  7.66412E+02  5.51008E+02  9.62114E+02
v -6.96706E+02  5.51008E+02  9.62114E+02
g plane_Z_83
s 0
f  841 842 843 844
v -1.46218E+02  5.51008E+02 -6.83072E+02
v -1.46218E+02  9.06190E+02 -6.83072E+02
v -1.46218E+02  9.06190E+02  1.30968E+03
v -1.46218E+02  5.51008E+02  1.30968E+03
g plane_X_78
s 0
f  845 846 847 848
v -6.96706E+02  5.67766E+02 -6.83072E+02
v  7.66412E+02  5.67766E+02 -6.83072E+02
v  7.66412E+02  5.67766E+02  1.30968E+03
v -6.96706E+02  5.67766E+02  1.30968E+03
g plane_Y_52
s 0
f  849 850 851 852
v -1.65596E+02  5.51008E+02 -6.83072E+02
v -1.65596E+02  9.06190E+02 -6.83072E+02
v -1.65596E+02  9.06190E+02  1.30968E+03
v -1.65596E+02  5.51008E+02  1.30968E+03
g plane_X_79
s 0
f  853 854 855 856
v  9.21741E+00  5.51008E+02 -6.83072E+02
v  9.21741E+00  9.06190E+02 -6.83072E+02
v  9.21741E+00  9.06190E+02  1.30968E+03
v  9.21741E+00  5.51008E+02  1.30968E+03
g plane_X_80
s 0
f  857 858 859 860
v -7.81895E+01  5.51008E+02 -6.83072E+02
v -7.81895E+01  9.06190E+02 -6.83072E+02
v -7.81895E+01  9.06190E+02  1.30968E+03
v -7.81895E+01  5.51008E+02  1.30968E+03
g plane_X_81
s 0
f  861 862 863 864
v -2.36791E+01  5.51008E+02 -6.83072E+02
v -2.36791E+01  9.06190E+02 -6.83072E+02
v -2.36791E+01  9.06190E+02  1.30968E+03
v -2.36791E+01  5.51008E+02  1.30968E+03
g plane_X_82
s 0
f  865 866 867 868
v -2.27861E+01  5.51008E+02 -6.83072E+02
v -2.27861E+01  9.06190E+02 -6.83072E+02
v -2.27861E+01  9.06190E+02  1.30968E+03
v -2.27861E+01  5.51008E+02  1.30968E+03
g plane_X_83
s 0
f  869 870 871 872
v -6.96706E+02  9.06190E+02 -5.78293E+02
v  7.66412E+02  9.06190E+02 -5.78293E+02
v  7.66412E+02  5.51008E+02 -5.78293E+02
v -6.96706E+02  5.51008E+02 -5.78293E+02
g plane_Z_84
s 0
f  873 874 875 876
v -6.96706E+02  9.06190E+02 -5.79095E+02
v  7.66412E+02  9.06190E+02 -5.79095E+02
v  7.66412E+02  5.51008E+02 -5.79095E+02
v -6.96706E+02  5.51008E+02 -5.79095E+02
g plane_Z_85
s 0
f  877 878 879 880
v -6.96706E+02  9.06190E+02 -5.41753E+02
v  7.66412E+02  9.06190E+02 -5.41753E+02
v  7.66412E+02  5.51008E+02 -5.41753E+02
v -6.96706E+02  5.51008E+02 -5.41753E+02
g plane_Z_86
s 0
f  881 882 883 884
v -6.96706E+02  9.06190E+02 -5.41753E+02
v  7.66412E+02  9.06190E+02 -5.41753E+02
v  7.66412E+02  5.51008E+02 -5.41753E+02
v -6.96706E+02  5.51008E+02 -5.41753E+02
g plane_Z_87
s 0
f  885 886 887 888
v -6.96706E+02  9.06190E+02 -5.03071E+02
v  7.66412E+02  9.06190E+02 -5.03071E+02
v  7.66412E+02  5.51008E+02 -5.03071E+02
v -6.96706E+02  5.51008E+02 -5.03071E+02
g plane_Z_88
s 0
f  889 890 891 892
v -6.96706E+02  9.06190E+02 -4.63071E+02
v  7.66412E+02  9.06190E+02 -4.63071E+02
v  7.66412E+02  5.51008E+02 -4.63071E+02
v -6.96706E+02  5.51008E+02 -4.63071E+02
g plane_Z_89
s 0
f  893 894 895 896
v  1.26681E+02  5.51008E+02 -6.83072E+02
v  1.26681E+02  9.06190E+02 -6.83072E+02
v  1.26681E+02  9.06190E+02  1.30968E+03
v  1.26681E+02  5.51008E+02  1.30968E+03
g plane_X_84
s 0
f  897 898 899 900
v -6.96706E+02  9.06190E+02 -3.83072E+02
v  7.66412E+02  9.06190E+02 -3.83072E+02
v  7.66412E+02  5.51008E+02 -3.83072E+02
v -6.96706E+02  5.51008E+02 -3.83072E+02
g plane_Z_90
s 0
f  901 902 903 904
v -6.96706E+02  8.82737E+02 -6.83072E+02
v  7.66412E+02  8.82737E+02 -6.83072E+02
v  7.66412E+02  8.82737E+02  1.30968E+03
v -6.96706E+02  8.82737E+02  1.30968E+03
g plane_Y_53
s 0
f  905 906 907 908
v  1.52297E+02  5.51008E+02 -6.83072E+02
v  1.52297E+02  9.06190E+02 -6.83072E+02
v  1.52297E+02  9.06190E+02  1.30968E+03
v  1.52297E+02  5.51008E+02  1.30968E+03
g plane_X_85
s 0
f  909 910 911 912
v  3.06714E+02  5.51008E+02 -6.83072E+02
v  3.06714E+02  9.06190E+02 -6.83072E+02
v  3.06714E+02  9.06190E+02  1.30968E+03
v  3.06714E+02  5.51008E+02  1.30968E+03
g plane_X_86
s 0
f  913 914 915 916
v  4.54470E+02  5.51008E+02 -6.83072E+02
v  4.54470E+02  9.06190E+02 -6.83072E+02
v  4.54470E+02  9.06190E+02  1.30968E+03
v  4.54470E+02  5.51008E+02  1.30968E+03
g plane_X_87
s 0
f  917 918 919 920
v -6.96706E+02  9.06190E+02 -1.44183E+02
v  7.66412E+02  9.06190E+02 -1.44183E+02
v  7.66412E+02  5.51008E+02 -1.44183E+02
v -6.96706E+02  5.51008E+02 -1.44183E+02
g plane_Z_91
s 0
f  921 922 923 924
v -6.96706E+02  9.06190E+02 -9.95469E+01
v  7.66412E+02  9.06190E+02 -9.95469E+01
v  7.66412E+02  5.51008E+02 -9.95469E+01
v -6.96706E+02  5.51008E+02 -9.95469E+01
g plane_Z_92
s 0
f  925 926 927 928
v -6.96706E+02  9.06190E+02 -1.17403E+02
v  7.66412E+02  9.06190E+02 -1.17403E+02
v  7.66412E+02  5.51008E+02 -1.17403E+02
v -6.96706E+02  5.51008E+02 -1.17403E+02
g plane_Z_93
s 0
f  929 930 931 932
v -7.51379E+01  5.51008E+02 -6.83072E+02
v -7.51379E+01  9.06190E+02 -6.83072E+02
v -7.51379E+01  9.06190E+02  1.30968E+03
v -7.51379E+01  5.51008E+02  1.30968E+03
g plane_X_88
s 0
f  933 934 935 936
v -6.96706E+02  9.06190E+02  2.81722E+02
v  7.66412E+02  9.06190E+02  2.81722E+02
v  7.66412E+02  5.51008E+02  2.81722E+02
v -6.96706E+02  5.51008E+02  2.81722E+02
g plane_Z_94
s 0
f  937 938 939 940
v -6.96706E+02  9.06190E+02  2.70403E+02
v  7.66412E+02  9.06190E+02  2.70403E+02
v  7.66412E+02  5.51008E+02  2.70403E+02
v -6.96706E+02  5.51008E+02  2.70403E+02
g plane_Z_95
s 0
f  941 942 943 944
v  1.45112E+02  5.51008E+02 -6.83072E+02
v  1.45112E+02  9.06190E+02 -6.83072E+02
v  1.45112E+02  9.06190E+02  1.30968E+03
v  1.45112E+02  5.51008E+02  1.30968E+03
g plane_X_89
s 0
f  945 946 947 948
v  2.55237E+02  5.51008E+02 -6.83072E+02
v  2.55237E+02  9.06190E+02 -6.83072E+02
v  2.55237E+02  9.06190E+02  1.30968E+03
v  2.55237E+02  5.51008E+02  1.30968E+03
g plane_X_90
s 0
f  949 950 951 952
v -6.96706E+02  9.06190E+02  8.98986E+01
v  7.66412E+02  9.06190E+02  8.98986E+01
v  7.66412E+02  5.51008E+02  8.98986E+01
v -6.96706E+02  5.51008E+02  8.98986E+01
g plane_Z_96
s 0
f  953 954 955 956
v -6.96706E+02  9.06190E+02  8.38742E+01
v  7.66412E+02  9.06190E+02  8.38742E+01
v  7.66412E+02  5.51008E+02  8.38742E+01
v -6.96706E+02  5.51008E+02  8.38742E+01
g plane_Z_97
s 0
f  957 958 959 960
v -6.96706E+02  9.06190E+02  8.47085E+01
v  7.66412E+02  9.06190E+02  8.47085E+01
v  7.66412E+02  5.51008E+02  8.47085E+01
v -6.96706E+02  5.51008E+02  8.47085E+01
g plane_Z_98
s 0
f  961 962 963 964
v -6.96706E+02  9.06190E+02  1.42332E+02
v  7.66412E+02  9.06190E+02  1.42332E+02
v  7.66412E+02  5.51008E+02  1.42332E+02
v -6.96706E+02  5.51008E+02  1.42332E+02
g plane_Z_99
s 0
f  965 966 967 968
v -6.96706E+02  9.06190E+02  1.34044E+02
v  7.66412E+02  9.06190E+02  1.34044E+02
v  7.66412E+02  5.51008E+02  1.34044E+02
v -6.96706E+02  5.51008E+02  1.34044E+02
g plane_Z_100
s 0
f  969 970 971 972
v  5.43934E+02  5.51008E+02 -6.83072E+02
v  5.43934E+02  9.06190E+02 -6.83072E+02
v  5.43934E+02  9.06190E+02  1.30968E+03
v  5.43934E+02  5.51008E+02  1.30968E+03
g plane_X_91
s 0
f  973 974 975 976
v -6.96706E+02  9.06190E+02  5.02630E+01
v  7.66412E+02  9.06190E+02  5.02630E+01
v  7.66412E+02  5.51008E+02  5.02630E+01
v -6.96706E+02  5.51008E+02  5.02630E+01
g plane_Z_101
s 0
f  977 978 979 980
v -6.96706E+02  9.06190E+02  5.70742E+01
v  7.66412E+02  9.06190E+02  5.70742E+01
v  7.66412E+02  5.51008E+02  5.70742E+01
v -6.96706E+02  5.51008E+02  5.70742E+01
g plane_Z_102
s 0
f  981 982 983 984
v -6.96706E+02  9.06190E+02  1.40380E+02
v  7.66412E+02  9.06190E+02  1.40380E+02
v  7.66412E+02  5.51008E+02  1.40380E+02
v -6.96706E+02  5.51008E+02  1.40380E+02
g plane_Z_103
s 0
f  985 986 987 988
v -6.96706E+02  8.24847E+02 -6.83072E+02
v  7.66412E+02  8.24847E+02 -6.83072E+02
v  7.66412E+02  8.24847E+02  1.30968E+03
v -6.96706E+02  8.24847E+02  1.30968E+03
g plane_Y_54
s 0
f  989 990 991 992
v -6.96706E+02  8.14408E+02 -6.83072E+02
v  7.66412E+02  8.14408E+02 -6.83072E+02
v  7.66412E+02  8.14408E+02  1.30968E+03
v -6.96706E+02  8.14408E+02  1.30968E+03
g plane_Y_55
s 0
f  993 994 995 996
v -6.96706E+02  9.06190E+02  1.88511E+02
v  7.66412E+02  9.06190E+02  1.88511E+02
v  7.66412E+02  5.51008E+02  1.88511E+02
v -6.96706E+02  5.51008E+02  1.88511E+02
g plane_Z_104
s 0
f  997 998 999 1000
v -6.96706E+02  9.06190E+02  2.26160E+02
v  7.66412E+02  9.06190E+02  2.26160E+02
v  7.66412E+02  5.51008E+02  2.26160E+02
v -6.96706E+02  5.51008E+02  2.26160E+02
g plane_Z_105
s 0
f  1001 1002 1003 1004
v -4.04385E+02  5.51008E+02 -6.83072E+02
v -4.04385E+02  9.06190E+02 -6.83072E+02
v -4.04385E+02  9.06190E+02  1.30968E+03
v -4.04385E+02  5.51008E+02  1.30968E+03
g plane_X_92
s 0
f  1005 1006 1007 1008
v -2.46398E+02  5.51008E+02 -6.83072E+02
v -2.46398E+02  9.06190E+02 -6.83072E+02
v -2.46398E+02  9.06190E+02  1.30968E+03
v -2.46398E+02  5.51008E+02  1.30968E+03
g plane_X_93
s 0
f  1009 1010 1011 1012
v -6.96706E+02  9.06190E+02  4.03696E+02
v  7.66412E+02  9.06190E+02  4.03696E+02
v  7.66412E+02  5.51008E+02  4.03696E+02
v -6.96706E+02  5.51008E+02  4.03696E+02
g plane_Z_106
s 0
f  1013 1014 1015 1016
v -6.96706E+02  6.90564E+02 -6.83072E+02
v  7.66412E+02  6.90564E+02 -6.83072E+02
v  7.66412E+02  6.90564E+02  1.30968E+03
v -6.96706E+02  6.90564E+02  1.30968E+03
g plane_Y_56
s 0
f  1017 1018 1019 1020
v -6.96706E+02  9.06190E+02  5.48376E+02
v  7.66412E+02  9.06190E+02  5.48376E+02
v  7.66412E+02  5.51008E+02  5.48376E+02
v -6.96706E+02  5.51008E+02  5.48376E+02
g plane_Z_107
s 0
f  1021 1022 1023 1024
v -6.96706E+02  9.06190E+02  5.21078E+02
v  7.66412E+02  9.06190E+02  5.21078E+02
v  7.66412E+02  5.51008E+02  5.21078E+02
v -6.96706E+02  5.51008E+02  5.21078E+02
g plane_Z_108
s 0
f  1025 1026 1027 1028
v -5.04809E+02  5.51008E+02 -6.83072E+02
v -5.04809E+02  9.06190E+02 -6.83072E+02
v -5.04809E+02  9.06190E+02  1.30968E+03
v -5.04809E+02  5.51008E+02  1.30968E+03
g plane_X_94
s 0
f  1029 1030 1031 1032
v -5.00631E+02  5.51008E+02 -6.83072E+02
v -5.00631E+02  9.06190E+02 -6.83072E+02
v -5.00631E+02  9.06190E+02  1.30968E+03
v -5.00631E+02  5.51008E+02  1.30968E+03
g plane_X_95
s 0
f  1033 1034 1035 1036
v -5.65699E+02  5.51008E+02 -6.83072E+02
v -5.65699E+02  9.06190E+02 -6.83072E+02
v -5.65699E+02  9.06190E+02  1.30968E+03
v -5.65699E+02  5.51008E+02  1.30968E+03
g plane_X_96
s 0
f  1037 1038 1039 1040
v -5.57980E+02  5.51008E+02 -6.83072E+02
v -5.57980E+02  9.06190E+02 -6.83072E+02
v -5.57980E+02  9.06190E+02  1.30968E+03
v -5.57980E+02  5.51008E+02  1.30968E+03
g plane_X_97
s 0
f  1041 1042 1043 1044
v -6.96706E+02  9.06190E+02  7.97929E+02
v  7.66412E+02  9.06190E+02  7.97929E+02
v  7.66412E+02  5.51008E+02  7.97929E+02
v -6.96706E+02  5.51008E+02  7.97929E+02
g plane_Z_109
s 0
f  1045 1046 1047 1048
v -6.96706E+02  9.06190E+02  8.98649E+02
v  7.66412E+02  9.06190E+02  8.98649E+02
v  7.66412E+02  5.51008E+02  8.98649E+02
v -6.96706E+02  5.51008E+02  8.98649E+02
g plane_Z_110
s 0
f  1049 1050 1051 1052
v -6.96706E+02  9.06190E+02  8.77643E+02
v  7.66412E+02  9.06190E+02  8.77643E+02
v  7.66412E+02  5.51008E+02  8.77643E+02
v -6.96706E+02  5.51008E+02  8.77643E+02
g plane_Z_111
s 0
f  1053 1054 1055 1056
v -4.61791E+02  5.51008E+02 -6.83072E+02
v -4.61791E+02  9.06190E+02 -6.83072E+02
v -4.61791E+02  9.06190E+02  1.30968E+03
v -4.61791E+02  5.51008E+02  1.30968E+03
g plane_X_98
s 0
f  1057 1058 1059 1060
v -5.04354E+02  5.51008E+02 -6.83072E+02
v -5.04354E+02  9.06190E+02 -6.83072E+02
v -5.04354E+02  9.06190E+02  1.30968E+03
v -5.04354E+02  5.51008E+02  1.30968E+03
g plane_X_99
s 0
f  1061 1062 1063 1064
v -6.96706E+02  9.06190E+02  8.63673E+02
v  7.66412E+02  9.06190E+02  8.63673E+02
v  7.66412E+02  5.51008E+02  8.63673E+02
v -6.96706E+02  5.51008E+02  8.63673E+02
g plane_Z_112
s 0
f  1065 1066 1067 1068
v -6.96706E+02  9.06190E+02  8.51616E+02
v  7.66412E+02  9.06190E+02  8.51616E+02
v  7.66412E+02  5.51008E+02  8.51616E+02
v -6.96706E+02  5.51008E+02  8.51616E+02
g plane_Z_113
s 0
f  1069 1070 1071 1072
v -1.50203E+02  5.51008E+02 -6.83072E+02
v -1.50203E+02  9.06190E+02 -6.83072E+02
v -1.50203E+02  9.06190E+02  1.30968E+03
v -1.50203E+02  5.51008E+02  1.30968E+03
g plane_X_100
s 0
f  1073 1074 1075 1076
v -6.96706E+02  9.06190E+02  7.77452E+02
v  7.66412E+02  9.06190E+02  7.77452E+02
v  7.66412E+02  5.51008E+02  7.77452E+02
v -6.96706E+02  5.51008E+02  7.77452E+02
g plane_Z_114
s 0
f  1077 1078 1079 1080
v -1.69660E+02  5.51008E+02 -6.83072E+02
v -1.69660E+02  9.06190E+02 -6.83072E+02
v -1.69660E+02  9.06190E+02  1.30968E+03
v -1.69660E+02  5.51008E+02  1.30968E+03
g plane_X_101
s 0
f  1081 1082 1083 1084
v  3.37460E+01  5.51008E+02 -6.83072E+02
v  3.37460E+01  9.06190E+02 -6.83072E+02
v  3.37460E+01  9.06190E+02  1.30968E+03
v  3.37460E+01  5.51008E+02  1.30968E+03
g plane_X_102
s 0
f  1085 1086 1087 1088
v -4.18772E+01  5.51008E+02 -6.83072E+02
v -4.18772E+01  9.06190E+02 -6.83072E+02
v -4.18772E+01  9.06190E+02  1.30968E+03
v -4.18772E+01  5.51008E+02  1.30968E+03
g plane_X_103
s 0
f  1089 1090 1091 1092
v -6.96706E+02  9.06190E+02  8.26901E+02
v  7.66412E+02  9.06190E+02  8.26901E+02
v  7.66412E+02  5.51008E+02  8.26901E+02
v -6.96706E+02  5.51008E+02  8.26901E+02
g plane_Z_115
s 0
f  1093 1094 1095 1096
v -6.96706E+02  9.06190E+02  7.99007E+02
v  7.66412E+02  9.06190E+02  7.99007E+02
v  7.66412E+02  5.51008E+02  7.99007E+02
v -6.96706E+02  5.51008E+02  7.99007E+02
g plane_Z_116
s 0
f  1097 1098 1099 1100
v -5.22535E+02  5.51008E+02 -6.83072E+02
v -5.22535E+02  9.06190E+02 -6.83072E+02
v -5.22535E+02  9.06190E+02  1.30968E+03
v -5.22535E+02  5.51008E+02  1.30968E+03
g plane_X_104
s 0
f  1101 1102 1103 1104
v -6.20459E+02  5.51008E+02 -6.83072E+02
v -6.20459E+02  9.06190E+02 -6.83072E+02
v -6.20459E+02  9.06190E+02  1.30968E+03
v -6.20459E+02  5.51008E+02  1.30968E+03
g plane_X_105
s 0
f  1105 1106 1107 1108
v -6.15309E+02  5.51008E+02 -6.83072E+02
v -6.15309E+02  9.06190E+02 -6.83072E+02
v -6.15309E+02  9.06190E+02  1.30968E+03
v -6.15309E+02  5.51008E+02  1.30968E+03
g plane_X_106
s 0
f  1109 1110 1111 1112
v -6.42129E+02  5.51008E+02 -6.83072E+02
v -6.42129E+02  9.06190E+02 -6.83072E+02
v -6.42129E+02  9.06190E+02  1.30968E+03
v -6.42129E+02  5.51008E+02  1.30968E+03
g plane_X_107
s 0
f  1113 1114 1115 1116
v -6.56148E+02  5.51008E+02 -6.83072E+02
v -6.56148E+02  9.06190E+02 -6.83072E+02
v -6.56148E+02  9.06190E+02  1.30968E+03
v -6.56148E+02  5.51008E+02  1.30968E+03
g plane_X_108
s 0
f  1117 1118 1119 1120
v -6.96706E+02  9.06190E+02  1.18301E+03
v  7.66412E+02  9.06190E+02  1.18301E+03
v  7.66412E+02  5.51008E+02  1.18301E+03
v -6.96706E+02  5.51008E+02  1.18301E+03
g plane_Z_117
s 0
f  1121 1122 1123 1124
v -6.96706E+02  6.12481E+02 -6.83072E+02
v  7.66412E+02  6.12481E+02 -6.83072E+02
v  7.66412E+02  6.12481E+02  1.30968E+03
v -6.96706E+02  6.12481E+02  1.30968E+03
g plane_Y_57
s 0
f  1125 1126 1127 1128
v -6.96706E+02  5.99012E+02 -6.83072E+02
v  7.66412E+02  5.99012E+02 -6.83072E+02
v  7.66412E+02  5.99012E+02  1.30968E+03
v -6.96706E+02  5.99012E+02  1.30968E+03
g plane_Y_58
s 0
f  1129 1130 1131 1132
v -4.31706E+02  5.51008E+02 -6.83072E+02
v -4.31706E+02  9.06190E+02 -6.83072E+02
v -4.31706E+02  9.06190E+02  1.30968E+03
v -4.31706E+02  5.51008E+02  1.30968E+03
g plane_X_109
s 0
f  1133 1134 1135 1136
v -6.96706E+02  9.06190E+02  1.14353E+03
v  7.66412E+02  9.06190E+02  1.14353E+03
v  7.66412E+02  5.51008E+02  1.14353E+03
v -6.96706E+02  5.51008E+02  1.14353E+03
g plane_Z_118
s 0
f  1137 1138 1139 1140
v -3.41706E+02  5.51008E+02 -6.83072E+02
v -3.41706E+02  9.06190E+02 -6.83072E+02
v -3.41706E+02  9.06190E+02  1.30968E+03
v -3.41706E+02  5.51008E+02  1.30968E+03
g plane_X_110
s 0
f  1141 1142 1143 1144
v -3.41706E+02  5.51008E+02 -6.83072E+02
v -3.41706E+02  9.06190E+02 -6.83072E+02
v -3.41706E+02  9.06190E+02  1.30968E+03
v -3.41706E+02  5.51008E+02  1.30968E+03
g plane_X_111
s 0
f  1145 1146 1147 1148
v -2.43533E+02  5.51008E+02 -6.83072E+02
v -2.43533E+02  9.06190E+02 -6.83072E+02
v -2.43533E+02  9.06190E+02  1.30968E+03
v -2.43533E+02  5.51008E+02  1.30968E+03
g plane_X_112
s 0
f  1149 1150 1151 1152
v -2.52372E+02  5.51008E+02 -6.83072E+02
v -2.52372E+02  9.06190E+02 -6.83072E+02
v -2.52372E+02  9.06190E+02  1.30968E+03
v -2.52372E+02  5.51008E+02  1.30968E+03
g plane_X_113
s 0
f  1153 1154 1155 1156
v -1.34056E+02  5.51008E+02 -6.83072E+02
v -1.34056E+02  9.06190E+02 -6.83072E+02
v -1.34056E+02  9.06190E+02  1.30968E+03
v -1.34056E+02  5.51008E+02  1.30968E+03
g plane_X_114
s 0
f  1157 1158 1159 1160
v -2.53003E+02  5.51008E+02 -6.83072E+02
v -2.53003E+02  9.06190E+02 -6.83072E+02
v -2.53003E+02  9.06190E+02  1.30968E+03
v -2.53003E+02  5.51008E+02  1.30968E+03
g plane_X_115
s 0
f  1161 1162 1163 1164
v -6.96706E+02  9.06190E+02  1.05161E+03
v  7.66412E+02  9.06190E+02  1.05161E+03
v  7.66412E+02  5.51008E+02  1.05161E+03
v -6.96706E+02  5.51008E+02  1.05161E+03
g plane_Z_119
s 0
f  1165 1166 1167 1168
v -6.96706E+02  9.06190E+02  1.05719E+03
v  7.66412E+02  9.06190E+02  1.05719E+03
v  7.66412E+02  5.51008E+02  1.05719E+03
v -6.96706E+02  5.51008E+02  1.05719E+03
g plane_Z_120
s 0
f  1169 1170 1171 1172
v -5.63384E+01  5.51008E+02 -6.83072E+02
v -5.63384E+01  9.06190E+02 -6.83072E+02
v -5.63384E+01  9.06190E+02  1.30968E+03
v -5.63384E+01  5.51008E+02  1.30968E+03
g plane_X_116
s 0
f  1173 1174 1175 1176
v -1.00042E+02  5.51008E+02 -6.83072E+02
v -1.00042E+02  9.06190E+02 -6.83072E+02
v -1.00042E+02  9.06190E+02  1.30968E+03
v -1.00042E+02  5.51008E+02  1.30968E+03
g plane_X_117
s 0
f  1177 1178 1179 1180
v  3.10684E+01  5.51008E+02 -6.83072E+02
v  3.10684E+01  9.06190E+02 -6.83072E+02
v  3.10684E+01  9.06190E+02  1.30968E+03
v  3.10684E+01  5.51008E+02  1.30968E+03
g plane_X_118
s 0
f  1181 1182 1183 1184
v -1.26350E+01  5.51008E+02 -6.83072E+02
v -1.26350E+01  9.06190E+02 -6.83072E+02
v -1.26350E+01  9.06190E+02  1.30968E+03
v -1.26350E+01  5.51008E+02  1.30968E+03
g plane_X_119
s 0
f  1185 1186 1187 1188
v -6.96706E+02  9.06190E+02 -6.63072E+02
v  7.66412E+02  9.06190E+02 -6.63072E+02
v  7.66412E+02  5.51008E+02 -6.63072E+02
v -6.96706E+02  5.51008E+02 -6.63072E+02
g plane_Z_121
s 0
f  1189 1190 1191 1192
v -6.96706E+02  9.06190E+02 -6.23071E+02
v  7.66412E+02  9.06190E+02 -6.23071E+02
v  7.66412E+02  5.51008E+02 -6.23071E+02
v -6.96706E+02  5.51008E+02 -6.23071E+02
g plane_Z_122
s 0
f  1193 1194 1195 1196
v -4.10623E+01  5.51008E+02 -6.83072E+02
v -4.10623E+01  9.06190E+02 -6.83072E+02
v -4.10623E+01  9.06190E+02  1.30968E+03
v -4.10623E+01  5.51008E+02  1.30968E+03
g plane_X_120
s 0
f  1197 1198 1199 1200
v -9.90710E+00  5.51008E+02 -6.83072E+02
v -9.90710E+00  9.06190E+02 -6.83072E+02
v -9.90710E+00  9.06190E+02  1.30968E+03
v -9.90710E+00  5.51008E+02  1.30968E+03
g plane_X_121
s 0
f  1201 1202 1203 1204
v  2.12466E+01  5.51008E+02 -6.83072E+02
v  2.12466E+01  9.06190E+02 -6.83072E+02
v  2.12466E+01  9.06190E+02  1.30968E+03
v  2.12466E+01  5.51008E+02  1.30968E+03
g plane_X_122
s 0
f  1205 1206 1207 1208
v  5.24018E+01  5.51008E+02 -6.83072E+02
v  5.24018E+01  9.06190E+02 -6.83072E+02
v  5.24018E+01  9.06190E+02  1.30968E+03
v  5.24018E+01  5.51008E+02  1.30968E+03
g plane_X_123
s 0
f  1209 1210 1211 1212
v  7.36332E+01  5.51008E+02 -6.83072E+02
v  7.36332E+01  9.06190E+02 -6.83072E+02
v  7.36332E+01  9.06190E+02  1.30968E+03
v  7.36332E+01  5.51008E+02  1.30968E+03
g plane_X_124
s 0
f  1213 1214 1215 1216
v  9.97526E+01  5.51008E+02 -6.83072E+02
v  9.97526E+01  9.06190E+02 -6.83072E+02
v  9.97526E+01  9.06190E+02  1.30968E+03
v  9.97526E+01  5.51008E+02  1.30968E+03
g plane_X_125
s 0
f  1217 1218 1219 1220
v -6.96706E+02  9.06190E+02 -3.22045E+02
v  7.66412E+02  9.06190E+02 -3.22045E+02
v  7.66412E+02  5.51008E+02 -3.22045E+02
v -6.96706E+02  5.51008E+02 -3.22045E+02
g plane_Z_123
s 0
f  1221 1222 1223 1224
v  1.88509E+02  5.51008E+02 -6.83072E+02
v  1.88509E+02  9.06190E+02 -6.83072E+02
v  1.88509E+02  9.06190E+02  1.30968E+03
v  1.88509E+02  5.51008E+02  1.30968E+03
g plane_X_126
s 0
f  1225 1226 1227 1228
v  3.36265E+02  5.51008E+02 -6.83072E+02
v  3.36265E+02  9.06190E+02 -6.83072E+02
v  3.36265E+02  9.06190E+02  1.30968E+03
v  3.36265E+02  5.51008E+02  1.30968E+03
g plane_X_127
s 0
f  1229 1230 1231 1232
v -6.96706E+02  9.06190E+02 -1.88277E+02
v  7.66412E+02  9.06190E+02 -1.88277E+02
v  7.66412E+02  5.51008E+02 -1.88277E+02
v -6.96706E+02  5.51008E+02 -1.88277E+02
g plane_Z_124
s 0
f  1233 1234 1235 1236
v -6.96706E+02  8.56061E+02 -6.83072E+02
v  7.66412E+02  8.56061E+02 -6.83072E+02
v  7.66412E+02  8.56061E+02  1.30968E+03
v -6.96706E+02  8.56061E+02  1.30968E+03
g plane_Y_59
s 0
f  1237 1238 1239 1240
v -6.96706E+02  9.06190E+02 -1.36201E+02
v  7.66412E+02  9.06190E+02 -1.36201E+02
v  7.66412E+02  5.51008E+02 -1.36201E+02
v -6.96706E+02  5.51008E+02 -1.36201E+02
g plane_Z_125
s 0
f  1241 1242 1243 1244
v -6.96706E+02  8.54758E+02 -6.83072E+02
v  7.66412E+02  8.54758E+02 -6.83072E+02
v  7.66412E+02  8.54758E+02  1.30968E+03
v -6.96706E+02  8.54758E+02  1.30968E+03
g plane_Y_60
s 0
f  1245 1246 1247 1248
v  5.13573E+02  5.51008E+02 -6.83072E+02
v  5.13573E+02  9.06190E+02 -6.83072E+02
v  5.13573E+02  9.06190E+02  1.30968E+03
v  5.13573E+02  5.51008E+02  1.30968E+03
g plane_X_128
s 0
f  1249 1250 1251 1252
v  5.75822E+02  5.51008E+02 -6.83072E+02
v  5.75822E+02  9.06190E+02 -6.83072E+02
v  5.75822E+02  9.06190E+02  1.30968E+03
v  5.75822E+02  5.51008E+02  1.30968E+03
g plane_X_129
s 0
f  1253 1254 1255 1256
v  5.72675E+02  5.51008E+02 -6.83072E+02
v  5.72675E+02  9.06190E+02 -6.83072E+02
v  5.72675E+02  9.06190E+02  1.30968E+03
v  5.72675E+02  5.51008E+02  1.30968E+03
g plane_X_130
s 0
f  1257 1258 1259 1260
v -6.96706E+02  9.06190E+02  3.24339E+02
v  7.66412E+02  9.06190E+02  3.24339E+02
v  7.66412E+02  5.51008E+02  3.24339E+02
v -6.96706E+02  5.51008E+02  3.24339E+02
g plane_Z_126
s 0
f  1261 1262 1263 1264
v -6.96706E+02  9.06190E+02  3.28201E+02
v  7.66412E+02  9.06190E+02  3.28201E+02
v  7.66412E+02  5.51008E+02  3.28201E+02
v -6.96706E+02  5.51008E+02  3.28201E+02
g plane_Z_127
s 0
f  1265 1266 1267 1268
v -6.96706E+02  7.66404E+02 -6.83072E+02
v  7.66412E+02  7.66404E+02 -6.83072E+02
v  7.66412E+02  7.66404E+02  1.30968E+03
v -6.96706E+02  7.66404E+02  1.30968E+03
g plane_Y_61
s 0
f  1269 1270 1271 1272
v -6.96706E+02  9.06190E+02  2.39821E+02
v  7.66412E+02  9.06190E+02  2.39821E+02
v  7.66412E+02  5.51008E+02  2.39821E+02
v -6.96706E+02  5.51008E+02  2.39821E+02
g plane_Z_128
s 0
f  1273 1274 1275 1276
v -6.96706E+02  9.06190E+02  1.76321E+02
v  7.66412E+02  9.06190E+02  1.76321E+02
v  7.66412E+02  5.51008E+02  1.76321E+02
v -6.96706E+02  5.51008E+02  1.76321E+02
g plane_Z_129
s 0
f  1277 1278 1279 1280
v -6.96706E+02  9.06190E+02  1.63316E+02
v  7.66412E+02  9.06190E+02  1.63316E+02
v  7.66412E+02  5.51008E+02  1.63316E+02
v -6.96706E+02  5.51008E+02  1.63316E+02
g plane_Z_130
s 0
f  1281 1282 1283 1284
v -6.96706E+02  7.82250E+02 -6.83072E+02
v  7.66412E+02  7.82250E+02 -6.83072E+02
v  7.66412E+02  7.82250E+02  1.30968E+03
v -6.96706E+02  7.82250E+02  1.30968E+03
g plane_Y_62
s 0
f  1285 1286 1287 1288
v -6.96706E+02  9.06190E+02  1.06107E+02
v  7.66412E+02  9.06190E+02  1.06107E+02
v  7.66412E+02  5.51008E+02  1.06107E+02
v -6.96706E+02  5.51008E+02  1.06107E+02
g plane_Z_131
s 0
f  1289 1290 1291 1292
v  3.35308E+02  5.51008E+02 -6.83072E+02
v  3.35308E+02  9.06190E+02 -6.83072E+02
v  3.35308E+02  9.06190E+02  1.30968E+03
v  3.35308E+02  5.51008E+02  1.30968E+03
g plane_X_131
s 0
f  1293 1294 1295 1296
v  3.85326E+02  5.51008E+02 -6.83072E+02
v  3.85326E+02  9.06190E+02 -6.83072E+02
v  3.85326E+02  9.06190E+02  1.30968E+03
v  3.85326E+02  5.51008E+02  1.30968E+03
g plane_X_132
s 0
f  1297 1298 1299 1300
v  3.82233E+02  5.51008E+02 -6.83072E+02
v  3.82233E+02  9.06190E+02 -6.83072E+02
v  3.82233E+02  9.06190E+02  1.30968E+03
v  3.82233E+02  5.51008E+02  1.30968E+03
g plane_X_133
s 0
f  1301 1302 1303 1304
v -6.96706E+02  9.06190E+02  7.03032E+01
v  7.66412E+02  9.06190E+02  7.03032E+01
v  7.66412E+02  5.51008E+02  7.03032E+01
v -6.96706E+02  5.51008E+02  7.03032E+01
g plane_Z_132
s 0
f  1305 1306 1307 1308
v  4.35343E+02  5.51008E+02 -6.83072E+02
v  4.35343E+02  9.06190E+02 -6.83072E+02
v  4.35343E+02  9.06190E+02  1.30968E+03
v  4.35343E+02  5.51008E+02  1.30968E+03
g plane_X_134
s 0
f  1309 1310 1311 1312
v  4.85360E+02  5.51008E+02 -6.83072E+02
v  4.85360E+02  9.06190E+02 -6.83072E+02
v  4.85360E+02  9.06190E+02  1.30968E+03
v  4.85360E+02  5.51008E+02  1.30968E+03
g plane_X_135
s 0
f  1313 1314 1315 1316
v  4.88525E+02  5.51008E+02 -6.83072E+02
v  4.88525E+02  9.06190E+02 -6.83072E+02
v  4.88525E+02  9.06190E+02  1.30968E+03
v  4.88525E+02  5.51008E+02  1.30968E+03
g plane_X_136
s 0
f  1317 1318 1319 1320
v -6.96706E+02  8.34621E+02 -6.83072E+02
v  7.66412E+02  8.34621E+02 -6.83072E+02
v  7.66412E+02  8.34621E+02  1.30968E+03
v -6.96706E+02  8.34621E+02  1.30968E+03
g plane_Y_63
s 0
f  1321 1322 1323 1324
v  5.39472E+02  5.51008E+02 -6.83072E+02
v  5.39472E+02  9.06190E+02 -6.83072E+02
v  5.39472E+02  9.06190E+02  1.30968E+03
v  5.39472E+02  5.51008E+02  1.30968E+03
g plane_X_137
s 0
f  1325 1326 1327 1328
v  5.39472E+02  5.51008E+02 -6.83072E+02
v  5.39472E+02  9.06190E+02 -6.83072E+02
v  5.39472E+02  9.06190E+02  1.30968E+03
v  5.39472E+02  5.51008E+02  1.30968E+03
g plane_X_138
s 0
f  1329 1330 1331 1332
v  5.97677E+02  5.51008E+02 -6.83072E+02
v  5.97677E+02  9.06190E+02 -6.83072E+02
v  5.97677E+02  9.06190E+02  1.30968E+03
v  5.97677E+02  5.51008E+02  1.30968E+03
g plane_X_139
s 0
f  1333 1334 1335 1336
v -6.96706E+02  8.04411E+02 -6.83072E+02
v  7.66412E+02  8.04411E+02 -6.83072E+02
v  7.66412E+02  8.04411E+02  1.30968E+03
v -6.96706E+02  8.04411E+02  1.30968E+03
g plane_Y_64
s 0
f  1337 1338 1339 1340
v -6.96706E+02  8.16028E+02 -6.83072E+02
v  7.66412E+02  8.16028E+02 -6.83072E+02
v  7.66412E+02  8.16028E+02  1.30968E+03
v -6.96706E+02  8.16028E+02  1.30968E+03
g plane_Y_65
s 0
f  1341 1342 1343 1344
v  6.06385E+02  5.51008E+02 -6.83072E+02
v  6.06385E+02  9.06190E+02 -6.83072E+02
v  6.06385E+02  9.06190E+02  1.30968E+03
v  6.06385E+02  5.51008E+02  1.30968E+03
g plane_X_140
s 0
f  1345 1346 1347 1348
v  6.06385E+02  5.51008E+02 -6.83072E+02
v  6.06385E+02  9.06190E+02 -6.83072E+02
v  6.06385E+02  9.06190E+02  1.30968E+03
v  6.06385E+02  5.51008E+02  1.30968E+03
g plane_X_141
s 0
f  1349 1350 1351 1352
v -6.96706E+02  9.06190E+02  1.85635E+02
v  7.66412E+02  9.06190E+02  1.85635E+02
v  7.66412E+02  5.51008E+02  1.85635E+02
v -6.96706E+02  5.51008E+02  1.85635E+02
g plane_Z_133
s 0
f  1353 1354 1355 1356
v -6.96706E+02  9.06190E+02  2.22916E+02
v  7.66412E+02  9.06190E+02  2.22916E+02
v  7.66412E+02  5.51008E+02  2.22916E+02
v -6.96706E+02  5.51008E+02  2.22916E+02
g plane_Z_134
s 0
f  1357 1358 1359 1360
v -6.96706E+02  9.06190E+02  5.17076E+02
v  7.66412E+02  9.06190E+02  5.17076E+02
v  7.66412E+02  5.51008E+02  5.17076E+02
v -6.96706E+02  5.51008E+02  5.17076E+02
g plane_Z_135
s 0
f  1361 1362 1363 1364
v -6.96706E+02  7.35529E+02 -6.83072E+02
v  7.66412E+02  7.35529E+02 -6.83072E+02
v  7.66412E+02  7.35529E+02  1.30968E+03
v -6.96706E+02  7.35529E+02  1.30968E+03
g plane_Y_66
s 0
f  1365 1366 1367 1368
v -6.96706E+02  9.06190E+02  4.52537E+02
v  7.66412E+02  9.06190E+02  4.52537E+02
v  7.66412E+02  5.51008E+02  4.52537E+02
v -6.96706E+02  5.51008E+02  4.52537E+02
g plane_Z_136
s 0
f  1369 1370 1371 1372
v -6.96706E+02  9.06190E+02  4.42666E+02
v  7.66412E+02  9.06190E+02  4.42666E+02
v  7.66412E+02  5.51008E+02  4.42666E+02
v -6.96706E+02  5.51008E+02  4.42666E+02
g plane_Z_137
s 0
f  1373 1374 1375 1376
v -6.96706E+02  7.44761E+02 -6.83072E+02
v  7.66412E+02  7.44761E+02 -6.83072E+02
v  7.66412E+02  7.44761E+02  1.30968E+03
v -6.96706E+02  7.44761E+02  1.30968E+03
g plane_Y_67
s 0
f  1377 1378 1379 1380
v -6.96706E+02  9.06190E+02  5.44285E+02
v  7.66412E+02  9.06190E+02  5.44285E+02
v  7.66412E+02  5.51008E+02  5.44285E+02
v -6.96706E+02  5.51008E+02  5.44285E+02
g plane_Z_138
s 0
f  1381 1382 1383 1384
v  3.00791E+01  5.51008E+02 -6.83072E+02
v  3.00791E+01  9.06190E+02 -6.83072E+02
v  3.00791E+01  9.06190E+02  1.30968E+03
v  3.00791E+01  5.51008E+02  1.30968E+03
g plane_X_142
s 0
f  1385 1386 1387 1388
v  1.09073E+02  5.51008E+02 -6.83072E+02
v  1.09073E+02  9.06190E+02 -6.83072E+02
v  1.09073E+02  9.06190E+02  1.30968E+03
v  1.09073E+02  5.51008E+02  1.30968E+03
g plane_X_143
s 0
f  1389 1390 1391 1392
v  1.09073E+02  5.51008E+02 -6.83072E+02
v  1.09073E+02  9.06190E+02 -6.83072E+02
v  1.09073E+02  9.06190E+02  1.30968E+03
v  1.09073E+02  5.51008E+02  1.30968E+03
g plane_X_144
s 0
f  1393 1394 1395 1396
v -6.96706E+02  9.06190E+02  6.17571E+02
v  7.66412E+02  9.06190E+02  6.17571E+02
v  7.66412E+02  5.51008E+02  6.17571E+02
v -6.96706E+02  5.51008E+02  6.17571E+02
g plane_Z_139
s 0
f  1397 1398 1399 1400
v -6.96706E+02  9.06190E+02  6.57714E+02
v  7.66412E+02  9.06190E+02  6.57714E+02
v  7.66412E+02  5.51008E+02  6.57714E+02
v -6.96706E+02  5.51008E+02  6.57714E+02
g plane_Z_140
s 0
f  1401 1402 1403 1404
v -6.96706E+02  9.06190E+02  6.57714E+02
v  7.66412E+02  9.06190E+02  6.57714E+02
v  7.66412E+02  5.51008E+02  6.57714E+02
v -6.96706E+02  5.51008E+02  6.57714E+02
g plane_Z_141
s 0
f  1405 1406 1407 1408
v -6.96706E+02  9.06190E+02  6.97858E+02
v  7.66412E+02  9.06190E+02  6.97858E+02
v  7.66412E+02  5.51008E+02  6.97858E+02
v -6.96706E+02  5.51008E+02  6.97858E+02
g plane_Z_142
s 0
f  1409 1410 1411 1412
v -6.96706E+02  9.06190E+02  7.38000E+02
v  7.66412E+02  9.06190E+02  7.38000E+02
v  7.66412E+02  5.51008E+02  7.38000E+02
v -6.96706E+02  5.51008E+02  7.38000E+02
g plane_Z_143
s 0
f  1413 1414 1415 1416
v -6.96706E+02  9.06190E+02  8.17857E+02
v  7.66412E+02  9.06190E+02  8.17857E+02
v  7.66412E+02  5.51008E+02  8.17857E+02
v -6.96706E+02  5.51008E+02  8.17857E+02
g plane_Z_144
s 0
f  1417 1418 1419 1420
v -6.96706E+02  9.06190E+02  7.78001E+02
v  7.66412E+02  9.06190E+02  7.78001E+02
v  7.66412E+02  5.51008E+02  7.78001E+02
v -6.96706E+02  5.51008E+02  7.78001E+02
g plane_Z_145
s 0
f  1421 1422 1423 1424
v -5.89478E+02  5.51008E+02 -6.83072E+02
v -5.89478E+02  9.06190E+02 -6.83072E+02
v -5.89478E+02  9.06190E+02  1.30968E+03
v -5.89478E+02  5.51008E+02  1.30968E+03
g plane_X_145
s 0
f  1425 1426 1427 1428
v -5.91933E+02  5.51008E+02 -6.83072E+02
v -5.91933E+02  9.06190E+02 -6.83072E+02
v -5.91933E+02  9.06190E+02  1.30968E+03
v -5.91933E+02  5.51008E+02  1.30968E+03
g plane_X_146
s 0
f  1429 1430 1431 1432
v -5.46916E+02  5.51008E+02 -6.83072E+02
v -5.46916E+02  9.06190E+02 -6.83072E+02
v -5.46916E+02  9.06190E+02  1.30968E+03
v -5.46916E+02  5.51008E+02  1.30968E+03
g plane_X_147
s 0
f  1433 1434 1435 1436
v -6.96706E+02  9.06190E+02  9.02368E+02
v  7.66412E+02  9.06190E+02  9.02368E+02
v  7.66412E+02  5.51008E+02  9.02368E+02
v -6.96706E+02  5.51008E+02  9.02368E+02
g plane_Z_146
s 0
f  1437 1438 1439 1440
v -6.96706E+02  9.06190E+02  8.95612E+02
v  7.66412E+02  9.06190E+02  8.95612E+02
v  7.66412E+02  5.51008E+02  8.95612E+02
v -6.96706E+02  5.51008E+02  8.95612E+02
g plane_Z_147
s 0
f  1441 1442 1443 1444
v -6.96706E+02  9.06190E+02  8.97457E+02
v  7.66412E+02  9.06190E+02  8.97457E+02
v  7.66412E+02  5.51008E+02  8.97457E+02
v -6.96706E+02  5.51008E+02  8.97457E+02
g plane_Z_148
s 0
f  1445 1446 1447 1448
v -3.97947E+02  5.51008E+02 -6.83072E+02
v -3.97947E+02  9.06190E+02 -6.83072E+02
v -3.97947E+02  9.06190E+02  1.30968E+03
v -3.97947E+02  5.51008E+02  1.30968E+03
g plane_X_148
s 0
f  1449 1450 1451 1452
v -3.12823E+02  5.51008E+02 -6.83072E+02
v -3.12823E+02  9.06190E+02 -6.83072E+02
v -3.12823E+02  9.06190E+02  1.30968E+03
v -3.12823E+02  5.51008E+02  1.30968E+03
g plane_X_149
s 0
f  1453 1454 1455 1456
v -2.30241E+02  5.51008E+02 -6.83072E+02
v -2.30241E+02  9.06190E+02 -6.83072E+02
v -2.30241E+02  9.06190E+02  1.30968E+03
v -2.30241E+02  5.51008E+02  1.30968E+03
g plane_X_150
s 0
f  1457 1458 1459 1460
v -1.30192E+02  5.51008E+02 -6.83072E+02
v -1.30192E+02  9.06190E+02 -6.83072E+02
v -1.30192E+02  9.06190E+02  1.30968E+03
v -1.30192E+02  5.51008E+02  1.30968E+03
g plane_X_151
s 0
f  1461 1462 1463 1464
v -6.96706E+02  9.06190E+02  7.77638E+02
v  7.66412E+02  9.06190E+02  7.77638E+02
v  7.66412E+02  5.51008E+02  7.77638E+02
v -6.96706E+02  5.51008E+02  7.77638E+02
g plane_Z_149
s 0
f  1465 1466 1467 1468
v -6.96706E+02  9.06190E+02  8.80866E+02
v  7.66412E+02  9.06190E+02  8.80866E+02
v  7.66412E+02  5.51008E+02  8.80866E+02
v -6.96706E+02  5.51008E+02  8.80866E+02
g plane_Z_150
s 0
f  1469 1470 1471 1472
v -6.96706E+02  9.06190E+02  8.86594E+02
v  7.66412E+02  9.06190E+02  8.86594E+02
v  7.66412E+02  5.51008E+02  8.86594E+02
v -6.96706E+02  5.51008E+02  8.86594E+02
g plane_Z_151
s 0
f  1473 1474 1475 1476
v  6.06390E+00  5.51008E+02 -6.83072E+02
v  6.06390E+00  9.06190E+02 -6.83072E+02
v  6.06390E+00  9.06190E+02  1.30968E+03
v  6.06390E+00  5.51008E+02  1.30968E+03
g plane_X_152
s 0
f  1477 1478 1479 1480
v -1.70596E+01  5.51008E+02 -6.83072E+02
v -1.70596E+01  9.06190E+02 -6.83072E+02
v -1.70596E+01  9.06190E+02  1.30968E+03
v -1.70596E+01  5.51008E+02  1.30968E+03
g plane_X_153
s 0
f  1481 1482 1483 1484
v -6.96706E+02  6.54054E+02 -6.83072E+02
v  7.66412E+02  6.54054E+02 -6.83072E+02
v  7.66412E+02  6.54054E+02  1.30968E+03
v -6.96706E+02  6.54054E+02  1.30968E+03
g plane_Y_68
s 0
f  1485 1486 1487 1488
v -6.96706E+02  6.83201E+02 -6.83072E+02
v  7.66412E+02  6.83201E+02 -6.83072E+02
v  7.66412E+02  6.83201E+02  1.30968E+03
v -6.96706E+02  6.83201E+02  1.30968E+03
g plane_Y_69
s 0
f  1489 1490 1491 1492
v -6.96706E+02  6.59625E+02 -6.83072E+02
v  7.66412E+02  6.59625E+02 -6.83072E+02
v  7.66412E+02  6.59625E+02  1.30968E+03
v -6.96706E+02  6.59625E+02  1.30968E+03
g plane_Y_70
s 0
f  1493 1494 1495 1496
v -4.99621E+02  5.51008E+02 -6.83072E+02
v -4.99621E+02  9.06190E+02 -6.83072E+02
v -4.99621E+02  9.06190E+02  1.30968E+03
v -4.99621E+02  5.51008E+02  1.30968E+03
g plane_X_154
s 0
f  1497 1498 1499 1500
v -5.45450E+02  5.51008E+02 -6.83072E+02
v -5.45450E+02  9.06190E+02 -6.83072E+02
v -5.45450E+02  9.06190E+02  1.30968E+03
v -5.45450E+02  5.51008E+02  1.30968E+03
g plane_X_155
s 0
f  1501 1502 1503 1504
v -6.96706E+02  6.12237E+02 -6.83072E+02
v  7.66412E+02  6.12237E+02 -6.83072E+02
v  7.66412E+02  6.12237E+02  1.30968E+03
v -6.96706E+02  6.12237E+02  1.30968E+03
g plane_Y_71
s 0
f  1505 1506 1507 1508
v -6.96706E+02  9.06190E+02  1.18713E+03
v  7.66412E+02  9.06190E+02  1.18713E+03
v  7.66412E+02  5.51008E+02  1.18713E+03
v -6.96706E+02  5.51008E+02  1.18713E+03
g plane_Z_152
s 0
f  1509 1510 1511 1512
v -6.96706E+02  9.06190E+02  1.18713E+03
v  7.66412E+02  9.06190E+02  1.18713E+03
v  7.66412E+02  5.51008E+02  1.18713E+03
v -6.96706E+02  5.51008E+02  1.18713E+03
g plane_Z_153
s 0
f  1513 1514 1515 1516
v -6.96706E+02  9.06190E+02  1.23615E+03
v  7.66412E+02  9.06190E+02  1.23615E+03
v  7.66412E+02  5.51008E+02  1.23615E+03
v -6.96706E+02  5.51008E+02  1.23615E+03
g plane_Z_154
s 0
f  1517 1518 1519 1520
v -6.96706E+02  6.06274E+02 -6.83072E+02
v  7.66412E+02  6.06274E+02 -6.83072E+02
v  7.66412E+02  6.06274E+02  1.30968E+03
v -6.96706E+02  6.06274E+02  1.30968E+03
g plane_Y_72
s 0
f  1521 1522 1523 1524
v -6.69417E+02  5.51008E+02 -6.83072E+02
v -6.69417E+02  9.06190E+02 -6.83072E+02
v -6.69417E+02  9.06190E+02  1.30968E+03
v -6.69417E+02  5.51008E+02  1.30968E+03
g plane_X_156
s 0
f  1525 1526 1527 1528
v -6.96706E+02  9.06190E+02  1.13240E+03
v  7.66412E+02  9.06190E+02  1.13240E+03
v  7.66412E+02  5.51008E+02  1.13240E+03
v -6.96706E+02  5.51008E+02  1.13240E+03
g plane_Z_155
s 0
f  1529 1530 1531 1532
v -6.96706E+02  6.03821E+02 -6.83072E+02
v  7.66412E+02  6.03821E+02 -6.83072E+02
v  7.66412E+02  6.03821E+02  1.30968E+03
v -6.96706E+02  6.03821E+02  1.30968E+03
g plane_Y_73
s 0
f  1533 1534 1535 1536
v -5.04206E+02  5.51008E+02 -6.83072E+02
v -5.04206E+02  9.06190E+02 -6.83072E+02
v -5.04206E+02  9.06190E+02  1.30968E+03
v -5.04206E+02  5.51008E+02  1.30968E+03
g plane_X_157
s 0
f  1537 1538 1539 1540
v -6.96706E+02  9.06190E+02  1.08014E+03
v  7.66412E+02  9.06190E+02  1.08014E+03
v  7.66412E+02  5.51008E+02  1.08014E+03
v -6.96706E+02  5.51008E+02  1.08014E+03
g plane_Z_156
s 0
f  1541 1542 1543 1544
v -6.96706E+02  9.06190E+02  1.08403E+03
v  7.66412E+02  9.06190E+02  1.08403E+03
v  7.66412E+02  5.51008E+02  1.08403E+03
v -6.96706E+02  5.51008E+02  1.08403E+03
g plane_Z_157
s 0
f  1545 1546 1547 1548
v -4.31706E+02  5.51008E+02 -6.83072E+02
v -4.31706E+02  9.06190E+02 -6.83072E+02
v -4.31706E+02  9.06190E+02  1.30968E+03
v -4.31706E+02  5.51008E+02  1.30968E+03
g plane_X_158
s 0
f  1549 1550 1551 1552
v -6.96706E+02  9.06190E+02  1.03383E+03
v  7.66412E+02  9.06190E+02  1.03383E+03
v  7.66412E+02  5.51008E+02  1.03383E+03
v -6.96706E+02  5.51008E+02  1.03383E+03
g plane_Z_158
s 0
f  1553 1554 1555 1556
v -6.96706E+02  9.06190E+02  1.02341E+03
v  7.66412E+02  9.06190E+02  1.02341E+03
v  7.66412E+02  5.51008E+02  1.02341E+03
v -6.96706E+02  5.51008E+02  1.02341E+03
g plane_Z_159
s 0
f  1557 1558 1559 1560
v -6.96706E+02  9.06190E+02  1.14630E+03
v  7.66412E+02  9.06190E+02  1.14630E+03
v  7.66412E+02  5.51008E+02  1.14630E+03
v -6.96706E+02  5.51008E+02  1.14630E+03
g plane_Z_160
s 0
f  1561 1562 1563 1564
v -3.64206E+02  5.51008E+02 -6.83072E+02
v -3.64206E+02  9.06190E+02 -6.83072E+02
v -3.64206E+02  9.06190E+02  1.30968E+03
v -3.64206E+02  5.51008E+02  1.30968E+03
g plane_X_159
s 0
f  1565 1566 1567 1568
v -6.96706E+02  9.06190E+02  9.39807E+02
v  7.66412E+02  9.06190E+02  9.39807E+02
v  7.66412E+02  5.51008E+02  9.39807E+02
v -6.96706E+02  5.51008E+02  9.39807E+02
g plane_Z_161
s 0
f  1569 1570 1571 1572
v -2.70120E+02  5.51008E+02 -6.83072E+02
v -2.70120E+02  9.06190E+02 -6.83072E+02
v -2.70120E+02  9.06190E+02  1.30968E+03
v -2.70120E+02  5.51008E+02  1.30968E+03
g plane_X_160
s 0
f  1573 1574 1575 1576
v -6.96706E+02  9.06190E+02  1.10966E+03
v  7.66412E+02  9.06190E+02  1.10966E+03
v  7.66412E+02  5.51008E+02  1.10966E+03
v -6.96706E+02  5.51008E+02  1.10966E+03
g plane_Z_162
s 0
f  1577 1578 1579 1580
v -6.96706E+02  9.06190E+02  1.10268E+03
v  7.66412E+02  9.06190E+02  1.10268E+03
v  7.66412E+02  5.51008E+02  1.10268E+03
v -6.96706E+02  5.51008E+02  1.10268E+03
g plane_Z_163
s 0
f  1581 1582 1583 1584
v -1.87447E+02  5.51008E+02 -6.83072E+02
v -1.87447E+02  9.06190E+02 -6.83072E+02
v -1.87447E+02  9.06190E+02  1.30968E+03
v -1.87447E+02  5.51008E+02  1.30968E+03
g plane_X_161
s 0
f  1585 1586 1587 1588
v -1.43744E+02  5.51008E+02 -6.83072E+02
v -1.43744E+02  9.06190E+02 -6.83072E+02
v -1.43744E+02  9.06190E+02  1.30968E+03
v -1.43744E+02  5.51008E+02  1.30968E+03
g plane_X_162
s 0
f  1589 1590 1591 1592
v -8.91150E+01  5.51008E+02 -6.83072E+02
v -8.91150E+01  9.06190E+02 -6.83072E+02
v -8.91150E+01  9.06190E+02  1.30968E+03
v -8.91150E+01  5.51008E+02  1.30968E+03
g plane_X_163
s 0
f  1593 1594 1595 1596
v -1.10967E+02  5.51008E+02 -6.83072E+02
v -1.10967E+02  9.06190E+02 -6.83072E+02
v -1.10967E+02  9.06190E+02  1.30968E+03
v -1.10967E+02  5.51008E+02  1.30968E+03
g plane_X_164
s 0
f  1597 1598 1599 1600
v -6.72640E+01  5.51008E+02 -6.83072E+02
v -6.72640E+01  9.06190E+02 -6.83072E+02
v -6.72640E+01  9.06190E+02  1.30968E+03
v -6.72640E+01  5.51008E+02  1.30968E+03
g plane_X_165
s 0
f  1601 1602 1603 1604
v -1.70947E+00  5.51008E+02 -6.83072E+02
v -1.70947E+00  9.06190E+02 -6.83072E+02
v -1.70947E+00  9.06190E+02  1.30968E+03
v -1.70947E+00  5.51008E+02  1.30968E+03
g plane_X_166
s 0
f  1605 1606 1607 1608
v -2.35605E+01  5.51008E+02 -6.83072E+02
v -2.35605E+01  9.06190E+02 -6.83072E+02
v -2.35605E+01  9.06190E+02  1.30968E+03
v -2.35605E+01  5.51008E+02  1.30968E+03
g plane_X_167
s 0
f  1609 1610 1611 1612
v  4.19940E+01  5.51008E+02 -6.83072E+02
v  4.19940E+01  9.06190E+02 -6.83072E+02
v  4.19940E+01  9.06190E+02  1.30968E+03
v  4.19940E+01  5.51008E+02  1.30968E+03
g plane_X_168
s 0
f  1613 1614 1615 1616
v  2.01429E+01  5.51008E+02 -6.83072E+02
v  2.01429E+01  9.06190E+02 -6.83072E+02
v  2.01429E+01  9.06190E+02  1.30968E+03
v  2.01429E+01  5.51008E+02  1.30968E+03
g plane_X_169
s 0
f  1617 1618 1619 1620
v -5.85925E+00  5.51008E+02 -6.83072E+02
v -5.85925E+00  9.06190E+02 -6.83072E+02
v -5.85925E+00  9.06190E+02  1.30968E+03
v -5.85925E+00  5.51008E+02  1.30968E+03
g plane_X_170
s 0
f  1621 1622 1623 1624
v -4.01595E+01  5.51008E+02 -6.83072E+02
v -4.01595E+01  9.06190E+02 -6.83072E+02
v -4.01595E+01  9.06190E+02  1.30968E+03
v -4.01595E+01  5.51008E+02  1.30968E+03
g plane_X_171
s 0
f  1625 1626 1627 1628
v -6.96706E+02  8.91712E+02 -6.83072E+02
v  7.66412E+02  8.91712E+02 -6.83072E+02
v  7.66412E+02  8.91712E+02  1.30968E+03
v -6.96706E+02  8.91712E+02  1.30968E+03
g plane_Y_74
s 0
f  1629 1630 1631 1632
v -6.96706E+02  8.84697E+02 -6.83072E+02
v  7.66412E+02  8.84697E+02 -6.83072E+02
v  7.66412E+02  8.84697E+02  1.30968E+03
v -6.96706E+02  8.84697E+02  1.30968E+03
g plane_Y_75
s 0
f  1633 1634 1635 1636
v -6.96706E+02  8.83523E+02 -6.83072E+02
v  7.66412E+02  8.83523E+02 -6.83072E+02
v  7.66412E+02  8.83523E+02  1.30968E+03
v -6.96706E+02  8.83523E+02  1.30968E+03
g plane_Y_76
s 0
f  1637 1638 1639 1640
v -6.96706E+02  9.06190E+02 -2.13429E+02
v  7.66412E+02  9.06190E+02 -2.13429E+02
v  7.66412E+02  5.51008E+02 -2.13429E+02
v -6.96706E+02  5.51008E+02 -2.13429E+02
g plane_Z_164
s 0
f  1641 1642 1643 1644
v -6.96706E+02  9.06190E+02 -2.39991E+02
v  7.66412E+02  9.06190E+02 -2.39991E+02
v  7.66412E+02  5.51008E+02 -2.39991E+02
v -6.96706E+02  5.51008E+02 -2.39991E+02
g plane_Z_165
s 0
f  1645 1646 1647 1648
v  2.77163E+02  5.51008E+02 -6.83072E+02
v  2.77163E+02  9.06190E+02 -6.83072E+02
v  2.77163E+02  9.06190E+02  1.30968E+03
v  2.77163E+02  5.51008E+02  1.30968E+03
g plane_X_172
s 0
f  1649 1650 1651 1652
v -6.96706E+02  9.06190E+02 -1.78493E+02
v  7.66412E+02  9.06190E+02 -1.78493E+02
v  7.66412E+02  5.51008E+02 -1.78493E+02
v -6.96706E+02  5.51008E+02 -1.78493E+02
g plane_Z_166
s 0
f  1653 1654 1655 1656
v -6.96706E+02  9.06190E+02 -1.82731E+02
v  7.66412E+02  9.06190E+02 -1.82731E+02
v  7.66412E+02  5.51008E+02 -1.82731E+02
v -6.96706E+02  5.51008E+02 -1.82731E+02
g plane_Z_167
s 0
f  1657 1658 1659 1660
v  3.95368E+02  5.51008E+02 -6.83072E+02
v  3.95368E+02  9.06190E+02 -6.83072E+02
v  3.95368E+02  9.06190E+02  1.30968E+03
v  3.95368E+02  5.51008E+02  1.30968E+03
g plane_X_173
s 0
f  1661 1662 1663 1664
v -6.96706E+02  9.06190E+02 -1.39766E+02
v  7.66412E+02  9.06190E+02 -1.39766E+02
v  7.66412E+02  5.51008E+02 -1.39766E+02
v -6.96706E+02  5.51008E+02 -1.39766E+02
g plane_Z_168
s 0
f  1665 1666 1667 1668
v -6.96706E+02  8.54999E+02 -6.83072E+02
v  7.66412E+02  8.54999E+02 -6.83072E+02
v  7.66412E+02  8.54999E+02  1.30968E+03
v -6.96706E+02  8.54999E+02  1.30968E+03
g plane_Y_77
s 0
f  1669 1670 1671 1672
v -6.96706E+02  8.54999E+02 -6.83072E+02
v  7.66412E+02  8.54999E+02 -6.83072E+02
v  7.66412E+02  8.54999E+02  1.30968E+03
v -6.96706E+02  8.54999E+02  1.30968E+03
g plane_Y_78
s 0
f  1673 1674 1675 1676
v -6.96706E+02  8.54999E+02 -6.83072E+02
v  7.66412E+02  8.54999E+02 -6.83072E+02
v  7.66412E+02  8.54999E+02  1.30968E+03
v -6.96706E+02  8.54999E+02  1.30968E+03
g plane_Y_79
s 0
f  1677 1678 1679 1680
v -6.96706E+02  9.06190E+02 -1.17784E+02
v  7.66412E+02  9.06190E+02 -1.17784E+02
v  7.66412E+02  5.51008E+02 -1.17784E+02
v -6.96706E+02  5.51008E+02 -1.17784E+02
g plane_Z_169
s 0
f  1681 1682 1683 1684
v -6.96706E+02  9.06190E+02 -1.22227E+02
v  7.66412E+02  9.06190E+02 -1.22227E+02
v  7.66412E+02  5.51008E+02 -1.22227E+02
v -6.96706E+02  5.51008E+02 -1.22227E+02
g plane_Z_170
s 0
f  1685 1686 1687 1688
v -6.96706E+02  9.06190E+02 -8.13084E+01
v  7.66412E+02  9.06190E+02 -8.13084E+01
v  7.66412E+02  5.51008E+02 -8.13084E+01
v -6.96706E+02  5.51008E+02 -8.13084E+01
g plane_Z_171
s 0
f  1689 1690 1691 1692
v -1.02669E+02  5.51008E+02 -6.83072E+02
v -1.02669E+02  9.06190E+02 -6.83072E+02
v -1.02669E+02  9.06190E+02  1.30968E+03
v -1.02669E+02  5.51008E+02  1.30968E+03
g plane_X_174
s 0
f  1693 1694 1695 1696
v -4.34135E+01  5.51008E+02 -6.83072E+02
v -4.34135E+01  9.06190E+02 -6.83072E+02
v -4.34135E+01  9.06190E+02  1.30968E+03
v -4.34135E+01  5.51008E+02  1.30968E+03
g plane_X_175
s 0
f  1697 1698 1699 1700
v -4.76064E+01  5.51008E+02 -6.83072E+02
v -4.76064E+01  9.06190E+02 -6.83072E+02
v -4.76064E+01  9.06190E+02  1.30968E+03
v -4.76064E+01  5.51008E+02  1.30968E+03
g plane_X_176
s 0
f  1701 1702 1703 1704
v  7.45648E+00  5.51008E+02 -6.83072E+02
v  7.45648E+00  9.06190E+02 -6.83072E+02
v  7.45648E+00  9.06190E+02  1.30968E+03
v  7.45648E+00  5.51008E+02  1.30968E+03
g plane_X_177
s 0
f  1705 1706 1707 1708
v -6.96706E+02  7.70790E+02 -6.83072E+02
v  7.66412E+02  7.70790E+02 -6.83072E+02
v  7.66412E+02  7.70790E+02  1.30968E+03
v -6.96706E+02  7.70790E+02  1.30968E+03
g plane_Y_80
s 0
f  1709 1710 1711 1712
v  6.00943E+01  5.51008E+02 -6.83072E+02
v  6.00943E+01  9.06190E+02 -6.83072E+02
v  6.00943E+01  9.06190E+02  1.30968E+03
v  6.00943E+01  5.51008E+02  1.30968E+03
g plane_X_178
s 0
f  1713 1714 1715 1716
v  1.17581E+02  5.51008E+02 -6.83072E+02
v  1.17581E+02  9.06190E+02 -6.83072E+02
v  1.17581E+02  9.06190E+02  1.30968E+03
v  1.17581E+02  5.51008E+02  1.30968E+03
g plane_X_179
s 0
f  1717 1718 1719 1720
v -6.96706E+02  9.06190E+02  1.47415E+02
v  7.66412E+02  9.06190E+02  1.47415E+02
v  7.66412E+02  5.51008E+02  1.47415E+02
v -6.96706E+02  5.51008E+02  1.47415E+02
g plane_Z_172
s 0
f  1721 1722 1723 1724
v  2.27707E+02  5.51008E+02 -6.83072E+02
v  2.27707E+02  9.06190E+02 -6.83072E+02
v  2.27707E+02  9.06190E+02  1.30968E+03
v  2.27707E+02  5.51008E+02  1.30968E+03
g plane_X_180
s 0
f  1725 1726 1727 1728
v -6.96706E+02  9.06190E+02  9.89789E+01
v  7.66412E+02  9.06190E+02  9.89789E+01
v  7.66412E+02  5.51008E+02  9.89789E+01
v -6.96706E+02  5.51008E+02  9.89789E+01
g plane_Z_173
s 0
f  1729 1730 1731 1732
v -6.96706E+02  9.06190E+02  6.98870E+01
v  7.66412E+02  9.06190E+02  6.98870E+01
v  7.66412E+02  5.51008E+02  6.98870E+01
v -6.96706E+02  5.51008E+02  6.98870E+01
g plane_Z_174
s 0
f  1733 1734 1735 1736
v -6.96706E+02  9.06190E+02  6.98870E+01
v  7.66412E+02  9.06190E+02  6.98870E+01
v  7.66412E+02  5.51008E+02  6.98870E+01
v -6.96706E+02  5.51008E+02  6.98870E+01
g plane_Z_175
s 0
f  1737 1738 1739 1740
v -6.96706E+02  9.06190E+02  7.28973E+01
v  7.66412E+02  9.06190E+02  7.28973E+01
v  7.66412E+02  5.51008E+02  7.28973E+01
v -6.96706E+02  5.51008E+02  7.28973E+01
g plane_Z_176
s 0
f  1741 1742 1743 1744
v -6.96706E+02  9.06190E+02  1.06898E+02
v  7.66412E+02  9.06190E+02  1.06898E+02
v  7.66412E+02  5.51008E+02  1.06898E+02
v -6.96706E+02  5.51008E+02  1.06898E+02
g plane_Z_177
s 0
f  1745 1746 1747 1748
v  4.47848E+02  5.51008E+02 -6.83072E+02
v  4.47848E+02  9.06190E+02 -6.83072E+02
v  4.47848E+02  9.06190E+02  1.30968E+03
v  4.47848E+02  5.51008E+02  1.30968E+03
g plane_X_181
s 0
f  1749 1750 1751 1752
v  4.22839E+02  5.51008E+02 -6.83072E+02
v  4.22839E+02  9.06190E+02 -6.83072E+02
v  4.22839E+02  9.06190E+02  1.30968E+03
v  4.22839E+02  5.51008E+02  1.30968E+03
g plane_X_182
s 0
f  1753 1754 1755 1756
v -6.96706E+02  9.06190E+02  1.27926E+02
v  7.66412E+02  9.06190E+02  1.27926E+02
v  7.66412E+02  5.51008E+02  1.27926E+02
v -6.96706E+02  5.51008E+02  1.27926E+02
g plane_Z_178
s 0
f  1757 1758 1759 1760
v -6.96706E+02  9.06190E+02  1.56739E+02
v  7.66412E+02  9.06190E+02  1.56739E+02
v  7.66412E+02  5.51008E+02  1.56739E+02
v -6.96706E+02  5.51008E+02  1.56739E+02
g plane_Z_179
s 0
f  1761 1762 1763 1764
v -6.96706E+02  9.06190E+02 -2.30237E+01
v  7.66412E+02  9.06190E+02 -2.30237E+01
v  7.66412E+02  5.51008E+02 -2.30237E+01
v -6.96706E+02  5.51008E+02 -2.30237E+01
g plane_Z_180
s 0
f  1765 1766 1767 1768
v -6.96706E+02  9.06190E+02  3.70511E+01
v  7.66412E+02  9.06190E+02  3.70511E+01
v  7.66412E+02  5.51008E+02  3.70511E+01
v -6.96706E+02  5.51008E+02  3.70511E+01
g plane_Z_181
s 0
f  1769 1770 1771 1772
v -6.96706E+02  9.06190E+02  3.70511E+01
v  7.66412E+02  9.06190E+02  3.70511E+01
v  7.66412E+02  5.51008E+02  3.70511E+01
v -6.96706E+02  5.51008E+02  3.70511E+01
g plane_Z_182
s 0
f  1773 1774 1775 1776
v -6.96706E+02  9.06190E+02  7.70991E+01
v  7.66412E+02  9.06190E+02  7.70991E+01
v  7.66412E+02  5.51008E+02  7.70991E+01
v -6.96706E+02  5.51008E+02  7.70991E+01
g plane_Z_183
s 0
f  1777 1778 1779 1780
v -6.96706E+02  9.06190E+02  7.70991E+01
v  7.66412E+02  9.06190E+02  7.70991E+01
v  7.66412E+02  5.51008E+02  7.70991E+01
v -6.96706E+02  5.51008E+02  7.70991E+01
g plane_Z_184
s 0
f  1781 1782 1783 1784
v -6.96706E+02  9.06190E+02  7.36935E+01
v  7.66412E+02  9.06190E+02  7.36935E+01
v  7.66412E+02  5.51008E+02  7.36935E+01
v -6.96706E+02  5.51008E+02  7.36935E+01
g plane_Z_185
s 0
f  1785 1786 1787 1788
v -6.96706E+02  9.06190E+02  7.36935E+01
v  7.66412E+02  9.06190E+02  7.36935E+01
v  7.66412E+02  5.51008E+02  7.36935E+01
v -6.96706E+02  5.51008E+02  7.36935E+01
g plane_Z_186
s 0
f  1789 1790 1791 1792
v  5.42375E+02  5.51008E+02 -6.83072E+02
v  5.42375E+02  9.06190E+02 -6.83072E+02
v  5.42375E+02  9.06190E+02  1.30968E+03
v  5.42375E+02  5.51008E+02  1.30968E+03
g plane_X_183
s 0
f  1793 1794 1795 1796
v -6.96706E+02  9.06190E+02  1.61323E+02
v  7.66412E+02  9.06190E+02  1.61323E+02
v  7.66412E+02  5.51008E+02  1.61323E+02
v -6.96706E+02  5.51008E+02  1.61323E+02
g plane_Z_187
s 0
f  1797 1798 1799 1800
v -6.96706E+02  9.06190E+02  1.18751E+02
v  7.66412E+02  9.06190E+02  1.18751E+02
v  7.66412E+02  5.51008E+02  1.18751E+02
v -6.96706E+02  5.51008E+02  1.18751E+02
g plane_Z_188
s 0
f  1801 1802 1803 1804
v -6.96706E+02  9.06190E+02  1.18751E+02
v  7.66412E+02  9.06190E+02  1.18751E+02
v  7.66412E+02  5.51008E+02  1.18751E+02
v -6.96706E+02  5.51008E+02  1.18751E+02
g plane_Z_189
s 0
f  1805 1806 1807 1808
v -6.96706E+02  9.06190E+02  1.62007E+02
v  7.66412E+02  9.06190E+02  1.62007E+02
v  7.66412E+02  5.51008E+02  1.62007E+02
v -6.96706E+02  5.51008E+02  1.62007E+02
g plane_Z_190
s 0
f  1809 1810 1811 1812
v -6.96706E+02  9.06190E+02  1.62007E+02
v  7.66412E+02  9.06190E+02  1.62007E+02
v  7.66412E+02  5.51008E+02  1.62007E+02
v -6.96706E+02  5.51008E+02  1.62007E+02
g plane_Z_191
s 0
f  1813 1814 1815 1816
v  6.70396E+02  5.51008E+02 -6.83072E+02
v  6.70396E+02  9.06190E+02 -6.83072E+02
v  6.70396E+02  9.06190E+02  1.30968E+03
v  6.70396E+02  5.51008E+02  1.30968E+03
g plane_X_184
s 0
f  1817 1818 1819 1820
v  6.70396E+02  5.51008E+02 -6.83072E+02
v  6.70396E+02  9.06190E+02 -6.83072E+02
v  6.70396E+02  9.06190E+02  1.30968E+03
v  6.70396E+02  5.51008E+02  1.30968E+03
g plane_X_185
s 0
f  1821 1822 1823 1824
v  7.34408E+02  5.51008E+02 -6.83072E+02
v  7.34408E+02  9.06190E+02 -6.83072E+02
v  7.34408E+02  9.06190E+02  1.30968E+03
v  7.34408E+02  5.51008E+02  1.30968E+03
g plane_X_186
s 0
f  1825 1826 1827 1828
v  7.34408E+02  5.51008E+02 -6.83072E+02
v  7.34408E+02  9.06190E+02 -6.83072E+02
v  7.34408E+02  9.06190E+02  1.30968E+03
v  7.34408E+02  5.51008E+02  1.30968E+03
g plane_X_187
s 0
f  1829 1830 1831 1832
v -6.96706E+02  9.06190E+02  5.44353E+02
v  7.66412E+02  9.06190E+02  5.44353E+02
v  7.66412E+02  5.51008E+02  5.44353E+02
v -6.96706E+02  5.51008E+02  5.44353E+02
g plane_Z_192
s 0
f  1833 1834 1835 1836
v -3.64889E+02  5.51008E+02 -6.83072E+02
v -3.64889E+02  9.06190E+02 -6.83072E+02
v -3.64889E+02  9.06190E+02  1.30968E+03
v -3.64889E+02  5.51008E+02  1.30968E+03
g plane_X_188
s 0
f  1837 1838 1839 1840
v -2.85894E+02  5.51008E+02 -6.83072E+02
v -2.85894E+02  9.06190E+02 -6.83072E+02
v -2.85894E+02  9.06190E+02  1.30968E+03
v -2.85894E+02  5.51008E+02  1.30968E+03
g plane_X_189
s 0
f  1841 1842 1843 1844
v -6.96706E+02  7.40044E+02 -6.83072E+02
v  7.66412E+02  7.40044E+02 -6.83072E+02
v  7.66412E+02  7.40044E+02  1.30968E+03
v -6.96706E+02  7.40044E+02  1.30968E+03
g plane_Y_81
s 0
f  1845 1846 1847 1848
v -1.43895E+02  5.51008E+02 -6.83072E+02
v -1.43895E+02  9.06190E+02 -6.83072E+02
v -1.43895E+02  9.06190E+02  1.30968E+03
v -1.43895E+02  5.51008E+02  1.30968E+03
g plane_X_190
s 0
f  1849 1850 1851 1852
v -6.96706E+02  9.06190E+02  5.70893E+02
v  7.66412E+02  9.06190E+02  5.70893E+02
v  7.66412E+02  5.51008E+02  5.70893E+02
v -6.96706E+02  5.51008E+02  5.70893E+02
g plane_Z_193
s 0
f  1853 1854 1855 1856
v -6.96706E+02  9.06190E+02  5.59289E+02
v  7.66412E+02  9.06190E+02  5.59289E+02
v  7.66412E+02  5.51008E+02  5.59289E+02
v -6.96706E+02  5.51008E+02  5.59289E+02
g plane_Z_194
s 0
f  1857 1858 1859 1860
v -6.96706E+02  9.06190E+02  5.64367E+02
v  7.66412E+02  9.06190E+02  5.64367E+02
v  7.66412E+02  5.51008E+02  5.64367E+02
v -6.96706E+02  5.51008E+02  5.64367E+02
g plane_Z_195
s 0
f  1861 1862 1863 1864
v -6.96706E+02  9.06190E+02  5.23815E+02
v  7.66412E+02  9.06190E+02  5.23815E+02
v  7.66412E+02  5.51008E+02  5.23815E+02
v -6.96706E+02  5.51008E+02  5.23815E+02
g plane_Z_196
s 0
f  1865 1866 1867 1868
v -6.96706E+02  9.06190E+02  5.23815E+02
v  7.66412E+02  9.06190E+02  5.23815E+02
v  7.66412E+02  5.51008E+02  5.23815E+02
v -6.96706E+02  5.51008E+02  5.23815E+02
g plane_Z_197
s 0
f  1869 1870 1871 1872
v -6.96706E+02  9.06190E+02  5.56493E+02
v  7.66412E+02  9.06190E+02  5.56493E+02
v  7.66412E+02  5.51008E+02  5.56493E+02
v -6.96706E+02  5.51008E+02  5.56493E+02
g plane_Z_198
s 0
f  1873 1874 1875 1876
v -6.96706E+02  9.06190E+02  5.72938E+02
v  7.66412E+02  9.06190E+02  5.72938E+02
v  7.66412E+02  5.51008E+02  5.72938E+02
v -6.96706E+02  5.51008E+02  5.72938E+02
g plane_Z_199
s 0
f  1877 1878 1879 1880
v -5.18762E+02  5.51008E+02 -6.83072E+02
v -5.18762E+02  9.06190E+02 -6.83072E+02
v -5.18762E+02  9.06190E+02  1.30968E+03
v -5.18762E+02  5.51008E+02  1.30968E+03
g plane_X_191
s 0
f  1881 1882 1883 1884
v -5.39337E+02  5.51008E+02 -6.83072E+02
v -5.39337E+02  9.06190E+02 -6.83072E+02
v -5.39337E+02  9.06190E+02  1.30968E+03
v -5.39337E+02  5.51008E+02  1.30968E+03
g plane_X_192
s 0
f  1885 1886 1887 1888
v -6.96706E+02  9.06190E+02  8.57715E+02
v  7.66412E+02  9.06190E+02  8.57715E+02
v  7.66412E+02  5.51008E+02  8.57715E+02
v -6.96706E+02  5.51008E+02  8.57715E+02
g plane_Z_200
s 0
f  1889 1890 1891 1892
v -6.96706E+02  9.06190E+02  8.97571E+02
v  7.66412E+02  9.06190E+02  8.97571E+02
v  7.66412E+02  5.51008E+02  8.97571E+02
v -6.96706E+02  5.51008E+02  8.97571E+02
g plane_Z_201
s 0
f  1893 1894 1895 1896
v -6.96706E+02  7.05244E+02 -6.83072E+02
v  7.66412E+02  7.05244E+02 -6.83072E+02
v  7.66412E+02  7.05244E+02  1.30968E+03
v -6.96706E+02  7.05244E+02  1.30968E+03
g plane_Y_82
s 0
f  1897 1898 1899 1900
v -6.96706E+02  7.05244E+02 -6.83072E+02
v  7.66412E+02  7.05244E+02 -6.83072E+02
v  7.66412E+02  7.05244E+02  1.30968E+03
v -6.96706E+02  7.05244E+02  1.30968E+03
g plane_Y_83
s 0
f  1901 1902 1903 1904
v -6.96706E+02  7.05244E+02 -6.83072E+02
v  7.66412E+02  7.05244E+02 -6.83072E+02
v  7.66412E+02  7.05244E+02  1.30968E+03
v -6.96706E+02  7.05244E+02  1.30968E+03
g plane_Y_84
s 0
f  1905 1906 1907 1908
v -6.96706E+02  7.05244E+02 -6.83072E+02
v  7.66412E+02  7.05244E+02 -6.83072E+02
v  7.66412E+02  7.05244E+02  1.30968E+03
v -6.96706E+02  7.05244E+02  1.30968E+03
g plane_Y_85
s 0
f  1909 1910 1911 1912
v -3.76667E+02  5.51008E+02 -6.83072E+02
v -3.76667E+02  9.06190E+02 -6.83072E+02
v -3.76667E+02  9.06190E+02  1.30968E+03
v -3.76667E+02  5.51008E+02  1.30968E+03
g plane_X_193
s 0
f  1913 1914 1915 1916
v -4.19229E+02  5.51008E+02 -6.83072E+02
v -4.19229E+02  9.06190E+02 -6.83072E+02
v -4.19229E+02  9.06190E+02  1.30968E+03
v -4.19229E+02  5.51008E+02  1.30968E+03
g plane_X_194
s 0
f  1917 1918 1919 1920
v -6.96706E+02  9.06190E+02  8.27095E+02
v  7.66412E+02  9.06190E+02  8.27095E+02
v  7.66412E+02  5.51008E+02  8.27095E+02
v -6.96706E+02  5.51008E+02  8.27095E+02
g plane_Z_202
s 0
f  1921 1922 1923 1924
v -6.96706E+02  9.06190E+02  8.13908E+02
v  7.66412E+02  9.06190E+02  8.13908E+02
v  7.66412E+02  5.51008E+02  8.13908E+02
v -6.96706E+02  5.51008E+02  8.13908E+02
g plane_Z_203
s 0
f  1925 1926 1927 1928
v -2.10230E+02  5.51008E+02 -6.83072E+02
v -2.10230E+02  9.06190E+02 -6.83072E+02
v -2.10230E+02  9.06190E+02  1.30968E+03
v -2.10230E+02  5.51008E+02  1.30968E+03
g plane_X_195
s 0
f  1929 1930 1931 1932
v -2.50250E+02  5.51008E+02 -6.83072E+02
v -2.50250E+02  9.06190E+02 -6.83072E+02
v -2.50250E+02  9.06190E+02  1.30968E+03
v -2.50250E+02  5.51008E+02  1.30968E+03
g plane_X_196
s 0
f  1933 1934 1935 1936
v -1.70212E+02  5.51008E+02 -6.83072E+02
v -1.70212E+02  9.06190E+02 -6.83072E+02
v -1.70212E+02  9.06190E+02  1.30968E+03
v -1.70212E+02  5.51008E+02  1.30968E+03
g plane_X_197
s 0
f  1937 1938 1939 1940
v -6.96706E+02  9.06190E+02  7.72417E+02
v  7.66412E+02  9.06190E+02  7.72417E+02
v  7.66412E+02  5.51008E+02  7.72417E+02
v -6.96706E+02  5.51008E+02  7.72417E+02
g plane_Z_204
s 0
f  1941 1942 1943 1944
v -6.96706E+02  9.06190E+02  7.72417E+02
v  7.66412E+02  9.06190E+02  7.72417E+02
v  7.66412E+02  5.51008E+02  7.72417E+02
v -6.96706E+02  5.51008E+02  7.72417E+02
g plane_Z_205
s 0
f  1945 1946 1947 1948
v -1.99398E+02  5.51008E+02 -6.83072E+02
v -1.99398E+02  9.06190E+02 -6.83072E+02
v -1.99398E+02  9.06190E+02  1.30968E+03
v -1.99398E+02  5.51008E+02  1.30968E+03
g plane_X_198
s 0
f  1949 1950 1951 1952
v -2.01443E+02  5.51008E+02 -6.83072E+02
v -2.01443E+02  9.06190E+02 -6.83072E+02
v -2.01443E+02  9.06190E+02  1.30968E+03
v -2.01443E+02  5.51008E+02  1.30968E+03
g plane_X_199
s 0
f  1953 1954 1955 1956
v -1.39922E+02  5.51008E+02 -6.83072E+02
v -1.39922E+02  9.06190E+02 -6.83072E+02
v -1.39922E+02  9.06190E+02  1.30968E+03
v -1.39922E+02  5.51008E+02  1.30968E+03
g plane_X_200
s 0
f  1957 1958 1959 1960
v -6.96706E+02  6.70616E+02 -6.83072E+02
v  7.66412E+02  6.70616E+02 -6.83072E+02
v  7.66412E+02  6.70616E+02  1.30968E+03
v -6.96706E+02  6.70616E+02  1.30968E+03
g plane_Y_86
s 0
f  1961 1962 1963 1964
v -6.96706E+02  6.80950E+02 -6.83072E+02
v  7.66412E+02  6.80950E+02 -6.83072E+02
v  7.66412E+02  6.80950E+02  1.30968E+03
v -6.96706E+02  6.80950E+02  1.30968E+03
g plane_Y_87
s 0
f  1965 1966 1967 1968
v  1.72113E+01  5.51008E+02 -6.83072E+02
v  1.72113E+01  9.06190E+02 -6.83072E+02
v  1.72113E+01  9.06190E+02  1.30968E+03
v  1.72113E+01  5.51008E+02  1.30968E+03
g plane_X_201
s 0
f  1969 1970 1971 1972
v -6.96706E+02  6.82257E+02 -6.83072E+02
v  7.66412E+02  6.82257E+02 -6.83072E+02
v  7.66412E+02  6.82257E+02  1.30968E+03
v -6.96706E+02  6.82257E+02  1.30968E+03
g plane_Y_88
s 0
f  1973 1974 1975 1976
v -6.96706E+02  9.06190E+02  7.63647E+02
v  7.66412E+02  9.06190E+02  7.63647E+02
v  7.66412E+02  5.51008E+02  7.63647E+02
v -6.96706E+02  5.51008E+02  7.63647E+02
g plane_Z_206
s 0
f  1977 1978 1979 1980
v -6.96706E+02  9.06190E+02  8.19022E+02
v  7.66412E+02  9.06190E+02  8.19022E+02
v  7.66412E+02  5.51008E+02  8.19022E+02
v -6.96706E+02  5.51008E+02  8.19022E+02
g plane_Z_207
s 0
f  1981 1982 1983 1984
v -6.96706E+02  9.06190E+02  7.79369E+02
v  7.66412E+02  9.06190E+02  7.79369E+02
v  7.66412E+02  5.51008E+02  7.79369E+02
v -6.96706E+02  5.51008E+02  7.79369E+02
g plane_Z_208
s 0
f  1985 1986 1987 1988
v -6.96706E+02  9.06190E+02  1.09871E+03
v  7.66412E+02  9.06190E+02  1.09871E+03
v  7.66412E+02  5.51008E+02  1.09871E+03
v -6.96706E+02  5.51008E+02  1.09871E+03
g plane_Z_209
s 0
f  1989 1990 1991 1992
v -6.96706E+02  9.06190E+02  1.09871E+03
v  7.66412E+02  9.06190E+02  1.09871E+03
v  7.66412E+02  5.51008E+02  1.09871E+03
v -6.96706E+02  5.51008E+02  1.09871E+03
g plane_Z_210
s 0
f  1993 1994 1995 1996
v -6.96706E+02  9.06190E+02  1.09871E+03
v  7.66412E+02  9.06190E+02  1.09871E+03
v  7.66412E+02  5.51008E+02  1.09871E+03
v -6.96706E+02  5.51008E+02  1.09871E+03
g plane_Z_211
s 0
f  1997 1998 1999 2000
v -6.96706E+02  9.06190E+02  1.09871E+03
v  7.66412E+02  9.06190E+02  1.09871E+03
v  7.66412E+02  5.51008E+02  1.09871E+03
v -6.96706E+02  5.51008E+02  1.09871E+03
g plane_Z_212
s 0
f  2001 2002 2003 2004
v -6.96706E+02  9.06190E+02  1.13810E+03
v  7.66412E+02  9.06190E+02  1.13810E+03
v  7.66412E+02  5.51008E+02  1.13810E+03
v -6.96706E+02  5.51008E+02  1.13810E+03
g plane_Z_213
s 0
f  2005 2006 2007 2008
v -6.96706E+02  6.04962E+02 -6.83072E+02
v  7.66412E+02  6.04962E+02 -6.83072E+02
v  7.66412E+02  6.04962E+02  1.30968E+03
v -6.96706E+02  6.04962E+02  1.30968E+03
g plane_Y_89
s 0
f  2009 2010 2011 2012
v -6.96706E+02  6.04962E+02 -6.83072E+02
v  7.66412E+02  6.04962E+02 -6.83072E+02
v  7.66412E+02  6.04962E+02  1.30968E+03
v -6.96706E+02  6.04962E+02  1.30968E+03
g plane_Y_90
s 0
f  2013 2014 2015 2016
v -6.96706E+02  9.06190E+02  1.23615E+03
v  7.66412E+02  9.06190E+02  1.23615E+03
v  7.66412E+02  5.51008E+02  1.23615E+03
v -6.96706E+02  5.51008E+02  1.23615E+03
g plane_Z_214
s 0
f  2017 2018 2019 2020
v -6.35868E+02  5.51008E+02 -6.83072E+02
v -6.35868E+02  9.06190E+02 -6.83072E+02
v -6.35868E+02  9.06190E+02  1.30968E+03
v -6.35868E+02  5.51008E+02  1.30968E+03
g plane_X_202
s 0
f  2021 2022 2023 2024
v -6.35868E+02  5.51008E+02 -6.83072E+02
v -6.35868E+02  9.06190E+02 -6.83072E+02
v -6.35868E+02  9.06190E+02  1.30968E+03
v -6.35868E+02  5.51008E+02  1.30968E+03
g plane_X_203
s 0
f  2025 2026 2027 2028
v -6.96706E+02  9.06190E+02  1.28517E+03
v  7.66412E+02  9.06190E+02  1.28517E+03
v  7.66412E+02  5.51008E+02  1.28517E+03
v -6.96706E+02  5.51008E+02  1.28517E+03
g plane_Z_215
s 0
f  2029 2030 2031 2032
v -6.96706E+02  6.01236E+02 -6.83072E+02
v  7.66412E+02  6.01236E+02 -6.83072E+02
v  7.66412E+02  6.01236E+02  1.30968E+03
v -6.96706E+02  6.01236E+02  1.30968E+03
g plane_Y_91
s 0
f  2033 2034 2035 2036
v -5.52997E+02  5.51008E+02 -6.83072E+02
v -5.52997E+02  9.06190E+02 -6.83072E+02
v -5.52997E+02  9.06190E+02  1.30968E+03
v -5.52997E+02  5.51008E+02  1.30968E+03
g plane_X_204
s 0
f  2037 2038 2039 2040
v -5.59206E+02  5.51008E+02 -6.83072E+02
v -5.59206E+02  9.06190E+02 -6.83072E+02
v -5.59206E+02  9.06190E+02  1.30968E+03
v -5.59206E+02  5.51008E+02  1.30968E+03
g plane_X_205
s 0
f  2041 2042 2043 2044
v -6.96706E+02  9.06190E+02  1.17989E+03
v  7.66412E+02  9.06190E+02  1.17989E+03
v  7.66412E+02  5.51008E+02  1.17989E+03
v -6.96706E+02  5.51008E+02  1.17989E+03
g plane_Z_216
s 0
f  2045 2046 2047 2048
v -6.96706E+02  9.06190E+02  1.17989E+03
v  7.66412E+02  9.06190E+02  1.17989E+03
v  7.66412E+02  5.51008E+02  1.17989E+03
v -6.96706E+02  5.51008E+02  1.17989E+03
g plane_Z_217
s 0
f  2049 2050 2051 2052
v -4.54206E+02  5.51008E+02 -6.83072E+02
v -4.54206E+02  9.06190E+02 -6.83072E+02
v -4.54206E+02  9.06190E+02  1.30968E+03
v -4.54206E+02  5.51008E+02  1.30968E+03
g plane_X_206
s 0
f  2053 2054 2055 2056
v -4.54206E+02  5.51008E+02 -6.83072E+02
v -4.54206E+02  9.06190E+02 -6.83072E+02
v -4.54206E+02  9.06190E+02  1.30968E+03
v -4.54206E+02  5.51008E+02  1.30968E+03
g plane_X_207
s 0
f  2057 2058 2059 2060
v -4.09206E+02  5.51008E+02 -6.83072E+02
v -4.09206E+02  9.06190E+02 -6.83072E+02
v -4.09206E+02  9.06190E+02  1.30968E+03
v -4.09206E+02  5.51008E+02  1.30968E+03
g plane_X_208
s 0
f  2061 2062 2063 2064
v -4.09206E+02  5.51008E+02 -6.83072E+02
v -4.09206E+02  9.06190E+02 -6.83072E+02
v -4.09206E+02  9.06190E+02  1.30968E+03
v -4.09206E+02  5.51008E+02  1.30968E+03
g plane_X_209
s 0
f  2065 2066 2067 2068
v -4.54206E+02  5.51008E+02 -6.83072E+02
v -4.54206E+02  9.06190E+02 -6.83072E+02
v -4.54206E+02  9.06190E+02  1.30968E+03
v -4.54206E+02  5.51008E+02  1.30968E+03
g plane_X_210
s 0
f  2069 2070 2071 2072
v -3.64206E+02  5.51008E+02 -6.83072E+02
v -3.64206E+02  9.06190E+02 -6.83072E+02
v -3.64206E+02  9.06190E+02  1.30968E+03
v -3.64206E+02  5.51008E+02  1.30968E+03
g plane_X_211
s 0
f  2073 2074 2075 2076
v -3.19206E+02  5.51008E+02 -6.83072E+02
v -3.19206E+02  9.06190E+02 -6.83072E+02
v -3.19206E+02  9.06190E+02  1.30968E+03
v -3.19206E+02  5.51008E+02  1.30968E+03
g plane_X_212
s 0
f  2077 2078 2079 2080
v -6.96706E+02  9.06190E+02  1.14779E+03
v  7.66412E+02  9.06190E+02  1.14779E+03
v  7.66412E+02  5.51008E+02  1.14779E+03
v -6.96706E+02  5.51008E+02  1.14779E+03
g plane_Z_218
s 0
f  2081 2082 2083 2084
v -6.96706E+02  9.06190E+02  1.14920E+03
v  7.66412E+02  9.06190E+02  1.14920E+03
v  7.66412E+02  5.51008E+02  1.14920E+03
v -6.96706E+02  5.51008E+02  1.14920E+03
g plane_Z_219
s 0
f  2085 2086 2087 2088
v -3.19206E+02  5.51008E+02 -6.83072E+02
v -3.19206E+02  9.06190E+02 -6.83072E+02
v -3.19206E+02  9.06190E+02  1.30968E+03
v -3.19206E+02  5.51008E+02  1.30968E+03
g plane_X_213
s 0
f  2089 2090 2091 2092
v -2.32573E+02  5.51008E+02 -6.83072E+02
v -2.32573E+02  9.06190E+02 -6.83072E+02
v -2.32573E+02  9.06190E+02  1.30968E+03
v -2.32573E+02  5.51008E+02  1.30968E+03
g plane_X_214
s 0
f  2093 2094 2095 2096
v -2.30835E+02  5.51008E+02 -6.83072E+02
v -2.30835E+02  9.06190E+02 -6.83072E+02
v -2.30835E+02  9.06190E+02  1.30968E+03
v -2.30835E+02  5.51008E+02  1.30968E+03
g plane_X_215
s 0
f  2097 2098 2099 2100
v -6.96706E+02  9.06190E+02  9.84419E+02
v  7.66412E+02  9.06190E+02  9.84419E+02
v  7.66412E+02  5.51008E+02  9.84419E+02
v -6.96706E+02  5.51008E+02  9.84419E+02
g plane_Z_220
s 0
f  2101 2102 2103 2104
v -6.96706E+02  9.06190E+02  9.82234E+02
v  7.66412E+02  9.06190E+02  9.82234E+02
v  7.66412E+02  5.51008E+02  9.82234E+02
v -6.96706E+02  5.51008E+02  9.82234E+02
g plane_Z_221
s 0
f  2105 2106 2107 2108
v -2.74854E+02  5.51008E+02 -6.83072E+02
v -2.74854E+02  9.06190E+02 -6.83072E+02
v -2.74854E+02  9.06190E+02  1.30968E+03
v -2.74854E+02  5.51008E+02  1.30968E+03
g plane_X_216
s 0
f  2109 2110 2111 2112
v -2.31151E+02  5.51008E+02 -6.83072E+02
v -2.31151E+02  9.06190E+02 -6.83072E+02
v -2.31151E+02  9.06190E+02  1.30968E+03
v -2.31151E+02  5.51008E+02  1.30968E+03
g plane_X_217
s 0
f  2113 2114 2115 2116
v -6.96706E+02  5.66025E+02 -6.83072E+02
v  7.66412E+02  5.66025E+02 -6.83072E+02
v  7.66412E+02  5.66025E+02  1.30968E+03
v -6.96706E+02  5.66025E+02  1.30968E+03
g plane_Y_92
s 0
f  2117 2118 2119 2120
v -6.96706E+02  5.65997E+02 -6.83072E+02
v  7.66412E+02  5.65997E+02 -6.83072E+02
v  7.66412E+02  5.65997E+02  1.30968E+03
v -6.96706E+02  5.65997E+02  1.30968E+03
g plane_Y_93
s 0
f  2121 2122 2123 2124
v -6.96706E+02  9.06190E+02 -5.91083E+02
v  7.66412E+02  9.06190E+02 -5.91083E+02
v  7.66412E+02  5.51008E+02 -5.91083E+02
v -6.96706E+02  5.51008E+02 -5.91083E+02
g plane_Z_222
s 0
f  2125 2126 2127 2128
v -6.96706E+02  9.06190E+02 -3.42558E+02
v  7.66412E+02  9.06190E+02 -3.42558E+02
v  7.66412E+02  5.51008E+02 -3.42558E+02
v -6.96706E+02  5.51008E+02 -3.42558E+02
g plane_Z_223
s 0
f  2129 2130 2131 2132
v -6.96706E+02  9.06190E+02 -3.42558E+02
v  7.66412E+02  9.06190E+02 -3.42558E+02
v  7.66412E+02  5.51008E+02 -3.42558E+02
v -6.96706E+02  5.51008E+02 -3.42558E+02
g plane_Z_224
s 0
f  2133 2134 2135 2136
v -6.96706E+02  9.06190E+02 -3.01532E+02
v  7.66412E+02  9.06190E+02 -3.01532E+02
v  7.66412E+02  5.51008E+02 -3.01532E+02
v -6.96706E+02  5.51008E+02 -3.01532E+02
g plane_Z_225
s 0
f  2137 2138 2139 2140
v  1.58958E+02  5.51008E+02 -6.83072E+02
v  1.58958E+02  9.06190E+02 -6.83072E+02
v  1.58958E+02  9.06190E+02  1.30968E+03
v  1.58958E+02  5.51008E+02  1.30968E+03
g plane_X_218
s 0
f  2141 2142 2143 2144
v  1.55353E+02  5.51008E+02 -6.83072E+02
v  1.55353E+02  9.06190E+02 -6.83072E+02
v  1.55353E+02  9.06190E+02  1.30968E+03
v  1.55353E+02  5.51008E+02  1.30968E+03
g plane_X_219
s 0
f  2145 2146 2147 2148
v  2.18061E+02  5.51008E+02 -6.83072E+02
v  2.18061E+02  9.06190E+02 -6.83072E+02
v  2.18061E+02  9.06190E+02  1.30968E+03
v  2.18061E+02  5.51008E+02  1.30968E+03
g plane_X_220
s 0
f  2149 2150 2151 2152
v  2.91938E+02  5.51008E+02 -6.83072E+02
v  2.91938E+02  9.06190E+02 -6.83072E+02
v  2.91938E+02  9.06190E+02  1.30968E+03
v  2.91938E+02  5.51008E+02  1.30968E+03
g plane_X_221
s 0
f  2153 2154 2155 2156
v  2.62388E+02  5.51008E+02 -6.83072E+02
v  2.62388E+02  9.06190E+02 -6.83072E+02
v  2.62388E+02  9.06190E+02  1.30968E+03
v  2.62388E+02  5.51008E+02  1.30968E+03
g plane_X_222
s 0
f  2157 2158 2159 2160
v  3.21490E+02  5.51008E+02 -6.83072E+02
v  3.21490E+02  9.06190E+02 -6.83072E+02
v  3.21490E+02  9.06190E+02  1.30968E+03
v  3.21490E+02  5.51008E+02  1.30968E+03
g plane_X_223
s 0
f  2161 2162 2163 2164
v  3.51041E+02  5.51008E+02 -6.83072E+02
v  3.51041E+02  9.06190E+02 -6.83072E+02
v  3.51041E+02  9.06190E+02  1.30968E+03
v  3.51041E+02  5.51008E+02  1.30968E+03
g plane_X_224
s 0
f  2165 2166 2167 2168
v  4.10143E+02  5.51008E+02 -6.83072E+02
v  4.10143E+02  9.06190E+02 -6.83072E+02
v  4.10143E+02  9.06190E+02  1.30968E+03
v  4.10143E+02  5.51008E+02  1.30968E+03
g plane_X_225
s 0
f  2169 2170 2171 2172
v  3.80593E+02  5.51008E+02 -6.83072E+02
v  3.80593E+02  9.06190E+02 -6.83072E+02
v  3.80593E+02  9.06190E+02  1.30968E+03
v  3.80593E+02  5.51008E+02  1.30968E+03
g plane_X_226
s 0
f  2173 2174 2175 2176
v  4.69246E+02  5.51008E+02 -6.83072E+02
v  4.69246E+02  9.06190E+02 -6.83072E+02
v  4.69246E+02  9.06190E+02  1.30968E+03
v  4.69246E+02  5.51008E+02  1.30968E+03
g plane_X_227
s 0
f  2177 2178 2179 2180
v  4.98797E+02  5.51008E+02 -6.83072E+02
v  4.98797E+02  9.06190E+02 -6.83072E+02
v  4.98797E+02  9.06190E+02  1.30968E+03
v  4.98797E+02  5.51008E+02  1.30968E+03
g plane_X_228
s 0
f  2181 2182 2183 2184
v  5.28348E+02  5.51008E+02 -6.83072E+02
v  5.28348E+02  9.06190E+02 -6.83072E+02
v  5.28348E+02  9.06190E+02  1.30968E+03
v  5.28348E+02  5.51008E+02  1.30968E+03
g plane_X_229
s 0
f  2185 2186 2187 2188
v  5.28348E+02  5.51008E+02 -6.83072E+02
v  5.28348E+02  9.06190E+02 -6.83072E+02
v  5.28348E+02  9.06190E+02  1.30968E+03
v  5.28348E+02  5.51008E+02  1.30968E+03
g plane_X_230
s 0
f  2189 2190 2191 2192
v -6.96706E+02  8.54999E+02 -6.83072E+02
v  7.66412E+02  8.54999E+02 -6.83072E+02
v  7.66412E+02  8.54999E+02  1.30968E+03
v -6.96706E+02  8.54999E+02  1.30968E+03
g plane_Y_94
s 0
f  2193 2194 2195 2196
v -6.96706E+02  8.54999E+02 -6.83072E+02
v  7.66412E+02  8.54999E+02 -6.83072E+02
v  7.66412E+02  8.54999E+02  1.30968E+03
v -6.96706E+02  8.54999E+02  1.30968E+03
g plane_Y_95
s 0
f  2197 2198 2199 2200
v -6.96706E+02  9.06190E+02  3.42564E+02
v  7.66412E+02  9.06190E+02  3.42564E+02
v  7.66412E+02  5.51008E+02  3.42564E+02
v -6.96706E+02  5.51008E+02  3.42564E+02
g plane_Z_226
s 0
f  2201 2202 2203 2204
v -6.96706E+02  9.06190E+02  3.42564E+02
v  7.66412E+02  9.06190E+02  3.42564E+02
v  7.66412E+02  5.51008E+02  3.42564E+02
v -6.96706E+02  5.51008E+02  3.42564E+02
g plane_Z_227
s 0
f  2205 2206 2207 2208
v -6.96706E+02  9.06190E+02  3.08045E+02
v  7.66412E+02  9.06190E+02  3.08045E+02
v  7.66412E+02  5.51008E+02  3.08045E+02
v -6.96706E+02  5.51008E+02  3.08045E+02
g plane_Z_228
s 0
f  2209 2210 2211 2212
v -6.96706E+02  9.06190E+02  3.40633E+02
v  7.66412E+02  9.06190E+02  3.40633E+02
v  7.66412E+02  5.51008E+02  3.40633E+02
v -6.96706E+02  5.51008E+02  3.40633E+02
g plane_Z_229
s 0
f  2213 2214 2215 2216
v -6.96706E+02  9.06190E+02  2.87936E+02
v  7.66412E+02  9.06190E+02  2.87936E+02
v  7.66412E+02  5.51008E+02  2.87936E+02
v -6.96706E+02  5.51008E+02  2.87936E+02
g plane_Z_230
s 0
f  2217 2218 2219 2220
v -6.96706E+02  9.06190E+02  2.87936E+02
v  7.66412E+02  9.06190E+02  2.87936E+02
v  7.66412E+02  5.51008E+02  2.87936E+02
v -6.96706E+02  5.51008E+02  2.87936E+02
g plane_Z_231
s 0
f  2221 2222 2223 2224
v -6.96706E+02  7.70403E+02 -6.83072E+02
v  7.66412E+02  7.70403E+02 -6.83072E+02
v  7.66412E+02  7.70403E+02  1.30968E+03
v -6.96706E+02  7.70403E+02  1.30968E+03
g plane_Y_96
s 0
f  2225 2226 2227 2228
v  6.25180E+01  5.51008E+02 -6.83072E+02
v  6.25180E+01  9.06190E+02 -6.83072E+02
v  6.25180E+01  9.06190E+02  1.30968E+03
v  6.25180E+01  5.51008E+02  1.30968E+03
g plane_X_231
s 0
f  2229 2230 2231 2232
v -6.96706E+02  9.06190E+02  1.88032E+02
v  7.66412E+02  9.06190E+02  1.88032E+02
v  7.66412E+02  5.51008E+02  1.88032E+02
v -6.96706E+02  5.51008E+02  1.88032E+02
g plane_Z_232
s 0
f  2233 2234 2235 2236
v -6.96706E+02  9.06190E+02  1.91606E+02
v  7.66412E+02  9.06190E+02  1.91606E+02
v  7.66412E+02  5.51008E+02  1.91606E+02
v -6.96706E+02  5.51008E+02  1.91606E+02
g plane_Z_233
s 0
f  2237 2238 2239 2240
v  1.68024E+02  5.51008E+02 -6.83072E+02
v  1.68024E+02  9.06190E+02 -6.83072E+02
v  1.68024E+02  9.06190E+02  1.30968E+03
v  1.68024E+02  5.51008E+02  1.30968E+03
g plane_X_232
s 0
f  2241 2242 2243 2244
v  1.72644E+02  5.51008E+02 -6.83072E+02
v  1.72644E+02  9.06190E+02 -6.83072E+02
v  1.72644E+02  9.06190E+02  1.30968E+03
v  1.72644E+02  5.51008E+02  1.30968E+03
g plane_X_233
s 0
f  2245 2246 2247 2248
v -6.96706E+02  7.79757E+02 -6.83072E+02
v  7.66412E+02  7.79757E+02 -6.83072E+02
v  7.66412E+02  7.79757E+02  1.30968E+03
v -6.96706E+02  7.79757E+02  1.30968E+03
g plane_Y_97
s 0
f  2249 2250 2251 2252
v -6.96706E+02  7.78580E+02 -6.83072E+02
v  7.66412E+02  7.78580E+02 -6.83072E+02
v  7.66412E+02  7.78580E+02  1.30968E+03
v -6.96706E+02  7.78580E+02  1.30968E+03
g plane_Y_98
s 0
f  2253 2254 2255 2256
v  2.82768E+02  5.51008E+02 -6.83072E+02
v  2.82768E+02  9.06190E+02 -6.83072E+02
v  2.82768E+02  9.06190E+02  1.30968E+03
v  2.82768E+02  5.51008E+02  1.30968E+03
g plane_X_234
s 0
f  2257 2258 2259 2260
v  2.77889E+02  5.51008E+02 -6.83072E+02
v  2.77889E+02  9.06190E+02 -6.83072E+02
v  2.77889E+02  9.06190E+02  1.30968E+03
v  2.77889E+02  5.51008E+02  1.30968E+03
g plane_X_235
s 0
f  2261 2262 2263 2264
v  3.22805E+02  5.51008E+02 -6.83072E+02
v  3.22805E+02  9.06190E+02 -6.83072E+02
v  3.22805E+02  9.06190E+02  1.30968E+03
v  3.22805E+02  5.51008E+02  1.30968E+03
g plane_X_236
s 0
f  2265 2266 2267 2268
v  3.47813E+02  5.51008E+02 -6.83072E+02
v  3.47813E+02  9.06190E+02 -6.83072E+02
v  3.47813E+02  9.06190E+02  1.30968E+03
v  3.47813E+02  5.51008E+02  1.30968E+03
g plane_X_237
s 0
f  2269 2270 2271 2272
v  3.71276E+02  5.51008E+02 -6.83072E+02
v  3.71276E+02  9.06190E+02 -6.83072E+02
v  3.71276E+02  9.06190E+02  1.30968E+03
v  3.71276E+02  5.51008E+02  1.30968E+03
g plane_X_238
s 0
f  2273 2274 2275 2276
v  3.97831E+02  5.51008E+02 -6.83072E+02
v  3.97831E+02  9.06190E+02 -6.83072E+02
v  3.97831E+02  9.06190E+02  1.30968E+03
v  3.97831E+02  5.51008E+02  1.30968E+03
g plane_X_239
s 0
f  2277 2278 2279 2280
v  4.74439E+02  5.51008E+02 -6.83072E+02
v  4.74439E+02  9.06190E+02 -6.83072E+02
v  4.74439E+02  9.06190E+02  1.30968E+03
v  4.74439E+02  5.51008E+02  1.30968E+03
g plane_X_240
s 0
f  2281 2282 2283 2284
v  5.64570E+02  5.51008E+02 -6.83072E+02
v  5.64570E+02  9.06190E+02 -6.83072E+02
v  5.64570E+02  9.06190E+02  1.30968E+03
v  5.64570E+02  5.51008E+02  1.30968E+03
g plane_X_241
s 0
f  2285 2286 2287 2288
v  5.73023E+02  5.51008E+02 -6.83072E+02
v  5.73023E+02  9.06190E+02 -6.83072E+02
v  5.73023E+02  9.06190E+02  1.30968E+03
v  5.73023E+02  5.51008E+02  1.30968E+03
g plane_X_242
s 0
f  2289 2290 2291 2292
v -6.96706E+02  8.34247E+02 -6.83072E+02
v  7.66412E+02  8.34247E+02 -6.83072E+02
v  7.66412E+02  8.34247E+02  1.30968E+03
v -6.96706E+02  8.34247E+02  1.30968E+03
g plane_Y_99
s 0
f  2293 2294 2295 2296
v -6.96706E+02  8.34247E+02 -6.83072E+02
v  7.66412E+02  8.34247E+02 -6.83072E+02
v  7.66412E+02  8.34247E+02  1.30968E+03
v -6.96706E+02  8.34247E+02  1.30968E+03
g plane_Y_100
s 0
f  2297 2298 2299 2300
v -6.96706E+02  8.34247E+02 -6.83072E+02
v  7.66412E+02  8.34247E+02 -6.83072E+02
v  7.66412E+02  8.34247E+02  1.30968E+03
v -6.96706E+02  8.34247E+02  1.30968E+03
g plane_Y_101
s 0
f  2301 2302 2303 2304
v -6.96706E+02  8.34247E+02 -6.83072E+02
v  7.66412E+02  8.34247E+02 -6.83072E+02
v  7.66412E+02  8.34247E+02  1.30968E+03
v -6.96706E+02  8.34247E+02  1.30968E+03
g plane_Y_102
s 0
f  2305 2306 2307 2308
v -6.96706E+02  8.34247E+02 -6.83072E+02
v  7.66412E+02  8.34247E+02 -6.83072E+02
v  7.66412E+02  8.34247E+02  1.30968E+03
v -6.96706E+02  8.34247E+02  1.30968E+03
g plane_Y_103
s 0
f  2309 2310 2311 2312
v -6.96706E+02  8.34247E+02 -6.83072E+02
v  7.66412E+02  8.34247E+02 -6.83072E+02
v  7.66412E+02  8.34247E+02  1.30968E+03
v -6.96706E+02  8.34247E+02  1.30968E+03
g plane_Y_104
s 0
f  2313 2314 2315 2316
v -6.96706E+02  8.34247E+02 -6.83072E+02
v  7.66412E+02  8.34247E+02 -6.83072E+02
v  7.66412E+02  8.34247E+02  1.30968E+03
v -6.96706E+02  8.34247E+02  1.30968E+03
g plane_Y_105
s 0
f  2317 2318 2319 2320
v -6.96706E+02  9.06190E+02  1.18751E+02
v  7.66412E+02  9.06190E+02  1.18751E+02
v  7.66412E+02  5.51008E+02  1.18751E+02
v -6.96706E+02  5.51008E+02  1.18751E+02
g plane_Z_234
s 0
f  2321 2322 2323 2324
v -6.96706E+02  9.06190E+02  1.19145E+02
v  7.66412E+02  9.06190E+02  1.19145E+02
v  7.66412E+02  5.51008E+02  1.19145E+02
v -6.96706E+02  5.51008E+02  1.19145E+02
g plane_Z_235
s 0
f  2325 2326 2327 2328
v  5.42375E+02  5.51008E+02 -6.83072E+02
v  5.42375E+02  9.06190E+02 -6.83072E+02
v  5.42375E+02  9.06190E+02  1.30968E+03
v  5.42375E+02  5.51008E+02  1.30968E+03
g plane_X_243
s 0
f  2329 2330 2331 2332
v -6.96706E+02  8.31835E+02 -6.83072E+02
v  7.66412E+02  8.31835E+02 -6.83072E+02
v  7.66412E+02  8.31835E+02  1.30968E+03
v -6.96706E+02  8.31835E+02  1.30968E+03
g plane_Y_106
s 0
f  2333 2334 2335 2336
v -6.96706E+02  8.31835E+02 -6.83072E+02
v  7.66412E+02  8.31835E+02 -6.83072E+02
v  7.66412E+02  8.31835E+02  1.30968E+03
v -6.96706E+02  8.31835E+02  1.30968E+03
g plane_Y_107
s 0
f  2337 2338 2339 2340
v -6.96706E+02  8.31835E+02 -6.83072E+02
v  7.66412E+02  8.31835E+02 -6.83072E+02
v  7.66412E+02  8.31835E+02  1.30968E+03
v -6.96706E+02  8.31835E+02  1.30968E+03
g plane_Y_108
s 0
f  2341 2342 2343 2344
v -6.96706E+02  8.31835E+02 -6.83072E+02
v  7.66412E+02  8.31835E+02 -6.83072E+02
v  7.66412E+02  8.31835E+02  1.30968E+03
v -6.96706E+02  8.31835E+02  1.30968E+03
g plane_Y_109
s 0
f  2345 2346 2347 2348
v -6.96706E+02  8.07294E+02 -6.83072E+02
v  7.66412E+02  8.07294E+02 -6.83072E+02
v  7.66412E+02  8.07294E+02  1.30968E+03
v -6.96706E+02  8.07294E+02  1.30968E+03
g plane_Y_110
s 0
f  2349 2350 2351 2352
v -6.96706E+02  8.14478E+02 -6.83072E+02
v  7.66412E+02  8.14478E+02 -6.83072E+02
v  7.66412E+02  8.14478E+02  1.30968E+03
v -6.96706E+02  8.14478E+02  1.30968E+03
g plane_Y_111
s 0
f  2353 2354 2355 2356
v -6.96706E+02  8.07294E+02 -6.83072E+02
v  7.66412E+02  8.07294E+02 -6.83072E+02
v  7.66412E+02  8.07294E+02  1.30968E+03
v -6.96706E+02  8.07294E+02  1.30968E+03
g plane_Y_112
s 0
f  2357 2358 2359 2360
v -6.96706E+02  8.12756E+02 -6.83072E+02
v  7.66412E+02  8.12756E+02 -6.83072E+02
v  7.66412E+02  8.12756E+02  1.30968E+03
v -6.96706E+02  8.12756E+02  1.30968E+03
g plane_Y_113
s 0
f  2361 2362 2363 2364
v -6.96706E+02  8.09154E+02 -6.83072E+02
v  7.66412E+02  8.09154E+02 -6.83072E+02
v  7.66412E+02  8.09154E+02  1.30968E+03
v -6.96706E+02  8.09154E+02  1.30968E+03
g plane_Y_114
s 0
f  2365 2366 2367 2368
v -6.96706E+02  9.06190E+02  1.65373E+02
v  7.66412E+02  9.06190E+02  1.65373E+02
v  7.66412E+02  5.51008E+02  1.65373E+02
v -6.96706E+02  5.51008E+02  1.65373E+02
g plane_Z_236
s 0
f  2369 2370 2371 2372
v -6.96706E+02  9.06190E+02  2.05898E+02
v  7.66412E+02  9.06190E+02  2.05898E+02
v  7.66412E+02  5.51008E+02  2.05898E+02
v -6.96706E+02  5.51008E+02  2.05898E+02
g plane_Z_237
s 0
f  2373 2374 2375 2376
v -6.96706E+02  8.06296E+02 -6.83072E+02
v  7.66412E+02  8.06296E+02 -6.83072E+02
v  7.66412E+02  8.06296E+02  1.30968E+03
v -6.96706E+02  8.06296E+02  1.30968E+03
g plane_Y_115
s 0
f  2377 2378 2379 2380
v -6.96706E+02  9.06190E+02  2.05713E+02
v  7.66412E+02  9.06190E+02  2.05713E+02
v  7.66412E+02  5.51008E+02  2.05713E+02
v -6.96706E+02  5.51008E+02  2.05713E+02
g plane_Z_238
s 0
f  2381 2382 2383 2384
v -6.96706E+02  9.06190E+02  2.40117E+02
v  7.66412E+02  9.06190E+02  2.40117E+02
v  7.66412E+02  5.51008E+02  2.40117E+02
v -6.96706E+02  5.51008E+02  2.40117E+02
g plane_Z_239
s 0
f  2385 2386 2387 2388
v -6.96706E+02  9.06190E+02  2.40117E+02
v  7.66412E+02  9.06190E+02  2.40117E+02
v  7.66412E+02  5.51008E+02  2.40117E+02
v -6.96706E+02  5.51008E+02  2.40117E+02
g plane_Z_240
s 0
f  2389 2390 2391 2392
v -4.62719E+02  5.51008E+02 -6.83072E+02
v -4.62719E+02  9.06190E+02 -6.83072E+02
v -4.62719E+02  9.06190E+02  1.30968E+03
v -4.62719E+02  5.51008E+02  1.30968E+03
g plane_X_244
s 0
f  2393 2394 2395 2396
v -4.43881E+02  5.51008E+02 -6.83072E+02
v -4.43881E+02  9.06190E+02 -6.83072E+02
v -4.43881E+02  9.06190E+02  1.30968E+03
v -4.43881E+02  5.51008E+02  1.30968E+03
g plane_X_245
s 0
f  2397 2398 2399 2400
v -3.45139E+02  5.51008E+02 -6.83072E+02
v -3.45139E+02  9.06190E+02 -6.83072E+02
v -3.45139E+02  9.06190E+02  1.30968E+03
v -3.45139E+02  5.51008E+02  1.30968E+03
g plane_X_246
s 0
f  2401 2402 2403 2404
v -6.96706E+02  7.37908E+02 -6.83072E+02
v  7.66412E+02  7.37908E+02 -6.83072E+02
v  7.66412E+02  7.37908E+02  1.30968E+03
v -6.96706E+02  7.37908E+02  1.30968E+03
g plane_Y_116
s 0
f  2405 2406 2407 2408
v -6.96706E+02  9.06190E+02  4.88503E+02
v  7.66412E+02  9.06190E+02  4.88503E+02
v  7.66412E+02  5.51008E+02  4.88503E+02
v -6.96706E+02  5.51008E+02  4.88503E+02
g plane_Z_241
s 0
f  2409 2410 2411 2412
v -6.96706E+02  9.06190E+02  4.75236E+02
v  7.66412E+02  9.06190E+02  4.75236E+02
v  7.66412E+02  5.51008E+02  4.75236E+02
v -6.96706E+02  5.51008E+02  4.75236E+02
g plane_Z_242
s 0
f  2413 2414 2415 2416
v -2.06901E+02  5.51008E+02 -6.83072E+02
v -2.06901E+02  9.06190E+02 -6.83072E+02
v -2.06901E+02  9.06190E+02  1.30968E+03
v -2.06901E+02  5.51008E+02  1.30968E+03
g plane_X_247
s 0
f  2417 2418 2419 2420
v -6.96706E+02  9.06190E+02  3.78762E+02
v  7.66412E+02  9.06190E+02  3.78762E+02
v  7.66412E+02  5.51008E+02  3.78762E+02
v -6.96706E+02  5.51008E+02  3.78762E+02
g plane_Z_243
s 0
f  2421 2422 2423 2424
v -6.96706E+02  9.06190E+02  3.80311E+02
v  7.66412E+02  9.06190E+02  3.80311E+02
v  7.66412E+02  5.51008E+02  3.80311E+02
v -6.96706E+02  5.51008E+02  3.80311E+02
g plane_Z_244
s 0
f  2425 2426 2427 2428
v -6.96706E+02  9.06190E+02  5.84196E+02
v  7.66412E+02  9.06190E+02  5.84196E+02
v  7.66412E+02  5.51008E+02  5.84196E+02
v -6.96706E+02  5.51008E+02  5.84196E+02
g plane_Z_245
s 0
f  2429 2430 2431 2432
v -6.96706E+02  9.06190E+02  5.57588E+02
v  7.66412E+02  9.06190E+02  5.57588E+02
v  7.66412E+02  5.51008E+02  5.57588E+02
v -6.96706E+02  5.51008E+02  5.57588E+02
g plane_Z_246
s 0
f  2433 2434 2435 2436
v -6.96706E+02  9.06190E+02  5.42723E+02
v  7.66412E+02  9.06190E+02  5.42723E+02
v  7.66412E+02  5.51008E+02  5.42723E+02
v -6.96706E+02  5.51008E+02  5.42723E+02
g plane_Z_247
s 0
f  2437 2438 2439 2440
v  4.98274E+01  5.51008E+02 -6.83072E+02
v  4.98274E+01  9.06190E+02 -6.83072E+02
v  4.98274E+01  9.06190E+02  1.30968E+03
v  4.98274E+01  5.51008E+02  1.30968E+03
g plane_X_248
s 0
f  2441 2442 2443 2444
v  4.98274E+01  5.51008E+02 -6.83072E+02
v  4.98274E+01  9.06190E+02 -6.83072E+02
v  4.98274E+01  9.06190E+02  1.30968E+03
v  4.98274E+01  5.51008E+02  1.30968E+03
g plane_X_249
s 0
f  2445 2446 2447 2448
v  8.93252E+01  5.51008E+02 -6.83072E+02
v  8.93252E+01  9.06190E+02 -6.83072E+02
v  8.93252E+01  9.06190E+02  1.30968E+03
v  8.93252E+01  5.51008E+02  1.30968E+03
g plane_X_250
s 0
f  2449 2450 2451 2452
v  1.28822E+02  5.51008E+02 -6.83072E+02
v  1.28822E+02  9.06190E+02 -6.83072E+02
v  1.28822E+02  9.06190E+02  1.30968E+03
v  1.28822E+02  5.51008E+02  1.30968E+03
g plane_X_251
s 0
f  2453 2454 2455 2456
v  1.28822E+02  5.51008E+02 -6.83072E+02
v  1.28822E+02  9.06190E+02 -6.83072E+02
v  1.28822E+02  9.06190E+02  1.30968E+03
v  1.28822E+02  5.51008E+02  1.30968E+03
g plane_X_252
s 0
f  2457 2458 2459 2460
v  8.93252E+01  5.51008E+02 -6.83072E+02
v  8.93252E+01  9.06190E+02 -6.83072E+02
v  8.93252E+01  9.06190E+02  1.30968E+03
v  8.93252E+01  5.51008E+02  1.30968E+03
g plane_X_253
s 0
f  2461 2462 2463 2464
v  1.28822E+02  5.51008E+02 -6.83072E+02
v  1.28822E+02  9.06190E+02 -6.83072E+02
v  1.28822E+02  9.06190E+02  1.30968E+03
v  1.28822E+02  5.51008E+02  1.30968E+03
g plane_X_254
s 0
f  2465 2466 2467 2468
v -5.57557E+02  5.51008E+02 -6.83072E+02
v -5.57557E+02  9.06190E+02 -6.83072E+02
v -5.57557E+02  9.06190E+02  1.30968E+03
v -5.57557E+02  5.51008E+02  1.30968E+03
g plane_X_255
s 0
f  2469 2470 2471 2472
v -5.14994E+02  5.51008E+02 -6.83072E+02
v -5.14994E+02  9.06190E+02 -6.83072E+02
v -5.14994E+02  9.06190E+02  1.30968E+03
v -5.14994E+02  5.51008E+02  1.30968E+03
g plane_X_256
s 0
f  2473 2474 2475 2476
v -4.72432E+02  5.51008E+02 -6.83072E+02
v -4.72432E+02  9.06190E+02 -6.83072E+02
v -4.72432E+02  9.06190E+02  1.30968E+03
v -4.72432E+02  5.51008E+02  1.30968E+03
g plane_X_257
s 0
f  2477 2478 2479 2480
v -4.72432E+02  5.51008E+02 -6.83072E+02
v -4.72432E+02  9.06190E+02 -6.83072E+02
v -4.72432E+02  9.06190E+02  1.30968E+03
v -4.72432E+02  5.51008E+02  1.30968E+03
g plane_X_258
s 0
f  2481 2482 2483 2484
v -4.51150E+02  5.51008E+02 -6.83072E+02
v -4.51150E+02  9.06190E+02 -6.83072E+02
v -4.51150E+02  9.06190E+02  1.30968E+03
v -4.51150E+02  5.51008E+02  1.30968E+03
g plane_X_259
s 0
f  2485 2486 2487 2488
v -4.51150E+02  5.51008E+02 -6.83072E+02
v -4.51150E+02  9.06190E+02 -6.83072E+02
v -4.51150E+02  9.06190E+02  1.30968E+03
v -4.51150E+02  5.51008E+02  1.30968E+03
g plane_X_260
s 0
f  2489 2490 2491 2492
v -6.96706E+02  9.06190E+02  8.68724E+02
v  7.66412E+02  9.06190E+02  8.68724E+02
v  7.66412E+02  5.51008E+02  8.68724E+02
v -6.96706E+02  5.51008E+02  8.68724E+02
g plane_Z_248
s 0
f  2493 2494 2495 2496
v -6.96706E+02  9.06190E+02  8.68724E+02
v  7.66412E+02  9.06190E+02  8.68724E+02
v  7.66412E+02  5.51008E+02  8.68724E+02
v -6.96706E+02  5.51008E+02  8.68724E+02
g plane_Z_249
s 0
f  2497 2498 2499 2500
v -6.96706E+02  9.06190E+02  8.68724E+02
v  7.66412E+02  9.06190E+02  8.68724E+02
v  7.66412E+02  5.51008E+02  8.68724E+02
v -6.96706E+02  5.51008E+02  8.68724E+02
g plane_Z_250
s 0
f  2501 2502 2503 2504
v -6.96706E+02  9.06190E+02  8.38790E+02
v  7.66412E+02  9.06190E+02  8.38790E+02
v  7.66412E+02  5.51008E+02  8.38790E+02
v -6.96706E+02  5.51008E+02  8.38790E+02
g plane_Z_251
s 0
f  2505 2506 2507 2508
v -6.96706E+02  9.06190E+02  8.02885E+02
v  7.66412E+02  9.06190E+02  8.02885E+02
v  7.66412E+02  5.51008E+02  8.02885E+02
v -6.96706E+02  5.51008E+02  8.02885E+02
g plane_Z_252
s 0
f  2509 2510 2511 2512
v -1.85551E+02  5.51008E+02 -6.83072E+02
v -1.85551E+02  9.06190E+02 -6.83072E+02
v -1.85551E+02  9.06190E+02  1.30968E+03
v -1.85551E+02  5.51008E+02  1.30968E+03
g plane_X_261
s 0
f  2513 2514 2515 2516
v -6.96706E+02  9.06190E+02  9.02047E+02
v  7.66412E+02  9.06190E+02  9.02047E+02
v  7.66412E+02  5.51008E+02  9.02047E+02
v -6.96706E+02  5.51008E+02  9.02047E+02
g plane_Z_253
s 0
f  2517 2518 2519 2520
v -1.25052E+02  5.51008E+02 -6.83072E+02
v -1.25052E+02  9.06190E+02 -6.83072E+02
v -1.25052E+02  9.06190E+02  1.30968E+03
v -1.25052E+02  5.51008E+02  1.30968E+03
g plane_X_262
s 0
f  2521 2522 2523 2524
v -1.54791E+02  5.51008E+02 -6.83072E+02
v -1.54791E+02  9.06190E+02 -6.83072E+02
v -1.54791E+02  9.06190E+02  1.30968E+03
v -1.54791E+02  5.51008E+02  1.30968E+03
g plane_X_263
s 0
f  2525 2526 2527 2528
v -1.92154E+01  5.51008E+02 -6.83072E+02
v -1.92154E+01  9.06190E+02 -6.83072E+02
v -1.92154E+01  9.06190E+02  1.30968E+03
v -1.92154E+01  5.51008E+02  1.30968E+03
g plane_X_264
s 0
f  2529 2530 2531 2532
v  2.83796E+01  5.51008E+02 -6.83072E+02
v  2.83796E+01  9.06190E+02 -6.83072E+02
v  2.83796E+01  9.06190E+02  1.30968E+03
v  2.83796E+01  5.51008E+02  1.30968E+03
g plane_X_265
s 0
f  2533 2534 2535 2536
v -6.96706E+02  9.06190E+02  6.98253E+02
v  7.66412E+02  9.06190E+02  6.98253E+02
v  7.66412E+02  5.51008E+02  6.98253E+02
v -6.96706E+02  5.51008E+02  6.98253E+02
g plane_Z_254
s 0
f  2537 2538 2539 2540
v -6.96706E+02  6.65418E+02 -6.83072E+02
v  7.66412E+02  6.65418E+02 -6.83072E+02
v  7.66412E+02  6.65418E+02  1.30968E+03
v -6.96706E+02  6.65418E+02  1.30968E+03
g plane_Y_117
s 0
f  2541 2542 2543 2544
v -7.61062E+01  5.51008E+02 -6.83072E+02
v -7.61062E+01  9.06190E+02 -6.83072E+02
v -7.61062E+01  9.06190E+02  1.30968E+03
v -7.61062E+01  5.51008E+02  1.30968E+03
g plane_X_266
s 0
f  2545 2546 2547 2548
v -7.61062E+01  5.51008E+02 -6.83072E+02
v -7.61062E+01  9.06190E+02 -6.83072E+02
v -7.61062E+01  9.06190E+02  1.30968E+03
v -7.61062E+01  5.51008E+02  1.30968E+03
g plane_X_267
s 0
f  2549 2550 2551 2552
v -7.95087E+00  5.51008E+02 -6.83072E+02
v -7.95087E+00  9.06190E+02 -6.83072E+02
v -7.95087E+00  9.06190E+02  1.30968E+03
v -7.95087E+00  5.51008E+02  1.30968E+03
g plane_X_268
s 0
f  2553 2554 2555 2556
v -4.12341E+00  5.51008E+02 -6.83072E+02
v -4.12341E+00  9.06190E+02 -6.83072E+02
v -4.12341E+00  9.06190E+02  1.30968E+03
v -4.12341E+00  5.51008E+02  1.30968E+03
g plane_X_269
s 0
f  2557 2558 2559 2560
v -5.56907E+02  5.51008E+02 -6.83072E+02
v -5.56907E+02  9.06190E+02 -6.83072E+02
v -5.56907E+02  9.06190E+02  1.30968E+03
v -5.56907E+02  5.51008E+02  1.30968E+03
g plane_X_270
s 0
f  2561 2562 2563 2564
v -5.11078E+02  5.51008E+02 -6.83072E+02
v -5.11078E+02  9.06190E+02 -6.83072E+02
v -5.11078E+02  9.06190E+02  1.30968E+03
v -5.11078E+02  5.51008E+02  1.30968E+03
g plane_X_271
s 0
f  2565 2566 2567 2568
v -5.11078E+02  5.51008E+02 -6.83072E+02
v -5.11078E+02  9.06190E+02 -6.83072E+02
v -5.11078E+02  9.06190E+02  1.30968E+03
v -5.11078E+02  5.51008E+02  1.30968E+03
g plane_X_272
s 0
f  2569 2570 2571 2572
v -4.88163E+02  5.51008E+02 -6.83072E+02
v -4.88163E+02  9.06190E+02 -6.83072E+02
v -4.88163E+02  9.06190E+02  1.30968E+03
v -4.88163E+02  5.51008E+02  1.30968E+03
g plane_X_273
s 0
f  2573 2574 2575 2576
v -6.01008E+02  5.51008E+02 -6.83072E+02
v -6.01008E+02  9.06190E+02 -6.83072E+02
v -6.01008E+02  9.06190E+02  1.30968E+03
v -6.01008E+02  5.51008E+02  1.30968E+03
g plane_X_274
s 0
f  2577 2578 2579 2580
v -6.37336E+02  5.51008E+02 -6.83072E+02
v -6.37336E+02  9.06190E+02 -6.83072E+02
v -6.37336E+02  9.06190E+02  1.30968E+03
v -6.37336E+02  5.51008E+02  1.30968E+03
g plane_X_275
s 0
f  2581 2582 2583 2584
v -6.03582E+02  5.51008E+02 -6.83072E+02
v -6.03582E+02  9.06190E+02 -6.83072E+02
v -6.03582E+02  9.06190E+02  1.30968E+03
v -6.03582E+02  5.51008E+02  1.30968E+03
g plane_X_276
s 0
f  2585 2586 2587 2588
v -6.76426E+02  5.51008E+02 -6.83072E+02
v -6.76426E+02  9.06190E+02 -6.83072E+02
v -6.76426E+02  9.06190E+02  1.30968E+03
v -6.76426E+02  5.51008E+02  1.30968E+03
g plane_X_277
s 0
f  2589 2590 2591 2592
v -6.96706E+02  6.04962E+02 -6.83072E+02
v  7.66412E+02  6.04962E+02 -6.83072E+02
v  7.66412E+02  6.04962E+02  1.30968E+03
v -6.96706E+02  6.04962E+02  1.30968E+03
g plane_Y_118
s 0
f  2593 2594 2595 2596
v -6.96706E+02  6.04962E+02 -6.83072E+02
v  7.66412E+02  6.04962E+02 -6.83072E+02
v  7.66412E+02  6.04962E+02  1.30968E+03
v -6.96706E+02  6.04962E+02  1.30968E+03
g plane_Y_119
s 0
f  2597 2598 2599 2600
v -6.96706E+02  6.04962E+02 -6.83072E+02
v  7.66412E+02  6.04962E+02 -6.83072E+02
v  7.66412E+02  6.04962E+02  1.30968E+03
v -6.96706E+02  6.04962E+02  1.30968E+03
g plane_Y_120
s 0
f  2601 2602 2603 2604
v -6.96706E+02  9.06190E+02  1.28517E+03
v  7.66412E+02  9.06190E+02  1.28517E+03
v  7.66412E+02  5.51008E+02  1.28517E+03
v -6.96706E+02  5.51008E+02  1.28517E+03
g plane_Z_255
s 0
f  2605 2606 2607 2608
v -6.96706E+02  6.04962E+02 -6.83072E+02
v  7.66412E+02  6.04962E+02 -6.83072E+02
v  7.66412E+02  6.04962E+02  1.30968E+03
v -6.96706E+02  6.04962E+02  1.30968E+03
g plane_Y_121
s 0
f  2609 2610 2611 2612
v -6.96706E+02  6.04962E+02 -6.83072E+02
v  7.66412E+02  6.04962E+02 -6.83072E+02
v  7.66412E+02  6.04962E+02  1.30968E+03
v -6.96706E+02  6.04962E+02  1.30968E+03
g plane_Y_122
s 0
f  2613 2614 2615 2616
v -5.69851E+02  5.51008E+02 -6.83072E+02
v -5.69851E+02  9.06190E+02 -6.83072E+02
v -5.69851E+02  9.06190E+02  1.30968E+03
v -5.69851E+02  5.51008E+02  1.30968E+03
g plane_X_278
s 0
f  2617 2618 2619 2620
v -5.45455E+02  5.51008E+02 -6.83072E+02
v -5.45455E+02  9.06190E+02 -6.83072E+02
v -5.45455E+02  9.06190E+02  1.30968E+03
v -5.45455E+02  5.51008E+02  1.30968E+03
g plane_X_279
s 0
f  2621 2622 2623 2624
v -5.72956E+02  5.51008E+02 -6.83072E+02
v -5.72956E+02  9.06190E+02 -6.83072E+02
v -5.72956E+02  9.06190E+02  1.30968E+03
v -5.72956E+02  5.51008E+02  1.30968E+03
g plane_X_280
s 0
f  2625 2626 2627 2628
v -5.17956E+02  5.51008E+02 -6.83072E+02
v -5.17956E+02  9.06190E+02 -6.83072E+02
v -5.17956E+02  9.06190E+02  1.30968E+03
v -5.17956E+02  5.51008E+02  1.30968E+03
g plane_X_281
s 0
f  2629 2630 2631 2632
v -4.90457E+02  5.51008E+02 -6.83072E+02
v -4.90457E+02  9.06190E+02 -6.83072E+02
v -4.90457E+02  9.06190E+02  1.30968E+03
v -4.90457E+02  5.51008E+02  1.30968E+03
g plane_X_282
s 0
f  2633 2634 2635 2636
v -6.96706E+02  9.06190E+02  1.06978E+03
v  7.66412E+02  9.06190E+02  1.06978E+03
v  7.66412E+02  5.51008E+02  1.06978E+03
v -6.96706E+02  5.51008E+02  1.06978E+03
g plane_Z_256
s 0
f  2637 2638 2639 2640
v -6.96706E+02  9.06190E+02  1.06783E+03
v  7.66412E+02  9.06190E+02  1.06783E+03
v  7.66412E+02  5.51008E+02  1.06783E+03
v -6.96706E+02  5.51008E+02  1.06783E+03
g plane_Z_257
s 0
f  2641 2642 2643 2644
v -6.96706E+02  9.06190E+02  1.06783E+03
v  7.66412E+02  9.06190E+02  1.06783E+03
v  7.66412E+02  5.51008E+02  1.06783E+03
v -6.96706E+02  5.51008E+02  1.06783E+03
g plane_Z_258
s 0
f  2645 2646 2647 2648
v -6.96706E+02  9.06190E+02  1.15655E+03
v  7.66412E+02  9.06190E+02  1.15655E+03
v  7.66412E+02  5.51008E+02  1.15655E+03
v -6.96706E+02  5.51008E+02  1.15655E+03
g plane_Z_259
s 0
f  2649 2650 2651 2652
v -6.96706E+02  9.06190E+02  1.15655E+03
v  7.66412E+02  9.06190E+02  1.15655E+03
v  7.66412E+02  5.51008E+02  1.15655E+03
v -6.96706E+02  5.51008E+02  1.15655E+03
g plane_Z_260
s 0
f  2653 2654 2655 2656
v -6.96706E+02  9.06190E+02  1.15655E+03
v  7.66412E+02  9.06190E+02  1.15655E+03
v  7.66412E+02  5.51008E+02  1.15655E+03
v -6.96706E+02  5.51008E+02  1.15655E+03
g plane_Z_261
s 0
f  2657 2658 2659 2660
v -6.96706E+02  9.06190E+02  1.15655E+03
v  7.66412E+02  9.06190E+02  1.15655E+03
v  7.66412E+02  5.51008E+02  1.15655E+03
v -6.96706E+02  5.51008E+02  1.15655E+03
g plane_Z_262
s 0
f  2661 2662 2663 2664
v -6.96706E+02  9.06190E+02  1.04333E+03
v  7.66412E+02  9.06190E+02  1.04333E+03
v  7.66412E+02  5.51008E+02  1.04333E+03
v -6.96706E+02  5.51008E+02  1.04333E+03
g plane_Z_263
s 0
f  2665 2666 2667 2668
v -6.96706E+02  9.06190E+02  1.04333E+03
v  7.66412E+02  9.06190E+02  1.04333E+03
v  7.66412E+02  5.51008E+02  1.04333E+03
v -6.96706E+02  5.51008E+02  1.04333E+03
g plane_Z_264
s 0
f  2669 2670 2671 2672
v -6.96706E+02  9.06190E+02  1.01522E+03
v  7.66412E+02  9.06190E+02  1.01522E+03
v  7.66412E+02  5.51008E+02  1.01522E+03
v -6.96706E+02  5.51008E+02  1.01522E+03
g plane_Z_265
s 0
f  2673 2674 2675 2676
v -6.96706E+02  9.06190E+02  1.01522E+03
v  7.66412E+02  9.06190E+02  1.01522E+03
v  7.66412E+02  5.51008E+02  1.01522E+03
v -6.96706E+02  5.51008E+02  1.01522E+03
g plane_Z_266
s 0
f  2677 2678 2679 2680
v -3.75455E+02  5.51008E+02 -6.83072E+02
v -3.75455E+02  9.06190E+02 -6.83072E+02
v -3.75455E+02  9.06190E+02  1.30968E+03
v -3.75455E+02  5.51008E+02  1.30968E+03
g plane_X_283
s 0
f  2681 2682 2683 2684
v -3.52956E+02  5.51008E+02 -6.83072E+02
v -3.52956E+02  9.06190E+02 -6.83072E+02
v -3.52956E+02  9.06190E+02  1.30968E+03
v -3.52956E+02  5.51008E+02  1.30968E+03
g plane_X_284
s 0
f  2685 2686 2687 2688
v -3.07956E+02  5.51008E+02 -6.83072E+02
v -3.07956E+02  9.06190E+02 -6.83072E+02
v -3.07956E+02  9.06190E+02  1.30968E+03
v -3.07956E+02  5.51008E+02  1.30968E+03
g plane_X_285
s 0
f  2689 2690 2691 2692
v -3.30456E+02  5.51008E+02 -6.83072E+02
v -3.30456E+02  9.06190E+02 -6.83072E+02
v -3.30456E+02  9.06190E+02  1.30968E+03
v -3.30456E+02  5.51008E+02  1.30968E+03
g plane_X_286
s 0
f  2693 2694 2695 2696
v -6.96706E+02  9.06190E+02  9.50960E+02
v  7.66412E+02  9.06190E+02  9.50960E+02
v  7.66412E+02  5.51008E+02  9.50960E+02
v -6.96706E+02  5.51008E+02  9.50960E+02
g plane_Z_267
s 0
f  2697 2698 2699 2700
v -2.83412E+02  5.51008E+02 -6.83072E+02
v -2.83412E+02  9.06190E+02 -6.83072E+02
v -2.83412E+02  9.06190E+02  1.30968E+03
v -2.83412E+02  5.51008E+02  1.30968E+03
g plane_X_287
s 0
f  2701 2702 2703 2704
v -2.56826E+02  5.51008E+02 -6.83072E+02
v -2.56826E+02  9.06190E+02 -6.83072E+02
v -2.56826E+02  9.06190E+02  1.30968E+03
v -2.56826E+02  5.51008E+02  1.30968E+03
g plane_X_288
s 0
f  2705 2706 2707 2708
v -6.96706E+02  9.06190E+02  1.11995E+03
v  7.66412E+02  9.06190E+02  1.11995E+03
v  7.66412E+02  5.51008E+02  1.11995E+03
v -6.96706E+02  5.51008E+02  1.11995E+03
g plane_Z_268
s 0
f  2709 2710 2711 2712
v -6.96706E+02  9.06190E+02  1.11995E+03
v  7.66412E+02  9.06190E+02  1.11995E+03
v  7.66412E+02  5.51008E+02  1.11995E+03
v -6.96706E+02  5.51008E+02  1.11995E+03
g plane_Z_269
s 0
f  2713 2714 2715 2716
v -6.96706E+02  9.06190E+02  1.09464E+03
v  7.66412E+02  9.06190E+02  1.09464E+03
v  7.66412E+02  5.51008E+02  1.09464E+03
v -6.96706E+02  5.51008E+02  1.09464E+03
g plane_Z_270
s 0
f  2717 2718 2719 2720
v -6.96706E+02  9.06190E+02  1.07212E+03
v  7.66412E+02  9.06190E+02  1.07212E+03
v  7.66412E+02  5.51008E+02  1.07212E+03
v -6.96706E+02  5.51008E+02  1.07212E+03
g plane_Z_271
s 0
f  2721 2722 2723 2724
v -6.96706E+02  9.06190E+02  1.03948E+03
v  7.66412E+02  9.06190E+02  1.03948E+03
v  7.66412E+02  5.51008E+02  1.03948E+03
v -6.96706E+02  5.51008E+02  1.03948E+03
g plane_Z_272
s 0
f  2725 2726 2727 2728
v -6.96706E+02  8.76305E+02 -6.83072E+02
v  7.66412E+02  8.76305E+02 -6.83072E+02
v  7.66412E+02  8.76305E+02  1.30968E+03
v -6.96706E+02  8.76305E+02  1.30968E+03
g plane_Y_123
s 0
f  2729 2730 2731 2732
v  1.40852E+02  5.51008E+02 -6.83072E+02
v  1.40852E+02  9.06190E+02 -6.83072E+02
v  1.40852E+02  9.06190E+02  1.30968E+03
v  1.40852E+02  5.51008E+02  1.30968E+03
g plane_X_289
s 0
f  2733 2734 2735 2736
v -6.96706E+02  9.06190E+02 -2.60505E+02
v  7.66412E+02  9.06190E+02 -2.60505E+02
v  7.66412E+02  5.51008E+02 -2.60505E+02
v -6.96706E+02  5.51008E+02 -2.60505E+02
g plane_Z_273
s 0
f  2737 2738 2739 2740
v -6.96706E+02  9.06190E+02 -2.19476E+02
v  7.66412E+02  9.06190E+02 -2.19476E+02
v  7.66412E+02  5.51008E+02 -2.19476E+02
v -6.96706E+02  5.51008E+02 -2.19476E+02
g plane_Z_274
s 0
f  2741 2742 2743 2744
v -6.96706E+02  9.06190E+02 -2.19476E+02
v  7.66412E+02  9.06190E+02 -2.19476E+02
v  7.66412E+02  5.51008E+02 -2.19476E+02
v -6.96706E+02  5.51008E+02 -2.19476E+02
g plane_Z_275
s 0
f  2745 2746 2747 2748
v  2.32836E+02  5.51008E+02 -6.83072E+02
v  2.32836E+02  9.06190E+02 -6.83072E+02
v  2.32836E+02  9.06190E+02  1.30968E+03
v  2.32836E+02  5.51008E+02  1.30968E+03
g plane_X_290
s 0
f  2749 2750 2751 2752
v  2.03285E+02  5.51008E+02 -6.83072E+02
v  2.03285E+02  9.06190E+02 -6.83072E+02
v  2.03285E+02  9.06190E+02  1.30968E+03
v  2.03285E+02  5.51008E+02  1.30968E+03
g plane_X_291
s 0
f  2753 2754 2755 2756
v  5.57900E+02  5.51008E+02 -6.83072E+02
v  5.57900E+02  9.06190E+02 -6.83072E+02
v  5.57900E+02  9.06190E+02  1.30968E+03
v  5.57900E+02  5.51008E+02  1.30968E+03
g plane_X_292
s 0
f  2757 2758 2759 2760
v  5.57900E+02  5.51008E+02 -6.83072E+02
v  5.57900E+02  9.06190E+02 -6.83072E+02
v  5.57900E+02  9.06190E+02  1.30968E+03
v  5.57900E+02  5.51008E+02  1.30968E+03
g plane_X_293
s 0
f  2761 2762 2763 2764
v  5.87450E+02  5.51008E+02 -6.83072E+02
v  5.87450E+02  9.06190E+02 -6.83072E+02
v  5.87450E+02  9.06190E+02  1.30968E+03
v  5.87450E+02  5.51008E+02  1.30968E+03
g plane_X_294
s 0
f  2765 2766 2767 2768
v -1.16434E+02  5.51008E+02 -6.83072E+02
v -1.16434E+02  9.06190E+02 -6.83072E+02
v -1.16434E+02  9.06190E+02  1.30968E+03
v -1.16434E+02  5.51008E+02  1.30968E+03
g plane_X_295
s 0
f  2769 2770 2771 2772
v -8.89029E+01  5.51008E+02 -6.83072E+02
v -8.89029E+01  9.06190E+02 -6.83072E+02
v -8.89029E+01  9.06190E+02  1.30968E+03
v -8.89029E+01  5.51008E+02  1.30968E+03
g plane_X_296
s 0
f  2773 2774 2775 2776
v -3.38414E+01  5.51008E+02 -6.83072E+02
v -3.38414E+01  9.06190E+02 -6.83072E+02
v -3.38414E+01  9.06190E+02  1.30968E+03
v -3.38414E+01  5.51008E+02  1.30968E+03
g plane_X_297
s 0
f  2777 2778 2779 2780
v -5.92756E+01  5.51008E+02 -6.83072E+02
v -5.92756E+01  9.06190E+02 -6.83072E+02
v -5.92756E+01  9.06190E+02  1.30968E+03
v -5.92756E+01  5.51008E+02  1.30968E+03
g plane_X_298
s 0
f  2781 2782 2783 2784
v -6.30994E+00  5.51008E+02 -6.83072E+02
v -6.30994E+00  9.06190E+02 -6.83072E+02
v -6.30994E+00  9.06190E+02  1.30968E+03
v -6.30994E+00  5.51008E+02  1.30968E+03
g plane_X_299
s 0
f  2785 2786 2787 2788
v -6.30994E+00  5.51008E+02 -6.83072E+02
v -6.30994E+00  9.06190E+02 -6.83072E+02
v -6.30994E+00  9.06190E+02  1.30968E+03
v -6.30994E+00  5.51008E+02  1.30968E+03
g plane_X_300
s 0
f  2789 2790 2791 2792
v  2.12215E+01  5.51008E+02 -6.83072E+02
v  2.12215E+01  9.06190E+02 -6.83072E+02
v  2.12215E+01  9.06190E+02  1.30968E+03
v  2.12215E+01  5.51008E+02  1.30968E+03
g plane_X_301
s 0
f  2793 2794 2795 2796
v -6.96706E+02  9.06190E+02  2.18870E+02
v  7.66412E+02  9.06190E+02  2.18870E+02
v  7.66412E+02  5.51008E+02  2.18870E+02
v -6.96706E+02  5.51008E+02  2.18870E+02
g plane_Z_276
s 0
f  2797 2798 2799 2800
v -6.96706E+02  9.06190E+02  2.18870E+02
v  7.66412E+02  9.06190E+02  2.18870E+02
v  7.66412E+02  5.51008E+02  2.18870E+02
v -6.96706E+02  5.51008E+02  2.18870E+02
g plane_Z_277
s 0
f  2801 2802 2803 2804
v -6.96706E+02  9.06190E+02  2.60771E+02
v  7.66412E+02  9.06190E+02  2.60771E+02
v  7.66412E+02  5.51008E+02  2.60771E+02
v -6.96706E+02  5.51008E+02  2.60771E+02
g plane_Z_278
s 0
f  2805 2806 2807 2808
v -6.96706E+02  7.78580E+02 -6.83072E+02
v  7.66412E+02  7.78580E+02 -6.83072E+02
v  7.66412E+02  7.78580E+02  1.30968E+03
v -6.96706E+02  7.78580E+02  1.30968E+03
g plane_Y_124
s 0
f  2809 2810 2811 2812
v -6.96706E+02  7.78580E+02 -6.83072E+02
v  7.66412E+02  7.78580E+02 -6.83072E+02
v  7.66412E+02  7.78580E+02  1.30968E+03
v -6.96706E+02  7.78580E+02  1.30968E+03
g plane_Y_125
s 0
f  2813 2814 2815 2816
v -6.96706E+02  9.06190E+02  1.32963E+02
v  7.66412E+02  9.06190E+02  1.32963E+02
v  7.66412E+02  5.51008E+02  1.32963E+02
v -6.96706E+02  5.51008E+02  1.32963E+02
g plane_Z_279
s 0
f  2817 2818 2819 2820
v -6.96706E+02  9.06190E+02  1.61868E+02
v  7.66412E+02  9.06190E+02  1.61868E+02
v  7.66412E+02  5.51008E+02  1.61868E+02
v -6.96706E+02  5.51008E+02  1.61868E+02
g plane_Z_280
s 0
f  2821 2822 2823 2824
v  2.13940E+02  5.51008E+02 -6.83072E+02
v  2.13940E+02  9.06190E+02 -6.83072E+02
v  2.13940E+02  9.06190E+02  1.30968E+03
v  2.13940E+02  5.51008E+02  1.30968E+03
g plane_X_302
s 0
f  2825 2826 2827 2828
v  2.41472E+02  5.51008E+02 -6.83072E+02
v  2.41472E+02  9.06190E+02 -6.83072E+02
v  2.41472E+02  9.06190E+02  1.30968E+03
v  2.41472E+02  5.51008E+02  1.30968E+03
g plane_X_303
s 0
f  2829 2830 2831 2832
v  2.94094E+02  5.51008E+02 -6.83072E+02
v  2.94094E+02  9.06190E+02 -6.83072E+02
v  2.94094E+02  9.06190E+02  1.30968E+03
v  2.94094E+02  5.51008E+02  1.30968E+03
g plane_X_304
s 0
f  2833 2834 2835 2836
v -6.96706E+02  9.06190E+02  1.12993E+02
v  7.66412E+02  9.06190E+02  1.12993E+02
v  7.66412E+02  5.51008E+02  1.12993E+02
v -6.96706E+02  5.51008E+02  1.12993E+02
g plane_Z_281
s 0
f  2837 2838 2839 2840
v -6.96706E+02  9.06190E+02 -4.30468E+01
v  7.66412E+02  9.06190E+02 -4.30468E+01
v  7.66412E+02  5.51008E+02 -4.30468E+01
v -6.96706E+02  5.51008E+02 -4.30468E+01
g plane_Z_282
s 0
f  2841 2842 2843 2844
v -6.96706E+02  9.06190E+02 -2.99872E+00
v  7.66412E+02  9.06190E+02 -2.99872E+00
v  7.66412E+02  5.51008E+02 -2.99872E+00
v -6.96706E+02  5.51008E+02 -2.99872E+00
g plane_Z_283
s 0
f  2845 2846 2847 2848
v  5.24921E+02  5.51008E+02 -6.83072E+02
v  5.24921E+02  9.06190E+02 -6.83072E+02
v  5.24921E+02  9.06190E+02  1.30968E+03
v  5.24921E+02  5.51008E+02  1.30968E+03
g plane_X_305
s 0
f  2849 2850 2851 2852
v  5.54024E+02  5.51008E+02 -6.83072E+02
v  5.54024E+02  9.06190E+02 -6.83072E+02
v  5.54024E+02  9.06190E+02  1.30968E+03
v  5.54024E+02  5.51008E+02  1.30968E+03
g plane_X_306
s 0
f  2853 2854 2855 2856
v  5.24921E+02  5.51008E+02 -6.83072E+02
v  5.24921E+02  9.06190E+02 -6.83072E+02
v  5.24921E+02  9.06190E+02  1.30968E+03
v  5.24921E+02  5.51008E+02  1.30968E+03
g plane_X_307
s 0
f  2857 2858 2859 2860
v  5.54024E+02  5.51008E+02 -6.83072E+02
v  5.54024E+02  9.06190E+02 -6.83072E+02
v  5.54024E+02  9.06190E+02  1.30968E+03
v  5.54024E+02  5.51008E+02  1.30968E+03
g plane_X_308
s 0
f  2861 2862 2863 2864
v  5.83126E+02  5.51008E+02 -6.83072E+02
v  5.83126E+02  9.06190E+02 -6.83072E+02
v  5.83126E+02  9.06190E+02  1.30968E+03
v  5.83126E+02  5.51008E+02  1.30968E+03
g plane_X_309
s 0
f  2865 2866 2867 2868
v  5.83126E+02  5.51008E+02 -6.83072E+02
v  5.83126E+02  9.06190E+02 -6.83072E+02
v  5.83126E+02  9.06190E+02  1.30968E+03
v  5.83126E+02  5.51008E+02  1.30968E+03
g plane_X_310
s 0
f  2869 2870 2871 2872
v  5.83126E+02  5.51008E+02 -6.83072E+02
v  5.83126E+02  9.06190E+02 -6.83072E+02
v  5.83126E+02  9.06190E+02  1.30968E+03
v  5.83126E+02  5.51008E+02  1.30968E+03
g plane_X_311
s 0
f  2873 2874 2875 2876
v  6.12229E+02  5.51008E+02 -6.83072E+02
v  6.12229E+02  9.06190E+02 -6.83072E+02
v  6.12229E+02  9.06190E+02  1.30968E+03
v  6.12229E+02  5.51008E+02  1.30968E+03
g plane_X_312
s 0
f  2877 2878 2879 2880
v  5.26372E+02  5.51008E+02 -6.83072E+02
v  5.26372E+02  9.06190E+02 -6.83072E+02
v  5.26372E+02  9.06190E+02  1.30968E+03
v  5.26372E+02  5.51008E+02  1.30968E+03
g plane_X_313
s 0
f  2881 2882 2883 2884
v  5.58377E+02  5.51008E+02 -6.83072E+02
v  5.58377E+02  9.06190E+02 -6.83072E+02
v  5.58377E+02  9.06190E+02  1.30968E+03
v  5.58377E+02  5.51008E+02  1.30968E+03
g plane_X_314
s 0
f  2885 2886 2887 2888
v  5.58377E+02  5.51008E+02 -6.83072E+02
v  5.58377E+02  9.06190E+02 -6.83072E+02
v  5.58377E+02  9.06190E+02  1.30968E+03
v  5.58377E+02  5.51008E+02  1.30968E+03
g plane_X_315
s 0
f  2889 2890 2891 2892
v  5.26372E+02  5.51008E+02 -6.83072E+02
v  5.26372E+02  9.06190E+02 -6.83072E+02
v  5.26372E+02  9.06190E+02  1.30968E+03
v  5.26372E+02  5.51008E+02  1.30968E+03
g plane_X_316
s 0
f  2893 2894 2895 2896
v  5.90383E+02  5.51008E+02 -6.83072E+02
v  5.90383E+02  9.06190E+02 -6.83072E+02
v  5.90383E+02  9.06190E+02  1.30968E+03
v  5.90383E+02  5.51008E+02  1.30968E+03
g plane_X_317
s 0
f  2897 2898 2899 2900
v  5.90383E+02  5.51008E+02 -6.83072E+02
v  5.90383E+02  9.06190E+02 -6.83072E+02
v  5.90383E+02  9.06190E+02  1.30968E+03
v  5.90383E+02  5.51008E+02  1.30968E+03
g plane_X_318
s 0
f  2901 2902 2903 2904
v  5.90383E+02  5.51008E+02 -6.83072E+02
v  5.90383E+02  9.06190E+02 -6.83072E+02
v  5.90383E+02  9.06190E+02  1.30968E+03
v  5.90383E+02  5.51008E+02  1.30968E+03
g plane_X_319
s 0
f  2905 2906 2907 2908
v  6.22388E+02  5.51008E+02 -6.83072E+02
v  6.22388E+02  9.06190E+02 -6.83072E+02
v  6.22388E+02  9.06190E+02  1.30968E+03
v  6.22388E+02  5.51008E+02  1.30968E+03
g plane_X_320
s 0
f  2909 2910 2911 2912
v  6.22388E+02  5.51008E+02 -6.83072E+02
v  6.22388E+02  9.06190E+02 -6.83072E+02
v  6.22388E+02  9.06190E+02  1.30968E+03
v  6.22388E+02  5.51008E+02  1.30968E+03
g plane_X_321
s 0
f  2913 2914 2915 2916
v  5.90383E+02  5.51008E+02 -6.83072E+02
v  5.90383E+02  9.06190E+02 -6.83072E+02
v  5.90383E+02  9.06190E+02  1.30968E+03
v  5.90383E+02  5.51008E+02  1.30968E+03
g plane_X_322
s 0
f  2917 2918 2919 2920
v  5.90383E+02  5.51008E+02 -6.83072E+02
v  5.90383E+02  9.06190E+02 -6.83072E+02
v  5.90383E+02  9.06190E+02  1.30968E+03
v  5.90383E+02  5.51008E+02  1.30968E+03
g plane_X_323
s 0
f  2921 2922 2923 2924
v  6.22388E+02  5.51008E+02 -6.83072E+02
v  6.22388E+02  9.06190E+02 -6.83072E+02
v  6.22388E+02  9.06190E+02  1.30968E+03
v  6.22388E+02  5.51008E+02  1.30968E+03
g plane_X_324
s 0
f  2925 2926 2927 2928
v  6.22388E+02  5.51008E+02 -6.83072E+02
v  6.22388E+02  9.06190E+02 -6.83072E+02
v  6.22388E+02  9.06190E+02  1.30968E+03
v  6.22388E+02  5.51008E+02  1.30968E+03
g plane_X_325
s 0
f  2929 2930 2931 2932
v -6.96706E+02  8.06160E+02 -6.83072E+02
v  7.66412E+02  8.06160E+02 -6.83072E+02
v  7.66412E+02  8.06160E+02  1.30968E+03
v -6.96706E+02  8.06160E+02  1.30968E+03
g plane_Y_126
s 0
f  2933 2934 2935 2936
v -6.96706E+02  8.10993E+02 -6.83072E+02
v  7.66412E+02  8.10993E+02 -6.83072E+02
v  7.66412E+02  8.10993E+02  1.30968E+03
v -6.96706E+02  8.10993E+02  1.30968E+03
g plane_Y_127
s 0
f  2937 2938 2939 2940
v -6.96706E+02  9.06190E+02  1.65373E+02
v  7.66412E+02  9.06190E+02  1.65373E+02
v  7.66412E+02  5.51008E+02  1.65373E+02
v -6.96706E+02  5.51008E+02  1.65373E+02
g plane_Z_284
s 0
f  2941 2942 2943 2944
v -6.96706E+02  8.06160E+02 -6.83072E+02
v  7.66412E+02  8.06160E+02 -6.83072E+02
v  7.66412E+02  8.06160E+02  1.30968E+03
v -6.96706E+02  8.06160E+02  1.30968E+03
g plane_Y_128
s 0
f  2945 2946 2947 2948
v -6.96706E+02  8.06160E+02 -6.83072E+02
v  7.66412E+02  8.06160E+02 -6.83072E+02
v  7.66412E+02  8.06160E+02  1.30968E+03
v -6.96706E+02  8.06160E+02  1.30968E+03
g plane_Y_129
s 0
f  2949 2950 2951 2952
v -6.96706E+02  8.06160E+02 -6.83072E+02
v  7.66412E+02  8.06160E+02 -6.83072E+02
v  7.66412E+02  8.06160E+02  1.30968E+03
v -6.96706E+02  8.06160E+02  1.30968E+03
g plane_Y_130
s 0
f  2953 2954 2955 2956
v -6.96706E+02  8.07366E+02 -6.83072E+02
v  7.66412E+02  8.07366E+02 -6.83072E+02
v  7.66412E+02  8.07366E+02  1.30968E+03
v -6.96706E+02  8.07366E+02  1.30968E+03
g plane_Y_131
s 0
f  2957 2958 2959 2960
v -6.96706E+02  9.06190E+02  2.05713E+02
v  7.66412E+02  9.06190E+02  2.05713E+02
v  7.66412E+02  5.51008E+02  2.05713E+02
v -6.96706E+02  5.51008E+02  2.05713E+02
g plane_Z_285
s 0
f  2961 2962 2963 2964
v -6.96706E+02  8.06160E+02 -6.83072E+02
v  7.66412E+02  8.06160E+02 -6.83072E+02
v  7.66412E+02  8.06160E+02  1.30968E+03
v -6.96706E+02  8.06160E+02  1.30968E+03
g plane_Y_132
s 0
f  2965 2966 2967 2968
v -6.96706E+02  8.06160E+02 -6.83072E+02
v  7.66412E+02  8.06160E+02 -6.83072E+02
v  7.66412E+02  8.06160E+02  1.30968E+03
v -6.96706E+02  8.06160E+02  1.30968E+03
g plane_Y_133
s 0
f  2969 2970 2971 2972
v -6.96706E+02  8.05342E+02 -6.83072E+02
v  7.66412E+02  8.05342E+02 -6.83072E+02
v  7.66412E+02  8.05342E+02  1.30968E+03
v -6.96706E+02  8.05342E+02  1.30968E+03
g plane_Y_134
s 0
f  2973 2974 2975 2976
v -6.96706E+02  9.06190E+02  5.07047E+02
v  7.66412E+02  9.06190E+02  5.07047E+02
v  7.66412E+02  5.51008E+02  5.07047E+02
v -6.96706E+02  5.51008E+02  5.07047E+02
g plane_Z_286
s 0
f  2977 2978 2979 2980
v -6.96706E+02  9.06190E+02  5.17781E+02
v  7.66412E+02  9.06190E+02  5.17781E+02
v  7.66412E+02  5.51008E+02  5.17781E+02
v -6.96706E+02  5.51008E+02  5.17781E+02
g plane_Z_287
s 0
f  2981 2982 2983 2984
v -6.96706E+02  9.06190E+02  5.70927E+02
v  7.66412E+02  9.06190E+02  5.70927E+02
v  7.66412E+02  5.51008E+02  5.70927E+02
v -6.96706E+02  5.51008E+02  5.70927E+02
g plane_Z_288
s 0
f  2985 2986 2987 2988
v -3.84637E+02  5.51008E+02 -6.83072E+02
v -3.84637E+02  9.06190E+02 -6.83072E+02
v -3.84637E+02  9.06190E+02  1.30968E+03
v -3.84637E+02  5.51008E+02  1.30968E+03
g plane_X_326
s 0
f  2989 2990 2991 2992
v -6.96706E+02  9.06190E+02  4.95491E+02
v  7.66412E+02  9.06190E+02  4.95491E+02
v  7.66412E+02  5.51008E+02  4.95491E+02
v -6.96706E+02  5.51008E+02  4.95491E+02
g plane_Z_289
s 0
f  2993 2994 2995 2996
v -6.96706E+02  7.35860E+02 -6.83072E+02
v  7.66412E+02  7.35860E+02 -6.83072E+02
v  7.66412E+02  7.35860E+02  1.30968E+03
v -6.96706E+02  7.35860E+02  1.30968E+03
g plane_Y_135
s 0
f  2997 2998 2999 3000
v -6.96706E+02  9.06190E+02  4.24065E+02
v  7.66412E+02  9.06190E+02  4.24065E+02
v  7.66412E+02  5.51008E+02  4.24065E+02
v -6.96706E+02  5.51008E+02  4.24065E+02
g plane_Z_290
s 0
f  3001 3002 3003 3004
v -6.96706E+02  9.06190E+02  4.25948E+02
v  7.66412E+02  9.06190E+02  4.25948E+02
v  7.66412E+02  5.51008E+02  4.25948E+02
v -6.96706E+02  5.51008E+02  4.25948E+02
g plane_Z_291
s 0
f  3005 3006 3007 3008
v -1.55649E+02  5.51008E+02 -6.83072E+02
v -1.55649E+02  9.06190E+02 -6.83072E+02
v -1.55649E+02  9.06190E+02  1.30968E+03
v -1.55649E+02  5.51008E+02  1.30968E+03
g plane_X_327
s 0
f  3009 3010 3011 3012
v -1.32140E+02  5.51008E+02 -6.83072E+02
v -1.32140E+02  9.06190E+02 -6.83072E+02
v -1.32140E+02  9.06190E+02  1.30968E+03
v -1.32140E+02  5.51008E+02  1.30968E+03
g plane_X_328
s 0
f  3013 3014 3015 3016
v  1.03309E+01  5.51008E+02 -6.83072E+02
v  1.03309E+01  9.06190E+02 -6.83072E+02
v  1.03309E+01  9.06190E+02  1.30968E+03
v  1.03309E+01  5.51008E+02  1.30968E+03
g plane_X_329
s 0
f  3017 3018 3019 3020
v  1.03309E+01  5.51008E+02 -6.83072E+02
v  1.03309E+01  9.06190E+02 -6.83072E+02
v  1.03309E+01  9.06190E+02  1.30968E+03
v  1.03309E+01  5.51008E+02  1.30968E+03
g plane_X_330
s 0
f  3021 3022 3023 3024
v -6.96706E+02  9.06190E+02  5.78394E+02
v  7.66412E+02  9.06190E+02  5.78394E+02
v  7.66412E+02  5.51008E+02  5.78394E+02
v -6.96706E+02  5.51008E+02  5.78394E+02
g plane_Z_292
s 0
f  3025 3026 3027 3028
v -6.96706E+02  6.74700E+02 -6.83072E+02
v  7.66412E+02  6.74700E+02 -6.83072E+02
v  7.66412E+02  6.74700E+02  1.30968E+03
v -6.96706E+02  6.74700E+02  1.30968E+03
g plane_Y_136
s 0
f  3029 3030 3031 3032
v -6.96706E+02  6.74700E+02 -6.83072E+02
v  7.66412E+02  6.74700E+02 -6.83072E+02
v  7.66412E+02  6.74700E+02  1.30968E+03
v -6.96706E+02  6.74700E+02  1.30968E+03
g plane_Y_137
s 0
f  3033 3034 3035 3036
v -6.96706E+02  6.74700E+02 -6.83072E+02
v  7.66412E+02  6.74700E+02 -6.83072E+02
v  7.66412E+02  6.74700E+02  1.30968E+03
v -6.96706E+02  6.74700E+02  1.30968E+03
g plane_Y_138
s 0
f  3037 3038 3039 3040
v -6.96706E+02  7.05244E+02 -6.83072E+02
v  7.66412E+02  7.05244E+02 -6.83072E+02
v  7.66412E+02  7.05244E+02  1.30968E+03
v -6.96706E+02  7.05244E+02  1.30968E+03
g plane_Y_139
s 0
f  3041 3042 3043 3044
v -6.96706E+02  7.05244E+02 -6.83072E+02
v  7.66412E+02  7.05244E+02 -6.83072E+02
v  7.66412E+02  7.05244E+02  1.30968E+03
v -6.96706E+02  7.05244E+02  1.30968E+03
g plane_Y_140
s 0
f  3045 3046 3047 3048
v -6.96706E+02  7.05244E+02 -6.83072E+02
v  7.66412E+02  7.05244E+02 -6.83072E+02
v  7.66412E+02  7.05244E+02  1.30968E+03
v -6.96706E+02  7.05244E+02  1.30968E+03
g plane_Y_141
s 0
f  3049 3050 3051 3052
v -3.34103E+02  5.51008E+02 -6.83072E+02
v -3.34103E+02  9.06190E+02 -6.83072E+02
v -3.34103E+02  9.06190E+02  1.30968E+03
v -3.34103E+02  5.51008E+02  1.30968E+03
g plane_X_331
s 0
f  3053 3054 3055 3056
v -3.34103E+02  5.51008E+02 -6.83072E+02
v -3.34103E+02  9.06190E+02 -6.83072E+02
v -3.34103E+02  9.06190E+02  1.30968E+03
v -3.34103E+02  5.51008E+02  1.30968E+03
g plane_X_332
s 0
f  3057 3058 3059 3060
v -2.90525E+02  5.51008E+02 -6.83072E+02
v -2.90525E+02  9.06190E+02 -6.83072E+02
v -2.90525E+02  9.06190E+02  1.30968E+03
v -2.90525E+02  5.51008E+02  1.30968E+03
g plane_X_333
s 0
f  3061 3062 3063 3064
v -2.91541E+02  5.51008E+02 -6.83072E+02
v -2.91541E+02  9.06190E+02 -6.83072E+02
v -2.91541E+02  9.06190E+02  1.30968E+03
v -2.91541E+02  5.51008E+02  1.30968E+03
g plane_X_334
s 0
f  3065 3066 3067 3068
v -2.14267E+02  5.51008E+02 -6.83072E+02
v -2.14267E+02  9.06190E+02 -6.83072E+02
v -2.14267E+02  9.06190E+02  1.30968E+03
v -2.14267E+02  5.51008E+02  1.30968E+03
g plane_X_335
s 0
f  3069 3070 3071 3072
v -6.96706E+02  9.06190E+02  6.31085E+02
v  7.66412E+02  9.06190E+02  6.31085E+02
v  7.66412E+02  5.51008E+02  6.31085E+02
v -6.96706E+02  5.51008E+02  6.31085E+02
g plane_Z_293
s 0
f  3073 3074 3075 3076
v -6.96706E+02  9.06190E+02  6.31085E+02
v  7.66412E+02  9.06190E+02  6.31085E+02
v  7.66412E+02  5.51008E+02  6.31085E+02
v -6.96706E+02  5.51008E+02  6.31085E+02
g plane_Z_294
s 0
f  3077 3078 3079 3080
v -4.83669E+01  5.51008E+02 -6.83072E+02
v -4.83669E+01  9.06190E+02 -6.83072E+02
v -4.83669E+01  9.06190E+02  1.30968E+03
v -4.83669E+01  5.51008E+02  1.30968E+03
g plane_X_336
s 0
f  3081 3082 3083 3084
v -4.24632E+01  5.51008E+02 -6.83072E+02
v -4.24632E+01  9.06190E+02 -6.83072E+02
v -4.24632E+01  9.06190E+02  1.30968E+03
v -4.24632E+01  5.51008E+02  1.30968E+03
g plane_X_337
s 0
f  3085 3086 3087 3088
v -6.96706E+02  9.06190E+02  6.98253E+02
v  7.66412E+02  9.06190E+02  6.98253E+02
v  7.66412E+02  5.51008E+02  6.98253E+02
v -6.96706E+02  5.51008E+02  6.98253E+02
g plane_Z_295
s 0
f  3089 3090 3091 3092
v -9.31448E+01  5.51008E+02 -6.83072E+02
v -9.31448E+01  9.06190E+02 -6.83072E+02
v -9.31448E+01  9.06190E+02  1.30968E+03
v -9.31448E+01  5.51008E+02  1.30968E+03
g plane_X_338
s 0
f  3093 3094 3095 3096
v -6.96706E+02  9.06190E+02  8.42599E+02
v  7.66412E+02  9.06190E+02  8.42599E+02
v  7.66412E+02  5.51008E+02  8.42599E+02
v -6.96706E+02  5.51008E+02  8.42599E+02
g plane_Z_296
s 0
f  3097 3098 3099 3100
v -6.96706E+02  9.06190E+02  8.44541E+02
v  7.66412E+02  9.06190E+02  8.44541E+02
v  7.66412E+02  5.51008E+02  8.44541E+02
v -6.96706E+02  5.51008E+02  8.44541E+02
g plane_Z_297
s 0
f  3101 3102 3103 3104
v -6.96706E+02  9.06190E+02  7.55604E+02
v  7.66412E+02  9.06190E+02  7.55604E+02
v  7.66412E+02  5.51008E+02  7.55604E+02
v -6.96706E+02  5.51008E+02  7.55604E+02
g plane_Z_298
s 0
f  3105 3106 3107 3108
v -6.96706E+02  9.06190E+02  8.03134E+02
v  7.66412E+02  9.06190E+02  8.03134E+02
v  7.66412E+02  5.51008E+02  8.03134E+02
v -6.96706E+02  5.51008E+02  8.03134E+02
g plane_Z_299
s 0
f  3109 3110 3111 3112
v -6.96706E+02  9.06190E+02  1.15036E+03
v  7.66412E+02  9.06190E+02  1.15036E+03
v  7.66412E+02  5.51008E+02  1.15036E+03
v -6.96706E+02  5.51008E+02  1.15036E+03
g plane_Z_300
s 0
f  3113 3114 3115 3116
v -6.96706E+02  9.06190E+02  1.19938E+03
v  7.66412E+02  9.06190E+02  1.19938E+03
v  7.66412E+02  5.51008E+02  1.19938E+03
v -6.96706E+02  5.51008E+02  1.19938E+03
g plane_Z_301
s 0
f  3117 3118 3119 3120
v -6.96706E+02  9.06190E+02  1.19938E+03
v  7.66412E+02  9.06190E+02  1.19938E+03
v  7.66412E+02  5.51008E+02  1.19938E+03
v -6.96706E+02  5.51008E+02  1.19938E+03
g plane_Z_302
s 0
f  3121 3122 3123 3124
v -6.96706E+02  9.06190E+02  1.24841E+03
v  7.66412E+02  9.06190E+02  1.24841E+03
v  7.66412E+02  5.51008E+02  1.24841E+03
v -6.96706E+02  5.51008E+02  1.24841E+03
g plane_Z_303
s 0
f  3125 3126 3127 3128
v -6.96706E+02  9.06190E+02  1.22389E+03
v  7.66412E+02  9.06190E+02  1.22389E+03
v  7.66412E+02  5.51008E+02  1.22389E+03
v -6.96706E+02  5.51008E+02  1.22389E+03
g plane_Z_304
s 0
f  3129 3130 3131 3132
v -6.96706E+02  9.06190E+02  1.22389E+03
v  7.66412E+02  9.06190E+02  1.22389E+03
v  7.66412E+02  5.51008E+02  1.22389E+03
v -6.96706E+02  5.51008E+02  1.22389E+03
g plane_Z_305
s 0
f  3133 3134 3135 3136
v -6.96706E+02  9.06190E+02  1.22389E+03
v  7.66412E+02  9.06190E+02  1.22389E+03
v  7.66412E+02  5.51008E+02  1.22389E+03
v -6.96706E+02  5.51008E+02  1.22389E+03
g plane_Z_306
s 0
f  3137 3138 3139 3140
v -6.96706E+02  9.06190E+02  1.24841E+03
v  7.66412E+02  9.06190E+02  1.24841E+03
v  7.66412E+02  5.51008E+02  1.24841E+03
v -6.96706E+02  5.51008E+02  1.24841E+03
g plane_Z_307
s 0
f  3141 3142 3143 3144
v -6.96706E+02  9.06190E+02  1.24841E+03
v  7.66412E+02  9.06190E+02  1.24841E+03
v  7.66412E+02  5.51008E+02  1.24841E+03
v -6.96706E+02  5.51008E+02  1.24841E+03
g plane_Z_308
s 0
f  3145 3146 3147 3148
v -6.83061E+02  5.51008E+02 -6.83072E+02
v -6.83061E+02  9.06190E+02 -6.83072E+02
v -6.83061E+02  9.06190E+02  1.30968E+03
v -6.83061E+02  5.51008E+02  1.30968E+03
g plane_X_339
s 0
f  3149 3150 3151 3152
v -6.83061E+02  5.51008E+02 -6.83072E+02
v -6.83061E+02  9.06190E+02 -6.83072E+02
v -6.83061E+02  9.06190E+02  1.30968E+03
v -6.83061E+02  5.51008E+02  1.30968E+03
g plane_X_340
s 0
f  3153 3154 3155 3156
v -6.55772E+02  5.51008E+02 -6.83072E+02
v -6.55772E+02  9.06190E+02 -6.83072E+02
v -6.55772E+02  9.06190E+02  1.30968E+03
v -6.55772E+02  5.51008E+02  1.30968E+03
g plane_X_341
s 0
f  3157 3158 3159 3160
v -6.55772E+02  5.51008E+02 -6.83072E+02
v -6.55772E+02  9.06190E+02 -6.83072E+02
v -6.55772E+02  9.06190E+02  1.30968E+03
v -6.55772E+02  5.51008E+02  1.30968E+03
g plane_X_342
s 0
f  3161 3162 3163 3164
v -6.55772E+02  5.51008E+02 -6.83072E+02
v -6.55772E+02  9.06190E+02 -6.83072E+02
v -6.55772E+02  9.06190E+02  1.30968E+03
v -6.55772E+02  5.51008E+02  1.30968E+03
g plane_X_343
s 0
f  3165 3166 3167 3168
v -4.42956E+02  5.51008E+02 -6.83072E+02
v -4.42956E+02  9.06190E+02 -6.83072E+02
v -4.42956E+02  9.06190E+02  1.30968E+03
v -4.42956E+02  5.51008E+02  1.30968E+03
g plane_X_344
s 0
f  3169 3170 3171 3172
v -4.20457E+02  5.51008E+02 -6.83072E+02
v -4.20457E+02  9.06190E+02 -6.83072E+02
v -4.20457E+02  9.06190E+02  1.30968E+03
v -4.20457E+02  5.51008E+02  1.30968E+03
g plane_X_345
s 0
f  3173 3174 3175 3176
v -3.97955E+02  5.51008E+02 -6.83072E+02
v -3.97955E+02  9.06190E+02 -6.83072E+02
v -3.97955E+02  9.06190E+02  1.30968E+03
v -3.97955E+02  5.51008E+02  1.30968E+03
g plane_X_346
s 0
f  3177 3178 3179 3180
v -6.96706E+02  5.83388E+02 -6.83072E+02
v  7.66412E+02  5.83388E+02 -6.83072E+02
v  7.66412E+02  5.83388E+02  1.30968E+03
v -6.96706E+02  5.83388E+02  1.30968E+03
g plane_Y_142
s 0
f  3181 3182 3183 3184
v -6.96706E+02  5.83388E+02 -6.83072E+02
v  7.66412E+02  5.83388E+02 -6.83072E+02
v  7.66412E+02  5.83388E+02  1.30968E+03
v -6.96706E+02  5.83388E+02  1.30968E+03
g plane_Y_143
s 0
f  3185 3186 3187 3188
v -6.96706E+02  5.83388E+02 -6.83072E+02
v  7.66412E+02  5.83388E+02 -6.83072E+02
v  7.66412E+02  5.83388E+02  1.30968E+03
v -6.96706E+02  5.83388E+02  1.30968E+03
g plane_Y_144
s 0
f  3189 3190 3191 3192
v -6.96706E+02  5.83388E+02 -6.83072E+02
v  7.66412E+02  5.83388E+02 -6.83072E+02
v  7.66412E+02  5.83388E+02  1.30968E+03
v -6.96706E+02  5.83388E+02  1.30968E+03
g plane_Y_145
s 0
f  3193 3194 3195 3196
v -3.75455E+02  5.51008E+02 -6.83072E+02
v -3.75455E+02  9.06190E+02 -6.83072E+02
v -3.75455E+02  9.06190E+02  1.30968E+03
v -3.75455E+02  5.51008E+02  1.30968E+03
g plane_X_347
s 0
f  3197 3198 3199 3200
v -3.52956E+02  5.51008E+02 -6.83072E+02
v -3.52956E+02  9.06190E+02 -6.83072E+02
v -3.52956E+02  9.06190E+02  1.30968E+03
v -3.52956E+02  5.51008E+02  1.30968E+03
g plane_X_348
s 0
f  3201 3202 3203 3204
v -3.30456E+02  5.51008E+02 -6.83072E+02
v -3.30456E+02  9.06190E+02 -6.83072E+02
v -3.30456E+02  9.06190E+02  1.30968E+03
v -3.30456E+02  5.51008E+02  1.30968E+03
g plane_X_349
s 0
f  3205 3206 3207 3208
v -3.07956E+02  5.51008E+02 -6.83072E+02
v -3.07956E+02  9.06190E+02 -6.83072E+02
v -3.07956E+02  9.06190E+02  1.30968E+03
v -3.07956E+02  5.51008E+02  1.30968E+03
g plane_X_350
s 0
f  3209 3210 3211 3212
v -2.85780E+02  5.51008E+02 -6.83072E+02
v -2.85780E+02  9.06190E+02 -6.83072E+02
v -2.85780E+02  9.06190E+02  1.30968E+03
v -2.85780E+02  5.51008E+02  1.30968E+03
g plane_X_351
s 0
f  3213 3214 3215 3216
v -2.20225E+02  5.51008E+02 -6.83072E+02
v -2.20225E+02  9.06190E+02 -6.83072E+02
v -2.20225E+02  9.06190E+02  1.30968E+03
v -2.20225E+02  5.51008E+02  1.30968E+03
g plane_X_352
s 0
f  3217 3218 3219 3220
v -1.98374E+02  5.51008E+02 -6.83072E+02
v -1.98374E+02  9.06190E+02 -6.83072E+02
v -1.98374E+02  9.06190E+02  1.30968E+03
v -1.98374E+02  5.51008E+02  1.30968E+03
g plane_X_353
s 0
f  3221 3222 3223 3224
v  1.40852E+02  5.51008E+02 -6.83072E+02
v  1.40852E+02  9.06190E+02 -6.83072E+02
v  1.40852E+02  9.06190E+02  1.30968E+03
v  1.40852E+02  5.51008E+02  1.30968E+03
g plane_X_354
s 0
f  3225 3226 3227 3228
v -6.96706E+02  8.94857E+02 -6.83072E+02
v  7.66412E+02  8.94857E+02 -6.83072E+02
v  7.66412E+02  8.94857E+02  1.30968E+03
v -6.96706E+02  8.94857E+02  1.30968E+03
g plane_Y_146
s 0
f  3229 3230 3231 3232
v  1.73734E+02  5.51008E+02 -6.83072E+02
v  1.73734E+02  9.06190E+02 -6.83072E+02
v  1.73734E+02  9.06190E+02  1.30968E+03
v  1.73734E+02  5.51008E+02  1.30968E+03
g plane_X_355
s 0
f  3233 3234 3235 3236
v  7.50718E+01  5.51008E+02 -6.83072E+02
v  7.50718E+01  9.06190E+02 -6.83072E+02
v  7.50718E+01  9.06190E+02  1.30968E+03
v  7.50718E+01  5.51008E+02  1.30968E+03
g plane_X_356
s 0
f  3237 3238 3239 3240
v  7.50718E+01  5.51008E+02 -6.83072E+02
v  7.50718E+01  9.06190E+02 -6.83072E+02
v  7.50718E+01  9.06190E+02  1.30968E+03
v  7.50718E+01  5.51008E+02  1.30968E+03
g plane_X_357
s 0
f  3241 3242 3243 3244
v  7.50718E+01  5.51008E+02 -6.83072E+02
v  7.50718E+01  9.06190E+02 -6.83072E+02
v  7.50718E+01  9.06190E+02  1.30968E+03
v  7.50718E+01  5.51008E+02  1.30968E+03
g plane_X_358
s 0
f  3245 3246 3247 3248
v  4.87530E+01  5.51008E+02 -6.83072E+02
v  4.87530E+01  9.06190E+02 -6.83072E+02
v  4.87530E+01  9.06190E+02  1.30968E+03
v  4.87530E+01  5.51008E+02  1.30968E+03
g plane_X_359
s 0
f  3249 3250 3251 3252
v  1.03816E+02  5.51008E+02 -6.83072E+02
v  1.03816E+02  9.06190E+02 -6.83072E+02
v  1.03816E+02  9.06190E+02  1.30968E+03
v  1.03816E+02  5.51008E+02  1.30968E+03
g plane_X_360
s 0
f  3253 3254 3255 3256
v  1.31347E+02  5.51008E+02 -6.83072E+02
v  1.31347E+02  9.06190E+02 -6.83072E+02
v  1.31347E+02  9.06190E+02  1.30968E+03
v  1.31347E+02  5.51008E+02  1.30968E+03
g plane_X_361
s 0
f  3257 3258 3259 3260
v -6.96706E+02  7.78580E+02 -6.83072E+02
v  7.66412E+02  7.78580E+02 -6.83072E+02
v  7.66412E+02  7.78580E+02  1.30968E+03
v -6.96706E+02  7.78580E+02  1.30968E+03
g plane_Y_147
s 0
f  3261 3262 3263 3264
v -6.96706E+02  7.78580E+02 -6.83072E+02
v  7.66412E+02  7.78580E+02 -6.83072E+02
v  7.66412E+02  7.78580E+02  1.30968E+03
v -6.96706E+02  7.78580E+02  1.30968E+03
g plane_Y_148
s 0
f  3265 3266 3267 3268
v -6.96706E+02  9.06190E+02  8.49632E+01
v  7.66412E+02  9.06190E+02  8.49632E+01
v  7.66412E+02  5.51008E+02  8.49632E+01
v -6.96706E+02  5.51008E+02  8.49632E+01
g plane_Z_309
s 0
f  3269 3270 3271 3272
v  2.69003E+02  5.51008E+02 -6.83072E+02
v  2.69003E+02  9.06190E+02 -6.83072E+02
v  2.69003E+02  9.06190E+02  1.30968E+03
v  2.69003E+02  5.51008E+02  1.30968E+03
g plane_X_362
s 0
f  3273 3274 3275 3276
v -6.96706E+02  9.06190E+02  8.54079E+01
v  7.66412E+02  9.06190E+02  8.54079E+01
v  7.66412E+02  5.51008E+02  8.54079E+01
v -6.96706E+02  5.51008E+02  8.54079E+01
g plane_Z_310
s 0
f  3277 3278 3279 3280
v -6.96706E+02  9.06190E+02  1.08133E+02
v  7.66412E+02  9.06190E+02  1.08133E+02
v  7.66412E+02  5.51008E+02  1.08133E+02
v -6.96706E+02  5.51008E+02  1.08133E+02
g plane_Z_311
s 0
f  3281 3282 3283 3284
v -6.96706E+02  9.06190E+02  1.29565E+02
v  7.66412E+02  9.06190E+02  1.29565E+02
v  7.66412E+02  5.51008E+02  1.29565E+02
v -6.96706E+02  5.51008E+02  1.29565E+02
g plane_Z_312
s 0
f  3285 3286 3287 3288
v -6.96706E+02  9.06190E+02  1.07938E+02
v  7.66412E+02  9.06190E+02  1.07938E+02
v  7.66412E+02  5.51008E+02  1.07938E+02
v -6.96706E+02  5.51008E+02  1.07938E+02
g plane_Z_313
s 0
f  3289 3290 3291 3292
v -6.96706E+02  9.06190E+02  1.07938E+02
v  7.66412E+02  9.06190E+02  1.07938E+02
v  7.66412E+02  5.51008E+02  1.07938E+02
v -6.96706E+02  5.51008E+02  1.07938E+02
g plane_Z_314
s 0
f  3293 3294 3295 3296
v  6.54393E+02  5.51008E+02 -6.83072E+02
v  6.54393E+02  9.06190E+02 -6.83072E+02
v  6.54393E+02  9.06190E+02  1.30968E+03
v  6.54393E+02  5.51008E+02  1.30968E+03
g plane_X_363
s 0
f  3297 3298 3299 3300
v  6.54393E+02  5.51008E+02 -6.83072E+02
v  6.54393E+02  9.06190E+02 -6.83072E+02
v  6.54393E+02  9.06190E+02  1.30968E+03
v  6.54393E+02  5.51008E+02  1.30968E+03
g plane_X_364
s 0
f  3301 3302 3303 3304
v  6.54393E+02  5.51008E+02 -6.83072E+02
v  6.54393E+02  9.06190E+02 -6.83072E+02
v  6.54393E+02  9.06190E+02  1.30968E+03
v  6.54393E+02  5.51008E+02  1.30968E+03
g plane_X_365
s 0
f  3305 3306 3307 3308
v  6.86399E+02  5.51008E+02 -6.83072E+02
v  6.86399E+02  9.06190E+02 -6.83072E+02
v  6.86399E+02  9.06190E+02  1.30968E+03
v  6.86399E+02  5.51008E+02  1.30968E+03
g plane_X_366
s 0
f  3309 3310 3311 3312
v  6.86399E+02  5.51008E+02 -6.83072E+02
v  6.86399E+02  9.06190E+02 -6.83072E+02
v  6.86399E+02  9.06190E+02  1.30968E+03
v  6.86399E+02  5.51008E+02  1.30968E+03
g plane_X_367
s 0
f  3313 3314 3315 3316
v  6.86399E+02  5.51008E+02 -6.83072E+02
v  6.86399E+02  9.06190E+02 -6.83072E+02
v  6.86399E+02  9.06190E+02  1.30968E+03
v  6.86399E+02  5.51008E+02  1.30968E+03
g plane_X_368
s 0
f  3317 3318 3319 3320
v  7.18404E+02  5.51008E+02 -6.83072E+02
v  7.18404E+02  9.06190E+02 -6.83072E+02
v  7.18404E+02  9.06190E+02  1.30968E+03
v  7.18404E+02  5.51008E+02  1.30968E+03
g plane_X_369
s 0
f  3321 3322 3323 3324
v  7.18404E+02  5.51008E+02 -6.83072E+02
v  7.18404E+02  9.06190E+02 -6.83072E+02
v  7.18404E+02  9.06190E+02  1.30968E+03
v  7.18404E+02  5.51008E+02  1.30968E+03
g plane_X_370
s 0
f  3325 3326 3327 3328
v  7.50409E+02  5.51008E+02 -6.83072E+02
v  7.50409E+02  9.06190E+02 -6.83072E+02
v  7.50409E+02  9.06190E+02  1.30968E+03
v  7.50409E+02  5.51008E+02  1.30968E+03
g plane_X_371
s 0
f  3329 3330 3331 3332
v  7.18404E+02  5.51008E+02 -6.83072E+02
v  7.18404E+02  9.06190E+02 -6.83072E+02
v  7.18404E+02  9.06190E+02  1.30968E+03
v  7.18404E+02  5.51008E+02  1.30968E+03
g plane_X_372
s 0
f  3333 3334 3335 3336
v  7.50409E+02  5.51008E+02 -6.83072E+02
v  7.50409E+02  9.06190E+02 -6.83072E+02
v  7.50409E+02  9.06190E+02  1.30968E+03
v  7.50409E+02  5.51008E+02  1.30968E+03
g plane_X_373
s 0
f  3337 3338 3339 3340
v  7.50409E+02  5.51008E+02 -6.83072E+02
v  7.50409E+02  9.06190E+02 -6.83072E+02
v  7.50409E+02  9.06190E+02  1.30968E+03
v  7.50409E+02  5.51008E+02  1.30968E+03
g plane_X_374
s 0
f  3341 3342 3343 3344
v -4.63630E+02  5.51008E+02 -6.83072E+02
v -4.63630E+02  9.06190E+02 -6.83072E+02
v -4.63630E+02  9.06190E+02  1.30968E+03
v -4.63630E+02  5.51008E+02  1.30968E+03
g plane_X_375
s 0
f  3345 3346 3347 3348
v -4.63630E+02  5.51008E+02 -6.83072E+02
v -4.63630E+02  9.06190E+02 -6.83072E+02
v -4.63630E+02  9.06190E+02  1.30968E+03
v -4.63630E+02  5.51008E+02  1.30968E+03
g plane_X_376
s 0
f  3349 3350 3351 3352
v -4.24133E+02  5.51008E+02 -6.83072E+02
v -4.24133E+02  9.06190E+02 -6.83072E+02
v -4.24133E+02  9.06190E+02  1.30968E+03
v -4.24133E+02  5.51008E+02  1.30968E+03
g plane_X_377
s 0
f  3353 3354 3355 3356
v -6.96706E+02  9.06190E+02  5.84213E+02
v  7.66412E+02  9.06190E+02  5.84213E+02
v  7.66412E+02  5.51008E+02  5.84213E+02
v -6.96706E+02  5.51008E+02  5.84213E+02
g plane_Z_315
s 0
f  3357 3358 3359 3360
v -6.96706E+02  9.06190E+02  5.57641E+02
v  7.66412E+02  9.06190E+02  5.57641E+02
v  7.66412E+02  5.51008E+02  5.57641E+02
v -6.96706E+02  5.51008E+02  5.57641E+02
g plane_Z_316
s 0
f  3361 3362 3363 3364
v -3.05642E+02  5.51008E+02 -6.83072E+02
v -3.05642E+02  9.06190E+02 -6.83072E+02
v -3.05642E+02  9.06190E+02  1.30968E+03
v -3.05642E+02  5.51008E+02  1.30968E+03
g plane_X_378
s 0
f  3365 3366 3367 3368
v -3.05642E+02  5.51008E+02 -6.83072E+02
v -3.05642E+02  9.06190E+02 -6.83072E+02
v -3.05642E+02  9.06190E+02  1.30968E+03
v -3.05642E+02  5.51008E+02  1.30968E+03
g plane_X_379
s 0
f  3369 3370 3371 3372
v -6.96706E+02  9.06190E+02  4.65585E+02
v  7.66412E+02  9.06190E+02  4.65585E+02
v  7.66412E+02  5.51008E+02  4.65585E+02
v -6.96706E+02  5.51008E+02  4.65585E+02
g plane_Z_317
s 0
f  3373 3374 3375 3376
v -2.26649E+02  5.51008E+02 -6.83072E+02
v -2.26649E+02  9.06190E+02 -6.83072E+02
v -2.26649E+02  9.06190E+02  1.30968E+03
v -2.26649E+02  5.51008E+02  1.30968E+03
g plane_X_380
s 0
f  3377 3378 3379 3380
v -1.87153E+02  5.51008E+02 -6.83072E+02
v -1.87153E+02  9.06190E+02 -6.83072E+02
v -1.87153E+02  9.06190E+02  1.30968E+03
v -1.87153E+02  5.51008E+02  1.30968E+03
g plane_X_381
s 0
f  3381 3382 3383 3384
v -6.96706E+02  9.06190E+02  3.92004E+02
v  7.66412E+02  9.06190E+02  3.92004E+02
v  7.66412E+02  5.51008E+02  3.92004E+02
v -6.96706E+02  5.51008E+02  3.92004E+02
g plane_Z_318
s 0
f  3385 3386 3387 3388
v -6.96706E+02  6.76884E+02 -6.83072E+02
v  7.66412E+02  6.76884E+02 -6.83072E+02
v  7.66412E+02  6.76884E+02  1.30968E+03
v -6.96706E+02  6.76884E+02  1.30968E+03
g plane_Y_149
s 0
f  3389 3390 3391 3392
v -6.96706E+02  9.06190E+02  5.11534E+02
v  7.66412E+02  9.06190E+02  5.11534E+02
v  7.66412E+02  5.51008E+02  5.11534E+02
v -6.96706E+02  5.51008E+02  5.11534E+02
g plane_Z_319
s 0
f  3393 3394 3395 3396
v -6.96706E+02  9.06190E+02  5.11534E+02
v  7.66412E+02  9.06190E+02  5.11534E+02
v  7.66412E+02  5.51008E+02  5.11534E+02
v -6.96706E+02  5.51008E+02  5.11534E+02
g plane_Z_320
s 0
f  3397 3398 3399 3400
v -6.96706E+02  9.06190E+02  5.36096E+02
v  7.66412E+02  9.06190E+02  5.36096E+02
v  7.66412E+02  5.51008E+02  5.36096E+02
v -6.96706E+02  5.51008E+02  5.36096E+02
g plane_Z_321
s 0
f  3401 3402 3403 3404
v -6.96706E+02  9.06190E+02  5.36096E+02
v  7.66412E+02  9.06190E+02  5.36096E+02
v  7.66412E+02  5.51008E+02  5.36096E+02
v -6.96706E+02  5.51008E+02  5.36096E+02
g plane_Z_322
s 0
f  3405 3406 3407 3408
v -4.08588E+02  5.51008E+02 -6.83072E+02
v -4.08588E+02  9.06190E+02 -6.83072E+02
v -4.08588E+02  9.06190E+02  1.30968E+03
v -4.08588E+02  5.51008E+02  1.30968E+03
g plane_X_382
s 0
f  3409 3410 3411 3412
v -4.08588E+02  5.51008E+02 -6.83072E+02
v -4.08588E+02  9.06190E+02 -6.83072E+02
v -4.08588E+02  9.06190E+02  1.30968E+03
v -4.08588E+02  5.51008E+02  1.30968E+03
g plane_X_383
s 0
f  3413 3414 3415 3416
v -3.87306E+02  5.51008E+02 -6.83072E+02
v -3.87306E+02  9.06190E+02 -6.83072E+02
v -3.87306E+02  9.06190E+02  1.30968E+03
v -3.87306E+02  5.51008E+02  1.30968E+03
g plane_X_384
s 0
f  3417 3418 3419 3420
v -3.87306E+02  5.51008E+02 -6.83072E+02
v -3.87306E+02  9.06190E+02 -6.83072E+02
v -3.87306E+02  9.06190E+02  1.30968E+03
v -3.87306E+02  5.51008E+02  1.30968E+03
g plane_X_385
s 0
f  3421 3422 3423 3424
v -3.66026E+02  5.51008E+02 -6.83072E+02
v -3.66026E+02  9.06190E+02 -6.83072E+02
v -3.66026E+02  9.06190E+02  1.30968E+03
v -3.66026E+02  5.51008E+02  1.30968E+03
g plane_X_386
s 0
f  3425 3426 3427 3428
v -3.66026E+02  5.51008E+02 -6.83072E+02
v -3.66026E+02  9.06190E+02 -6.83072E+02
v -3.66026E+02  9.06190E+02  1.30968E+03
v -3.66026E+02  5.51008E+02  1.30968E+03
g plane_X_387
s 0
f  3429 3430 3431 3432
v -6.96706E+02  9.06190E+02  8.26348E+02
v  7.66412E+02  9.06190E+02  8.26348E+02
v  7.66412E+02  5.51008E+02  8.26348E+02
v -6.96706E+02  5.51008E+02  8.26348E+02
g plane_Z_323
s 0
f  3433 3434 3435 3436
v -6.96706E+02  9.06190E+02  8.51231E+02
v  7.66412E+02  9.06190E+02  8.51231E+02
v  7.66412E+02  5.51008E+02  8.51231E+02
v -6.96706E+02  5.51008E+02  8.51231E+02
g plane_Z_324
s 0
f  3437 3438 3439 3440
v -6.96706E+02  9.06190E+02  7.90780E+02
v  7.66412E+02  9.06190E+02  7.90780E+02
v  7.66412E+02  5.51008E+02  7.90780E+02
v -6.96706E+02  5.51008E+02  7.90780E+02
g plane_Z_325
s 0
f  3441 3442 3443 3444
v -6.96706E+02  9.06190E+02  8.14989E+02
v  7.66412E+02  9.06190E+02  8.14989E+02
v  7.66412E+02  5.51008E+02  8.14989E+02
v -6.96706E+02  5.51008E+02  8.14989E+02
g plane_Z_326
s 0
f  3445 3446 3447 3448
v -6.96706E+02  9.06190E+02  6.47878E+02
v  7.66412E+02  9.06190E+02  6.47878E+02
v  7.66412E+02  5.51008E+02  6.47878E+02
v -6.96706E+02  5.51008E+02  6.47878E+02
g plane_Z_327
s 0
f  3449 3450 3451 3452
v -6.96706E+02  9.06190E+02  6.14293E+02
v  7.66412E+02  9.06190E+02  6.14293E+02
v  7.66412E+02  5.51008E+02  6.14293E+02
v -6.96706E+02  5.51008E+02  6.14293E+02
g plane_Z_328
s 0
f  3453 3454 3455 3456
v -6.96706E+02  9.06190E+02  6.47878E+02
v  7.66412E+02  9.06190E+02  6.47878E+02
v  7.66412E+02  5.51008E+02  6.47878E+02
v -6.96706E+02  5.51008E+02  6.47878E+02
g plane_Z_329
s 0
f  3457 3458 3459 3460
v -6.96706E+02  6.58434E+02 -6.83072E+02
v  7.66412E+02  6.58434E+02 -6.83072E+02
v  7.66412E+02  6.58434E+02  1.30968E+03
v -6.96706E+02  6.58434E+02  1.30968E+03
g plane_Y_150
s 0
f  3461 3462 3463 3464
v -6.96706E+02  9.06190E+02  6.81462E+02
v  7.66412E+02  9.06190E+02  6.81462E+02
v  7.66412E+02  5.51008E+02  6.81462E+02
v -6.96706E+02  5.51008E+02  6.81462E+02
g plane_Z_330
s 0
f  3465 3466 3467 3468
v -6.96706E+02  9.06190E+02  7.15045E+02
v  7.66412E+02  9.06190E+02  7.15045E+02
v  7.66412E+02  5.51008E+02  7.15045E+02
v -6.96706E+02  5.51008E+02  7.15045E+02
g plane_Z_331
s 0
f  3469 3470 3471 3472
v -6.96706E+02  9.06190E+02  7.15045E+02
v  7.66412E+02  9.06190E+02  7.15045E+02
v  7.66412E+02  5.51008E+02  7.15045E+02
v -6.96706E+02  5.51008E+02  7.15045E+02
g plane_Z_332
s 0
f  3473 3474 3475 3476
v -6.96706E+02  9.06190E+02  6.81462E+02
v  7.66412E+02  9.06190E+02  6.81462E+02
v  7.66412E+02  5.51008E+02  6.81462E+02
v -6.96706E+02  5.51008E+02  6.81462E+02
g plane_Z_333
s 0
f  3477 3478 3479 3480
v -9.31448E+01  5.51008E+02 -6.83072E+02
v -9.31448E+01  9.06190E+02 -6.83072E+02
v -9.31448E+01  9.06190E+02  1.30968E+03
v -9.31448E+01  5.51008E+02  1.30968E+03
g plane_X_388
s 0
f  3481 3482 3483 3484
v -5.90677E+01  5.51008E+02 -6.83072E+02
v -5.90677E+01  9.06190E+02 -6.83072E+02
v -5.90677E+01  9.06190E+02  1.30968E+03
v -5.90677E+01  5.51008E+02  1.30968E+03
g plane_X_389
s 0
f  3485 3486 3487 3488
v  1.10006E+01  5.51008E+02 -6.83072E+02
v  1.10006E+01  9.06190E+02 -6.83072E+02
v  1.10006E+01  9.06190E+02  1.30968E+03
v  1.10006E+01  5.51008E+02  1.30968E+03
g plane_X_390
s 0
f  3489 3490 3491 3492
v  1.10006E+01  5.51008E+02 -6.83072E+02
v  1.10006E+01  9.06190E+02 -6.83072E+02
v  1.10006E+01  9.06190E+02  1.30968E+03
v  1.10006E+01  5.51008E+02  1.30968E+03
g plane_X_391
s 0
f  3493 3494 3495 3496
v -2.49908E+01  5.51008E+02 -6.83072E+02
v -2.49908E+01  9.06190E+02 -6.83072E+02
v -2.49908E+01  9.06190E+02  1.30968E+03
v -2.49908E+01  5.51008E+02  1.30968E+03
g plane_X_392
s 0
f  3497 3498 3499 3500
v -6.46008E+02  5.51008E+02 -6.83072E+02
v -6.46008E+02  9.06190E+02 -6.83072E+02
v -6.46008E+02  9.06190E+02  1.30968E+03
v -6.46008E+02  5.51008E+02  1.30968E+03
g plane_X_393
s 0
f  3501 3502 3503 3504
v -6.96706E+02  9.06190E+02  1.27292E+03
v  7.66412E+02  9.06190E+02  1.27292E+03
v  7.66412E+02  5.51008E+02  1.27292E+03
v -6.96706E+02  5.51008E+02  1.27292E+03
g plane_Z_334
s 0
f  3505 3506 3507 3508
v -6.96706E+02  9.06190E+02  1.29743E+03
v  7.66412E+02  9.06190E+02  1.29743E+03
v  7.66412E+02  5.51008E+02  1.29743E+03
v -6.96706E+02  5.51008E+02  1.29743E+03
g plane_Z_335
s 0
f  3509 3510 3511 3512
v -6.96706E+02  9.06190E+02  1.29743E+03
v  7.66412E+02  9.06190E+02  1.29743E+03
v  7.66412E+02  5.51008E+02  1.29743E+03
v -6.96706E+02  5.51008E+02  1.29743E+03
g plane_Z_336
s 0
f  3513 3514 3515 3516
v -6.96706E+02  9.06190E+02  1.27292E+03
v  7.66412E+02  9.06190E+02  1.27292E+03
v  7.66412E+02  5.51008E+02  1.27292E+03
v -6.96706E+02  5.51008E+02  1.27292E+03
g plane_Z_337
s 0
f  3517 3518 3519 3520
v -6.96706E+02  9.06190E+02  1.27292E+03
v  7.66412E+02  9.06190E+02  1.27292E+03
v  7.66412E+02  5.51008E+02  1.27292E+03
v -6.96706E+02  5.51008E+02  1.27292E+03
g plane_Z_338
s 0
f  3521 3522 3523 3524
v -6.96706E+02  9.06190E+02  1.29743E+03
v  7.66412E+02  9.06190E+02  1.29743E+03
v  7.66412E+02  5.51008E+02  1.29743E+03
v -6.96706E+02  5.51008E+02  1.29743E+03
g plane_Z_339
s 0
f  3525 3526 3527 3528
v -4.65456E+02  5.51008E+02 -6.83072E+02
v -4.65456E+02  9.06190E+02 -6.83072E+02
v -4.65456E+02  9.06190E+02  1.30968E+03
v -4.65456E+02  5.51008E+02  1.30968E+03
g plane_X_394
s 0
f  3529 3530 3531 3532
v -4.42956E+02  5.51008E+02 -6.83072E+02
v -4.42956E+02  9.06190E+02 -6.83072E+02
v -4.42956E+02  9.06190E+02  1.30968E+03
v -4.42956E+02  5.51008E+02  1.30968E+03
g plane_X_395
s 0
f  3533 3534 3535 3536
v -4.20457E+02  5.51008E+02 -6.83072E+02
v -4.20457E+02  9.06190E+02 -6.83072E+02
v -4.20457E+02  9.06190E+02  1.30968E+03
v -4.20457E+02  5.51008E+02  1.30968E+03
g plane_X_396
s 0
f  3537 3538 3539 3540
v -3.97955E+02  5.51008E+02 -6.83072E+02
v -3.97955E+02  9.06190E+02 -6.83072E+02
v -3.97955E+02  9.06190E+02  1.30968E+03
v -3.97955E+02  5.51008E+02  1.30968E+03
g plane_X_397
s 0
f  3541 3542 3543 3544
v -3.97955E+02  5.51008E+02 -6.83072E+02
v -3.97955E+02  9.06190E+02 -6.83072E+02
v -3.97955E+02  9.06190E+02  1.30968E+03
v -3.97955E+02  5.51008E+02  1.30968E+03
g plane_X_398
s 0
f  3545 3546 3547 3548
v -6.96706E+02  9.06190E+02 -3.52815E+02
v  7.66412E+02  9.06190E+02 -3.52815E+02
v  7.66412E+02  5.51008E+02 -3.52815E+02
v -6.96706E+02  5.51008E+02 -3.52815E+02
g plane_Z_340
s 0
f  3549 3550 3551 3552
v -6.96706E+02  9.06190E+02 -3.52815E+02
v  7.66412E+02  9.06190E+02 -3.52815E+02
v  7.66412E+02  5.51008E+02 -3.52815E+02
v -6.96706E+02  5.51008E+02 -3.52815E+02
g plane_Z_341
s 0
f  3553 3554 3555 3556
v -6.96706E+02  7.63355E+02 -6.83072E+02
v  7.66412E+02  7.63355E+02 -6.83072E+02
v  7.66412E+02  7.63355E+02  1.30968E+03
v -6.96706E+02  7.63355E+02  1.30968E+03
g plane_Y_151
s 0
f  3557 3558 3559 3560
v -6.96706E+02  7.81585E+02 -6.83072E+02
v  7.66412E+02  7.81585E+02 -6.83072E+02
v  7.66412E+02  7.81585E+02  1.30968E+03
v -6.96706E+02  7.81585E+02  1.30968E+03
g plane_Y_152
s 0
f  3561 3562 3563 3564
v -6.96706E+02  9.06190E+02  1.75675E+02
v  7.66412E+02  9.06190E+02  1.75675E+02
v  7.66412E+02  5.51008E+02  1.75675E+02
v -6.96706E+02  5.51008E+02  1.75675E+02
g plane_Z_342
s 0
f  3565 3566 3567 3568
v  1.86409E+02  5.51008E+02 -6.83072E+02
v  1.86409E+02  9.06190E+02 -6.83072E+02
v  1.86409E+02  9.06190E+02  1.30968E+03
v  1.86409E+02  5.51008E+02  1.30968E+03
g plane_X_399
s 0
f  3569 3570 3571 3572
v  1.56568E+02  5.51008E+02 -6.83072E+02
v  1.56568E+02  9.06190E+02 -6.83072E+02
v  1.56568E+02  9.06190E+02  1.30968E+03
v  1.56568E+02  5.51008E+02  1.30968E+03
g plane_X_400
s 0
f  3573 3574 3575 3576
v  1.56568E+02  5.51008E+02 -6.83072E+02
v  1.56568E+02  9.06190E+02 -6.83072E+02
v  1.56568E+02  9.06190E+02  1.30968E+03
v  1.56568E+02  5.51008E+02  1.30968E+03
g plane_X_401
s 0
f  3577 3578 3579 3580
v -6.96706E+02  9.06190E+02  1.95767E+02
v  7.66412E+02  9.06190E+02  1.95767E+02
v  7.66412E+02  5.51008E+02  1.95767E+02
v -6.96706E+02  5.51008E+02  1.95767E+02
g plane_Z_343
s 0
f  3581 3582 3583 3584
v -6.96706E+02  9.06190E+02  5.04495E+02
v  7.66412E+02  9.06190E+02  5.04495E+02
v  7.66412E+02  5.51008E+02  5.04495E+02
v -6.96706E+02  5.51008E+02  5.04495E+02
g plane_Z_344
s 0
f  3585 3586 3587 3588
v -6.96706E+02  9.06190E+02  5.31067E+02
v  7.66412E+02  9.06190E+02  5.31067E+02
v  7.66412E+02  5.51008E+02  5.31067E+02
v -6.96706E+02  5.51008E+02  5.31067E+02
g plane_Z_345
s 0
f  3589 3590 3591 3592
v -6.96706E+02  9.06190E+02  5.31067E+02
v  7.66412E+02  9.06190E+02  5.31067E+02
v  7.66412E+02  5.51008E+02  5.31067E+02
v -6.96706E+02  5.51008E+02  5.31067E+02
g plane_Z_346
s 0
f  3593 3594 3595 3596
v -2.66146E+02  5.51008E+02 -6.83072E+02
v -2.66146E+02  9.06190E+02 -6.83072E+02
v -2.66146E+02  9.06190E+02  1.30968E+03
v -2.66146E+02  5.51008E+02  1.30968E+03
g plane_X_402
s 0
f  3597 3598 3599 3600
v -2.66146E+02  5.51008E+02 -6.83072E+02
v -2.66146E+02  9.06190E+02 -6.83072E+02
v -2.66146E+02  9.06190E+02  1.30968E+03
v -2.66146E+02  5.51008E+02  1.30968E+03
g plane_X_403
s 0
f  3601 3602 3603 3604
v -6.96706E+02  9.06190E+02  4.09828E+02
v  7.66412E+02  9.06190E+02  4.09828E+02
v  7.66412E+02  5.51008E+02  4.09828E+02
v -6.96706E+02  5.51008E+02  4.09828E+02
g plane_Z_347
s 0
f  3605 3606 3607 3608
v -6.96706E+02  9.06190E+02  5.53544E+02
v  7.66412E+02  9.06190E+02  5.53544E+02
v  7.66412E+02  5.51008E+02  5.53544E+02
v -6.96706E+02  5.51008E+02  5.53544E+02
g plane_Z_348
s 0
f  3609 3610 3611 3612
v -6.96706E+02  7.05244E+02 -6.83072E+02
v  7.66412E+02  7.05244E+02 -6.83072E+02
v  7.66412E+02  7.05244E+02  1.30968E+03
v -6.96706E+02  7.05244E+02  1.30968E+03
g plane_Y_153
s 0
f  3613 3614 3615 3616
v -6.96706E+02  7.05244E+02 -6.83072E+02
v  7.66412E+02  7.05244E+02 -6.83072E+02
v  7.66412E+02  7.05244E+02  1.30968E+03
v -6.96706E+02  7.05244E+02  1.30968E+03
g plane_Y_154
s 0
f  3617 3618 3619 3620
v -6.96706E+02  9.06190E+02  6.14293E+02
v  7.66412E+02  9.06190E+02  6.14293E+02
v  7.66412E+02  5.51008E+02  6.14293E+02
v -6.96706E+02  5.51008E+02  6.14293E+02
g plane_Z_349
s 0
f  3621 3622 3623 3624
v -6.96706E+02  9.06190E+02  8.30810E+02
v  7.66412E+02  9.06190E+02  8.30810E+02
v  7.66412E+02  5.51008E+02  8.30810E+02
v -6.96706E+02  5.51008E+02  8.30810E+02
g plane_Z_350
s 0
f  3625 3626 3627 3628
v -6.96706E+02  9.06190E+02  7.43721E+02
v  7.66412E+02  9.06190E+02  7.43721E+02
v  7.66412E+02  5.51008E+02  7.43721E+02
v -6.96706E+02  5.51008E+02  7.43721E+02
g plane_Z_351
s 0
f  3629 3630 3631 3632
v -6.96706E+02  9.06190E+02  7.67486E+02
v  7.66412E+02  9.06190E+02  7.67486E+02
v  7.66412E+02  5.51008E+02  7.67486E+02
v -6.96706E+02  5.51008E+02  7.67486E+02
g plane_Z_352
s 0
f  3633 3634 3635 3636
v -6.96706E+02  9.06190E+02  8.15018E+02
v  7.66412E+02  9.06190E+02  8.15018E+02
v  7.66412E+02  5.51008E+02  8.15018E+02
v -6.96706E+02  5.51008E+02  8.15018E+02
g plane_Z_353
s 0
f  3637 3638 3639 3640
v -6.96706E+02  9.06190E+02  2.08395E+02
v  7.66412E+02  9.06190E+02  2.08395E+02
v  7.66412E+02  5.51008E+02  2.08395E+02
v -6.96706E+02  5.51008E+02  2.08395E+02
g plane_Z_354
s 0
f  3641 3642 3643 3644
v -6.96706E+02  9.06190E+02  2.08395E+02
v  7.66412E+02  9.06190E+02  2.08395E+02
v  7.66412E+02  5.51008E+02  2.08395E+02
v -6.96706E+02  5.51008E+02  2.08395E+02
g plane_Z_355
s 0
f  3645 3646 3647 3648
v -6.96706E+02  9.06190E+02  4.54126E+02
v  7.66412E+02  9.06190E+02  4.54126E+02
v  7.66412E+02  5.51008E+02  4.54126E+02
v -6.96706E+02  5.51008E+02  4.54126E+02
g plane_Z_356
s 0
f  3649 3650 3651 3652
v -6.96706E+02  9.06190E+02  4.77043E+02
v  7.66412E+02  9.06190E+02  4.77043E+02
v  7.66412E+02  5.51008E+02  4.77043E+02
v -6.96706E+02  5.51008E+02  4.77043E+02
g plane_Z_357
s 0
f  3653 3654 3655 3656
v -2.80900E+02  5.51008E+02 -6.83072E+02
v -2.80900E+02  9.06190E+02 -6.83072E+02
v -2.80900E+02  9.06190E+02  1.30968E+03
v -2.80900E+02  5.51008E+02  1.30968E+03
g plane_X_404
s 0
f  3657 3658 3659 3660
v -3.01674E+02  5.51008E+02 -6.83072E+02
v -3.01674E+02  9.06190E+02 -6.83072E+02
v -3.01674E+02  9.06190E+02  1.30968E+03
v -3.01674E+02  5.51008E+02  1.30968E+03
g plane_X_405
s 0
f  3661 3662 3663 3664
