v -1.20000E+03  8.37456E+01  1.56448E+01
v  1.20000E+03  8.37456E+01  1.56448E+01
v  1.20000E+03 -9.42815E+00  1.56448E+01
v -1.20000E+03 -9.42815E+00  1.56448E+01
g plane_z_1
s 0
f  1 2 3 4
v -1.20000E+03  8.37456E+01  9.90642E+02
v  1.20000E+03  8.37456E+01  9.90642E+02
v  1.20000E+03 -9.42815E+00  9.90642E+02
v -1.20000E+03 -9.42815E+00  9.90642E+02
g plane_z_2
s 0
f  5 6 7 8
v  5.00037E+00 -9.42815E+00 -1.94936E+03
v  5.00037E+00  8.37456E+01 -1.94936E+03
v  5.00037E+00  8.37456E+01  1.95064E+03
v  5.00037E+00 -9.42815E+00  1.95064E+03
g plane_x_1
s 0
f  9 10 11 12
v -1.20000E+03  8.37456E+01 -9.54357E+02
v  1.20000E+03  8.37456E+01 -9.54357E+02
v  1.20000E+03 -9.42815E+00 -9.54357E+02
v -1.20000E+03 -9.42815E+00 -9.54357E+02
g plane_z_3
s 0
f  13 14 15 16
v -5.85000E+02 -9.42815E+00 -1.94936E+03
v -5.85000E+02  8.37456E+01 -1.94936E+03
v -5.85000E+02  8.37456E+01  1.95064E+03
v -5.85000E+02 -9.42815E+00  1.95064E+03
g plane_x_2
s 0
f  17 18 19 20
v -1.20000E+03  8.37456E+01 -1.44436E+03
v  1.20000E+03  8.37456E+01 -1.44436E+03
v  1.20000E+03 -9.42815E+00 -1.44436E+03
v -1.20000E+03 -9.42815E+00 -1.44436E+03
g plane_z_4
s 0
f  21 22 23 24
v -1.20000E+03  8.37456E+01  5.10644E+02
v  1.20000E+03  8.37456E+01  5.10644E+02
v  1.20000E+03 -9.42815E+00  5.10644E+02
v -1.20000E+03 -9.42815E+00  5.10644E+02
g plane_z_5
s 0
f  25 26 27 28
v -5.92764E+02 -9.42815E+00 -1.94936E+03
v -5.92764E+02  8.37456E+01 -1.94936E+03
v -5.92764E+02  8.37456E+01  1.95064E+03
v -5.92764E+02 -9.42815E+00  1.95064E+03
g plane_x_3
s 0
f  29 30 31 32
v -5.91928E+02 -9.42815E+00 -1.94936E+03
v -5.91928E+02  8.37456E+01 -1.94936E+03
v -5.91928E+02  8.37456E+01  1.95064E+03
v -5.91928E+02 -9.42815E+00  1.95064E+03
g plane_x_4
s 0
f  33 34 35 36
v -5.96719E+02 -9.42815E+00 -1.94936E+03
v -5.96719E+02  8.37456E+01 -1.94936E+03
v -5.96719E+02  8.37456E+01  1.95064E+03
v -5.96719E+02 -9.42815E+00  1.95064E+03
g plane_x_5
s 0
f  37 38 39 40
v -5.95268E+02 -9.42815E+00 -1.94936E+03
v -5.95268E+02  8.37456E+01 -1.94936E+03
v -5.95268E+02  8.37456E+01  1.95064E+03
v -5.95268E+02 -9.42815E+00  1.95064E+03
g plane_x_6
s 0
f  41 42 43 44
v -1.20000E+03  8.37456E+01 -4.59359E+02
v  1.20000E+03  8.37456E+01 -4.59359E+02
v  1.20000E+03 -9.42815E+00 -4.59359E+02
v -1.20000E+03 -9.42815E+00 -4.59359E+02
g plane_z_6
s 0
f  45 46 47 48
v -1.20000E+03  8.37456E+01  1.48564E+03
v  1.20000E+03  8.37456E+01  1.48564E+03
v  1.20000E+03 -9.42815E+00  1.48564E+03
v -1.20000E+03 -9.42815E+00  1.48564E+03
g plane_z_7
s 0
f  49 50 51 52
v -2.85673E+02 -9.42815E+00 -1.94936E+03
v -2.85673E+02  8.37456E+01 -1.94936E+03
v -2.85673E+02  8.37456E+01  1.95064E+03
v -2.85673E+02 -9.42815E+00  1.95064E+03
g plane_x_7
s 0
f  53 54 55 56
v -8.93744E+02 -9.42815E+00 -1.94936E+03
v -8.93744E+02  8.37456E+01 -1.94936E+03
v -8.93744E+02  8.37456E+01  1.95064E+03
v -8.93744E+02 -9.42815E+00  1.95064E+03
g plane_x_8
s 0
f  57 58 59 60
v -8.86888E+02 -9.42815E+00 -1.94936E+03
v -8.86888E+02  8.37456E+01 -1.94936E+03
v -8.86888E+02  8.37456E+01  1.95064E+03
v -8.86888E+02 -9.42815E+00  1.95064E+03
g plane_x_9
s 0
f  61 62 63 64
v -8.82407E+02 -9.42815E+00 -1.94936E+03
v -8.82407E+02  8.37456E+01 -1.94936E+03
v -8.82407E+02  8.37456E+01  1.95064E+03
v -8.82407E+02 -9.42815E+00  1.95064E+03
g plane_x_10
s 0
f  65 66 67 68
v -2.95078E+02 -9.42815E+00 -1.94936E+03
v -2.95078E+02  8.37456E+01 -1.94936E+03
v -2.95078E+02  8.37456E+01  1.95064E+03
v -2.95078E+02 -9.42815E+00  1.95064E+03
g plane_x_11
s 0
f  69 70 71 72
v -8.91107E+02 -9.42815E+00 -1.94936E+03
v -8.91107E+02  8.37456E+01 -1.94936E+03
v -8.91107E+02  8.37456E+01  1.95064E+03
v -8.91107E+02 -9.42815E+00  1.95064E+03
g plane_x_12
s 0
f  73 74 75 76
v -2.86991E+02 -9.42815E+00 -1.94936E+03
v -2.86991E+02  8.37456E+01 -1.94936E+03
v -2.86991E+02  8.37456E+01  1.95064E+03
v -2.86991E+02 -9.42815E+00  1.95064E+03
g plane_x_13
s 0
f  77 78 79 80
v -8.85614E+02 -9.42815E+00 -1.94936E+03
v -8.85614E+02  8.37456E+01 -1.94936E+03
v -8.85614E+02  8.37456E+01  1.95064E+03
v -8.85614E+02 -9.42815E+00  1.95064E+03
g plane_x_14
s 0
f  81 82 83 84
v -8.85307E+02 -9.42815E+00 -1.94936E+03
v -8.85307E+02  8.37456E+01 -1.94936E+03
v -8.85307E+02  8.37456E+01  1.95064E+03
v -8.85307E+02 -9.42815E+00  1.95064E+03
g plane_x_15
s 0
f  85 86 87 88
v -2.88749E+02 -9.42815E+00 -1.94936E+03
v -2.88749E+02  8.37456E+01 -1.94936E+03
v -2.88749E+02  8.37456E+01  1.95064E+03
v -2.88749E+02 -9.42815E+00  1.95064E+03
g plane_x_16
s 0
f  89 90 91 92
v -8.92029E+02 -9.42815E+00 -1.94936E+03
v -8.92029E+02  8.37456E+01 -1.94936E+03
v -8.92029E+02  8.37456E+01  1.95064E+03
v -8.92029E+02 -9.42815E+00  1.95064E+03
g plane_x_17
s 0
f  93 94 95 96
v -2.80239E+02 -9.42815E+00 -1.94936E+03
v -2.80239E+02  8.37456E+01 -1.94936E+03
v -2.80239E+02  8.37456E+01  1.95064E+03
v -2.80239E+02 -9.42815E+00  1.95064E+03
g plane_x_18
s 0
f  97 98 99 100
v -2.84808E+02 -9.42815E+00 -1.94936E+03
v -2.84808E+02  8.37456E+01 -1.94936E+03
v -2.84808E+02  8.37456E+01  1.95064E+03
v -2.84808E+02 -9.42815E+00  1.95064E+03
g plane_x_19
s 0
f  101 102 103 104
v -2.78481E+02 -9.42815E+00 -1.94936E+03
v -2.78481E+02  8.37456E+01 -1.94936E+03
v -2.78481E+02  8.37456E+01  1.95064E+03
v -2.78481E+02 -9.42815E+00  1.95064E+03
g plane_x_20
s 0
f  105 106 107 108
v -1.20000E+03  8.37456E+01 -1.69205E+03
v  1.20000E+03  8.37456E+01 -1.69205E+03
v  1.20000E+03 -9.42815E+00 -1.69205E+03
v -1.20000E+03 -9.42815E+00 -1.69205E+03
g plane_z_8
s 0
f  109 110 111 112
v -1.20000E+03  4.53953E+01 -1.94936E+03
v  1.20000E+03  4.53953E+01 -1.94936E+03
v  1.20000E+03  4.53953E+01  1.95064E+03
v -1.20000E+03  4.53953E+01  1.95064E+03
g plane_y_1
s 0
f  113 114 115 116
v -1.20000E+03  8.37456E+01 -7.06032E+02
v  1.20000E+03  8.37456E+01 -7.06032E+02
v  1.20000E+03 -9.42815E+00 -7.06032E+02
v -1.20000E+03 -9.42815E+00 -7.06032E+02
g plane_z_9
s 0
f  117 118 119 120
v -1.20000E+03  2.81189E+01 -1.94936E+03
v  1.20000E+03  2.81189E+01 -1.94936E+03
v  1.20000E+03  2.81189E+01  1.95064E+03
v -1.20000E+03  2.81189E+01  1.95064E+03
g plane_y_2
s 0
f  121 122 123 124
v -1.20000E+03  8.37456E+01  1.23897E+03
v  1.20000E+03  8.37456E+01  1.23897E+03
v  1.20000E+03 -9.42815E+00  1.23897E+03
v -1.20000E+03 -9.42815E+00  1.23897E+03
g plane_z_10
s 0
f  125 126 127 128
v -1.20000E+03  3.10109E+01 -1.94936E+03
v  1.20000E+03  3.10109E+01 -1.94936E+03
v  1.20000E+03  3.10109E+01  1.95064E+03
v -1.20000E+03  3.10109E+01  1.95064E+03
g plane_y_3
s 0
f  129 130 131 132
v -1.20000E+03  8.37456E+01 -1.69133E+03
v  1.20000E+03  8.37456E+01 -1.69133E+03
v  1.20000E+03 -9.42815E+00 -1.69133E+03
v -1.20000E+03 -9.42815E+00 -1.69133E+03
g plane_z_11
s 0
f  133 134 135 136
v -1.20000E+03  8.37456E+01 -1.69365E+03
v  1.20000E+03  8.37456E+01 -1.69365E+03
v  1.20000E+03 -9.42815E+00 -1.69365E+03
v -1.20000E+03 -9.42815E+00 -1.69365E+03
g plane_z_12
s 0
f  137 138 139 140
v -1.20000E+03  8.37456E+01  2.67857E+02
v  1.20000E+03  8.37456E+01  2.67857E+02
v  1.20000E+03 -9.42815E+00  2.67857E+02
v -1.20000E+03 -9.42815E+00  2.67857E+02
g plane_z_13
s 0
f  141 142 143 144
v -1.20000E+03  3.23018E+01 -1.94936E+03
v  1.20000E+03  3.23018E+01 -1.94936E+03
v  1.20000E+03  3.23018E+01  1.95064E+03
v -1.20000E+03  3.23018E+01  1.95064E+03
g plane_y_4
s 0
f  145 146 147 148
v -1.20000E+03  8.37456E+01 -1.19469E+03
v  1.20000E+03  8.37456E+01 -1.19469E+03
v  1.20000E+03 -9.42815E+00 -1.19469E+03
v -1.20000E+03 -9.42815E+00 -1.19469E+03
g plane_z_14
s 0
f  149 150 151 152
v -1.20000E+03  8.37456E+01  2.66198E+02
v  1.20000E+03  8.37456E+01  2.66198E+02
v  1.20000E+03 -9.42815E+00  2.66198E+02
v -1.20000E+03 -9.42815E+00  2.66198E+02
g plane_z_15
s 0
f  153 154 155 156
v -1.20000E+03  5.08401E+01 -1.94936E+03
v  1.20000E+03  5.08401E+01 -1.94936E+03
v  1.20000E+03  5.08401E+01  1.95064E+03
v -1.20000E+03  5.08401E+01  1.95064E+03
g plane_y_5
s 0
f  157 158 159 160
v -1.20000E+03  8.37456E+01 -1.19542E+03
v  1.20000E+03  8.37456E+01 -1.19542E+03
v  1.20000E+03 -9.42815E+00 -1.19542E+03
v -1.20000E+03 -9.42815E+00 -1.19542E+03
g plane_z_16
s 0
f  161 162 163 164
v -1.20000E+03  8.37456E+01 -2.17903E+02
v  1.20000E+03  8.37456E+01 -2.17903E+02
v  1.20000E+03 -9.42815E+00 -2.17903E+02
v -1.20000E+03 -9.42815E+00 -2.17903E+02
g plane_z_17
s 0
f  165 166 167 168
v -1.20000E+03  8.37456E+01 -7.02190E+02
v  1.20000E+03  8.37456E+01 -7.02190E+02
v  1.20000E+03 -9.42815E+00 -7.02190E+02
v -1.20000E+03 -9.42815E+00 -7.02190E+02
g plane_z_18
s 0
f  169 170 171 172
v -1.20000E+03  8.37456E+01  1.24281E+03
v  1.20000E+03  8.37456E+01  1.24281E+03
v  1.20000E+03 -9.42815E+00  1.24281E+03
v -1.20000E+03 -9.42815E+00  1.24281E+03
g plane_z_19
s 0
f  173 174 175 176
v -1.20000E+03  8.37456E+01  7.52025E+02
v  1.20000E+03  8.37456E+01  7.52025E+02
v  1.20000E+03 -9.42815E+00  7.52025E+02
v -1.20000E+03 -9.42815E+00  7.52025E+02
g plane_z_20
s 0
f  177 178 179 180
v -1.20000E+03  2.75986E+01 -1.94936E+03
v  1.20000E+03  2.75986E+01 -1.94936E+03
v  1.20000E+03  2.75986E+01  1.95064E+03
v -1.20000E+03  2.75986E+01  1.95064E+03
g plane_y_6
s 0
f  181 182 183 184
v -1.20000E+03  8.37456E+01  7.50749E+02
v  1.20000E+03  8.37456E+01  7.50749E+02
v  1.20000E+03 -9.42815E+00  7.50749E+02
v -1.20000E+03 -9.42815E+00  7.50749E+02
g plane_z_21
s 0
f  185 186 187 188
v -1.20000E+03  8.37456E+01  1.72583E+03
v  1.20000E+03  8.37456E+01  1.72583E+03
v  1.20000E+03 -9.42815E+00  1.72583E+03
v -1.20000E+03 -9.42815E+00  1.72583E+03
g plane_z_22
s 0
f  189 190 191 192
v -1.20000E+03  8.37456E+01 -2.21195E+02
v  1.20000E+03  8.37456E+01 -2.21195E+02
v  1.20000E+03 -9.42815E+00 -2.21195E+02
v -1.20000E+03 -9.42815E+00 -2.21195E+02
g plane_z_23
s 0
f  193 194 195 196
v -1.20000E+03  8.37456E+01  1.72234E+03
v  1.20000E+03  8.37456E+01  1.72234E+03
v  1.20000E+03 -9.42815E+00  1.72234E+03
v -1.20000E+03 -9.42815E+00  1.72234E+03
g plane_z_24
s 0
f  197 198 199 200
v -1.20000E+03 -1.87498E-01 -1.94936E+03
v  1.20000E+03 -1.87498E-01 -1.94936E+03
v  1.20000E+03 -1.87498E-01  1.95064E+03
v -1.20000E+03 -1.87498E-01  1.95064E+03
g plane_y_7
s 0
f  201 202 203 204
v -1.20000E+03 -2.01982E-01 -1.94936E+03
v  1.20000E+03 -2.01982E-01 -1.94936E+03
v  1.20000E+03 -2.01982E-01  1.95064E+03
v -1.20000E+03 -2.01982E-01  1.95064E+03
g plane_y_8
s 0
f  205 206 207 208
v -4.36366E+02 -9.42815E+00 -1.94936E+03
v -4.36366E+02  8.37456E+01 -1.94936E+03
v -4.36366E+02  8.37456E+01  1.95064E+03
v -4.36366E+02 -9.42815E+00  1.95064E+03
g plane_x_21
s 0
f  209 210 211 212
v -1.20000E+03  4.15608E+01 -1.94936E+03
v  1.20000E+03  4.15608E+01 -1.94936E+03
v  1.20000E+03  4.15608E+01  1.95064E+03
v -1.20000E+03  4.15608E+01  1.95064E+03
g plane_y_9
s 0
f  213 214 215 216
v -1.20000E+03 -2.08380E-01 -1.94936E+03
v  1.20000E+03 -2.08380E-01 -1.94936E+03
v  1.20000E+03 -2.08380E-01  1.95064E+03
v -1.20000E+03 -2.08380E-01  1.95064E+03
g plane_y_10
s 0
f  217 218 219 220
v -7.39180E+02 -9.42815E+00 -1.94936E+03
v -7.39180E+02  8.37456E+01 -1.94936E+03
v -7.39180E+02  8.37456E+01  1.95064E+03
v -7.39180E+02 -9.42815E+00  1.95064E+03
g plane_x_22
s 0
f  221 222 223 224
v -1.20000E+03  4.47129E+01 -1.94936E+03
v  1.20000E+03  4.47129E+01 -1.94936E+03
v  1.20000E+03  4.47129E+01  1.95064E+03
v -1.20000E+03  4.47129E+01  1.95064E+03
g plane_y_11
s 0
f  225 226 227 228
v -1.42537E+02 -9.42815E+00 -1.94936E+03
v -1.42537E+02  8.37456E+01 -1.94936E+03
v -1.42537E+02  8.37456E+01  1.95064E+03
v -1.42537E+02 -9.42815E+00  1.95064E+03
g plane_x_23
s 0
f  229 230 231 232
v -1.43130E+02 -9.42815E+00 -1.94936E+03
v -1.43130E+02  8.37456E+01 -1.94936E+03
v -1.43130E+02  8.37456E+01  1.95064E+03
v -1.43130E+02 -9.42815E+00  1.95064E+03
g plane_x_24
s 0
f  233 234 235 236
v -1.20000E+03 -1.84921E-01 -1.94936E+03
v  1.20000E+03 -1.84921E-01 -1.94936E+03
v  1.20000E+03 -1.84921E-01  1.95064E+03
v -1.20000E+03 -1.84921E-01  1.95064E+03
g plane_y_12
s 0
f  237 238 239 240
v -7.32810E+02 -9.42815E+00 -1.94936E+03
v -7.32810E+02  8.37456E+01 -1.94936E+03
v -7.32810E+02  8.37456E+01  1.95064E+03
v -7.32810E+02 -9.42815E+00  1.95064E+03
g plane_x_25
s 0
f  241 242 243 244
v -7.31812E+02 -9.42815E+00 -1.94936E+03
v -7.31812E+02  8.37456E+01 -1.94936E+03
v -7.31812E+02  8.37456E+01  1.95064E+03
v -7.31812E+02 -9.42815E+00  1.95064E+03
g plane_x_26
s 0
f  245 246 247 248
v -1.40241E+02 -9.42815E+00 -1.94936E+03
v -1.40241E+02  8.37456E+01 -1.94936E+03
v -1.40241E+02  8.37456E+01  1.95064E+03
v -1.40241E+02 -9.42815E+00  1.95064E+03
g plane_x_27
s 0
f  249 250 251 252
v -1.20000E+03  4.11906E+01 -1.94936E+03
v  1.20000E+03  4.11906E+01 -1.94936E+03
v  1.20000E+03  4.11906E+01  1.95064E+03
v -1.20000E+03  4.11906E+01  1.95064E+03
g plane_y_13
s 0
f  253 254 255 256
v -7.39603E+02 -9.42815E+00 -1.94936E+03
v -7.39603E+02  8.37456E+01 -1.94936E+03
v -7.39603E+02  8.37456E+01  1.95064E+03
v -7.39603E+02 -9.42815E+00  1.95064E+03
g plane_x_28
s 0
f  257 258 259 260
v -7.42585E+02 -9.42815E+00 -1.94936E+03
v -7.42585E+02  8.37456E+01 -1.94936E+03
v -7.42585E+02  8.37456E+01  1.95064E+03
v -7.42585E+02 -9.42815E+00  1.95064E+03
g plane_x_29
s 0
f  261 262 263 264
v -7.35641E+02 -9.42815E+00 -1.94936E+03
v -7.35641E+02  8.37456E+01 -1.94936E+03
v -7.35641E+02  8.37456E+01  1.95064E+03
v -7.35641E+02 -9.42815E+00  1.95064E+03
g plane_x_30
s 0
f  265 266 267 268
v -7.38594E+02 -9.42815E+00 -1.94936E+03
v -7.38594E+02  8.37456E+01 -1.94936E+03
v -7.38594E+02  8.37456E+01  1.95064E+03
v -7.38594E+02 -9.42815E+00  1.95064E+03
g plane_x_31
s 0
f  269 270 271 272
v -1.37545E+02 -9.42815E+00 -1.94936E+03
v -1.37545E+02  8.37456E+01 -1.94936E+03
v -1.37545E+02  8.37456E+01  1.95064E+03
v -1.37545E+02 -9.42815E+00  1.95064E+03
g plane_x_32
s 0
f  273 274 275 276
v -1.36316E+02 -9.42815E+00 -1.94936E+03
v -1.36316E+02  8.37456E+01 -1.94936E+03
v -1.36316E+02  8.37456E+01  1.95064E+03
v -1.36316E+02 -9.42815E+00  1.95064E+03
g plane_x_33
s 0
f  277 278 279 280
v -7.32940E+02 -9.42815E+00 -1.94936E+03
v -7.32940E+02  8.37456E+01 -1.94936E+03
v -7.32940E+02  8.37456E+01  1.95064E+03
v -7.32940E+02 -9.42815E+00  1.95064E+03
g plane_x_34
s 0
f  281 282 283 284
v -7.31972E+02 -9.42815E+00 -1.94936E+03
v -7.31972E+02  8.37456E+01 -1.94936E+03
v -7.31972E+02  8.37456E+01  1.95064E+03
v -7.31972E+02 -9.42815E+00  1.95064E+03
g plane_x_35
s 0
f  285 286 287 288
v -1.40797E+02 -9.42815E+00 -1.94936E+03
v -1.40797E+02  8.37456E+01 -1.94936E+03
v -1.40797E+02  8.37456E+01  1.95064E+03
v -1.40797E+02 -9.42815E+00  1.95064E+03
g plane_x_36
s 0
f  289 290 291 292
v -1.40401E+02 -9.42815E+00 -1.94936E+03
v -1.40401E+02  8.37456E+01 -1.94936E+03
v -1.40401E+02  8.37456E+01  1.95064E+03
v -1.40401E+02 -9.42815E+00  1.95064E+03
g plane_x_37
s 0
f  293 294 295 296
v -7.38932E+02 -9.42815E+00 -1.94936E+03
v -7.38932E+02  8.37456E+01 -1.94936E+03
v -7.38932E+02  8.37456E+01  1.95064E+03
v -7.38932E+02 -9.42815E+00  1.95064E+03
g plane_x_38
s 0
f  297 298 299 300
v -7.41402E+02 -9.42815E+00 -1.94936E+03
v -7.41402E+02  8.37456E+01 -1.94936E+03
v -7.41402E+02  8.37456E+01  1.95064E+03
v -7.41402E+02 -9.42815E+00  1.95064E+03
g plane_x_39
s 0
f  301 302 303 304
v -1.39049E+02 -9.42815E+00 -1.94936E+03
v -1.39049E+02  8.37456E+01 -1.94936E+03
v -1.39049E+02  8.37456E+01  1.95064E+03
v -1.39049E+02 -9.42815E+00  1.95064E+03
g plane_x_40
s 0
f  305 306 307 308
v -1.38916E+02 -9.42815E+00 -1.94936E+03
v -1.38916E+02  8.37456E+01 -1.94936E+03
v -1.38916E+02  8.37456E+01  1.95064E+03
v -1.38916E+02 -9.42815E+00  1.95064E+03
g plane_x_41
s 0
f  309 310 311 312
v -7.33162E+02 -9.42815E+00 -1.94936E+03
v -7.33162E+02  8.37456E+01 -1.94936E+03
v -7.33162E+02  8.37456E+01  1.95064E+03
v -7.33162E+02 -9.42815E+00  1.95064E+03
g plane_x_42
s 0
f  313 314 315 316
v -7.31203E+02 -9.42815E+00 -1.94936E+03
v -7.31203E+02  8.37456E+01 -1.94936E+03
v -7.31203E+02  8.37456E+01  1.95064E+03
v -7.31203E+02 -9.42815E+00  1.95064E+03
g plane_x_43
s 0
f  317 318 319 320
v -1.36609E+02 -9.42815E+00 -1.94936E+03
v -1.36609E+02  8.37456E+01 -1.94936E+03
v -1.36609E+02  8.37456E+01  1.95064E+03
v -1.36609E+02 -9.42815E+00  1.95064E+03
g plane_x_44
s 0
f  321 322 323 324
v -1.35806E+02 -9.42815E+00 -1.94936E+03
v -1.35806E+02  8.37456E+01 -1.94936E+03
v -1.35806E+02  8.37456E+01  1.95064E+03
v -1.35806E+02 -9.42815E+00  1.95064E+03
g plane_x_45
s 0
f  325 326 327 328
v -1.31999E+02 -9.42815E+00 -1.94936E+03
v -1.31999E+02  8.37456E+01 -1.94936E+03
v -1.31999E+02  8.37456E+01  1.95064E+03
v -1.31999E+02 -9.42815E+00  1.95064E+03
g plane_x_46
s 0
f  329 330 331 332
v -1.34938E+02 -9.42815E+00 -1.94936E+03
v -1.34938E+02  8.37456E+01 -1.94936E+03
v -1.34938E+02  8.37456E+01  1.95064E+03
v -1.34938E+02 -9.42815E+00  1.95064E+03
g plane_x_47
s 0
f  333 334 335 336
v -1.20000E+03  8.37456E+01 -1.56782E+03
v  1.20000E+03  8.37456E+01 -1.56782E+03
v  1.20000E+03 -9.42815E+00 -1.56782E+03
v -1.20000E+03 -9.42815E+00 -1.56782E+03
g plane_z_25
s 0
f  337 338 339 340
v -1.20000E+03  8.37456E+01 -1.56649E+03
v  1.20000E+03  8.37456E+01 -1.56649E+03
v  1.20000E+03 -9.42815E+00 -1.56649E+03
v -1.20000E+03 -9.42815E+00 -1.56649E+03
g plane_z_26
s 0
f  341 342 343 344
v -1.20000E+03  8.37456E+01  1.44535E+02
v  1.20000E+03  8.37456E+01  1.44535E+02
v  1.20000E+03 -9.42815E+00  1.44535E+02
v -1.20000E+03 -9.42815E+00  1.44535E+02
g plane_z_27
s 0
f  345 346 347 348
v -1.20000E+03  8.46589E+00 -1.94936E+03
v  1.20000E+03  8.46589E+00 -1.94936E+03
v  1.20000E+03  8.46589E+00  1.95064E+03
v -1.20000E+03  8.46589E+00  1.95064E+03
g plane_y_14
s 0
f  349 350 351 352
v -1.20000E+03  8.37456E+01 -1.56651E+03
v  1.20000E+03  8.37456E+01 -1.56651E+03
v  1.20000E+03 -9.42815E+00 -1.56651E+03
v -1.20000E+03 -9.42815E+00 -1.56651E+03
g plane_z_28
s 0
f  353 354 355 356
v -1.20000E+03  8.37456E+01 -1.56571E+03
v  1.20000E+03  8.37456E+01 -1.56571E+03
v  1.20000E+03 -9.42815E+00 -1.56571E+03
v -1.20000E+03 -9.42815E+00 -1.56571E+03
g plane_z_29
s 0
f  357 358 359 360
v -1.20000E+03  5.08402E+01 -1.94936E+03
v  1.20000E+03  5.08402E+01 -1.94936E+03
v  1.20000E+03  5.08402E+01  1.95064E+03
v -1.20000E+03  5.08402E+01  1.95064E+03
g plane_y_15
s 0
f  361 362 363 364
v -1.20000E+03  8.37456E+01  1.44873E+02
v  1.20000E+03  8.37456E+01  1.44873E+02
v  1.20000E+03 -9.42815E+00  1.44873E+02
v -1.20000E+03 -9.42815E+00  1.44873E+02
g plane_z_30
s 0
f  365 366 367 368
v -1.20000E+03  8.37456E+01 -8.28618E+02
v  1.20000E+03  8.37456E+01 -8.28618E+02
v  1.20000E+03 -9.42815E+00 -8.28618E+02
v -1.20000E+03 -9.42815E+00 -8.28618E+02
g plane_z_31
s 0
f  369 370 371 372
v -1.20000E+03  8.37456E+01  1.11639E+03
v  1.20000E+03  8.37456E+01  1.11639E+03
v  1.20000E+03 -9.42815E+00  1.11639E+03
v -1.20000E+03 -9.42815E+00  1.11639E+03
g plane_z_32
s 0
f  373 374 375 376
v -1.20000E+03  8.37456E+01  1.36387E+03
v  1.20000E+03  8.37456E+01  1.36387E+03
v  1.20000E+03 -9.42815E+00  1.36387E+03
v -1.20000E+03 -9.42815E+00  1.36387E+03
g plane_z_33
s 0
f  377 378 379 380
v -1.20000E+03  8.37456E+01 -5.81126E+02
v  1.20000E+03  8.37456E+01 -5.81126E+02
v  1.20000E+03 -9.42815E+00 -5.81126E+02
v -1.20000E+03 -9.42815E+00 -5.81126E+02
g plane_z_34
s 0
f  381 382 383 384
v -1.20000E+03  8.37456E+01  3.89386E+02
v  1.20000E+03  8.37456E+01  3.89386E+02
v  1.20000E+03 -9.42815E+00  3.89386E+02
v -1.20000E+03 -9.42815E+00  3.89386E+02
g plane_z_35
s 0
f  385 386 387 388
v -1.20000E+03  8.37456E+01 -1.31643E+03
v  1.20000E+03  8.37456E+01 -1.31643E+03
v  1.20000E+03 -9.42815E+00 -1.31643E+03
v -1.20000E+03 -9.42815E+00 -1.31643E+03
g plane_z_36
s 0
f  389 390 391 392
v -1.20000E+03  1.09859E+01 -1.94936E+03
v  1.20000E+03  1.09859E+01 -1.94936E+03
v  1.20000E+03  1.09859E+01  1.95064E+03
v -1.20000E+03  1.09859E+01  1.95064E+03
g plane_y_16
s 0
f  393 394 395 396
v -1.20000E+03  8.37456E+01  1.11985E+03
v  1.20000E+03  8.37456E+01  1.11985E+03
v  1.20000E+03 -9.42815E+00  1.11985E+03
v -1.20000E+03 -9.42815E+00  1.11985E+03
g plane_z_37
s 0
f  397 398 399 400
v -1.20000E+03  8.37456E+01 -8.25151E+02
v  1.20000E+03  8.37456E+01 -8.25151E+02
v  1.20000E+03 -9.42815E+00 -8.25151E+02
v -1.20000E+03 -9.42815E+00 -8.25151E+02
g plane_z_38
s 0
f  401 402 403 404
v -1.20000E+03  8.37456E+01 -3.35453E+02
v  1.20000E+03  8.37456E+01 -3.35453E+02
v  1.20000E+03 -9.42815E+00 -3.35453E+02
v -1.20000E+03 -9.42815E+00 -3.35453E+02
g plane_z_39
s 0
f  405 406 407 408
v -1.20000E+03  8.37456E+01 -1.31681E+03
v  1.20000E+03  8.37456E+01 -1.31681E+03
v  1.20000E+03 -9.42815E+00 -1.31681E+03
v -1.20000E+03 -9.42815E+00 -1.31681E+03
g plane_z_40
s 0
f  409 410 411 412
v -1.20000E+03  8.37456E+01  1.60890E+03
v  1.20000E+03  8.37456E+01  1.60890E+03
v  1.20000E+03 -9.42815E+00  1.60890E+03
v -1.20000E+03 -9.42815E+00  1.60890E+03
g plane_z_41
s 0
f  413 414 415 416
v -1.20000E+03  8.37456E+01  3.91695E+02
v  1.20000E+03  8.37456E+01  3.91695E+02
v  1.20000E+03 -9.42815E+00  3.91695E+02
v -1.20000E+03 -9.42815E+00  3.91695E+02
g plane_z_42
s 0
f  417 418 419 420
v -1.20000E+03  8.37456E+01 -1.56479E+03
v  1.20000E+03  8.37456E+01 -1.56479E+03
v  1.20000E+03 -9.42815E+00 -1.56479E+03
v -1.20000E+03 -9.42815E+00 -1.56479E+03
g plane_z_43
s 0
f  421 422 423 424
v -1.20000E+03  8.37456E+01  6.33765E+02
v  1.20000E+03  8.37456E+01  6.33765E+02
v  1.20000E+03 -9.42815E+00  6.33765E+02
v -1.20000E+03 -9.42815E+00  6.33765E+02
g plane_z_44
s 0
f  425 426 427 428
v -1.20000E+03  8.37456E+01  6.33114E+02
v  1.20000E+03  8.37456E+01  6.33114E+02
v  1.20000E+03 -9.42815E+00  6.33114E+02
v -1.20000E+03 -9.42815E+00  6.33114E+02
g plane_z_45
s 0
f  429 430 431 432
v -1.20000E+03  8.37456E+01 -1.00186E+02
v  1.20000E+03  8.37456E+01 -1.00186E+02
v  1.20000E+03 -9.42815E+00 -1.00186E+02
v -1.20000E+03 -9.42815E+00 -1.00186E+02
g plane_z_46
s 0
f  433 434 435 436
v -1.20000E+03  8.37456E+01  8.73111E+02
v  1.20000E+03  8.37456E+01  8.73111E+02
v  1.20000E+03 -9.42815E+00  8.73111E+02
v -1.20000E+03 -9.42815E+00  8.73111E+02
g plane_z_47
s 0
f  437 438 439 440
v -1.20000E+03  8.37456E+01  8.74473E+02
v  1.20000E+03  8.37456E+01  8.74473E+02
v  1.20000E+03 -9.42815E+00  8.74473E+02
v -1.20000E+03 -9.42815E+00  8.74473E+02
g plane_z_48
s 0
f  441 442 443 444
v -1.20000E+03  8.37456E+01 -1.07336E+03
v  1.20000E+03  8.37456E+01 -1.07336E+03
v  1.20000E+03 -9.42815E+00 -1.07336E+03
v -1.20000E+03 -9.42815E+00 -1.07336E+03
g plane_z_49
s 0
f  445 446 447 448
v -1.20000E+03  8.37456E+01 -1.07210E+03
v  1.20000E+03  8.37456E+01 -1.07210E+03
v  1.20000E+03 -9.42815E+00 -1.07210E+03
v -1.20000E+03 -9.42815E+00 -1.07210E+03
g plane_z_50
s 0
f  449 450 451 452
v -1.20000E+03  8.37456E+01 -5.79229E+02
v  1.20000E+03  8.37456E+01 -5.79229E+02
v  1.20000E+03 -9.42815E+00 -5.79229E+02
v -1.20000E+03 -9.42815E+00 -5.79229E+02
g plane_z_51
s 0
f  453 454 455 456
v -1.20000E+03  1.42854E+01 -1.94936E+03
v  1.20000E+03  1.42854E+01 -1.94936E+03
v  1.20000E+03  1.42854E+01  1.95064E+03
v -1.20000E+03  1.42854E+01  1.95064E+03
g plane_y_17
s 0
f  457 458 459 460
v -1.20000E+03  8.37456E+01  1.36577E+03
v  1.20000E+03  8.37456E+01  1.36577E+03
v  1.20000E+03 -9.42815E+00  1.36577E+03
v -1.20000E+03 -9.42815E+00  1.36577E+03
g plane_z_52
s 0
f  461 462 463 464
v -1.20000E+03  8.37456E+01 -3.38759E+02
v  1.20000E+03  8.37456E+01 -3.38759E+02
v  1.20000E+03 -9.42815E+00 -3.38759E+02
v -1.20000E+03 -9.42815E+00 -3.38759E+02
g plane_z_53
s 0
f  465 466 467 468
v -1.20000E+03  8.37456E+01 -1.01269E+02
v  1.20000E+03  8.37456E+01 -1.01269E+02
v  1.20000E+03 -9.42815E+00 -1.01269E+02
v -1.20000E+03 -9.42815E+00 -1.01269E+02
g plane_z_54
s 0
f  469 470 471 472
v -1.20000E+03  8.37456E+01  1.83949E+03
v  1.20000E+03  8.37456E+01  1.83949E+03
v  1.20000E+03 -9.42815E+00  1.83949E+03
v -1.20000E+03 -9.42815E+00  1.83949E+03
g plane_z_55
s 0
f  473 474 475 476
v -1.20000E+03  8.37456E+01  1.60550E+03
v  1.20000E+03  8.37456E+01  1.60550E+03
v  1.20000E+03 -9.42815E+00  1.60550E+03
v -1.20000E+03 -9.42815E+00  1.60550E+03
g plane_z_56
s 0
f  477 478 479 480
v -5.11419E+02 -9.42815E+00 -1.94936E+03
v -5.11419E+02  8.37456E+01 -1.94936E+03
v -5.11419E+02  8.37456E+01  1.95064E+03
v -5.11419E+02 -9.42815E+00  1.95064E+03
g plane_x_48
s 0
f  481 482 483 484
v -8.13752E+02 -9.42815E+00 -1.94936E+03
v -8.13752E+02  8.37456E+01 -1.94936E+03
v -8.13752E+02  8.37456E+01  1.95064E+03
v -8.13752E+02 -9.42815E+00  1.95064E+03
g plane_x_49
s 0
f  485 486 487 488
v -1.20000E+03 -8.94880E-02 -1.94936E+03
v  1.20000E+03 -8.94880E-02 -1.94936E+03
v  1.20000E+03 -8.94880E-02  1.95064E+03
v -1.20000E+03 -8.94880E-02  1.95064E+03
g plane_y_18
s 0
f  489 490 491 492
v -3.59320E+02 -9.42815E+00 -1.94936E+03
v -3.59320E+02  8.37456E+01 -1.94936E+03
v -3.59320E+02  8.37456E+01  1.95064E+03
v -3.59320E+02 -9.42815E+00  1.95064E+03
g plane_x_50
s 0
f  493 494 495 496
v -8.16523E+02 -9.42815E+00 -1.94936E+03
v -8.16523E+02  8.37456E+01 -1.94936E+03
v -8.16523E+02  8.37456E+01  1.95064E+03
v -8.16523E+02 -9.42815E+00  1.95064E+03
g plane_x_51
s 0
f  497 498 499 500
v -8.15008E+02 -9.42815E+00 -1.94936E+03
v -8.15008E+02  8.37456E+01 -1.94936E+03
v -8.15008E+02  8.37456E+01  1.95064E+03
v -8.15008E+02 -9.42815E+00  1.95064E+03
g plane_x_52
s 0
f  501 502 503 504
v -2.10240E+02 -9.42815E+00 -1.94936E+03
v -2.10240E+02  8.37456E+01 -1.94936E+03
v -2.10240E+02  8.37456E+01  1.95064E+03
v -2.10240E+02 -9.42815E+00  1.95064E+03
g plane_x_53
s 0
f  505 506 507 508
v -2.08723E+02 -9.42815E+00 -1.94936E+03
v -2.08723E+02  8.37456E+01 -1.94936E+03
v -2.08723E+02  8.37456E+01  1.95064E+03
v -2.08723E+02 -9.42815E+00  1.95064E+03
g plane_x_54
s 0
f  509 510 511 512
v -8.07336E+02 -9.42815E+00 -1.94936E+03
v -8.07336E+02  8.37456E+01 -1.94936E+03
v -8.07336E+02  8.37456E+01  1.95064E+03
v -8.07336E+02 -9.42815E+00  1.95064E+03
g plane_x_55
s 0
f  513 514 515 516
v -8.07393E+02 -9.42815E+00 -1.94936E+03
v -8.07393E+02  8.37456E+01 -1.94936E+03
v -8.07393E+02  8.37456E+01  1.95064E+03
v -8.07393E+02 -9.42815E+00  1.95064E+03
g plane_x_56
s 0
f  517 518 519 520
v -8.05912E+02 -9.42815E+00 -1.94936E+03
v -8.05912E+02  8.37456E+01 -1.94936E+03
v -8.05912E+02  8.37456E+01  1.95064E+03
v -8.05912E+02 -9.42815E+00  1.95064E+03
g plane_x_57
s 0
f  521 522 523 524
v -8.06150E+02 -9.42815E+00 -1.94936E+03
v -8.06150E+02  8.37456E+01 -1.94936E+03
v -8.06150E+02  8.37456E+01  1.95064E+03
v -8.06150E+02 -9.42815E+00  1.95064E+03
g plane_x_58
s 0
f  525 526 527 528
v -6.72096E+01 -9.42815E+00 -1.94936E+03
v -6.72096E+01  8.37456E+01 -1.94936E+03
v -6.72096E+01  8.37456E+01  1.95064E+03
v -6.72096E+01 -9.42815E+00  1.95064E+03
g plane_x_59
s 0
f  529 530 531 532
v -6.72301E+01 -9.42815E+00 -1.94936E+03
v -6.72301E+01  8.37456E+01 -1.94936E+03
v -6.72301E+01  8.37456E+01  1.95064E+03
v -6.72301E+01 -9.42815E+00  1.95064E+03
g plane_x_60
s 0
f  533 534 535 536
v -8.06171E+02 -9.42815E+00 -1.94936E+03
v -8.06171E+02  8.37456E+01 -1.94936E+03
v -8.06171E+02  8.37456E+01  1.95064E+03
v -8.06171E+02 -9.42815E+00  1.95064E+03
g plane_x_61
s 0
f  537 538 539 540
v -8.06226E+02 -9.42815E+00 -1.94936E+03
v -8.06226E+02  8.37456E+01 -1.94936E+03
v -8.06226E+02  8.37456E+01  1.95064E+03
v -8.06226E+02 -9.42815E+00  1.95064E+03
g plane_x_62
s 0
f  541 542 543 544
v -8.06418E+02 -9.42815E+00 -1.94936E+03
v -8.06418E+02  8.37456E+01 -1.94936E+03
v -8.06418E+02  8.37456E+01  1.95064E+03
v -8.06418E+02 -9.42815E+00  1.95064E+03
g plane_x_63
s 0
f  545 546 547 548
v -8.06656E+02 -9.42815E+00 -1.94936E+03
v -8.06656E+02  8.37456E+01 -1.94936E+03
v -8.06656E+02  8.37456E+01  1.95064E+03
v -8.06656E+02 -9.42815E+00  1.95064E+03
g plane_x_64
s 0
f  549 550 551 552
v -8.12699E+02 -9.42815E+00 -1.94936E+03
v -8.12699E+02  8.37456E+01 -1.94936E+03
v -8.12699E+02  8.37456E+01  1.95064E+03
v -8.12699E+02 -9.42815E+00  1.95064E+03
g plane_x_65
s 0
f  553 554 555 556
v -8.13832E+02 -9.42815E+00 -1.94936E+03
v -8.13832E+02  8.37456E+01 -1.94936E+03
v -8.13832E+02  8.37456E+01  1.95064E+03
v -8.13832E+02 -9.42815E+00  1.95064E+03
g plane_x_66
s 0
f  557 558 559 560
v -8.11785E+02 -9.42815E+00 -1.94936E+03
v -8.11785E+02  8.37456E+01 -1.94936E+03
v -8.11785E+02  8.37456E+01  1.95064E+03
v -8.11785E+02 -9.42815E+00  1.95064E+03
g plane_x_67
s 0
f  561 562 563 564
v -8.10284E+02 -9.42815E+00 -1.94936E+03
v -8.10284E+02  8.37456E+01 -1.94936E+03
v -8.10284E+02  8.37456E+01  1.95064E+03
v -8.10284E+02 -9.42815E+00  1.95064E+03
g plane_x_68
s 0
f  565 566 567 568
v -8.13413E+02 -9.42815E+00 -1.94936E+03
v -8.13413E+02  8.37456E+01 -1.94936E+03
v -8.13413E+02  8.37456E+01  1.95064E+03
v -8.13413E+02 -9.42815E+00  1.95064E+03
g plane_x_69
s 0
f  569 570 571 572
v -8.13468E+02 -9.42815E+00 -1.94936E+03
v -8.13468E+02  8.37456E+01 -1.94936E+03
v -8.13468E+02  8.37456E+01  1.95064E+03
v -8.13468E+02 -9.42815E+00  1.95064E+03
g plane_x_70
s 0
f  573 574 575 576
v -2.13378E+02 -9.42815E+00 -1.94936E+03
v -2.13378E+02  8.37456E+01 -1.94936E+03
v -2.13378E+02  8.37456E+01  1.95064E+03
v -2.13378E+02 -9.42815E+00  1.95064E+03
g plane_x_71
s 0
f  577 578 579 580
v -2.11881E+02 -9.42815E+00 -1.94936E+03
v -2.11881E+02  8.37456E+01 -1.94936E+03
v -2.11881E+02  8.37456E+01  1.95064E+03
v -2.11881E+02 -9.42815E+00  1.95064E+03
g plane_x_72
s 0
f  581 582 583 584
v -6.65102E+02 -9.42815E+00 -1.94936E+03
v -6.65102E+02  8.37456E+01 -1.94936E+03
v -6.65102E+02  8.37456E+01  1.95064E+03
v -6.65102E+02 -9.42815E+00  1.95064E+03
g plane_x_73
s 0
f  585 586 587 588
v -8.14074E+02 -9.42815E+00 -1.94936E+03
v -8.14074E+02  8.37456E+01 -1.94936E+03
v -8.14074E+02  8.37456E+01  1.95064E+03
v -8.14074E+02 -9.42815E+00  1.95064E+03
g plane_x_74
s 0
f  589 590 591 592
v -8.15200E+02 -9.42815E+00 -1.94936E+03
v -8.15200E+02  8.37456E+01 -1.94936E+03
v -8.15200E+02  8.37456E+01  1.95064E+03
v -8.15200E+02 -9.42815E+00  1.95064E+03
g plane_x_75
s 0
f  593 594 595 596
v -1.20000E+03 -1.02372E-01 -1.94936E+03
v  1.20000E+03 -1.02372E-01 -1.94936E+03
v  1.20000E+03 -1.02372E-01  1.95064E+03
v -1.20000E+03 -1.02372E-01  1.95064E+03
g plane_y_19
s 0
f  597 598 599 600
v -6.68685E+01 -9.42815E+00 -1.94936E+03
v -6.68685E+01  8.37456E+01 -1.94936E+03
v -6.68685E+01  8.37456E+01  1.95064E+03
v -6.68685E+01 -9.42815E+00  1.95064E+03
g plane_x_76
s 0
f  601 602 603 604
v -6.78298E+01 -9.42815E+00 -1.94936E+03
v -6.78298E+01  8.37456E+01 -1.94936E+03
v -6.78298E+01  8.37456E+01  1.95064E+03
v -6.78298E+01 -9.42815E+00  1.95064E+03
g plane_x_77
s 0
f  605 606 607 608
v -8.07997E+02 -9.42815E+00 -1.94936E+03
v -8.07997E+02  8.37456E+01 -1.94936E+03
v -8.07997E+02  8.37456E+01  1.95064E+03
v -8.07997E+02 -9.42815E+00  1.95064E+03
g plane_x_78
s 0
f  609 610 611 612
v -8.09119E+02 -9.42815E+00 -1.94936E+03
v -8.09119E+02  8.37456E+01 -1.94936E+03
v -8.09119E+02  8.37456E+01  1.95064E+03
v -8.09119E+02 -9.42815E+00  1.95064E+03
g plane_x_79
s 0
f  613 614 615 616
v -2.11206E+02 -9.42815E+00 -1.94936E+03
v -2.11206E+02  8.37456E+01 -1.94936E+03
v -2.11206E+02  8.37456E+01  1.95064E+03
v -2.11206E+02 -9.42815E+00  1.95064E+03
g plane_x_80
s 0
f  617 618 619 620
v -2.12325E+02 -9.42815E+00 -1.94936E+03
v -2.12325E+02  8.37456E+01 -1.94936E+03
v -2.12325E+02  8.37456E+01  1.95064E+03
v -2.12325E+02 -9.42815E+00  1.95064E+03
g plane_x_81
s 0
f  621 622 623 624
v -8.08499E+02 -9.42815E+00 -1.94936E+03
v -8.08499E+02  8.37456E+01 -1.94936E+03
v -8.08499E+02  8.37456E+01  1.95064E+03
v -8.08499E+02 -9.42815E+00  1.95064E+03
g plane_x_82
s 0
f  625 626 627 628
v -8.07222E+02 -9.42815E+00 -1.94936E+03
v -8.07222E+02  8.37456E+01 -1.94936E+03
v -8.07222E+02  8.37456E+01  1.95064E+03
v -8.07222E+02 -9.42815E+00  1.95064E+03
g plane_x_83
s 0
f  629 630 631 632
v -2.12641E+02 -9.42815E+00 -1.94936E+03
v -2.12641E+02  8.37456E+01 -1.94936E+03
v -2.12641E+02  8.37456E+01  1.95064E+03
v -2.12641E+02 -9.42815E+00  1.95064E+03
g plane_x_84
s 0
f  633 634 635 636
v -2.11275E+02 -9.42815E+00 -1.94936E+03
v -2.11275E+02  8.37456E+01 -1.94936E+03
v -2.11275E+02  8.37456E+01  1.95064E+03
v -2.11275E+02 -9.42815E+00  1.95064E+03
g plane_x_85
s 0
f  637 638 639 640
v -2.12392E+02 -9.42815E+00 -1.94936E+03
v -2.12392E+02  8.37456E+01 -1.94936E+03
v -2.12392E+02  8.37456E+01  1.95064E+03
v -2.12392E+02 -9.42815E+00  1.95064E+03
g plane_x_86
s 0
f  641 642 643 644
v -2.10007E+02 -9.42815E+00 -1.94936E+03
v -2.10007E+02  8.37456E+01 -1.94936E+03
v -2.10007E+02  8.37456E+01  1.95064E+03
v -2.10007E+02 -9.42815E+00  1.95064E+03
g plane_x_87
s 0
f  645 646 647 648
v -1.20000E+03 -1.02283E-01 -1.94936E+03
v  1.20000E+03 -1.02283E-01 -1.94936E+03
v  1.20000E+03 -1.02283E-01  1.95064E+03
v -1.20000E+03 -1.02283E-01  1.95064E+03
g plane_y_20
s 0
f  649 650 651 652
v -2.12733E+02 -9.42815E+00 -1.94936E+03
v -2.12733E+02  8.37456E+01 -1.94936E+03
v -2.12733E+02  8.37456E+01  1.95064E+03
v -2.12733E+02 -9.42815E+00  1.95064E+03
g plane_x_88
s 0
f  653 654 655 656
v -2.12966E+02 -9.42815E+00 -1.94936E+03
v -2.12966E+02  8.37456E+01 -1.94936E+03
v -2.12966E+02  8.37456E+01  1.95064E+03
v -2.12966E+02 -9.42815E+00  1.95064E+03
g plane_x_89
s 0
f  657 658 659 660
v -1.20000E+03 -3.76320E-01 -1.94936E+03
v  1.20000E+03 -3.76320E-01 -1.94936E+03
v  1.20000E+03 -3.76320E-01  1.95064E+03
v -1.20000E+03 -3.76320E-01  1.95064E+03
g plane_y_21
s 0
f  661 662 663 664
v -2.06873E+02 -9.42815E+00 -1.94936E+03
v -2.06873E+02  8.37456E+01 -1.94936E+03
v -2.06873E+02  8.37456E+01  1.95064E+03
v -2.06873E+02 -9.42815E+00  1.95064E+03
g plane_x_90
s 0
f  665 666 667 668
v -2.07102E+02 -9.42815E+00 -1.94936E+03
v -2.07102E+02  8.37456E+01 -1.94936E+03
v -2.07102E+02  8.37456E+01  1.95064E+03
v -2.07102E+02 -9.42815E+00  1.95064E+03
g plane_x_91
s 0
f  669 670 671 672
v -8.08130E+02 -9.42815E+00 -1.94936E+03
v -8.08130E+02  8.37456E+01 -1.94936E+03
v -8.08130E+02  8.37456E+01  1.95064E+03
v -8.08130E+02 -9.42815E+00  1.95064E+03
g plane_x_92
s 0
f  673 674 675 676
v -8.06386E+02 -9.42815E+00 -1.94936E+03
v -8.06386E+02  8.37456E+01 -1.94936E+03
v -8.06386E+02  8.37456E+01  1.95064E+03
v -8.06386E+02 -9.42815E+00  1.95064E+03
g plane_x_93
s 0
f  677 678 679 680
v -2.07283E+02 -9.42815E+00 -1.94936E+03
v -2.07283E+02  8.37456E+01 -1.94936E+03
v -2.07283E+02  8.37456E+01  1.95064E+03
v -2.07283E+02 -9.42815E+00  1.95064E+03
g plane_x_94
s 0
f  681 682 683 684
v -2.07512E+02 -9.42815E+00 -1.94936E+03
v -2.07512E+02  8.37456E+01 -1.94936E+03
v -2.07512E+02  8.37456E+01  1.95064E+03
v -2.07512E+02 -9.42815E+00  1.95064E+03
g plane_x_95
s 0
f  685 686 687 688
v -2.05569E+02 -9.42815E+00 -1.94936E+03
v -2.05569E+02  8.37456E+01 -1.94936E+03
v -2.05569E+02  8.37456E+01  1.95064E+03
v -2.05569E+02 -9.42815E+00  1.95064E+03
g plane_x_96
s 0
f  689 690 691 692
v -2.05795E+02 -9.42815E+00 -1.94936E+03
v -2.05795E+02  8.37456E+01 -1.94936E+03
v -2.05795E+02  8.37456E+01  1.95064E+03
v -2.05795E+02 -9.42815E+00  1.95064E+03
g plane_x_97
s 0
f  693 694 695 696
v -2.03259E+02 -9.42815E+00 -1.94936E+03
v -2.03259E+02  8.37456E+01 -1.94936E+03
v -2.03259E+02  8.37456E+01  1.95064E+03
v -2.03259E+02 -9.42815E+00  1.95064E+03
g plane_x_98
s 0
f  697 698 699 700
v -2.03314E+02 -9.42815E+00 -1.94936E+03
v -2.03314E+02  8.37456E+01 -1.94936E+03
v -2.03314E+02  8.37456E+01  1.95064E+03
v -2.03314E+02 -9.42815E+00  1.95064E+03
g plane_x_99
s 0
f  701 702 703 704
v -1.20000E+03  8.37456E+01 -3.96383E+02
v  1.20000E+03  8.37456E+01 -3.96383E+02
v  1.20000E+03 -9.42815E+00 -3.96383E+02
v -1.20000E+03 -9.42815E+00 -3.96383E+02
g plane_z_57
s 0
f  705 706 707 708
v -1.20000E+03  2.28325E+01 -1.94936E+03
v  1.20000E+03  2.28325E+01 -1.94936E+03
v  1.20000E+03  2.28325E+01  1.95064E+03
v -1.20000E+03  2.28325E+01  1.95064E+03
g plane_y_22
s 0
f  709 710 711 712
v -1.20000E+03  8.37456E+01  8.12056E+01
v  1.20000E+03  8.37456E+01  8.12056E+01
v  1.20000E+03 -9.42815E+00  8.12056E+01
v -1.20000E+03 -9.42815E+00  8.12056E+01
g plane_z_58
s 0
f  713 714 715 716
v -1.20000E+03  2.46966E+01 -1.94936E+03
v  1.20000E+03  2.46966E+01 -1.94936E+03
v  1.20000E+03  2.46966E+01  1.95064E+03
v -1.20000E+03  2.46966E+01  1.95064E+03
g plane_y_23
s 0
f  717 718 719 720
v -1.20000E+03  8.37456E+01  1.05619E+03
v  1.20000E+03  8.37456E+01  1.05619E+03
v  1.20000E+03 -9.42815E+00  1.05619E+03
v -1.20000E+03 -9.42815E+00  1.05619E+03
g plane_z_59
s 0
f  721 722 723 724
v -1.20000E+03  8.37456E+01 -8.88808E+02
v  1.20000E+03  8.37456E+01 -8.88808E+02
v  1.20000E+03 -9.42815E+00 -8.88808E+02
v -1.20000E+03 -9.42815E+00 -8.88808E+02
g plane_z_60
s 0
f  725 726 727 728
v -1.20000E+03  8.37456E+01  8.16854E+01
v  1.20000E+03  8.37456E+01  8.16854E+01
v  1.20000E+03 -9.42815E+00  8.16854E+01
v -1.20000E+03 -9.42815E+00  8.16854E+01
g plane_z_61
s 0
f  729 730 731 732
v -1.20000E+03  8.37456E+01 -1.50515E+03
v  1.20000E+03  8.37456E+01 -1.50515E+03
v  1.20000E+03 -9.42815E+00 -1.50515E+03
v -1.20000E+03 -9.42815E+00 -1.50515E+03
g plane_z_62
s 0
f  733 734 735 736
v -1.20000E+03  8.37456E+01 -1.50493E+03
v  1.20000E+03  8.37456E+01 -1.50493E+03
v  1.20000E+03 -9.42815E+00 -1.50493E+03
v -1.20000E+03 -9.42815E+00 -1.50493E+03
g plane_z_63
s 0
f  737 738 739 740
v -1.20000E+03  8.37456E+01  1.54829E+03
v  1.20000E+03  8.37456E+01  1.54829E+03
v  1.20000E+03 -9.42815E+00  1.54829E+03
v -1.20000E+03 -9.42815E+00  1.54829E+03
g plane_z_64
s 0
f  741 742 743 744
v -1.20000E+03  3.98291E+01 -1.94936E+03
v  1.20000E+03  3.98291E+01 -1.94936E+03
v  1.20000E+03  3.98291E+01  1.95064E+03
v -1.20000E+03  3.98291E+01  1.95064E+03
g plane_y_24
s 0
f  745 746 747 748
v -1.20000E+03  8.37456E+01 -8.89674E+02
v  1.20000E+03  8.37456E+01 -8.89674E+02
v  1.20000E+03 -9.42815E+00 -8.89674E+02
v -1.20000E+03 -9.42815E+00 -8.89674E+02
g plane_z_65
s 0
f  749 750 751 752
v -1.20000E+03  2.57912E+01 -1.94936E+03
v  1.20000E+03  2.57912E+01 -1.94936E+03
v  1.20000E+03  2.57912E+01  1.95064E+03
v -1.20000E+03  2.57912E+01  1.95064E+03
g plane_y_25
s 0
f  753 754 755 756
v -1.20000E+03  8.37456E+01  1.05533E+03
v  1.20000E+03  8.37456E+01  1.05533E+03
v  1.20000E+03 -9.42815E+00  1.05533E+03
v -1.20000E+03 -9.42815E+00  1.05533E+03
g plane_z_66
s 0
f  757 758 759 760
v -1.20000E+03  2.10219E+01 -1.94936E+03
v  1.20000E+03  2.10219E+01 -1.94936E+03
v  1.20000E+03  2.10219E+01  1.95064E+03
v -1.20000E+03  2.10219E+01  1.95064E+03
g plane_y_26
s 0
f  761 762 763 764
v -1.20000E+03  8.37456E+01 -1.37946E+03
v  1.20000E+03  8.37456E+01 -1.37946E+03
v  1.20000E+03 -9.42815E+00 -1.37946E+03
v -1.20000E+03 -9.42815E+00 -1.37946E+03
g plane_z_67
s 0
f  765 766 767 768
v -1.20000E+03  8.37456E+01  3.29836E+02
v  1.20000E+03  8.37456E+01  3.29836E+02
v  1.20000E+03 -9.42815E+00  3.29836E+02
v -1.20000E+03 -9.42815E+00  3.29836E+02
g plane_z_68
s 0
f  769 770 771 772
v -1.20000E+03  8.37456E+01 -1.50476E+03
v  1.20000E+03  8.37456E+01 -1.50476E+03
v  1.20000E+03 -9.42815E+00 -1.50476E+03
v -1.20000E+03 -9.42815E+00 -1.50476E+03
g plane_z_69
s 0
f  773 774 775 776
v -1.20000E+03  8.37456E+01  8.14260E+02
v  1.20000E+03  8.37456E+01  8.14260E+02
v  1.20000E+03 -9.42815E+00  8.14260E+02
v -1.20000E+03 -9.42815E+00  8.14260E+02
g plane_z_70
s 0
f  777 778 779 780
v -1.20000E+03  2.37010E+01 -1.94936E+03
v  1.20000E+03  2.37010E+01 -1.94936E+03
v  1.20000E+03  2.37010E+01  1.95064E+03
v -1.20000E+03  2.37010E+01  1.95064E+03
g plane_y_27
s 0
f  781 782 783 784
v -1.20000E+03  8.37456E+01 -1.37965E+03
v  1.20000E+03  8.37456E+01 -1.37965E+03
v  1.20000E+03 -9.42815E+00 -1.37965E+03
v -1.20000E+03 -9.42815E+00 -1.37965E+03
g plane_z_71
s 0
f  785 786 787 788
v -1.20000E+03  8.46598E+00 -1.94936E+03
v  1.20000E+03  8.46598E+00 -1.94936E+03
v  1.20000E+03  8.46598E+00  1.95064E+03
v -1.20000E+03  8.46598E+00  1.95064E+03
g plane_y_28
s 0
f  789 790 791 792
v -1.20000E+03  8.37456E+01  1.30322E+03
v  1.20000E+03  8.37456E+01  1.30322E+03
v  1.20000E+03 -9.42815E+00  1.30322E+03
v -1.20000E+03 -9.42815E+00  1.30322E+03
g plane_z_72
s 0
f  793 794 795 796
v -1.20000E+03  2.46712E+01 -1.94936E+03
v  1.20000E+03  2.46712E+01 -1.94936E+03
v  1.20000E+03  2.46712E+01  1.95064E+03
v -1.20000E+03  2.46712E+01  1.95064E+03
g plane_y_29
s 0
f  797 798 799 800
v -1.20000E+03  8.37456E+01 -6.41777E+02
v  1.20000E+03  8.37456E+01 -6.41777E+02
v  1.20000E+03 -9.42815E+00 -6.41777E+02
v -1.20000E+03 -9.42815E+00 -6.41777E+02
g plane_z_73
s 0
f  801 802 803 804
v -1.20000E+03  2.24634E+01 -1.94936E+03
v  1.20000E+03  2.24634E+01 -1.94936E+03
v  1.20000E+03  2.24634E+01  1.95064E+03
v -1.20000E+03  2.24634E+01  1.95064E+03
g plane_y_30
s 0
f  805 806 807 808
v -1.20000E+03  8.37456E+01 -1.50504E+03
v  1.20000E+03  8.37456E+01 -1.50504E+03
v  1.20000E+03 -9.42815E+00 -1.50504E+03
v -1.20000E+03 -9.42815E+00 -1.50504E+03
g plane_z_74
s 0
f  809 810 811 812
v -1.20000E+03  8.37456E+01 -1.50485E+03
v  1.20000E+03  8.37456E+01 -1.50485E+03
v  1.20000E+03 -9.42815E+00 -1.50485E+03
v -1.20000E+03 -9.42815E+00 -1.50485E+03
g plane_z_75
s 0
f  813 814 815 816
v -1.20000E+03  8.37456E+01  5.72262E+02
v  1.20000E+03  8.37456E+01  5.72262E+02
v  1.20000E+03 -9.42815E+00  5.72262E+02
v -1.20000E+03 -9.42815E+00  5.72262E+02
g plane_z_76
s 0
f  817 818 819 820
v -1.20000E+03  8.37456E+01 -7.66747E+02
v  1.20000E+03  8.37456E+01 -7.66747E+02
v  1.20000E+03 -9.42815E+00 -7.66747E+02
v -1.20000E+03 -9.42815E+00 -7.66747E+02
g plane_z_77
s 0
f  821 822 823 824
v -1.20000E+03  8.37456E+01  1.17825E+03
v  1.20000E+03  8.37456E+01  1.17825E+03
v  1.20000E+03 -9.42815E+00  1.17825E+03
v -1.20000E+03 -9.42815E+00  1.17825E+03
g plane_z_78
s 0
f  825 826 827 828
v -1.20000E+03  8.37456E+01 -1.13334E+03
v  1.20000E+03  8.37456E+01 -1.13334E+03
v  1.20000E+03 -9.42815E+00 -1.13334E+03
v -1.20000E+03 -9.42815E+00 -1.13334E+03
g plane_z_79
s 0
f  829 830 831 832
v -1.20000E+03  8.37456E+01  5.71934E+02
v  1.20000E+03  8.37456E+01  5.71934E+02
v  1.20000E+03 -9.42815E+00  5.71934E+02
v -1.20000E+03 -9.42815E+00  5.71934E+02
g plane_z_80
s 0
f  833 834 835 836
v -1.20000E+03  8.37456E+01  8.11988E+02
v  1.20000E+03  8.37456E+01  8.11988E+02
v  1.20000E+03 -9.42815E+00  8.11988E+02
v -1.20000E+03 -9.42815E+00  8.11988E+02
g plane_z_81
s 0
f  837 838 839 840
v -1.20000E+03  8.37456E+01  2.06610E+02
v  1.20000E+03  8.37456E+01  2.06610E+02
v  1.20000E+03 -9.42815E+00  2.06610E+02
v -1.20000E+03 -9.42815E+00  2.06610E+02
g plane_z_82
s 0
f  841 842 843 844
v -1.20000E+03  8.37456E+01  1.18157E+03
v  1.20000E+03  8.37456E+01  1.18157E+03
v  1.20000E+03 -9.42815E+00  1.18157E+03
v -1.20000E+03 -9.42815E+00  1.18157E+03
g plane_z_83
s 0
f  845 846 847 848
v -1.20000E+03  8.37456E+01 -7.63425E+02
v  1.20000E+03  8.37456E+01 -7.63425E+02
v  1.20000E+03 -9.42815E+00 -7.63425E+02
v -1.20000E+03 -9.42815E+00 -7.63425E+02
g plane_z_84
s 0
f  849 850 851 852
v -1.20000E+03  8.37456E+01  1.42533E+03
v  1.20000E+03  8.37456E+01  1.42533E+03
v  1.20000E+03 -9.42815E+00  1.42533E+03
v -1.20000E+03 -9.42815E+00  1.42533E+03
g plane_z_85
s 0
f  853 854 855 856
v -1.20000E+03  3.02753E+01 -1.94936E+03
v  1.20000E+03  3.02753E+01 -1.94936E+03
v  1.20000E+03  3.02753E+01  1.95064E+03
v -1.20000E+03  3.02753E+01  1.95064E+03
g plane_y_31
s 0
f  857 858 859 860
v -1.20000E+03  8.37456E+01 -5.19668E+02
v  1.20000E+03  8.37456E+01 -5.19668E+02
v  1.20000E+03 -9.42815E+00 -5.19668E+02
v -1.20000E+03 -9.42815E+00 -5.19668E+02
g plane_z_86
s 0
f  861 862 863 864
v -1.20000E+03  2.18252E+01 -1.94936E+03
v  1.20000E+03  2.18252E+01 -1.94936E+03
v  1.20000E+03  2.18252E+01  1.95064E+03
v -1.20000E+03  2.18252E+01  1.95064E+03
g plane_y_32
s 0
f  865 866 867 868
v -1.20000E+03  8.37456E+01 -2.75177E+02
v  1.20000E+03  8.37456E+01 -2.75177E+02
v  1.20000E+03 -9.42815E+00 -2.75177E+02
v -1.20000E+03 -9.42815E+00 -2.75177E+02
g plane_z_87
s 0
f  869 870 871 872
v -1.20000E+03  2.37106E+01 -1.94936E+03
v  1.20000E+03  2.37106E+01 -1.94936E+03
v  1.20000E+03  2.37106E+01  1.95064E+03
v -1.20000E+03  2.37106E+01  1.95064E+03
g plane_y_33
s 0
f  873 874 875 876
v -1.20000E+03  8.37456E+01  3.28575E+02
v  1.20000E+03  8.37456E+01  3.28575E+02
v  1.20000E+03 -9.42815E+00  3.28575E+02
v -1.20000E+03 -9.42815E+00  3.28575E+02
g plane_z_88
s 0
f  877 878 879 880
v -1.20000E+03  8.37456E+01 -1.58491E+02
v  1.20000E+03  8.37456E+01 -1.58491E+02
v  1.20000E+03 -9.42815E+00 -1.58491E+02
v -1.20000E+03 -9.42815E+00 -1.58491E+02
g plane_z_89
s 0
f  881 882 883 884
v -1.20000E+03  8.37456E+01 -6.38936E+02
v  1.20000E+03  8.37456E+01 -6.38936E+02
v  1.20000E+03 -9.42815E+00 -6.38936E+02
v -1.20000E+03 -9.42815E+00 -6.38936E+02
g plane_z_90
s 0
f  885 886 887 888
v -1.20000E+03  8.37456E+01  1.30606E+03
v  1.20000E+03  8.37456E+01  1.30606E+03
v  1.20000E+03 -9.42815E+00  1.30606E+03
v -1.20000E+03 -9.42815E+00  1.30606E+03
g plane_z_91
s 0
f  889 890 891 892
v -1.20000E+03  8.37456E+01  2.06592E+02
v  1.20000E+03  8.37456E+01  2.06592E+02
v  1.20000E+03 -9.42815E+00  2.06592E+02
v -1.20000E+03 -9.42815E+00  2.06592E+02
g plane_z_92
s 0
f  893 894 895 896
v -1.20000E+03  8.37456E+01  4.51439E+02
v  1.20000E+03  8.37456E+01  4.51439E+02
v  1.20000E+03 -9.42815E+00  4.51439E+02
v -1.20000E+03 -9.42815E+00  4.51439E+02
g plane_z_93
s 0
f  897 898 899 900
v -1.20000E+03  2.24165E+01 -1.94936E+03
v  1.20000E+03  2.24165E+01 -1.94936E+03
v  1.20000E+03  2.24165E+01  1.95064E+03
v -1.20000E+03  2.24165E+01  1.95064E+03
g plane_y_34
s 0
f  901 902 903 904
v -1.20000E+03  8.37456E+01  1.66886E+03
v  1.20000E+03  8.37456E+01  1.66886E+03
v  1.20000E+03 -9.42815E+00  1.66886E+03
v -1.20000E+03 -9.42815E+00  1.66886E+03
g plane_z_94
s 0
f  905 906 907 908
v -1.20000E+03  8.37456E+01 -1.50541E+03
v  1.20000E+03  8.37456E+01 -1.50541E+03
v  1.20000E+03 -9.42815E+00 -1.50541E+03
v -1.20000E+03 -9.42815E+00 -1.50541E+03
g plane_z_95
s 0
f  909 910 911 912
v -1.20000E+03  8.37456E+01 -1.50466E+03
v  1.20000E+03  8.37456E+01 -1.50466E+03
v  1.20000E+03 -9.42815E+00 -1.50466E+03
v -1.20000E+03 -9.42815E+00 -1.50466E+03
g plane_z_96
s 0
f  913 914 915 916
v -1.20000E+03  8.37456E+01 -1.25532E+03
v  1.20000E+03  8.37456E+01 -1.25532E+03
v  1.20000E+03 -9.42815E+00 -1.25532E+03
v -1.20000E+03 -9.42815E+00 -1.25532E+03
g plane_z_97
s 0
f  917 918 919 920
v -1.20000E+03  8.37456E+01  4.51234E+02
v  1.20000E+03  8.37456E+01  4.51234E+02
v  1.20000E+03 -9.42815E+00  4.51234E+02
v -1.20000E+03 -9.42815E+00  4.51234E+02
g plane_z_98
s 0
f  921 922 923 924
v -1.20000E+03  8.37456E+01 -1.13263E+03
v  1.20000E+03  8.37456E+01 -1.13263E+03
v  1.20000E+03 -9.42815E+00 -1.13263E+03
v -1.20000E+03 -9.42815E+00 -1.13263E+03
g plane_z_99
s 0
f  925 926 927 928
v -1.20000E+03  8.37456E+01 -4.10824E+01
v  1.20000E+03  8.37456E+01 -4.10824E+01
v  1.20000E+03 -9.42815E+00 -4.10824E+01
v -1.20000E+03 -9.42815E+00 -4.10824E+01
g plane_z_100
s 0
f  929 930 931 932
v -1.20000E+03  8.37456E+01  6.93166E+02
v  1.20000E+03  8.37456E+01  6.93166E+02
v  1.20000E+03 -9.42815E+00  6.93166E+02
v -1.20000E+03 -9.42815E+00  6.93166E+02
g plane_z_101
s 0
f  933 934 935 936
v -1.20000E+03  8.37456E+01 -1.25588E+03
v  1.20000E+03  8.37456E+01 -1.25588E+03
v  1.20000E+03 -9.42815E+00 -1.25588E+03
v -1.20000E+03 -9.42815E+00 -1.25588E+03
g plane_z_102
s 0
f  937 938 939 940
v -1.20000E+03  8.37456E+01  9.34041E+02
v  1.20000E+03  8.37456E+01  9.34041E+02
v  1.20000E+03 -9.42815E+00  9.34041E+02
v -1.20000E+03 -9.42815E+00  9.34041E+02
g plane_z_103
s 0
f  941 942 943 944
v -1.20000E+03  8.37456E+01 -1.01296E+03
v  1.20000E+03  8.37456E+01 -1.01296E+03
v  1.20000E+03 -9.42815E+00 -1.01296E+03
v -1.20000E+03 -9.42815E+00 -1.01296E+03
g plane_z_104
s 0
f  945 946 947 948
v -1.20000E+03  8.37456E+01 -5.18727E+02
v  1.20000E+03  8.37456E+01 -5.18727E+02
v  1.20000E+03 -9.42815E+00 -5.18727E+02
v -1.20000E+03 -9.42815E+00 -5.18727E+02
g plane_z_105
s 0
f  949 950 951 952
v -1.20000E+03  8.37456E+01  1.42627E+03
v  1.20000E+03  8.37456E+01  1.42627E+03
v  1.20000E+03 -9.42815E+00  1.42627E+03
v -1.20000E+03 -9.42815E+00  1.42627E+03
g plane_z_106
s 0
f  953 954 955 956
v -1.20000E+03  8.46607E+00 -1.94936E+03
v  1.20000E+03  8.46607E+00 -1.94936E+03
v  1.20000E+03  8.46607E+00  1.95064E+03
v -1.20000E+03  8.46607E+00  1.95064E+03
g plane_y_35
s 0
f  957 958 959 960
v -1.20000E+03  8.37456E+01  6.92199E+02
v  1.20000E+03  8.37456E+01  6.92199E+02
v  1.20000E+03 -9.42815E+00  6.92199E+02
v -1.20000E+03 -9.42815E+00  6.92199E+02
g plane_z_107
s 0
f  961 962 963 964
v -1.20000E+03  8.37456E+01  9.32144E+02
v  1.20000E+03  8.37456E+01  9.32144E+02
v  1.20000E+03 -9.42815E+00  9.32144E+02
v -1.20000E+03 -9.42815E+00  9.32144E+02
g plane_z_108
s 0
f  965 966 967 968
v -1.20000E+03  8.37456E+01 -1.50433E+03
v  1.20000E+03  8.37456E+01 -1.50433E+03
v  1.20000E+03 -9.42815E+00 -1.50433E+03
v -1.20000E+03 -9.42815E+00 -1.50433E+03
g plane_z_109
s 0
f  969 970 971 972
v -1.20000E+03  8.37456E+01 -1.50380E+03
v  1.20000E+03  8.37456E+01 -1.50380E+03
v  1.20000E+03 -9.42815E+00 -1.50380E+03
v -1.20000E+03 -9.42815E+00 -1.50380E+03
g plane_z_110
s 0
f  973 974 975 976
v -1.20000E+03  8.37456E+01 -3.97320E+02
v  1.20000E+03  8.37456E+01 -3.97320E+02
v  1.20000E+03 -9.42815E+00 -3.97320E+02
v -1.20000E+03 -9.42815E+00 -3.97320E+02
g plane_z_111
s 0
f  977 978 979 980
v -1.20000E+03  8.37456E+01 -1.01329E+03
v  1.20000E+03  8.37456E+01 -1.01329E+03
v  1.20000E+03 -9.42815E+00 -1.01329E+03
v -1.20000E+03 -9.42815E+00 -1.01329E+03
g plane_z_112
s 0
f  981 982 983 984
v -1.20000E+03  8.37456E+01  1.78440E+03
v  1.20000E+03  8.37456E+01  1.78440E+03
v  1.20000E+03 -9.42815E+00  1.78440E+03
v -1.20000E+03 -9.42815E+00  1.78440E+03
g plane_z_113
s 0
f  985 986 987 988
v -1.20000E+03  8.37456E+01 -1.59502E+02
v  1.20000E+03  8.37456E+01 -1.59502E+02
v  1.20000E+03 -9.42815E+00 -1.59502E+02
v -1.20000E+03 -9.42815E+00 -1.59502E+02
g plane_z_114
s 0
f  989 990 991 992
v -1.20000E+03  8.37456E+01  1.54730E+03
v  1.20000E+03  8.37456E+01  1.54730E+03
v  1.20000E+03 -9.42815E+00  1.54730E+03
v -1.20000E+03 -9.42815E+00  1.54730E+03
g plane_z_115
s 0
f  993 994 995 996
v -1.20000E+03  2.64141E+01 -1.94936E+03
v  1.20000E+03  2.64141E+01 -1.94936E+03
v  1.20000E+03  2.64141E+01  1.95064E+03
v -1.20000E+03  2.64141E+01  1.95064E+03
g plane_y_36
s 0
f  997 998 999 1000
v -1.20000E+03  8.37456E+01  1.78188E+03
v  1.20000E+03  8.37456E+01  1.78188E+03
v  1.20000E+03 -9.42815E+00  1.78188E+03
v -1.20000E+03 -9.42815E+00  1.78188E+03
g plane_z_116
s 0
f  1001 1002 1003 1004
v -1.20000E+03  8.37456E+01 -2.79421E+02
v  1.20000E+03  8.37456E+01 -2.79421E+02
v  1.20000E+03 -9.42815E+00 -2.79421E+02
v -1.20000E+03 -9.42815E+00 -2.79421E+02
g plane_z_117
s 0
f  1005 1006 1007 1008
v -1.20000E+03  8.37456E+01  1.89550E+03
v  1.20000E+03  8.37456E+01  1.89550E+03
v  1.20000E+03 -9.42815E+00  1.89550E+03
v -1.20000E+03 -9.42815E+00  1.89550E+03
g plane_z_118
s 0
f  1009 1010 1011 1012
v -1.20000E+03  8.37456E+01 -4.22615E+01
v  1.20000E+03  8.37456E+01 -4.22615E+01
v  1.20000E+03 -9.42815E+00 -4.22615E+01
v -1.20000E+03 -9.42815E+00 -4.22615E+01
g plane_z_119
s 0
f  1013 1014 1015 1016
v -1.20000E+03  8.37456E+01  1.66447E+03
v  1.20000E+03  8.37456E+01  1.66447E+03
v  1.20000E+03 -9.42815E+00  1.66447E+03
v -1.20000E+03 -9.42815E+00  1.66447E+03
g plane_z_120
s 0
f  1017 1018 1019 1020
v -1.20000E+03  8.37456E+01  1.89649E+03
v  1.20000E+03  8.37456E+01  1.89649E+03
v  1.20000E+03 -9.42815E+00  1.89649E+03
v -1.20000E+03 -9.42815E+00  1.89649E+03
g plane_z_121
s 0
f  1021 1022 1023 1024
v -1.20000E+03 -1.61196E-01 -1.94936E+03
v  1.20000E+03 -1.61196E-01 -1.94936E+03
v  1.20000E+03 -1.61196E-01  1.95064E+03
v -1.20000E+03 -1.61196E-01  1.95064E+03
g plane_y_37
s 0
f  1025 1026 1027 1028
v -1.20000E+03 -1.70438E-01 -1.94936E+03
v  1.20000E+03 -1.70438E-01 -1.94936E+03
v  1.20000E+03 -1.70438E-01  1.95064E+03
v -1.20000E+03 -1.70438E-01  1.95064E+03
g plane_y_38
s 0
f  1029 1030 1031 1032
v -5.50265E+02 -9.42815E+00 -1.94936E+03
v -5.50265E+02  8.37456E+01 -1.94936E+03
v -5.50265E+02  8.37456E+01  1.95064E+03
v -5.50265E+02 -9.42815E+00  1.95064E+03
g plane_x_100
s 0
f  1033 1034 1035 1036
v -1.20000E+03 -8.95767E-02 -1.94936E+03
v  1.20000E+03 -8.95767E-02 -1.94936E+03
v  1.20000E+03 -8.95767E-02  1.95064E+03
v -1.20000E+03 -8.95767E-02  1.95064E+03
g plane_y_39
s 0
f  1037 1038 1039 1040
v -1.05016E+02 -9.42815E+00 -1.94936E+03
v -1.05016E+02  8.37456E+01 -1.94936E+03
v -1.05016E+02  8.37456E+01  1.95064E+03
v -1.05016E+02 -9.42815E+00  1.95064E+03
g plane_x_101
s 0
f  1041 1042 1043 1044
v -1.04240E+02 -9.42815E+00 -1.94936E+03
v -1.04240E+02  8.37456E+01 -1.94936E+03
v -1.04240E+02  8.37456E+01  1.95064E+03
v -1.04240E+02 -9.42815E+00  1.95064E+03
g plane_x_102
s 0
f  1045 1046 1047 1048
v -1.20000E+03 -1.75858E-01 -1.94936E+03
v  1.20000E+03 -1.75858E-01 -1.94936E+03
v  1.20000E+03 -1.75858E-01  1.95064E+03
v -1.20000E+03 -1.75858E-01  1.95064E+03
g plane_y_40
s 0
f  1049 1050 1051 1052
v -1.20000E+03 -1.65462E-01 -1.94936E+03
v  1.20000E+03 -1.65462E-01 -1.94936E+03
v  1.20000E+03 -1.65462E-01  1.95064E+03
v -1.20000E+03 -1.65462E-01  1.95064E+03
g plane_y_41
s 0
f  1053 1054 1055 1056
v -1.20000E+03 -1.75946E-01 -1.94936E+03
v  1.20000E+03 -1.75946E-01 -1.94936E+03
v  1.20000E+03 -1.75946E-01  1.95064E+03
v -1.20000E+03 -1.75946E-01  1.95064E+03
g plane_y_42
s 0
f  1057 1058 1059 1060
v -1.20000E+03 -1.52222E-01 -1.94936E+03
v  1.20000E+03 -1.52222E-01 -1.94936E+03
v  1.20000E+03 -1.52222E-01  1.95064E+03
v -1.20000E+03 -1.52222E-01  1.95064E+03
g plane_y_43
s 0
f  1061 1062 1063 1064
v -1.20000E+03  4.69361E+01 -1.94936E+03
v  1.20000E+03  4.69361E+01 -1.94936E+03
v  1.20000E+03  4.69361E+01  1.95064E+03
v -1.20000E+03  4.69361E+01  1.95064E+03
g plane_y_44
s 0
f  1065 1066 1067 1068
v -3.97067E+02 -9.42815E+00 -1.94936E+03
v -3.97067E+02  8.37456E+01 -1.94936E+03
v -3.97067E+02  8.37456E+01  1.95064E+03
v -3.97067E+02 -9.42815E+00  1.95064E+03
g plane_x_103
s 0
f  1069 1070 1071 1072
v -1.20000E+03 -1.59330E-01 -1.94936E+03
v  1.20000E+03 -1.59330E-01 -1.94936E+03
v  1.20000E+03 -1.59330E-01  1.95064E+03
v -1.20000E+03 -1.59330E-01  1.95064E+03
g plane_y_45
s 0
f  1073 1074 1075 1076
v -1.20000E+03 -1.65550E-01 -1.94936E+03
v  1.20000E+03 -1.65550E-01 -1.94936E+03
v  1.20000E+03 -1.65550E-01  1.95064E+03
v -1.20000E+03 -1.65550E-01  1.95064E+03
g plane_y_46
s 0
f  1077 1078 1079 1080
v -1.20000E+03 -1.59242E-01 -1.94936E+03
v  1.20000E+03 -1.59242E-01 -1.94936E+03
v  1.20000E+03 -1.59242E-01  1.95064E+03
v -1.20000E+03 -1.59242E-01  1.95064E+03
g plane_y_47
s 0
f  1081 1082 1083 1084
v -7.78634E+02 -9.42815E+00 -1.94936E+03
v -7.78634E+02  8.37456E+01 -1.94936E+03
v -7.78634E+02  8.37456E+01  1.95064E+03
v -7.78634E+02 -9.42815E+00  1.95064E+03
g plane_x_104
s 0
f  1085 1086 1087 1088
v -7.78705E+02 -9.42815E+00 -1.94936E+03
v -7.78705E+02  8.37456E+01 -1.94936E+03
v -7.78705E+02  8.37456E+01  1.95064E+03
v -7.78705E+02 -9.42815E+00  1.95064E+03
g plane_x_105
s 0
f  1089 1090 1091 1092
v -1.72356E+02 -9.42815E+00 -1.94936E+03
v -1.72356E+02  8.37456E+01 -1.94936E+03
v -1.72356E+02  8.37456E+01  1.95064E+03
v -1.72356E+02 -9.42815E+00  1.95064E+03
g plane_x_106
s 0
f  1093 1094 1095 1096
v -1.72427E+02 -9.42815E+00 -1.94936E+03
v -1.72427E+02  8.37456E+01 -1.94936E+03
v -1.72427E+02  8.37456E+01  1.95064E+03
v -1.72427E+02 -9.42815E+00  1.95064E+03
g plane_x_107
s 0
f  1097 1098 1099 1100
v -7.68051E+02 -9.42815E+00 -1.94936E+03
v -7.68051E+02  8.37456E+01 -1.94936E+03
v -7.68051E+02  8.37456E+01  1.95064E+03
v -7.68051E+02 -9.42815E+00  1.95064E+03
g plane_x_108
s 0
f  1101 1102 1103 1104
v -7.68060E+02 -9.42815E+00 -1.94936E+03
v -7.68060E+02  8.37456E+01 -1.94936E+03
v -7.68060E+02  8.37456E+01  1.95064E+03
v -7.68060E+02 -9.42815E+00  1.95064E+03
g plane_x_109
s 0
f  1105 1106 1107 1108
v -7.68300E+02 -9.42815E+00 -1.94936E+03
v -7.68300E+02  8.37456E+01 -1.94936E+03
v -7.68300E+02  8.37456E+01  1.95064E+03
v -7.68300E+02 -9.42815E+00  1.95064E+03
g plane_x_110
s 0
f  1109 1110 1111 1112
v -7.69202E+02 -9.42815E+00 -1.94936E+03
v -7.69202E+02  8.37456E+01 -1.94936E+03
v -7.69202E+02  8.37456E+01  1.95064E+03
v -7.69202E+02 -9.42815E+00  1.95064E+03
g plane_x_111
s 0
f  1113 1114 1115 1116
v -1.20000E+03 -1.58975E-01 -1.94936E+03
v  1.20000E+03 -1.58975E-01 -1.94936E+03
v  1.20000E+03 -1.58975E-01  1.95064E+03
v -1.20000E+03 -1.58975E-01  1.95064E+03
g plane_y_48
s 0
f  1117 1118 1119 1120
v -1.20000E+03 -1.98516E-01 -1.94936E+03
v  1.20000E+03 -1.98516E-01 -1.94936E+03
v  1.20000E+03 -1.98516E-01  1.95064E+03
v -1.20000E+03 -1.98516E-01  1.95064E+03
g plane_y_49
s 0
f  1121 1122 1123 1124
v -1.20000E+03 -1.56132E-01 -1.94936E+03
v  1.20000E+03 -1.56132E-01 -1.94936E+03
v  1.20000E+03 -1.56132E-01  1.95064E+03
v -1.20000E+03 -1.56132E-01  1.95064E+03
g plane_y_50
s 0
f  1125 1126 1127 1128
v -7.67339E+02 -9.42815E+00 -1.94936E+03
v -7.67339E+02  8.37456E+01 -1.94936E+03
v -7.67339E+02  8.37456E+01  1.95064E+03
v -7.67339E+02 -9.42815E+00  1.95064E+03
g plane_x_112
s 0
f  1129 1130 1131 1132
v -7.68238E+02 -9.42815E+00 -1.94936E+03
v -7.68238E+02  8.37456E+01 -1.94936E+03
v -7.68238E+02  8.37456E+01  1.95064E+03
v -7.68238E+02 -9.42815E+00  1.95064E+03
g plane_x_113
s 0
f  1133 1134 1135 1136
v -1.03840E+02 -9.42815E+00 -1.94936E+03
v -1.03840E+02  8.37456E+01 -1.94936E+03
v -1.03840E+02  8.37456E+01  1.95064E+03
v -1.03840E+02 -9.42815E+00  1.95064E+03
g plane_x_114
s 0
f  1137 1138 1139 1140
v -1.04405E+02 -9.42815E+00 -1.94936E+03
v -1.04405E+02  8.37456E+01 -1.94936E+03
v -1.04405E+02  8.37456E+01  1.95064E+03
v -1.04405E+02 -9.42815E+00  1.95064E+03
g plane_x_115
s 0
f  1141 1142 1143 1144
v -7.68808E+02 -9.42815E+00 -1.94936E+03
v -7.68808E+02  8.37456E+01 -1.94936E+03
v -7.68808E+02  8.37456E+01  1.95064E+03
v -7.68808E+02 -9.42815E+00  1.95064E+03
g plane_x_116
s 0
f  1145 1146 1147 1148
v -7.68820E+02 -9.42815E+00 -1.94936E+03
v -7.68820E+02  8.37456E+01 -1.94936E+03
v -7.68820E+02  8.37456E+01  1.95064E+03
v -7.68820E+02 -9.42815E+00  1.95064E+03
g plane_x_117
s 0
f  1149 1150 1151 1152
v -1.04588E+02 -9.42815E+00 -1.94936E+03
v -1.04588E+02  8.37456E+01 -1.94936E+03
v -1.04588E+02  8.37456E+01  1.95064E+03
v -1.04588E+02 -9.42815E+00  1.95064E+03
g plane_x_118
s 0
f  1153 1154 1155 1156
v -1.04707E+02 -9.42815E+00 -1.94936E+03
v -1.04707E+02  8.37456E+01 -1.94936E+03
v -1.04707E+02  8.37456E+01  1.95064E+03
v -1.04707E+02 -9.42815E+00  1.95064E+03
g plane_x_119
s 0
f  1157 1158 1159 1160
v -7.76316E+02 -9.42815E+00 -1.94936E+03
v -7.76316E+02  8.37456E+01 -1.94936E+03
v -7.76316E+02  8.37456E+01  1.95064E+03
v -7.76316E+02 -9.42815E+00  1.95064E+03
g plane_x_120
s 0
f  1161 1162 1163 1164
v -7.76245E+02 -9.42815E+00 -1.94936E+03
v -7.76245E+02  8.37456E+01 -1.94936E+03
v -7.76245E+02  8.37456E+01  1.95064E+03
v -7.76245E+02 -9.42815E+00  1.95064E+03
g plane_x_121
s 0
f  1165 1166 1167 1168
v -1.03375E+02 -9.42815E+00 -1.94936E+03
v -1.03375E+02  8.37456E+01 -1.94936E+03
v -1.03375E+02  8.37456E+01  1.95064E+03
v -1.03375E+02 -9.42815E+00  1.95064E+03
g plane_x_122
s 0
f  1169 1170 1171 1172
v -1.03940E+02 -9.42815E+00 -1.94936E+03
v -1.03940E+02  8.37456E+01 -1.94936E+03
v -1.03940E+02  8.37456E+01  1.95064E+03
v -1.03940E+02 -9.42815E+00  1.95064E+03
g plane_x_123
s 0
f  1173 1174 1175 1176
v -7.74276E+02 -9.42815E+00 -1.94936E+03
v -7.74276E+02  8.37456E+01 -1.94936E+03
v -7.74276E+02  8.37456E+01  1.95064E+03
v -7.74276E+02 -9.42815E+00  1.95064E+03
g plane_x_124
s 0
f  1177 1178 1179 1180
v -7.74347E+02 -9.42815E+00 -1.94936E+03
v -7.74347E+02  8.37456E+01 -1.94936E+03
v -7.74347E+02  8.37456E+01  1.95064E+03
v -7.74347E+02 -9.42815E+00  1.95064E+03
g plane_x_125
s 0
f  1181 1182 1183 1184
v -4.73136E+02 -9.42815E+00 -1.94936E+03
v -4.73136E+02  8.37456E+01 -1.94936E+03
v -4.73136E+02  8.37456E+01  1.95064E+03
v -4.73136E+02 -9.42815E+00  1.95064E+03
g plane_x_126
s 0
f  1185 1186 1187 1188
v -7.74835E+02 -9.42815E+00 -1.94936E+03
v -7.74835E+02  8.37456E+01 -1.94936E+03
v -7.74835E+02  8.37456E+01  1.95064E+03
v -7.74835E+02 -9.42815E+00  1.95064E+03
g plane_x_127
s 0
f  1189 1190 1191 1192
v -7.75727E+02 -9.42815E+00 -1.94936E+03
v -7.75727E+02  8.37456E+01 -1.94936E+03
v -7.75727E+02  8.37456E+01  1.95064E+03
v -7.75727E+02 -9.42815E+00  1.95064E+03
g plane_x_128
s 0
f  1193 1194 1195 1196
v -1.75981E+02 -9.42815E+00 -1.94936E+03
v -1.75981E+02  8.37456E+01 -1.94936E+03
v -1.75981E+02  8.37456E+01  1.95064E+03
v -1.75981E+02 -9.42815E+00  1.95064E+03
g plane_x_129
s 0
f  1197 1198 1199 1200
v -1.76052E+02 -9.42815E+00 -1.94936E+03
v -1.76052E+02  8.37456E+01 -1.94936E+03
v -1.76052E+02  8.37456E+01  1.95064E+03
v -1.76052E+02 -9.42815E+00  1.95064E+03
g plane_x_130
s 0
f  1201 1202 1203 1204
v -7.79380E+02 -9.42815E+00 -1.94936E+03
v -7.79380E+02  8.37456E+01 -1.94936E+03
v -7.79380E+02  8.37456E+01  1.95064E+03
v -7.79380E+02 -9.42815E+00  1.95064E+03
g plane_x_131
s 0
f  1205 1206 1207 1208
v -7.79085E+02 -9.42815E+00 -1.94936E+03
v -7.79085E+02  8.37456E+01 -1.94936E+03
v -7.79085E+02  8.37456E+01  1.95064E+03
v -7.79085E+02 -9.42815E+00  1.95064E+03
g plane_x_132
s 0
f  1209 1210 1211 1212
v -1.20000E+03  2.21969E+01 -1.94936E+03
v  1.20000E+03  2.21969E+01 -1.94936E+03
v  1.20000E+03  2.21969E+01  1.95064E+03
v -1.20000E+03  2.21969E+01  1.95064E+03
g plane_y_51
s 0
f  1213 1214 1215 1216
v -3.22347E+02 -9.42815E+00 -1.94936E+03
v -3.22347E+02  8.37456E+01 -1.94936E+03
v -3.22347E+02  8.37456E+01  1.95064E+03
v -3.22347E+02 -9.42815E+00  1.95064E+03
g plane_x_133
s 0
f  1217 1218 1219 1220
v -1.73102E+02 -9.42815E+00 -1.94936E+03
v -1.73102E+02  8.37456E+01 -1.94936E+03
v -1.73102E+02  8.37456E+01  1.95064E+03
v -1.73102E+02 -9.42815E+00  1.95064E+03
g plane_x_134
s 0
f  1221 1222 1223 1224
v -1.72807E+02 -9.42815E+00 -1.94936E+03
v -1.72807E+02  8.37456E+01 -1.94936E+03
v -1.72807E+02  8.37456E+01  1.95064E+03
v -1.72807E+02 -9.42815E+00  1.95064E+03
g plane_x_135
s 0
f  1225 1226 1227 1228
v -7.77902E+02 -9.42815E+00 -1.94936E+03
v -7.77902E+02  8.37456E+01 -1.94936E+03
v -7.77902E+02  8.37456E+01  1.95064E+03
v -7.77902E+02 -9.42815E+00  1.95064E+03
g plane_x_136
s 0
f  1229 1230 1231 1232
v -7.77831E+02 -9.42815E+00 -1.94936E+03
v -7.77831E+02  8.37456E+01 -1.94936E+03
v -7.77831E+02  8.37456E+01  1.95064E+03
v -7.77831E+02 -9.42815E+00  1.95064E+03
g plane_x_137
s 0
f  1233 1234 1235 1236
v -7.68026E+02 -9.42815E+00 -1.94936E+03
v -7.68026E+02  8.37456E+01 -1.94936E+03
v -7.68026E+02  8.37456E+01  1.95064E+03
v -7.68026E+02 -9.42815E+00  1.95064E+03
g plane_x_138
s 0
f  1237 1238 1239 1240
v -7.68389E+02 -9.42815E+00 -1.94936E+03
v -7.68389E+02  8.37456E+01 -1.94936E+03
v -7.68389E+02  8.37456E+01  1.95064E+03
v -7.68389E+02 -9.42815E+00  1.95064E+03
g plane_x_139
s 0
f  1241 1242 1243 1244
v -7.68392E+02 -9.42815E+00 -1.94936E+03
v -7.68392E+02  8.37456E+01 -1.94936E+03
v -7.68392E+02  8.37456E+01  1.95064E+03
v -7.68392E+02 -9.42815E+00  1.95064E+03
g plane_x_140
s 0
f  1245 1246 1247 1248
v -1.20000E+03 -1.70527E-01 -1.94936E+03
v  1.20000E+03 -1.70527E-01 -1.94936E+03
v  1.20000E+03 -1.70527E-01  1.95064E+03
v -1.20000E+03 -1.70527E-01  1.95064E+03
g plane_y_52
s 0
f  1249 1250 1251 1252
v -7.75000E+02 -9.42815E+00 -1.94936E+03
v -7.75000E+02  8.37456E+01 -1.94936E+03
v -7.75000E+02  8.37456E+01  1.95064E+03
v -7.75000E+02 -9.42815E+00  1.95064E+03
g plane_x_141
s 0
f  1253 1254 1255 1256
v -7.75716E+02 -9.42815E+00 -1.94936E+03
v -7.75716E+02  8.37456E+01 -1.94936E+03
v -7.75716E+02  8.37456E+01  1.95064E+03
v -7.75716E+02 -9.42815E+00  1.95064E+03
g plane_x_142
s 0
f  1257 1258 1259 1260
v -7.01670E+02 -9.42815E+00 -1.94936E+03
v -7.01670E+02  8.37456E+01 -1.94936E+03
v -7.01670E+02  8.37456E+01  1.95064E+03
v -7.01670E+02 -9.42815E+00  1.95064E+03
g plane_x_143
s 0
f  1261 1262 1263 1264
v -7.71983E+02 -9.42815E+00 -1.94936E+03
v -7.71983E+02  8.37456E+01 -1.94936E+03
v -7.71983E+02  8.37456E+01  1.95064E+03
v -7.71983E+02 -9.42815E+00  1.95064E+03
g plane_x_144
s 0
f  1265 1266 1267 1268
v -7.71912E+02 -9.42815E+00 -1.94936E+03
v -7.71912E+02  8.37456E+01 -1.94936E+03
v -7.71912E+02  8.37456E+01  1.95064E+03
v -7.71912E+02 -9.42815E+00  1.95064E+03
g plane_x_145
s 0
f  1269 1270 1271 1272
v -1.75224E+02 -9.42815E+00 -1.94936E+03
v -1.75224E+02  8.37456E+01 -1.94936E+03
v -1.75224E+02  8.37456E+01  1.95064E+03
v -1.75224E+02 -9.42815E+00  1.95064E+03
g plane_x_146
s 0
f  1273 1274 1275 1276
v -1.75155E+02 -9.42815E+00 -1.94936E+03
v -1.75155E+02  8.37456E+01 -1.94936E+03
v -1.75155E+02  8.37456E+01  1.95064E+03
v -1.75155E+02 -9.42815E+00  1.95064E+03
g plane_x_147
s 0
f  1277 1278 1279 1280
v -1.75324E+02 -9.42815E+00 -1.94936E+03
v -1.75324E+02  8.37456E+01 -1.94936E+03
v -1.75324E+02  8.37456E+01  1.95064E+03
v -1.75324E+02 -9.42815E+00  1.95064E+03
g plane_x_148
s 0
f  1281 1282 1283 1284
v -1.75256E+02 -9.42815E+00 -1.94936E+03
v -1.75256E+02  8.37456E+01 -1.94936E+03
v -1.75256E+02  8.37456E+01  1.95064E+03
v -1.75256E+02 -9.42815E+00  1.95064E+03
g plane_x_149
s 0
f  1285 1286 1287 1288
v -1.20000E+03 -3.47263E-01 -1.94936E+03
v  1.20000E+03 -3.47263E-01 -1.94936E+03
v  1.20000E+03 -3.47263E-01  1.95064E+03
v -1.20000E+03 -3.47263E-01  1.95064E+03
g plane_y_53
s 0
f  1289 1290 1291 1292
v -7.68785E+02 -9.42815E+00 -1.94936E+03
v -7.68785E+02  8.37456E+01 -1.94936E+03
v -7.68785E+02  8.37456E+01  1.95064E+03
v -7.68785E+02 -9.42815E+00  1.95064E+03
g plane_x_150
s 0
f  1293 1294 1295 1296
v -7.69147E+02 -9.42815E+00 -1.94936E+03
v -7.69147E+02  8.37456E+01 -1.94936E+03
v -7.69147E+02  8.37456E+01  1.95064E+03
v -7.69147E+02 -9.42815E+00  1.95064E+03
g plane_x_151
s 0
f  1297 1298 1299 1300
v -1.72983E+02 -9.42815E+00 -1.94936E+03
v -1.72983E+02  8.37456E+01 -1.94936E+03
v -1.72983E+02  8.37456E+01  1.95064E+03
v -1.72983E+02 -9.42815E+00  1.95064E+03
g plane_x_152
s 0
f  1301 1302 1303 1304
v -1.72992E+02 -9.42815E+00 -1.94936E+03
v -1.72992E+02  8.37456E+01 -1.94936E+03
v -1.72992E+02  8.37456E+01  1.95064E+03
v -1.72992E+02 -9.42815E+00  1.95064E+03
g plane_x_153
s 0
f  1305 1306 1307 1308
v -6.28050E+02 -9.42815E+00 -1.94936E+03
v -6.28050E+02  8.37456E+01 -1.94936E+03
v -6.28050E+02  8.37456E+01  1.95064E+03
v -6.28050E+02 -9.42815E+00  1.95064E+03
g plane_x_154
s 0
f  1309 1310 1311 1312
v -7.75016E+02 -9.42815E+00 -1.94936E+03
v -7.75016E+02  8.37456E+01 -1.94936E+03
v -7.75016E+02  8.37456E+01  1.95064E+03
v -7.75016E+02 -9.42815E+00  1.95064E+03
g plane_x_155
s 0
f  1313 1314 1315 1316
v -7.74723E+02 -9.42815E+00 -1.94936E+03
v -7.74723E+02  8.37456E+01 -1.94936E+03
v -7.74723E+02  8.37456E+01  1.95064E+03
v -7.74723E+02 -9.42815E+00  1.95064E+03
g plane_x_156
s 0
f  1317 1318 1319 1320
v -7.68575E+02 -9.42815E+00 -1.94936E+03
v -7.68575E+02  8.37456E+01 -1.94936E+03
v -7.68575E+02  8.37456E+01  1.95064E+03
v -7.68575E+02 -9.42815E+00  1.95064E+03
g plane_x_157
s 0
f  1321 1322 1323 1324
v -7.68662E+02 -9.42815E+00 -1.94936E+03
v -7.68662E+02  8.37456E+01 -1.94936E+03
v -7.68662E+02  8.37456E+01  1.95064E+03
v -7.68662E+02 -9.42815E+00  1.95064E+03
g plane_x_158
s 0
f  1325 1326 1327 1328
v -1.76718E+02 -9.42815E+00 -1.94936E+03
v -1.76718E+02  8.37456E+01 -1.94936E+03
v -1.76718E+02  8.37456E+01  1.95064E+03
v -1.76718E+02 -9.42815E+00  1.95064E+03
g plane_x_159
s 0
f  1329 1330 1331 1332
v -1.76425E+02 -9.42815E+00 -1.94936E+03
v -1.76425E+02  8.37456E+01 -1.94936E+03
v -1.76425E+02  8.37456E+01  1.95064E+03
v -1.76425E+02 -9.42815E+00  1.95064E+03
g plane_x_160
s 0
f  1333 1334 1335 1336
v -1.75979E+02 -9.42815E+00 -1.94936E+03
v -1.75979E+02  8.37456E+01 -1.94936E+03
v -1.75979E+02  8.37456E+01  1.95064E+03
v -1.75979E+02 -9.42815E+00  1.95064E+03
g plane_x_161
s 0
f  1337 1338 1339 1340
v -1.75988E+02 -9.42815E+00 -1.94936E+03
v -1.75988E+02  8.37456E+01 -1.94936E+03
v -1.75988E+02  8.37456E+01  1.95064E+03
v -1.75988E+02 -9.42815E+00  1.95064E+03
g plane_x_162
s 0
f  1341 1342 1343 1344
v -2.48692E+02 -9.42815E+00 -1.94936E+03
v -2.48692E+02  8.37456E+01 -1.94936E+03
v -2.48692E+02  8.37456E+01  1.95064E+03
v -2.48692E+02 -9.42815E+00  1.95064E+03
g plane_x_163
s 0
f  1345 1346 1347 1348
v -7.67614E+02 -9.42815E+00 -1.94936E+03
v -7.67614E+02  8.37456E+01 -1.94936E+03
v -7.67614E+02  8.37456E+01  1.95064E+03
v -7.67614E+02 -9.42815E+00  1.95064E+03
g plane_x_164
s 0
f  1349 1350 1351 1352
v -7.67701E+02 -9.42815E+00 -1.94936E+03
v -7.67701E+02  8.37456E+01 -1.94936E+03
v -7.67701E+02  8.37456E+01  1.95064E+03
v -7.67701E+02 -9.42815E+00  1.95064E+03
g plane_x_165
s 0
f  1353 1354 1355 1356
v -7.70001E+02 -9.42815E+00 -1.94936E+03
v -7.70001E+02  8.37456E+01 -1.94936E+03
v -7.70001E+02  8.37456E+01  1.95064E+03
v -7.70001E+02 -9.42815E+00  1.95064E+03
g plane_x_166
s 0
f  1357 1358 1359 1360
v -7.69538E+02 -9.42815E+00 -1.94936E+03
v -7.69538E+02  8.37456E+01 -1.94936E+03
v -7.69538E+02  8.37456E+01  1.95064E+03
v -7.69538E+02 -9.42815E+00  1.95064E+03
g plane_x_167
s 0
f  1361 1362 1363 1364
v -7.68790E+02 -9.42815E+00 -1.94936E+03
v -7.68790E+02  8.37456E+01 -1.94936E+03
v -7.68790E+02  8.37456E+01  1.95064E+03
v -7.68790E+02 -9.42815E+00  1.95064E+03
g plane_x_168
s 0
f  1365 1366 1367 1368
v -7.69104E+02 -9.42815E+00 -1.94936E+03
v -7.69104E+02  8.37456E+01 -1.94936E+03
v -7.69104E+02  8.37456E+01  1.95064E+03
v -7.69104E+02 -9.42815E+00  1.95064E+03
g plane_x_169
s 0
f  1369 1370 1371 1372
v -1.76270E+02 -9.42815E+00 -1.94936E+03
v -1.76270E+02  8.37456E+01 -1.94936E+03
v -1.76270E+02  8.37456E+01  1.95064E+03
v -1.76270E+02 -9.42815E+00  1.95064E+03
g plane_x_170
s 0
f  1373 1374 1375 1376
v -1.20000E+03 -4.37010E-01 -1.94936E+03
v  1.20000E+03 -4.37010E-01 -1.94936E+03
v  1.20000E+03 -4.37010E-01  1.95064E+03
v -1.20000E+03 -4.37010E-01  1.95064E+03
g plane_y_54
s 0
f  1377 1378 1379 1380
v -7.74716E+02 -9.42815E+00 -1.94936E+03
v -7.74716E+02  8.37456E+01 -1.94936E+03
v -7.74716E+02  8.37456E+01  1.95064E+03
v -7.74716E+02 -9.42815E+00  1.95064E+03
g plane_x_171
s 0
f  1381 1382 1383 1384
v -7.75416E+02 -9.42815E+00 -1.94936E+03
v -7.75416E+02  8.37456E+01 -1.94936E+03
v -7.75416E+02  8.37456E+01  1.95064E+03
v -7.75416E+02 -9.42815E+00  1.95064E+03
g plane_x_172
s 0
f  1385 1386 1387 1388
v -1.72958E+02 -9.42815E+00 -1.94936E+03
v -1.72958E+02  8.37456E+01 -1.94936E+03
v -1.72958E+02  8.37456E+01  1.95064E+03
v -1.72958E+02 -9.42815E+00  1.95064E+03
g plane_x_173
s 0
f  1389 1390 1391 1392
v -1.73315E+02 -9.42815E+00 -1.94936E+03
v -1.73315E+02  8.37456E+01 -1.94936E+03
v -1.73315E+02  8.37456E+01  1.95064E+03
v -1.73315E+02 -9.42815E+00  1.95064E+03
g plane_x_174
s 0
f  1393 1394 1395 1396
v -7.74913E+02 -9.42815E+00 -1.94936E+03
v -7.74913E+02  8.37456E+01 -1.94936E+03
v -7.74913E+02  8.37456E+01  1.95064E+03
v -7.74913E+02 -9.42815E+00  1.95064E+03
g plane_x_175
s 0
f  1397 1398 1399 1400
v -7.75192E+02 -9.42815E+00 -1.94936E+03
v -7.75192E+02  8.37456E+01 -1.94936E+03
v -7.75192E+02  8.37456E+01  1.95064E+03
v -7.75192E+02 -9.42815E+00  1.95064E+03
g plane_x_176
s 0
f  1401 1402 1403 1404
v -1.70561E+02 -9.42815E+00 -1.94936E+03
v -1.70561E+02  8.37456E+01 -1.94936E+03
v -1.70561E+02  8.37456E+01  1.95064E+03
v -1.70561E+02 -9.42815E+00  1.95064E+03
g plane_x_177
s 0
f  1405 1406 1407 1408
v -1.70570E+02 -9.42815E+00 -1.94936E+03
v -1.70570E+02  8.37456E+01 -1.94936E+03
v -1.70570E+02  8.37456E+01  1.95064E+03
v -1.70570E+02 -9.42815E+00  1.95064E+03
g plane_x_178
s 0
f  1409 1410 1411 1412
v -7.76309E+02 -9.42815E+00 -1.94936E+03
v -7.76309E+02  8.37456E+01 -1.94936E+03
v -7.76309E+02  8.37456E+01  1.95064E+03
v -7.76309E+02 -9.42815E+00  1.95064E+03
g plane_x_179
s 0
f  1413 1414 1415 1416
v -7.77007E+02 -9.42815E+00 -1.94936E+03
v -7.77007E+02  8.37456E+01 -1.94936E+03
v -7.77007E+02  8.37456E+01  1.95064E+03
v -7.77007E+02 -9.42815E+00  1.95064E+03
g plane_x_180
s 0
f  1417 1418 1419 1420
v -1.75954E+02 -9.42815E+00 -1.94936E+03
v -1.75954E+02  8.37456E+01 -1.94936E+03
v -1.75954E+02  8.37456E+01  1.95064E+03
v -1.75954E+02 -9.42815E+00  1.95064E+03
g plane_x_181
s 0
f  1421 1422 1423 1424
v -1.76308E+02 -9.42815E+00 -1.94936E+03
v -1.76308E+02  8.37456E+01 -1.94936E+03
v -1.76308E+02  8.37456E+01  1.95064E+03
v -1.76308E+02 -9.42815E+00  1.95064E+03
g plane_x_182
s 0
f  1425 1426 1427 1428
v -7.70397E+02 -9.42815E+00 -1.94936E+03
v -7.70397E+02  8.37456E+01 -1.94936E+03
v -7.70397E+02  8.37456E+01  1.95064E+03
v -7.70397E+02 -9.42815E+00  1.95064E+03
g plane_x_183
s 0
f  1429 1430 1431 1432
v -7.71090E+02 -9.42815E+00 -1.94936E+03
v -7.71090E+02  8.37456E+01 -1.94936E+03
v -7.71090E+02  8.37456E+01  1.95064E+03
v -7.71090E+02 -9.42815E+00  1.95064E+03
g plane_x_184
s 0
f  1433 1434 1435 1436
v -1.73640E+02 -9.42815E+00 -1.94936E+03
v -1.73640E+02  8.37456E+01 -1.94936E+03
v -1.73640E+02  8.37456E+01  1.95064E+03
v -1.73640E+02 -9.42815E+00  1.95064E+03
g plane_x_185
s 0
f  1437 1438 1439 1440
v -1.74333E+02 -9.42815E+00 -1.94936E+03
v -1.74333E+02  8.37456E+01 -1.94936E+03
v -1.74333E+02  8.37456E+01  1.95064E+03
v -1.74333E+02 -9.42815E+00  1.95064E+03
g plane_x_186
s 0
f  1441 1442 1443 1444
v -1.71172E+02 -9.42815E+00 -1.94936E+03
v -1.71172E+02  8.37456E+01 -1.94936E+03
v -1.71172E+02  8.37456E+01  1.95064E+03
v -1.71172E+02 -9.42815E+00  1.95064E+03
g plane_x_187
s 0
f  1445 1446 1447 1448
v -1.71182E+02 -9.42815E+00 -1.94936E+03
v -1.71182E+02  8.37456E+01 -1.94936E+03
v -1.71182E+02  8.37456E+01  1.95064E+03
v -1.71182E+02 -9.42815E+00  1.95064E+03
g plane_x_188
s 0
f  1449 1450 1451 1452
v -1.69479E+02 -9.42815E+00 -1.94936E+03
v -1.69479E+02  8.37456E+01 -1.94936E+03
v -1.69479E+02  8.37456E+01  1.95064E+03
v -1.69479E+02 -9.42815E+00  1.95064E+03
g plane_x_189
s 0
f  1453 1454 1455 1456
v -1.69490E+02 -9.42815E+00 -1.94936E+03
v -1.69490E+02  8.37456E+01 -1.94936E+03
v -1.69490E+02  8.37456E+01  1.95064E+03
v -1.69490E+02 -9.42815E+00  1.95064E+03
g plane_x_190
s 0
f  1457 1458 1459 1460
v -1.73743E+02 -9.42815E+00 -1.94936E+03
v -1.73743E+02  8.37456E+01 -1.94936E+03
v -1.73743E+02  8.37456E+01  1.95064E+03
v -1.73743E+02 -9.42815E+00  1.95064E+03
g plane_x_191
s 0
f  1461 1462 1463 1464
v -1.74434E+02 -9.42815E+00 -1.94936E+03
v -1.74434E+02  8.37456E+01 -1.94936E+03
v -1.74434E+02  8.37456E+01  1.95064E+03
v -1.74434E+02 -9.42815E+00  1.95064E+03
g plane_x_192
s 0
f  1465 1466 1467 1468
v -1.70538E+02 -9.42815E+00 -1.94936E+03
v -1.70538E+02  8.37456E+01 -1.94936E+03
v -1.70538E+02  8.37456E+01  1.95064E+03
v -1.70538E+02 -9.42815E+00  1.95064E+03
g plane_x_193
s 0
f  1469 1470 1471 1472
v -1.70886E+02 -9.42815E+00 -1.94936E+03
v -1.70886E+02  8.37456E+01 -1.94936E+03
v -1.70886E+02  8.37456E+01  1.95064E+03
v -1.70886E+02 -9.42815E+00  1.95064E+03
g plane_x_194
s 0
f  1473 1474 1475 1476
v -1.66350E+02 -9.42815E+00 -1.94936E+03
v -1.66350E+02  8.37456E+01 -1.94936E+03
v -1.66350E+02  8.37456E+01  1.95064E+03
v -1.66350E+02 -9.42815E+00  1.95064E+03
g plane_x_195
s 0
f  1477 1478 1479 1480
v -1.67203E+02 -9.42815E+00 -1.94936E+03
v -1.67203E+02  8.37456E+01 -1.94936E+03
v -1.67203E+02  8.37456E+01  1.95064E+03
v -1.67203E+02 -9.42815E+00  1.95064E+03
g plane_x_196
s 0
f  1481 1482 1483 1484
v -1.20000E+03  8.37456E+01  1.92400E+03
v  1.20000E+03  8.37456E+01  1.92400E+03
v  1.20000E+03 -9.42815E+00  1.92400E+03
v -1.20000E+03 -9.42815E+00  1.92400E+03
g plane_z_122
s 0
f  1485 1486 1487 1488
v -7.69630E+02 -9.42815E+00 -1.94936E+03
v -7.69630E+02  8.37456E+01 -1.94936E+03
v -7.69630E+02  8.37456E+01  1.95064E+03
v -7.69630E+02 -9.42815E+00  1.95064E+03
g plane_x_197
s 0
f  1489 1490 1491 1492
v -7.68886E+02 -9.42815E+00 -1.94936E+03
v -7.68886E+02  8.37456E+01 -1.94936E+03
v -7.68886E+02  8.37456E+01  1.95064E+03
v -7.68886E+02 -9.42815E+00  1.95064E+03
g plane_x_198
s 0
f  1493 1494 1495 1496
v -7.68811E+02 -9.42815E+00 -1.94936E+03
v -7.68811E+02  8.37456E+01 -1.94936E+03
v -7.68811E+02  8.37456E+01  1.95064E+03
v -7.68811E+02 -9.42815E+00  1.95064E+03
g plane_x_199
s 0
f  1497 1498 1499 1500
v -1.71149E+02 -9.42815E+00 -1.94936E+03
v -1.71149E+02  8.37456E+01 -1.94936E+03
v -1.71149E+02  8.37456E+01  1.95064E+03
v -1.71149E+02 -9.42815E+00  1.95064E+03
g plane_x_200
s 0
f  1501 1502 1503 1504
v -1.71497E+02 -9.42815E+00 -1.94936E+03
v -1.71497E+02  8.37456E+01 -1.94936E+03
v -1.71497E+02  8.37456E+01  1.95064E+03
v -1.71497E+02 -9.42815E+00  1.95064E+03
g plane_x_201
s 0
f  1505 1506 1507 1508
v -1.69456E+02 -9.42815E+00 -1.94936E+03
v -1.69456E+02  8.37456E+01 -1.94936E+03
v -1.69456E+02  8.37456E+01  1.95064E+03
v -1.69456E+02 -9.42815E+00  1.95064E+03
g plane_x_202
s 0
f  1509 1510 1511 1512
v -1.69804E+02 -9.42815E+00 -1.94936E+03
v -1.69804E+02  8.37456E+01 -1.94936E+03
v -1.69804E+02  8.37456E+01  1.95064E+03
v -1.69804E+02 -9.42815E+00  1.95064E+03
g plane_x_203
s 0
f  1513 1514 1515 1516
v -1.66760E+02 -9.42815E+00 -1.94936E+03
v -1.66760E+02  8.37456E+01 -1.94936E+03
v -1.66760E+02  8.37456E+01  1.95064E+03
v -1.66760E+02 -9.42815E+00  1.95064E+03
g plane_x_204
s 0
f  1517 1518 1519 1520
v -1.66693E+02 -9.42815E+00 -1.94936E+03
v -1.66693E+02  8.37456E+01 -1.94936E+03
v -1.66693E+02  8.37456E+01  1.95064E+03
v -1.66693E+02 -9.42815E+00  1.95064E+03
g plane_x_205
s 0
f  1521 1522 1523 1524
v -1.20000E+03  8.37456E+01  4.91412E+01
v  1.20000E+03  8.37456E+01  4.91412E+01
v  1.20000E+03 -9.42815E+00  4.91412E+01
v -1.20000E+03 -9.42815E+00  4.91412E+01
g plane_z_123
s 0
f  1525 1526 1527 1528
v -1.20000E+03  8.37456E+01 -1.53499E+03
v  1.20000E+03  8.37456E+01 -1.53499E+03
v  1.20000E+03 -9.42815E+00 -1.53499E+03
v -1.20000E+03 -9.42815E+00 -1.53499E+03
g plane_z_124
s 0
f  1529 1530 1531 1532
v -1.20000E+03  8.37456E+01 -1.53633E+03
v  1.20000E+03  8.37456E+01 -1.53633E+03
v  1.20000E+03 -9.42815E+00 -1.53633E+03
v -1.20000E+03 -9.42815E+00 -1.53633E+03
g plane_z_125
s 0
f  1533 1534 1535 1536
v -1.20000E+03  9.81004E+00 -1.94936E+03
v  1.20000E+03  9.81004E+00 -1.94936E+03
v  1.20000E+03  9.81004E+00  1.95064E+03
v -1.20000E+03  9.81004E+00  1.95064E+03
g plane_y_55
s 0
f  1537 1538 1539 1540
v -1.20000E+03  8.37456E+01 -9.21858E+02
v  1.20000E+03  8.37456E+01 -9.21858E+02
v  1.20000E+03 -9.42815E+00 -9.21858E+02
v -1.20000E+03 -9.42815E+00 -9.21858E+02
g plane_z_126
s 0
f  1541 1542 1543 1544
v -1.20000E+03  9.18973E+00 -1.94936E+03
v  1.20000E+03  9.18973E+00 -1.94936E+03
v  1.20000E+03  9.18973E+00  1.95064E+03
v -1.20000E+03  9.18973E+00  1.95064E+03
g plane_y_56
s 0
f  1545 1546 1547 1548
v -1.20000E+03  8.37456E+01  1.02314E+03
v  1.20000E+03  8.37456E+01  1.02314E+03
v  1.20000E+03 -9.42815E+00  1.02314E+03
v -1.20000E+03 -9.42815E+00  1.02314E+03
g plane_z_127
s 0
f  1549 1550 1551 1552
v -1.20000E+03  8.37456E+01  1.13184E+02
v  1.20000E+03  8.37456E+01  1.13184E+02
v  1.20000E+03 -9.42815E+00  1.13184E+02
v -1.20000E+03 -9.42815E+00  1.13184E+02
g plane_z_128
s 0
f  1553 1554 1555 1556
v -1.20000E+03  9.70537E+00 -1.94936E+03
v  1.20000E+03  9.70537E+00 -1.94936E+03
v  1.20000E+03  9.70537E+00  1.95064E+03
v -1.20000E+03  9.70537E+00  1.95064E+03
g plane_y_57
s 0
f  1557 1558 1559 1560
v -1.20000E+03  8.37456E+01 -4.27856E+02
v  1.20000E+03  8.37456E+01 -4.27856E+02
v  1.20000E+03 -9.42815E+00 -4.27856E+02
v -1.20000E+03 -9.42815E+00 -4.27856E+02
g plane_z_129
s 0
f  1561 1562 1563 1564
v -1.20000E+03  8.37456E+01 -9.20857E+02
v  1.20000E+03  8.37456E+01 -9.20857E+02
v  1.20000E+03 -9.42815E+00 -9.20857E+02
v -1.20000E+03 -9.42815E+00 -9.20857E+02
g plane_z_130
s 0
f  1565 1566 1567 1568
v -1.20000E+03  8.37456E+01  1.02414E+03
v  1.20000E+03  8.37456E+01  1.02414E+03
v  1.20000E+03 -9.42815E+00  1.02414E+03
v -1.20000E+03 -9.42815E+00  1.02414E+03
g plane_z_131
s 0
f  1569 1570 1571 1572
v -1.20000E+03  9.36664E+00 -1.94936E+03
v  1.20000E+03  9.36664E+00 -1.94936E+03
v  1.20000E+03  9.36664E+00  1.95064E+03
v -1.20000E+03  9.36664E+00  1.95064E+03
g plane_y_58
s 0
f  1573 1574 1575 1576
v -1.20000E+03  8.37456E+01  1.27147E+03
v  1.20000E+03  8.37456E+01  1.27147E+03
v  1.20000E+03 -9.42815E+00  1.27147E+03
v -1.20000E+03 -9.42815E+00  1.27147E+03
g plane_z_132
s 0
f  1577 1578 1579 1580
v -1.20000E+03  9.86558E+00 -1.94936E+03
v  1.20000E+03  9.86558E+00 -1.94936E+03
v  1.20000E+03  9.86558E+00  1.95064E+03
v -1.20000E+03  9.86558E+00  1.95064E+03
g plane_y_59
s 0
f  1581 1582 1583 1584
v -1.20000E+03  8.37456E+01 -6.73533E+02
v  1.20000E+03  8.37456E+01 -6.73533E+02
v  1.20000E+03 -9.42815E+00 -6.73533E+02
v -1.20000E+03 -9.42815E+00 -6.73533E+02
g plane_z_133
s 0
f  1585 1586 1587 1588
v -1.20000E+03  8.37456E+01  1.76034E+02
v  1.20000E+03  8.37456E+01  1.76034E+02
v  1.20000E+03 -9.42815E+00  1.76034E+02
v -1.20000E+03 -9.42815E+00  1.76034E+02
g plane_z_134
s 0
f  1589 1590 1591 1592
v -1.20000E+03  1.69705E+01 -1.94936E+03
v  1.20000E+03  1.69705E+01 -1.94936E+03
v  1.20000E+03  1.69705E+01  1.95064E+03
v -1.20000E+03  1.69705E+01  1.95064E+03
g plane_y_60
s 0
f  1593 1594 1595 1596
v -1.20000E+03  8.37456E+01  1.51714E+03
v  1.20000E+03  8.37456E+01  1.51714E+03
v  1.20000E+03 -9.42815E+00  1.51714E+03
v -1.20000E+03 -9.42815E+00  1.51714E+03
g plane_z_135
s 0
f  1597 1598 1599 1600
v -1.20000E+03  8.37456E+01  4.20885E+02
v  1.20000E+03  8.37456E+01  4.20885E+02
v  1.20000E+03 -9.42815E+00  4.20885E+02
v -1.20000E+03 -9.42815E+00  4.20885E+02
g plane_z_136
s 0
f  1601 1602 1603 1604
v -1.20000E+03  8.37456E+01  2.97697E+02
v  1.20000E+03  8.37456E+01  2.97697E+02
v  1.20000E+03 -9.42815E+00  2.97697E+02
v -1.20000E+03 -9.42815E+00  2.97697E+02
g plane_z_137
s 0
f  1605 1606 1607 1608
v -1.20000E+03  8.37456E+01 -1.41186E+03
v  1.20000E+03  8.37456E+01 -1.41186E+03
v  1.20000E+03 -9.42815E+00 -1.41186E+03
v -1.20000E+03 -9.42815E+00 -1.41186E+03
g plane_z_138
s 0
f  1609 1610 1611 1612
v -1.20000E+03  8.37456E+01  7.83527E+02
v  1.20000E+03  8.37456E+01  7.83527E+02
v  1.20000E+03 -9.42815E+00  7.83527E+02
v -1.20000E+03 -9.42815E+00  7.83527E+02
g plane_z_139
s 0
f  1613 1614 1615 1616
v -1.20000E+03  8.37456E+01  1.13705E+02
v  1.20000E+03  8.37456E+01  1.13705E+02
v  1.20000E+03 -9.42815E+00  1.13705E+02
v -1.20000E+03 -9.42815E+00  1.13705E+02
g plane_z_140
s 0
f  1617 1618 1619 1620
v -1.20000E+03  8.37456E+01  1.08869E+03
v  1.20000E+03  8.37456E+01  1.08869E+03
v  1.20000E+03 -9.42815E+00  1.08869E+03
v -1.20000E+03 -9.42815E+00  1.08869E+03
g plane_z_141
s 0
f  1621 1622 1623 1624
v -1.20000E+03  8.37456E+01 -8.56308E+02
v  1.20000E+03  8.37456E+01 -8.56308E+02
v  1.20000E+03 -9.42815E+00 -8.56308E+02
v -1.20000E+03 -9.42815E+00 -8.56308E+02
g plane_z_142
s 0
f  1625 1626 1627 1628
v -1.20000E+03  8.37456E+01  2.99359E+02
v  1.20000E+03  8.37456E+01  2.99359E+02
v  1.20000E+03 -9.42815E+00  2.99359E+02
v -1.20000E+03 -9.42815E+00  2.99359E+02
g plane_z_143
s 0
f  1629 1630 1631 1632
v -1.20000E+03  8.37456E+01 -6.69687E+02
v  1.20000E+03  8.37456E+01 -6.69687E+02
v  1.20000E+03 -9.42815E+00 -6.69687E+02
v -1.20000E+03 -9.42815E+00 -6.69687E+02
g plane_z_144
s 0
f  1633 1634 1635 1636
v -1.20000E+03  8.37456E+01  1.27531E+03
v  1.20000E+03  8.37456E+01  1.27531E+03
v  1.20000E+03 -9.42815E+00  1.27531E+03
v -1.20000E+03 -9.42815E+00  1.27531E+03
g plane_z_145
s 0
f  1637 1638 1639 1640
v -1.20000E+03  9.82719E+00 -1.94936E+03
v  1.20000E+03  9.82719E+00 -1.94936E+03
v  1.20000E+03  9.82719E+00  1.95064E+03
v -1.20000E+03  9.82719E+00  1.95064E+03
g plane_y_61
s 0
f  1641 1642 1643 1644
v -1.20000E+03  8.37456E+01 -3.65884E+02
v  1.20000E+03  8.37456E+01 -3.65884E+02
v  1.20000E+03 -9.42815E+00 -3.65884E+02
v -1.20000E+03 -9.42815E+00 -3.65884E+02
g plane_z_146
s 0
f  1645 1646 1647 1648
v -1.20000E+03  8.37456E+01  3.61335E+02
v  1.20000E+03  8.37456E+01  3.61335E+02
v  1.20000E+03 -9.42815E+00  3.61335E+02
v -1.20000E+03 -9.42815E+00  3.61335E+02
g plane_z_147
s 0
f  1649 1650 1651 1652
v -1.20000E+03  2.14953E+01 -1.94936E+03
v  1.20000E+03  2.14953E+01 -1.94936E+03
v  1.20000E+03  2.14953E+01  1.95064E+03
v -1.20000E+03  2.14953E+01  1.95064E+03
g plane_y_62
s 0
f  1653 1654 1655 1656
v -1.20000E+03  8.37456E+01 -7.97115E+02
v  1.20000E+03  8.37456E+01 -7.97115E+02
v  1.20000E+03 -9.42815E+00 -7.97115E+02
v -1.20000E+03 -9.42815E+00 -7.97115E+02
g plane_z_148
s 0
f  1657 1658 1659 1660
v -1.20000E+03  9.22802E+00 -1.94936E+03
v  1.20000E+03  9.22802E+00 -1.94936E+03
v  1.20000E+03  9.22802E+00  1.95064E+03
v -1.20000E+03  9.22802E+00  1.95064E+03
g plane_y_63
s 0
f  1661 1662 1663 1664
v -1.20000E+03  8.37456E+01  1.14788E+03
v  1.20000E+03  8.37456E+01  1.14788E+03
v  1.20000E+03 -9.42815E+00  1.14788E+03
v -1.20000E+03 -9.42815E+00  1.14788E+03
g plane_z_149
s 0
f  1665 1666 1667 1668
v -1.20000E+03  8.37456E+01 -1.53501E+03
v  1.20000E+03  8.37456E+01 -1.53501E+03
v  1.20000E+03 -9.42815E+00 -1.53501E+03
v -1.20000E+03 -9.42815E+00 -1.53501E+03
g plane_z_150
s 0
f  1669 1670 1671 1672
v -1.20000E+03  8.37456E+01  1.76376E+02
v  1.20000E+03  8.37456E+01  1.76376E+02
v  1.20000E+03 -9.42815E+00  1.76376E+02
v -1.20000E+03 -9.42815E+00  1.76376E+02
g plane_z_151
s 0
f  1673 1674 1675 1676
v -1.20000E+03  8.37456E+01  1.15135E+03
v  1.20000E+03  8.37456E+01  1.15135E+03
v  1.20000E+03 -9.42815E+00  1.15135E+03
v -1.20000E+03 -9.42815E+00  1.15135E+03
g plane_z_152
s 0
f  1677 1678 1679 1680
v -1.20000E+03  8.37456E+01 -7.93649E+02
v  1.20000E+03  8.37456E+01 -7.93649E+02
v  1.20000E+03 -9.42815E+00 -7.93649E+02
v -1.20000E+03 -9.42815E+00 -7.93649E+02
g plane_z_153
s 0
f  1681 1682 1683 1684
v -1.20000E+03  8.37456E+01  5.42143E+02
v  1.20000E+03  8.37456E+01  5.42143E+02
v  1.20000E+03 -9.42815E+00  5.42143E+02
v -1.20000E+03 -9.42815E+00  5.42143E+02
g plane_z_154
s 0
f  1685 1686 1687 1688
v -1.20000E+03  3.05360E+01 -1.94936E+03
v  1.20000E+03  3.05360E+01 -1.94936E+03
v  1.20000E+03  3.05360E+01  1.95064E+03
v -1.20000E+03  3.05360E+01  1.95064E+03
g plane_y_64
s 0
f  1689 1690 1691 1692
v -1.20000E+03  8.37456E+01  1.57879E+03
v  1.20000E+03  8.37456E+01  1.57879E+03
v  1.20000E+03 -9.42815E+00  1.57879E+03
v -1.20000E+03 -9.42815E+00  1.57879E+03
g plane_z_155
s 0
f  1693 1694 1695 1696
v -1.20000E+03  8.37456E+01 -1.53521E+03
v  1.20000E+03  8.37456E+01 -1.53521E+03
v  1.20000E+03 -9.42815E+00 -1.53521E+03
v -1.20000E+03 -9.42815E+00 -1.53521E+03
g plane_z_156
s 0
f  1697 1698 1699 1700
v -1.20000E+03  8.37456E+01  3.59073E+02
v  1.20000E+03  8.37456E+01  3.59073E+02
v  1.20000E+03 -9.42815E+00  3.59073E+02
v -1.20000E+03 -9.42815E+00  3.59073E+02
g plane_z_157
s 0
f  1701 1702 1703 1704
v -1.20000E+03  8.37456E+01 -3.04954E+02
v  1.20000E+03  8.37456E+01 -3.04954E+02
v  1.20000E+03 -9.42815E+00 -3.04954E+02
v -1.20000E+03 -9.42815E+00 -3.04954E+02
g plane_z_158
s 0
f  1705 1706 1707 1708
v -1.20000E+03  8.37456E+01 -8.58172E+02
v  1.20000E+03  8.37456E+01 -8.58172E+02
v  1.20000E+03 -9.42815E+00 -8.58172E+02
v -1.20000E+03 -9.42815E+00 -8.58172E+02
g plane_z_159
s 0
f  1709 1710 1711 1712
v -1.20000E+03  8.37456E+01  1.08683E+03
v  1.20000E+03  8.37456E+01  1.08683E+03
v  1.20000E+03 -9.42815E+00  1.08683E+03
v -1.20000E+03 -9.42815E+00  1.08683E+03
g plane_z_160
s 0
f  1713 1714 1715 1716
v -1.20000E+03  8.37456E+01  6.03761E+02
v  1.20000E+03  8.37456E+01  6.03761E+02
v  1.20000E+03 -9.42815E+00  6.03761E+02
v -1.20000E+03 -9.42815E+00  6.03761E+02
g plane_z_161
s 0
f  1717 1718 1719 1720
v -1.20000E+03  8.37456E+01 -1.16392E+03
v  1.20000E+03  8.37456E+01 -1.16392E+03
v  1.20000E+03 -9.42815E+00 -1.16392E+03
v -1.20000E+03 -9.42815E+00 -1.16392E+03
g plane_z_162
s 0
f  1721 1722 1723 1724
v -1.20000E+03  8.37456E+01  2.38109E+02
v  1.20000E+03  8.37456E+01  2.38109E+02
v  1.20000E+03 -9.42815E+00  2.38109E+02
v -1.20000E+03 -9.42815E+00  2.38109E+02
g plane_z_163
s 0
f  1725 1726 1727 1728
v -1.20000E+03  8.37456E+01  1.21307E+03
v  1.20000E+03  8.37456E+01  1.21307E+03
v  1.20000E+03 -9.42815E+00  1.21307E+03
v -1.20000E+03 -9.42815E+00  1.21307E+03
g plane_z_164
s 0
f  1729 1730 1731 1732
v -1.20000E+03  8.37456E+01 -7.31926E+02
v  1.20000E+03  8.37456E+01 -7.31926E+02
v  1.20000E+03 -9.42815E+00 -7.31926E+02
v -1.20000E+03 -9.42815E+00 -7.31926E+02
g plane_z_165
s 0
f  1733 1734 1735 1736
v -1.20000E+03  8.37456E+01  2.37090E+02
v  1.20000E+03  8.37456E+01  2.37090E+02
v  1.20000E+03 -9.42815E+00  2.37090E+02
v -1.20000E+03 -9.42815E+00  2.37090E+02
g plane_z_166
s 0
f  1737 1738 1739 1740
v -1.20000E+03  9.50881E+00 -1.94936E+03
v  1.20000E+03  9.50881E+00 -1.94936E+03
v  1.20000E+03  9.50881E+00  1.95064E+03
v -1.20000E+03  9.50881E+00  1.95064E+03
g plane_y_65
s 0
f  1741 1742 1743 1744
v -1.20000E+03  8.37456E+01  1.39537E+03
v  1.20000E+03  8.37456E+01  1.39537E+03
v  1.20000E+03 -9.42815E+00  1.39537E+03
v -1.20000E+03 -9.42815E+00  1.39537E+03
g plane_z_167
s 0
f  1745 1746 1747 1748
v -1.20000E+03  9.83608E+00 -1.94936E+03
v  1.20000E+03  9.83608E+00 -1.94936E+03
v  1.20000E+03  9.83608E+00  1.95064E+03
v -1.20000E+03  9.83608E+00  1.95064E+03
g plane_y_66
s 0
f  1749 1750 1751 1752
v -1.20000E+03  8.37456E+01 -5.49627E+02
v  1.20000E+03  8.37456E+01 -5.49627E+02
v  1.20000E+03 -9.42815E+00 -5.49627E+02
v -1.20000E+03 -9.42815E+00 -5.49627E+02
g plane_z_168
s 0
f  1753 1754 1755 1756
v -1.20000E+03  8.37456E+01 -1.34696E+03
v  1.20000E+03  8.37456E+01 -1.34696E+03
v  1.20000E+03 -9.42815E+00 -1.34696E+03
v -1.20000E+03 -9.42815E+00 -1.34696E+03
g plane_z_169
s 0
f  1757 1758 1759 1760
v -1.20000E+03  8.37456E+01 -1.16319E+03
v  1.20000E+03  8.37456E+01 -1.16319E+03
v  1.20000E+03 -9.42815E+00 -1.16319E+03
v -1.20000E+03 -9.42815E+00 -1.16319E+03
g plane_z_170
s 0
f  1761 1762 1763 1764
v -1.20000E+03  8.37456E+01 -1.47426E+03
v  1.20000E+03  8.37456E+01 -1.47426E+03
v  1.20000E+03 -9.42815E+00 -1.47426E+03
v -1.20000E+03 -9.42815E+00 -1.47426E+03
g plane_z_171
s 0
f  1765 1766 1767 1768
v -1.20000E+03  8.37456E+01 -1.10184E+03
v  1.20000E+03  8.37456E+01 -1.10184E+03
v  1.20000E+03 -9.42815E+00 -1.10184E+03
v -1.20000E+03 -9.42815E+00 -1.10184E+03
g plane_z_172
s 0
f  1769 1770 1771 1772
v -1.20000E+03  8.37456E+01  1.20875E+03
v  1.20000E+03  8.37456E+01  1.20875E+03
v  1.20000E+03 -9.42815E+00  1.20875E+03
v -1.20000E+03 -9.42815E+00  1.20875E+03
g plane_z_173
s 0
f  1773 1774 1775 1776
v -1.20000E+03  8.37456E+01 -7.36245E+02
v  1.20000E+03  8.37456E+01 -7.36245E+02
v  1.20000E+03 -9.42815E+00 -7.36245E+02
v -1.20000E+03 -9.42815E+00 -7.36245E+02
g plane_z_174
s 0
f  1777 1778 1779 1780
v -1.20000E+03  8.37456E+01  4.81733E+02
v  1.20000E+03  8.37456E+01  4.81733E+02
v  1.20000E+03 -9.42815E+00  4.81733E+02
v -1.20000E+03 -9.42815E+00  4.81733E+02
g plane_z_175
s 0
f  1781 1782 1783 1784
v -1.20000E+03  8.37456E+01  1.63940E+03
v  1.20000E+03  8.37456E+01  1.63940E+03
v  1.20000E+03 -9.42815E+00  1.63940E+03
v -1.20000E+03 -9.42815E+00  1.63940E+03
g plane_z_176
s 0
f  1785 1786 1787 1788
v -1.20000E+03  8.37456E+01 -1.34815E+03
v  1.20000E+03  8.37456E+01 -1.34815E+03
v  1.20000E+03 -9.42815E+00 -1.34815E+03
v -1.20000E+03 -9.42815E+00 -1.34815E+03
g plane_z_177
s 0
f  1789 1790 1791 1792
v -1.20000E+03  8.37456E+01  7.82248E+02
v  1.20000E+03  8.37456E+01  7.82248E+02
v  1.20000E+03 -9.42815E+00  7.82248E+02
v -1.20000E+03 -9.42815E+00  7.82248E+02
g plane_z_178
s 0
f  1793 1794 1795 1796
v -1.20000E+03  8.37456E+01  6.03437E+02
v  1.20000E+03  8.37456E+01  6.03437E+02
v  1.20000E+03 -9.42815E+00  6.03437E+02
v -1.20000E+03 -9.42815E+00  6.03437E+02
g plane_z_179
s 0
f  1797 1798 1799 1800
v -1.20000E+03  8.37456E+01  8.44759E+02
v  1.20000E+03  8.37456E+01  8.44759E+02
v  1.20000E+03 -9.42815E+00  8.44759E+02
v -1.20000E+03 -9.42815E+00  8.44759E+02
g plane_z_180
s 0
f  1801 1802 1803 1804
v -1.20000E+03  8.37456E+01  8.43487E+02
v  1.20000E+03  8.37456E+01  8.43487E+02
v  1.20000E+03 -9.42815E+00  8.43487E+02
v -1.20000E+03 -9.42815E+00  8.43487E+02
g plane_z_181
s 0
f  1805 1806 1807 1808
v -1.20000E+03  8.37456E+01  1.33372E+03
v  1.20000E+03  8.37456E+01  1.33372E+03
v  1.20000E+03 -9.42815E+00  1.33372E+03
v -1.20000E+03 -9.42815E+00  1.33372E+03
g plane_z_182
s 0
f  1809 1810 1811 1812
v -1.20000E+03  8.37456E+01 -6.11279E+02
v  1.20000E+03  8.37456E+01 -6.11279E+02
v  1.20000E+03 -9.42815E+00 -6.11279E+02
v -1.20000E+03 -9.42815E+00 -6.11279E+02
g plane_z_183
s 0
f  1813 1814 1815 1816
v -1.20000E+03  8.37456E+01 -1.28493E+03
v  1.20000E+03  8.37456E+01 -1.28493E+03
v  1.20000E+03 -9.42815E+00 -1.28493E+03
v -1.20000E+03 -9.42815E+00 -1.28493E+03
g plane_z_184
s 0
f  1817 1818 1819 1820
v -1.20000E+03 -4.15862E-01 -1.94936E+03
v  1.20000E+03 -4.15862E-01 -1.94936E+03
v  1.20000E+03 -4.15862E-01  1.95064E+03
v -1.20000E+03 -4.15862E-01  1.95064E+03
g plane_y_67
s 0
f  1821 1822 1823 1824
v -1.20000E+03  8.37456E+01 -6.96877E+01
v  1.20000E+03  8.37456E+01 -6.96877E+01
v  1.20000E+03 -9.42815E+00 -6.96877E+01
v -1.20000E+03 -9.42815E+00 -6.96877E+01
g plane_z_185
s 0
f  1825 1826 1827 1828
v -1.20000E+03  8.37456E+01 -1.53428E+03
v  1.20000E+03  8.37456E+01 -1.53428E+03
v  1.20000E+03 -9.42815E+00 -1.53428E+03
v -1.20000E+03 -9.42815E+00 -1.53428E+03
g plane_z_186
s 0
f  1829 1830 1831 1832
v -1.20000E+03  8.37456E+01 -1.28631E+03
v  1.20000E+03  8.37456E+01 -1.28631E+03
v  1.20000E+03 -9.42815E+00 -1.28631E+03
v -1.20000E+03 -9.42815E+00 -1.28631E+03
g plane_z_187
s 0
f  1833 1834 1835 1836
v -1.20000E+03  8.37456E+01 -4.89165E+02
v  1.20000E+03  8.37456E+01 -4.89165E+02
v  1.20000E+03 -9.42815E+00 -4.89165E+02
v -1.20000E+03 -9.42815E+00 -4.89165E+02
g plane_z_188
s 0
f  1837 1838 1839 1840
v -1.20000E+03  8.37456E+01  1.45583E+03
v  1.20000E+03  8.37456E+01  1.45583E+03
v  1.20000E+03 -9.42815E+00  1.45583E+03
v -1.20000E+03 -9.42815E+00  1.45583E+03
g plane_z_189
s 0
f  1841 1842 1843 1844
v -1.20000E+03  8.37456E+01 -1.22482E+03
v  1.20000E+03  8.37456E+01 -1.22482E+03
v  1.20000E+03 -9.42815E+00 -1.22482E+03
v -1.20000E+03 -9.42815E+00 -1.22482E+03
g plane_z_190
s 0
f  1845 1846 1847 1848
v -1.20000E+03  8.37456E+01  9.04975E+02
v  1.20000E+03  8.37456E+01  9.04975E+02
v  1.20000E+03 -9.42815E+00  9.04975E+02
v -1.20000E+03 -9.42815E+00  9.04975E+02
g plane_z_191
s 0
f  1849 1850 1851 1852
v -1.20000E+03  8.37456E+01 -1.87405E+02
v  1.20000E+03  8.37456E+01 -1.87405E+02
v  1.20000E+03 -9.42815E+00 -1.87405E+02
v -1.20000E+03 -9.42815E+00 -1.87405E+02
g plane_z_192
s 0
f  1853 1854 1855 1856
v -1.20000E+03  8.37456E+01 -1.22537E+03
v  1.20000E+03  8.37456E+01 -1.22537E+03
v  1.20000E+03 -9.42815E+00 -1.22537E+03
v -1.20000E+03 -9.42815E+00 -1.22537E+03
g plane_z_193
s 0
f  1857 1858 1859 1860
v -1.20000E+03  8.37456E+01 -5.48730E+02
v  1.20000E+03  8.37456E+01 -5.48730E+02
v  1.20000E+03 -9.42815E+00 -5.48730E+02
v -1.20000E+03 -9.42815E+00 -5.48730E+02
g plane_z_194
s 0
f  1861 1862 1863 1864
v -1.20000E+03  8.37456E+01  1.39627E+03
v  1.20000E+03  8.37456E+01  1.39627E+03
v  1.20000E+03 -9.42815E+00  1.39627E+03
v -1.20000E+03 -9.42815E+00  1.39627E+03
g plane_z_195
s 0
f  1865 1866 1867 1868
v -1.20000E+03  8.37456E+01 -1.89692E+02
v  1.20000E+03  8.37456E+01 -1.89692E+02
v  1.20000E+03 -9.42815E+00 -1.89692E+02
v -1.20000E+03 -9.42815E+00 -1.89692E+02
g plane_z_196
s 0
f  1869 1870 1871 1872
v -1.20000E+03  8.37456E+01  4.22194E+02
v  1.20000E+03  8.37456E+01  4.22194E+02
v  1.20000E+03 -9.42815E+00  4.22194E+02
v -1.20000E+03 -9.42815E+00  4.22194E+02
g plane_z_197
s 0
f  1873 1874 1875 1876
v -1.20000E+03  8.37456E+01 -1.47383E+03
v  1.20000E+03  8.37456E+01 -1.47383E+03
v  1.20000E+03 -9.42815E+00 -1.47383E+03
v -1.20000E+03 -9.42815E+00 -1.47383E+03
g plane_z_198
s 0
f  1877 1878 1879 1880
v -1.20000E+03  8.37456E+01 -6.08433E+02
v  1.20000E+03  8.37456E+01 -6.08433E+02
v  1.20000E+03 -9.42815E+00 -6.08433E+02
v -1.20000E+03 -9.42815E+00 -6.08433E+02
g plane_z_199
s 0
f  1881 1882 1883 1884
v -1.20000E+03  8.37456E+01  1.33657E+03
v  1.20000E+03  8.37456E+01  1.33657E+03
v  1.20000E+03 -9.42815E+00  1.33657E+03
v -1.20000E+03 -9.42815E+00  1.33657E+03
g plane_z_200
s 0
f  1885 1886 1887 1888
v -1.20000E+03  8.37456E+01 -1.28993E+02
v  1.20000E+03  8.37456E+01 -1.28993E+02
v  1.20000E+03 -9.42815E+00 -1.28993E+02
v -1.20000E+03 -9.42815E+00 -1.28993E+02
g plane_z_201
s 0
f  1889 1890 1891 1892
v -1.20000E+03  9.18057E+00 -1.94936E+03
v  1.20000E+03  9.18057E+00 -1.94936E+03
v  1.20000E+03  9.18057E+00  1.95064E+03
v -1.20000E+03  9.18057E+00  1.95064E+03
g plane_y_68
s 0
f  1893 1894 1895 1896
v -1.20000E+03  8.37456E+01  4.81941E+02
v  1.20000E+03  8.37456E+01  4.81941E+02
v  1.20000E+03 -9.42815E+00  4.81941E+02
v -1.20000E+03 -9.42815E+00  4.81941E+02
g plane_z_202
s 0
f  1897 1898 1899 1900
v -1.20000E+03  8.37456E+01 -1.04286E+03
v  1.20000E+03  8.37456E+01 -1.04286E+03
v  1.20000E+03 -9.42815E+00 -1.04286E+03
v -1.20000E+03 -9.42815E+00 -1.04286E+03
g plane_z_203
s 0
f  1901 1902 1903 1904
v -1.20000E+03  8.37456E+01  6.64263E+02
v  1.20000E+03  8.37456E+01  6.64263E+02
v  1.20000E+03 -9.42815E+00  6.64263E+02
v -1.20000E+03 -9.42815E+00  6.64263E+02
g plane_z_204
s 0
f  1905 1906 1907 1908
v -1.20000E+03  8.37456E+01 -2.45679E+02
v  1.20000E+03  8.37456E+01 -2.45679E+02
v  1.20000E+03 -9.42815E+00 -2.45679E+02
v -1.20000E+03 -9.42815E+00 -2.45679E+02
g plane_z_205
s 0
f  1909 1910 1911 1912
v -1.20000E+03  8.37456E+01 -4.88228E+02
v  1.20000E+03  8.37456E+01 -4.88228E+02
v  1.20000E+03 -9.42815E+00 -4.88228E+02
v -1.20000E+03 -9.42815E+00 -4.88228E+02
g plane_z_206
s 0
f  1913 1914 1915 1916
v -1.20000E+03  8.37456E+01  1.45678E+03
v  1.20000E+03  8.37456E+01  1.45678E+03
v  1.20000E+03 -9.42815E+00  1.45678E+03
v -1.20000E+03 -9.42815E+00  1.45678E+03
g plane_z_207
s 0
f  1917 1918 1919 1920
v -1.20000E+03  8.37456E+01  1.75533E+03
v  1.20000E+03  8.37456E+01  1.75533E+03
v  1.20000E+03 -9.42815E+00  1.75533E+03
v -1.20000E+03 -9.42815E+00  1.75533E+03
g plane_z_208
s 0
f  1921 1922 1923 1924
v -1.20000E+03  9.55280E+00 -1.94936E+03
v  1.20000E+03  9.55280E+00 -1.94936E+03
v  1.20000E+03  9.55280E+00  1.95064E+03
v -1.20000E+03  9.55280E+00  1.95064E+03
g plane_y_69
s 0
f  1925 1926 1927 1928
v -1.20000E+03  8.37456E+01 -1.25812E+01
v  1.20000E+03  8.37456E+01 -1.25812E+01
v  1.20000E+03 -9.42815E+00 -1.25812E+01
v -1.20000E+03 -9.42815E+00 -1.25812E+01
g plane_z_209
s 0
f  1929 1930 1931 1932
v -1.20000E+03  8.37456E+01 -1.04161E+03
v  1.20000E+03  8.37456E+01 -1.04161E+03
v  1.20000E+03 -9.42815E+00 -1.04161E+03
v -1.20000E+03 -9.42815E+00 -1.04161E+03
g plane_z_210
s 0
f  1933 1934 1935 1936
v -1.20000E+03  8.37456E+01  7.22668E+02
v  1.20000E+03  8.37456E+01  7.22668E+02
v  1.20000E+03 -9.42815E+00  7.22668E+02
v -1.20000E+03 -9.42815E+00  7.22668E+02
g plane_z_211
s 0
f  1937 1938 1939 1940
v -1.20000E+03  8.37456E+01 -1.10213E+03
v  1.20000E+03  8.37456E+01 -1.10213E+03
v  1.20000E+03 -9.42815E+00 -1.10213E+03
v -1.20000E+03 -9.42815E+00 -1.10213E+03
g plane_z_212
s 0
f  1941 1942 1943 1944
v -1.20000E+03  8.37456E+01  6.63612E+02
v  1.20000E+03  8.37456E+01  6.63612E+02
v  1.20000E+03 -9.42815E+00  6.63612E+02
v -1.20000E+03 -9.42815E+00  6.63612E+02
g plane_z_213
s 0
f  1945 1946 1947 1948
v -1.20000E+03  8.37456E+01  1.69736E+03
v  1.20000E+03  8.37456E+01  1.69736E+03
v  1.20000E+03 -9.42815E+00  1.69736E+03
v -1.20000E+03 -9.42815E+00  1.69736E+03
g plane_z_214
s 0
f  1949 1950 1951 1952
v -1.20000E+03  8.37456E+01  9.03610E+02
v  1.20000E+03  8.37456E+01  9.03610E+02
v  1.20000E+03 -9.42815E+00  9.03610E+02
v -1.20000E+03 -9.42815E+00  9.03610E+02
g plane_z_215
s 0
f  1953 1954 1955 1956
v -1.20000E+03  8.37456E+01  1.75284E+03
v  1.20000E+03  8.37456E+01  1.75284E+03
v  1.20000E+03 -9.42815E+00  1.75284E+03
v -1.20000E+03 -9.42815E+00  1.75284E+03
g plane_z_216
s 0
f  1957 1958 1959 1960
v -1.20000E+03  8.37456E+01 -9.83461E+02
v  1.20000E+03  8.37456E+01 -9.83461E+02
v  1.20000E+03 -9.42815E+00 -9.83461E+02
v -1.20000E+03 -9.42815E+00 -9.83461E+02
g plane_z_217
s 0
f  1961 1962 1963 1964
v -1.20000E+03  8.37456E+01 -9.83796E+02
v  1.20000E+03  8.37456E+01 -9.83796E+02
v  1.20000E+03 -9.42815E+00 -9.83796E+02
v -1.20000E+03 -9.42815E+00 -9.83796E+02
g plane_z_218
s 0
f  1965 1966 1967 1968
v -1.20000E+03  8.37456E+01  7.21701E+02
v  1.20000E+03  8.37456E+01  7.21701E+02
v  1.20000E+03 -9.42815E+00  7.21701E+02
v -1.20000E+03 -9.42815E+00  7.21701E+02
g plane_z_219
s 0
f  1969 1970 1971 1972
v -1.20000E+03  8.37456E+01  9.61646E+02
v  1.20000E+03  8.37456E+01  9.61646E+02
v  1.20000E+03 -9.42815E+00  9.61646E+02
v -1.20000E+03 -9.42815E+00  9.61646E+02
g plane_z_220
s 0
f  1973 1974 1975 1976
v -1.20000E+03  8.37456E+01 -3.08261E+02
v  1.20000E+03  8.37456E+01 -3.08261E+02
v  1.20000E+03 -9.42815E+00 -3.08261E+02
v -1.20000E+03 -9.42815E+00 -3.08261E+02
g plane_z_221
s 0
f  1977 1978 1979 1980
v -1.20000E+03  8.37456E+01  9.62542E+02
v  1.20000E+03  8.37456E+01  9.62542E+02
v  1.20000E+03 -9.42815E+00  9.62542E+02
v -1.20000E+03 -9.42815E+00  9.62542E+02
g plane_z_222
s 0
f  1981 1982 1983 1984
v -1.20000E+03  8.37456E+01 -3.67818E+02
v  1.20000E+03  8.37456E+01 -3.67818E+02
v  1.20000E+03 -9.42815E+00 -3.67818E+02
v -1.20000E+03 -9.42815E+00 -3.67818E+02
g plane_z_223
s 0
f  1985 1986 1987 1988
v -1.20000E+03  8.37456E+01 -7.07700E+01
v  1.20000E+03  8.37456E+01 -7.07700E+01
v  1.20000E+03 -9.42815E+00 -7.07700E+01
v -1.20000E+03 -9.42815E+00 -7.07700E+01
g plane_z_224
s 0
f  1989 1990 1991 1992
v -1.20000E+03  8.37456E+01  1.63499E+03
v  1.20000E+03  8.37456E+01  1.63499E+03
v  1.20000E+03 -9.42815E+00  1.63499E+03
v -1.20000E+03 -9.42815E+00  1.63499E+03
g plane_z_225
s 0
f  1993 1994 1995 1996
v -1.20000E+03  8.37456E+01 -2.49923E+02
v  1.20000E+03  8.37456E+01 -2.49923E+02
v  1.20000E+03 -9.42815E+00 -2.49923E+02
v -1.20000E+03 -9.42815E+00 -2.49923E+02
g plane_z_226
s 0
f  1997 1998 1999 2000
v -1.20000E+03  8.37456E+01 -1.30000E+02
v  1.20000E+03  8.37456E+01 -1.30000E+02
v  1.20000E+03 -9.42815E+00 -1.30000E+02
v -1.20000E+03 -9.42815E+00 -1.30000E+02
g plane_z_227
s 0
f  2001 2002 2003 2004
v -1.20000E+03  8.37456E+01  1.57680E+03
v  1.20000E+03  8.37456E+01  1.57680E+03
v  1.20000E+03 -9.42815E+00  1.57680E+03
v -1.20000E+03 -9.42815E+00  1.57680E+03
g plane_z_228
s 0
f  2005 2006 2007 2008
v -1.20000E+03  8.37456E+01  1.81138E+03
v  1.20000E+03  8.37456E+01  1.81138E+03
v  1.20000E+03 -9.42815E+00  1.81138E+03
v -1.20000E+03 -9.42815E+00  1.81138E+03
g plane_z_229
s 0
f  2009 2010 2011 2012
v -1.20000E+03  8.37456E+01 -1.27596E+01
v  1.20000E+03  8.37456E+01 -1.27596E+01
v  1.20000E+03 -9.42815E+00 -1.27596E+01
v -1.20000E+03 -9.42815E+00 -1.27596E+01
g plane_z_230
s 0
f  2013 2014 2015 2016
v -1.20000E+03  8.37456E+01  1.69397E+03
v  1.20000E+03  8.37456E+01  1.69397E+03
v  1.20000E+03 -9.42815E+00  1.69397E+03
v -1.20000E+03 -9.42815E+00  1.69397E+03
g plane_z_231
s 0
f  2017 2018 2019 2020
v -1.20000E+03  8.37456E+01  1.86800E+03
v  1.20000E+03  8.37456E+01  1.86800E+03
v  1.20000E+03 -9.42815E+00  1.86800E+03
v -1.20000E+03 -9.42815E+00  1.86800E+03
g plane_z_232
s 0
f  2021 2022 2023 2024
v -1.20000E+03  8.37456E+01  1.92399E+03
v  1.20000E+03  8.37456E+01  1.92399E+03
v  1.20000E+03 -9.42815E+00  1.92399E+03
v -1.20000E+03 -9.42815E+00  1.92399E+03
g plane_z_233
s 0
f  2025 2026 2027 2028
v -5.70427E+02 -9.42815E+00 -1.94936E+03
v -5.70427E+02  8.37456E+01 -1.94936E+03
v -5.70427E+02  8.37456E+01  1.95064E+03
v -5.70427E+02 -9.42815E+00  1.95064E+03
g plane_x_206
s 0
f  2029 2030 2031 2032
v -1.20000E+03  9.37135E+00 -1.94936E+03
v  1.20000E+03  9.37135E+00 -1.94936E+03
v  1.20000E+03  9.37135E+00  1.95064E+03
v -1.20000E+03  9.37135E+00  1.95064E+03
g plane_y_70
s 0
f  2033 2034 2035 2036
v -1.20000E+03 -9.59749E-02 -1.94936E+03
v  1.20000E+03 -9.59749E-02 -1.94936E+03
v  1.20000E+03 -9.59749E-02  1.95064E+03
v -1.20000E+03 -9.59749E-02  1.95064E+03
g plane_y_71
s 0
f  2037 2038 2039 2040
v -1.20000E+03 -9.30424E-02 -1.94936E+03
v  1.20000E+03 -9.30424E-02 -1.94936E+03
v  1.20000E+03 -9.30424E-02  1.95064E+03
v -1.20000E+03 -9.30424E-02  1.95064E+03
g plane_y_72
s 0
f  2041 2042 2043 2044
v -1.20000E+03 -9.55305E-02 -1.94936E+03
v  1.20000E+03 -9.55305E-02 -1.94936E+03
v  1.20000E+03 -9.55305E-02  1.95064E+03
v -1.20000E+03 -9.55305E-02  1.95064E+03
g plane_y_73
s 0
f  2045 2046 2047 2048
v -1.20000E+03 -1.98339E-01 -1.94936E+03
v  1.20000E+03 -1.98339E-01 -1.94936E+03
v  1.20000E+03 -1.98339E-01  1.95064E+03
v -1.20000E+03 -1.98339E-01  1.95064E+03
g plane_y_74
s 0
f  2049 2050 2051 2052
v -1.20000E+03  9.11917E+00 -1.94936E+03
v  1.20000E+03  9.11917E+00 -1.94936E+03
v  1.20000E+03  9.11917E+00  1.95064E+03
v -1.20000E+03  9.11917E+00  1.95064E+03
g plane_y_75
s 0
f  2053 2054 2055 2056
v -1.20000E+03 -1.54531E-01 -1.94936E+03
v  1.20000E+03 -1.54531E-01 -1.94936E+03
v  1.20000E+03 -1.54531E-01  1.95064E+03
v -1.20000E+03 -1.54531E-01  1.95064E+03
g plane_y_76
s 0
f  2057 2058 2059 2060
v -1.20000E+03 -1.31962E-01 -1.94936E+03
v  1.20000E+03 -1.31962E-01 -1.94936E+03
v  1.20000E+03 -1.31962E-01  1.95064E+03
v -1.20000E+03 -1.31962E-01  1.95064E+03
g plane_y_77
s 0
f  2061 2062 2063 2064
v -1.20000E+03 -9.39312E-02 -1.94936E+03
v  1.20000E+03 -9.39312E-02 -1.94936E+03
v  1.20000E+03 -9.39312E-02  1.95064E+03
v -1.20000E+03 -9.39312E-02  1.95064E+03
g plane_y_78
s 0
f  2065 2066 2067 2068
v -1.20000E+03 -9.63306E-02 -1.94936E+03
v  1.20000E+03 -9.63306E-02 -1.94936E+03
v  1.20000E+03 -9.63306E-02  1.95064E+03
v -1.20000E+03 -9.63306E-02  1.95064E+03
g plane_y_79
s 0
f  2069 2070 2071 2072
v -1.20000E+03 -1.59152E-01 -1.94936E+03
v  1.20000E+03 -1.59152E-01 -1.94936E+03
v  1.20000E+03 -1.59152E-01  1.95064E+03
v -1.20000E+03 -1.59152E-01  1.95064E+03
g plane_y_80
s 0
f  2073 2074 2075 2076
v -1.20000E+03  9.17924E+00 -1.94936E+03
v  1.20000E+03  9.17924E+00 -1.94936E+03
v  1.20000E+03  9.17924E+00  1.95064E+03
v -1.20000E+03  9.17924E+00  1.95064E+03
g plane_y_81
s 0
f  2077 2078 2079 2080
v -1.20000E+03  9.14272E+00 -1.94936E+03
v  1.20000E+03  9.14272E+00 -1.94936E+03
v  1.20000E+03  9.14272E+00  1.95064E+03
v -1.20000E+03  9.14272E+00  1.95064E+03
g plane_y_82
s 0
f  2081 2082 2083 2084
v -1.20000E+03 -9.32198E-02 -1.94936E+03
v  1.20000E+03 -9.32198E-02 -1.94936E+03
v  1.20000E+03 -9.32198E-02  1.95064E+03
v -1.20000E+03 -9.32198E-02  1.95064E+03
g plane_y_83
s 0
f  2085 2086 2087 2088
v -1.20000E+03  9.18901E+00 -1.94936E+03
v  1.20000E+03  9.18901E+00 -1.94936E+03
v  1.20000E+03  9.18901E+00  1.95064E+03
v -1.20000E+03  9.18901E+00  1.95064E+03
g plane_y_84
s 0
f  2089 2090 2091 2092
v -1.20000E+03 -9.46417E-02 -1.94936E+03
v  1.20000E+03 -9.46417E-02 -1.94936E+03
v  1.20000E+03 -9.46417E-02  1.95064E+03
v -1.20000E+03 -9.46417E-02  1.95064E+03
g plane_y_85
s 0
f  2093 2094 2095 2096
v -1.20000E+03 -9.61523E-02 -1.94936E+03
v  1.20000E+03 -9.61523E-02 -1.94936E+03
v  1.20000E+03 -9.61523E-02  1.95064E+03
v -1.20000E+03 -9.61523E-02  1.95064E+03
g plane_y_86
s 0
f  2097 2098 2099 2100
v -1.20000E+03 -9.62410E-02 -1.94936E+03
v  1.20000E+03 -9.62410E-02 -1.94936E+03
v  1.20000E+03 -9.62410E-02  1.95064E+03
v -1.20000E+03 -9.62410E-02  1.95064E+03
g plane_y_87
s 0
f  2101 2102 2103 2104
v -1.20000E+03 -1.99760E-01 -1.94936E+03
v  1.20000E+03 -1.99760E-01 -1.94936E+03
v  1.20000E+03 -1.99760E-01  1.95064E+03
v -1.20000E+03 -1.99760E-01  1.95064E+03
g plane_y_88
s 0
f  2105 2106 2107 2108
v -1.20000E+03  2.33642E+01 -1.94936E+03
v  1.20000E+03  2.33642E+01 -1.94936E+03
v  1.20000E+03  2.33642E+01  1.95064E+03
v -1.20000E+03  2.33642E+01  1.95064E+03
g plane_y_89
s 0
f  2109 2110 2111 2112
v -1.20000E+03  1.76424E+01 -1.94936E+03
v  1.20000E+03  1.76424E+01 -1.94936E+03
v  1.20000E+03  1.76424E+01  1.95064E+03
v -1.20000E+03  1.76424E+01  1.95064E+03
g plane_y_90
s 0
f  2113 2114 2115 2116
v -1.20000E+03  9.08097E+00 -1.94936E+03
v  1.20000E+03  9.08097E+00 -1.94936E+03
v  1.20000E+03  9.08097E+00  1.95064E+03
v -1.20000E+03  9.08097E+00  1.95064E+03
g plane_y_91
s 0
f  2117 2118 2119 2120
v -1.20000E+03  9.18937E+00 -1.94936E+03
v  1.20000E+03  9.18937E+00 -1.94936E+03
v  1.20000E+03  9.18937E+00  1.95064E+03
v -1.20000E+03  9.18937E+00  1.95064E+03
g plane_y_92
s 0
f  2121 2122 2123 2124
v -1.20000E+03 -9.48200E-02 -1.94936E+03
v  1.20000E+03 -9.48200E-02 -1.94936E+03
v  1.20000E+03 -9.48200E-02  1.95064E+03
v -1.20000E+03 -9.48200E-02  1.95064E+03
g plane_y_93
s 0
f  2125 2126 2127 2128
v -1.20000E+03 -9.29537E-02 -1.94936E+03
v  1.20000E+03 -9.29537E-02 -1.94936E+03
v  1.20000E+03 -9.29537E-02  1.95064E+03
v -1.20000E+03 -9.29537E-02  1.95064E+03
g plane_y_94
s 0
f  2129 2130 2131 2132
v -1.20000E+03  3.11777E+01 -1.94936E+03
v  1.20000E+03  3.11777E+01 -1.94936E+03
v  1.20000E+03  3.11777E+01  1.95064E+03
v -1.20000E+03  3.11777E+01  1.95064E+03
g plane_y_95
s 0
f  2133 2134 2135 2136
v -1.20000E+03 -5.63632E-01 -1.94936E+03
v  1.20000E+03 -5.63632E-01 -1.94936E+03
v  1.20000E+03 -5.63632E-01  1.95064E+03
v -1.20000E+03 -5.63632E-01  1.95064E+03
g plane_y_96
s 0
f  2137 2138 2139 2140
v -1.20000E+03  1.87540E+01 -1.94936E+03
v  1.20000E+03  1.87540E+01 -1.94936E+03
v  1.20000E+03  1.87540E+01  1.95064E+03
v -1.20000E+03  1.87540E+01  1.95064E+03
g plane_y_97
s 0
f  2141 2142 2143 2144
v -1.20000E+03 -9.38425E-02 -1.94936E+03
v  1.20000E+03 -9.38425E-02 -1.94936E+03
v  1.20000E+03 -9.38425E-02  1.95064E+03
v -1.20000E+03 -9.38425E-02  1.95064E+03
g plane_y_98
s 0
f  2145 2146 2147 2148
v -1.20000E+03 -9.26867E-02 -1.94936E+03
v  1.20000E+03 -9.26867E-02 -1.94936E+03
v  1.20000E+03 -9.26867E-02  1.95064E+03
v -1.20000E+03 -9.26867E-02  1.95064E+03
g plane_y_99
s 0
f  2149 2150 2151 2152
v -1.20000E+03 -1.99583E-01 -1.94936E+03
v  1.20000E+03 -1.99583E-01 -1.94936E+03
v  1.20000E+03 -1.99583E-01  1.95064E+03
v -1.20000E+03 -1.99583E-01  1.95064E+03
g plane_y_100
s 0
f  2153 2154 2155 2156
v -1.20000E+03  2.07059E+01 -1.94936E+03
v  1.20000E+03  2.07059E+01 -1.94936E+03
v  1.20000E+03  2.07059E+01  1.95064E+03
v -1.20000E+03  2.07059E+01  1.95064E+03
g plane_y_101
s 0
f  2157 2158 2159 2160
v -1.20000E+03 -9.27763E-02 -1.94936E+03
v  1.20000E+03 -9.27763E-02 -1.94936E+03
v  1.20000E+03 -9.27763E-02  1.95064E+03
v -1.20000E+03 -9.27763E-02  1.95064E+03
g plane_y_102
s 0
f  2161 2162 2163 2164
v -1.20000E+03  2.07060E+01 -1.94936E+03
v  1.20000E+03  2.07060E+01 -1.94936E+03
v  1.20000E+03  2.07060E+01  1.95064E+03
v -1.20000E+03  2.07060E+01  1.95064E+03
g plane_y_103
s 0
f  2165 2166 2167 2168
v -1.20000E+03 -1.31784E-01 -1.94936E+03
v  1.20000E+03 -1.31784E-01 -1.94936E+03
v  1.20000E+03 -1.31784E-01  1.95064E+03
v -1.20000E+03 -1.31784E-01  1.95064E+03
g plane_y_104
s 0
f  2169 2170 2171 2172
v -1.20000E+03 -1.63862E-01 -1.94936E+03
v  1.20000E+03 -1.63862E-01 -1.94936E+03
v  1.20000E+03 -1.63862E-01  1.95064E+03
v -1.20000E+03 -1.63862E-01  1.95064E+03
g plane_y_105
s 0
f  2173 2174 2175 2176
v -1.20000E+03 -9.24206E-02 -1.94936E+03
v  1.20000E+03 -9.24206E-02 -1.94936E+03
v  1.20000E+03 -9.24206E-02  1.95064E+03
v -1.20000E+03 -9.24206E-02  1.95064E+03
g plane_y_106
s 0
f  2177 2178 2179 2180
v -1.20000E+03  1.58812E+01 -1.94936E+03
v  1.20000E+03  1.58812E+01 -1.94936E+03
v  1.20000E+03  1.58812E+01  1.95064E+03
v -1.20000E+03  1.58812E+01  1.95064E+03
g plane_y_107
s 0
f  2181 2182 2183 2184
v -1.20000E+03 -2.59206E-01 -1.94936E+03
v  1.20000E+03 -2.59206E-01 -1.94936E+03
v  1.20000E+03 -2.59206E-01  1.95064E+03
v -1.20000E+03 -2.59206E-01  1.95064E+03
g plane_y_108
s 0
f  2185 2186 2187 2188
v -1.20000E+03 -3.98712E-01 -1.94936E+03
v  1.20000E+03 -3.98712E-01 -1.94936E+03
v  1.20000E+03 -3.98712E-01  1.95064E+03
v -1.20000E+03 -3.98712E-01  1.95064E+03
g plane_y_109
s 0
f  2189 2190 2191 2192
v -1.20000E+03 -1.50711E-01 -1.94936E+03
v  1.20000E+03 -1.50711E-01 -1.94936E+03
v  1.20000E+03 -1.50711E-01  1.95064E+03
v -1.20000E+03 -1.50711E-01  1.95064E+03
g plane_y_110
s 0
f  2193 2194 2195 2196
v -1.20000E+03 -2.07402E-01 -1.94936E+03
v  1.20000E+03 -2.07402E-01 -1.94936E+03
v  1.20000E+03 -2.07402E-01  1.95064E+03
v -1.20000E+03 -2.07402E-01  1.95064E+03
g plane_y_111
s 0
f  2197 2198 2199 2200
v -1.20000E+03 -2.49520E-01 -1.94936E+03
v  1.20000E+03 -2.49520E-01 -1.94936E+03
v  1.20000E+03 -2.49520E-01  1.95064E+03
v -1.20000E+03 -2.49520E-01  1.95064E+03
g plane_y_112
s 0
f  2201 2202 2203 2204
v -1.20000E+03 -1.35161E-01 -1.94936E+03
v  1.20000E+03 -1.35161E-01 -1.94936E+03
v  1.20000E+03 -1.35161E-01  1.95064E+03
v -1.20000E+03 -1.35161E-01  1.95064E+03
g plane_y_113
s 0
f  2205 2206 2207 2208
v -1.20000E+03  1.14536E-02 -1.94936E+03
v  1.20000E+03  1.14536E-02 -1.94936E+03
v  1.20000E+03  1.14536E-02  1.95064E+03
v -1.20000E+03  1.14536E-02  1.95064E+03
g plane_y_114
s 0
f  2209 2210 2211 2212
v -1.20000E+03  8.53938E+00 -1.94936E+03
v  1.20000E+03  8.53938E+00 -1.94936E+03
v  1.20000E+03  8.53938E+00  1.95064E+03
v -1.20000E+03  8.53938E+00  1.95064E+03
g plane_y_115
s 0
f  2213 2214 2215 2216
v -1.20000E+03 -3.84317E-01 -1.94936E+03
v  1.20000E+03 -3.84317E-01 -1.94936E+03
v  1.20000E+03 -3.84317E-01  1.95064E+03
v -1.20000E+03 -3.84317E-01  1.95064E+03
g plane_y_116
s 0
f  2217 2218 2219 2220
v -1.20000E+03  2.85360E+01 -1.94936E+03
v  1.20000E+03  2.85360E+01 -1.94936E+03
v  1.20000E+03  2.85360E+01  1.95064E+03
v -1.20000E+03  2.85360E+01  1.95064E+03
g plane_y_117
s 0
f  2221 2222 2223 2224
v -1.20000E+03 -5.54834E-01 -1.94936E+03
v  1.20000E+03 -5.54834E-01 -1.94936E+03
v  1.20000E+03 -5.54834E-01  1.95064E+03
v -1.20000E+03 -5.54834E-01  1.95064E+03
g plane_y_118
s 0
f  2225 2226 2227 2228
v -1.20000E+03  1.51681E+01 -1.94936E+03
v  1.20000E+03  1.51681E+01 -1.94936E+03
v  1.20000E+03  1.51681E+01  1.95064E+03
v -1.20000E+03  1.51681E+01  1.95064E+03
g plane_y_119
s 0
f  2229 2230 2231 2232
v -1.20000E+03  1.51681E+01 -1.94936E+03
v  1.20000E+03  1.51681E+01 -1.94936E+03
v  1.20000E+03  1.51681E+01  1.95064E+03
v -1.20000E+03  1.51681E+01  1.95064E+03
g plane_y_120
s 0
f  2233 2234 2235 2236
v -1.20000E+03  1.17677E+01 -1.94936E+03
v  1.20000E+03  1.17677E+01 -1.94936E+03
v  1.20000E+03  1.17677E+01  1.95064E+03
v -1.20000E+03  1.17677E+01  1.95064E+03
g plane_y_121
s 0
f  2237 2238 2239 2240
v -1.20000E+03  1.08905E+01 -1.94936E+03
v  1.20000E+03  1.08905E+01 -1.94936E+03
v  1.20000E+03  1.08905E+01  1.95064E+03
v -1.20000E+03  1.08905E+01  1.95064E+03
g plane_y_122
s 0
f  2241 2242 2243 2244
v -1.20000E+03  1.29886E+01 -1.94936E+03
v  1.20000E+03  1.29886E+01 -1.94936E+03
v  1.20000E+03  1.29886E+01  1.95064E+03
v -1.20000E+03  1.29886E+01  1.95064E+03
g plane_y_123
s 0
f  2245 2246 2247 2248
v -1.20000E+03  1.16002E+01 -1.94936E+03
v  1.20000E+03  1.16002E+01 -1.94936E+03
v  1.20000E+03  1.16002E+01  1.95064E+03
v -1.20000E+03  1.16002E+01  1.95064E+03
g plane_y_124
s 0
f  2249 2250 2251 2252
v -1.20000E+03  1.06704E+01 -1.94936E+03
v  1.20000E+03  1.06704E+01 -1.94936E+03
v  1.20000E+03  1.06704E+01  1.95064E+03
v -1.20000E+03  1.06704E+01  1.95064E+03
g plane_y_125
s 0
f  2253 2254 2255 2256
v -1.20000E+03  1.11287E+01 -1.94936E+03
v  1.20000E+03  1.11287E+01 -1.94936E+03
v  1.20000E+03  1.11287E+01  1.95064E+03
v -1.20000E+03  1.11287E+01  1.95064E+03
g plane_y_126
s 0
f  2257 2258 2259 2260
v -1.20000E+03  8.41924E+00 -1.94936E+03
v  1.20000E+03  8.41924E+00 -1.94936E+03
v  1.20000E+03  8.41924E+00  1.95064E+03
v -1.20000E+03  8.41924E+00  1.95064E+03
g plane_y_127
s 0
f  2261 2262 2263 2264
v -1.20000E+03  8.41933E+00 -1.94936E+03
v  1.20000E+03  8.41933E+00 -1.94936E+03
v  1.20000E+03  8.41933E+00  1.95064E+03
v -1.20000E+03  8.41933E+00  1.95064E+03
g plane_y_128
s 0
f  2265 2266 2267 2268
v -1.20000E+03  1.02233E+01 -1.94936E+03
v  1.20000E+03  1.02233E+01 -1.94936E+03
v  1.20000E+03  1.02233E+01  1.95064E+03
v -1.20000E+03  1.02233E+01  1.95064E+03
g plane_y_129
s 0
f  2269 2270 2271 2272
v -1.20000E+03  9.17764E+00 -1.94936E+03
v  1.20000E+03  9.17764E+00 -1.94936E+03
v  1.20000E+03  9.17764E+00  1.95064E+03
v -1.20000E+03  9.17764E+00  1.95064E+03
g plane_y_130
s 0
f  2273 2274 2275 2276
v -1.20000E+03  1.02777E+01 -1.94936E+03
v  1.20000E+03  1.02777E+01 -1.94936E+03
v  1.20000E+03  1.02777E+01  1.95064E+03
v -1.20000E+03  1.02777E+01  1.95064E+03
g plane_y_131
s 0
f  2277 2278 2279 2280
v -1.20000E+03  1.02493E+01 -1.94936E+03
v  1.20000E+03  1.02493E+01 -1.94936E+03
v  1.20000E+03  1.02493E+01  1.95064E+03
v -1.20000E+03  1.02493E+01  1.95064E+03
g plane_y_132
s 0
f  2281 2282 2283 2284
v -1.20000E+03  9.25228E+00 -1.94936E+03
v  1.20000E+03  9.25228E+00 -1.94936E+03
v  1.20000E+03  9.25228E+00  1.95064E+03
v -1.20000E+03  9.25228E+00  1.95064E+03
g plane_y_133
s 0
f  2285 2286 2287 2288
v -1.20000E+03  8.75361E+00 -1.94936E+03
v  1.20000E+03  8.75361E+00 -1.94936E+03
v  1.20000E+03  8.75361E+00  1.95064E+03
v -1.20000E+03  8.75361E+00  1.95064E+03
g plane_y_134
s 0
f  2289 2290 2291 2292
v -1.20000E+03  8.82692E+00 -1.94936E+03
v  1.20000E+03  8.82692E+00 -1.94936E+03
v  1.20000E+03  8.82692E+00  1.95064E+03
v -1.20000E+03  8.82692E+00  1.95064E+03
g plane_y_135
s 0
f  2293 2294 2295 2296
v -1.20000E+03  7.74846E+00 -1.94936E+03
v  1.20000E+03  7.74846E+00 -1.94936E+03
v  1.20000E+03  7.74846E+00  1.95064E+03
v -1.20000E+03  7.74846E+00  1.95064E+03
g plane_y_136
s 0
f  2297 2298 2299 2300
v -1.20000E+03  7.66315E+00 -1.94936E+03
v  1.20000E+03  7.66315E+00 -1.94936E+03
v  1.20000E+03  7.66315E+00  1.95064E+03
v -1.20000E+03  7.66315E+00  1.95064E+03
g plane_y_137
s 0
f  2301 2302 2303 2304
